card_number,as_of,market_usd,source
OP01-001,2025-09-08,0.87,tcgplayer
OP01-001,2025-09-15,0.87,tcgplayer
OP01-001,2025-09-22,0.89,tcgplayer
OP01-001,2025-09-29,0.91,tcgplayer
OP01-001,2025-10-06,0.75,tcgplayer
OP01-001,2025-10-13,0.86,tcgplayer
OP01-001,2025-10-20,0.87,tcgplayer
OP01-001,2025-10-27,0.80,tcgplayer
OP01-001,2025-11-03,0.80,tcgplayer
OP01-001,2025-11-10,0.87,tcgplayer
OP01-001,2025-11-17,0.90,tcgplayer
OP01-001,2025-11-24,0.84,tcgplayer
OP01-001,2025-12-01,0.97,tcgplayer
OP01-001,2025-12-08,1.06,tcgplayer
OP01-001,2025-12-15,1.26,tcgplayer
OP01-001,2025-12-22,1.27,tcgplayer
OP01-001,2025-12-29,1.32,tcgplayer
OP01-001,2026-01-05,1.89,tcgplayer
OP01-001,2026-01-12,2.60,tcgplayer
OP01-001,2026-01-19,2.63,tcgplayer
OP01-001,2026-01-26,2.66,tcgplayer
OP01-001,2026-02-02,2.76,tcgplayer
OP01-001,2026-02-09,2.50,tcgplayer
OP01-001,2026-02-16,2.41,tcgplayer
OP01-001,2026-02-23,2.52,tcgplayer
OP01-001,2026-03-02,2.73,tcgplayer
OP01-001,2026-03-09,2.44,tcgplayer
OP01-001,2026-03-16,2.02,tcgplayer
OP01-001,2026-03-23,1.94,tcgplayer
OP01-001,2026-03-30,2.04,tcgplayer
OP01-001,2026-04-06,1.99,tcgplayer
OP01-001,2026-04-13,1.87,tcgplayer
OP01-001,2026-04-20,1.76,tcgplayer
OP01-001,2026-04-27,3.05,tcgplayer
OP01-001,2026-05-04,3.05,tcgplayer
OP01-001,2026-05-11,3.44,tcgplayer
OP01-001,2026-05-18,3.95,tcgplayer
OP01-001,2026-05-25,4.32,tcgplayer
OP01-001,2026-06-01,6.86,tcgplayer
OP01-001,2026-06-08,7.25,tcgplayer
OP01-001,2026-06-15,7.86,tcgplayer
OP01-001,2026-06-22,6.80,tcgplayer
OP01-001,2026-06-29,6.35,tcgplayer
OP01-001,2026-07-06,6.00,tcgplayer
OP01-001,2026-07-13,6.07,tcgplayer
OP01-001,2026-07-20,5.98,tcgplayer
OP01-001,2026-07-27,5.73,tcgplayer
OP01-001,2026-08-03,4.94,tcgplayer
OP01-001,2026-08-10,3.71,tcgplayer
OP01-001,2026-08-17,2.51,tcgplayer
OP01-001,2026-08-24,2.35,tcgplayer
OP01-001,2026-08-31,2.06,tcgplayer
OP01-001,2026-09-05,2.11,limitless
OP01-001p1,2025-09-08,284.42,tcgplayer
OP01-001p1,2025-09-15,268.18,tcgplayer
OP01-001p1,2025-09-22,267.75,tcgplayer
OP01-001p1,2025-09-29,267.20,tcgplayer
OP01-001p1,2025-10-06,267.10,tcgplayer
OP01-001p1,2025-10-13,268.00,tcgplayer
OP01-001p1,2025-10-20,266.24,tcgplayer
OP01-001p1,2025-10-27,265.85,tcgplayer
OP01-001p1,2025-11-03,265.96,tcgplayer
OP01-001p1,2025-11-10,267.76,tcgplayer
OP01-001p1,2025-11-17,272.98,tcgplayer
OP01-001p1,2025-11-24,282.45,tcgplayer
OP01-001p1,2025-12-01,310.00,tcgplayer
OP01-001p1,2025-12-08,334.64,tcgplayer
OP01-001p1,2025-12-15,352.60,tcgplayer
OP01-001p1,2025-12-22,359.60,tcgplayer
OP01-001p1,2025-12-29,359.60,tcgplayer
OP01-001p1,2026-01-05,440.25,tcgplayer
OP01-001p1,2026-01-12,486.89,tcgplayer
OP01-001p1,2026-01-19,474.99,tcgplayer
OP01-001p1,2026-01-26,495.09,tcgplayer
OP01-001p1,2026-02-02,495.09,tcgplayer
OP01-001p1,2026-02-09,504.78,tcgplayer
OP01-001p1,2026-02-16,533.13,tcgplayer
OP01-001p1,2026-02-23,547.45,tcgplayer
OP01-001p1,2026-03-02,554.45,tcgplayer
OP01-001p1,2026-03-09,556.45,tcgplayer
OP01-001p1,2026-03-16,556.45,tcgplayer
OP01-001p1,2026-03-23,564.49,tcgplayer
OP01-001p1,2026-03-30,564.49,tcgplayer
OP01-001p1,2026-04-06,558.38,tcgplayer
OP01-001p1,2026-04-13,558.38,tcgplayer
OP01-001p1,2026-04-20,556.77,tcgplayer
OP01-001p1,2026-04-27,556.77,tcgplayer
OP01-001p1,2026-05-04,556.77,tcgplayer
OP01-001p1,2026-05-11,553.88,tcgplayer
OP01-001p1,2026-05-18,552.68,tcgplayer
OP01-001p1,2026-05-25,560.70,tcgplayer
OP01-001p1,2026-06-01,557.51,tcgplayer
OP01-001p1,2026-06-08,568.51,tcgplayer
OP01-001p1,2026-06-15,568.18,tcgplayer
OP01-001p1,2026-06-22,568.18,tcgplayer
OP01-001p1,2026-06-29,568.91,tcgplayer
OP01-001p1,2026-07-06,586.52,tcgplayer
OP01-001p1,2026-07-13,586.52,tcgplayer
OP01-001p1,2026-07-20,586.52,tcgplayer
OP01-001p1,2026-07-27,586.52,tcgplayer
OP01-001p1,2026-08-03,604.28,tcgplayer
OP01-001p1,2026-08-10,614.28,tcgplayer
OP01-001p1,2026-08-17,614.28,tcgplayer
OP01-001p1,2026-08-24,614.28,tcgplayer
OP01-001p1,2026-08-31,614.28,tcgplayer
OP01-001p1,2026-09-05,614.28,limitless
OP01-002,2025-09-08,0.27,tcgplayer
OP01-002,2025-09-15,0.36,tcgplayer
OP01-002,2025-09-22,0.36,tcgplayer
OP01-002,2025-09-29,0.38,tcgplayer
OP01-002,2025-10-06,0.29,tcgplayer
OP01-002,2025-10-13,0.30,tcgplayer
OP01-002,2025-10-20,0.36,tcgplayer
OP01-002,2025-10-27,0.36,tcgplayer
OP01-002,2025-11-03,0.38,tcgplayer
OP01-002,2025-11-10,0.47,tcgplayer
OP01-002,2025-11-17,0.45,tcgplayer
OP01-002,2025-11-24,0.41,tcgplayer
OP01-002,2025-12-01,0.43,tcgplayer
OP01-002,2025-12-08,0.53,tcgplayer
OP01-002,2025-12-15,0.53,tcgplayer
OP01-002,2025-12-22,0.50,tcgplayer
OP01-002,2025-12-29,0.50,tcgplayer
OP01-002,2026-01-05,0.66,tcgplayer
OP01-002,2026-01-12,0.65,tcgplayer
OP01-002,2026-01-19,0.56,tcgplayer
OP01-002,2026-01-26,0.56,tcgplayer
OP01-002,2026-02-02,0.80,tcgplayer
OP01-002,2026-02-09,0.93,tcgplayer
OP01-002,2026-02-16,0.90,tcgplayer
OP01-002,2026-02-23,1.18,tcgplayer
OP01-002,2026-03-02,1.15,tcgplayer
OP01-002,2026-03-09,1.07,tcgplayer
OP01-002,2026-03-16,1.11,tcgplayer
OP01-002,2026-03-23,1.08,tcgplayer
OP01-002,2026-03-30,1.18,tcgplayer
OP01-002,2026-04-06,1.26,tcgplayer
OP01-002,2026-04-13,1.28,tcgplayer
OP01-002,2026-04-20,1.13,tcgplayer
OP01-002,2026-04-27,1.69,tcgplayer
OP01-002,2026-05-04,2.93,tcgplayer
OP01-002,2026-05-11,3.85,tcgplayer
OP01-002,2026-05-18,3.96,tcgplayer
OP01-002,2026-05-25,3.91,tcgplayer
OP01-002,2026-06-01,4.10,tcgplayer
OP01-002,2026-06-08,4.46,tcgplayer
OP01-002,2026-06-15,4.46,tcgplayer
OP01-002,2026-06-22,4.63,tcgplayer
OP01-002,2026-06-29,4.56,tcgplayer
OP01-002,2026-07-06,3.78,tcgplayer
OP01-002,2026-07-13,3.57,tcgplayer
OP01-002,2026-07-20,2.89,tcgplayer
OP01-002,2026-07-27,2.67,tcgplayer
OP01-002,2026-08-03,2.72,tcgplayer
OP01-002,2026-08-10,2.64,tcgplayer
OP01-002,2026-08-17,2.31,tcgplayer
OP01-002,2026-08-24,2.27,tcgplayer
OP01-002,2026-08-31,2.05,tcgplayer
OP01-002,2026-09-05,2.05,limitless
OP01-002p1,2025-09-08,227.07,tcgplayer
OP01-002p1,2025-09-15,225.98,tcgplayer
OP01-002p1,2025-09-22,220.48,tcgplayer
OP01-002p1,2025-09-29,220.48,tcgplayer
OP01-002p1,2025-10-06,212.46,tcgplayer
OP01-002p1,2025-10-13,207.62,tcgplayer
OP01-002p1,2025-10-20,203.42,tcgplayer
OP01-002p1,2025-10-27,198.70,tcgplayer
OP01-002p1,2025-11-03,194.23,tcgplayer
OP01-002p1,2025-11-10,194.73,tcgplayer
OP01-002p1,2025-11-17,195.37,tcgplayer
OP01-002p1,2025-11-24,217.19,tcgplayer
OP01-002p1,2025-12-01,274.10,tcgplayer
OP01-002p1,2025-12-08,267.94,tcgplayer
OP01-002p1,2025-12-15,284.06,tcgplayer
OP01-002p1,2025-12-22,284.06,tcgplayer
OP01-002p1,2025-12-29,312.49,tcgplayer
OP01-002p1,2026-01-05,354.01,tcgplayer
OP01-002p1,2026-01-12,367.05,tcgplayer
OP01-002p1,2026-01-19,377.54,tcgplayer
OP01-002p1,2026-01-26,396.62,tcgplayer
OP01-002p1,2026-02-02,387.32,tcgplayer
OP01-002p1,2026-02-09,414.19,tcgplayer
OP01-002p1,2026-02-16,440.52,tcgplayer
OP01-002p1,2026-02-23,463.64,tcgplayer
OP01-002p1,2026-03-02,463.64,tcgplayer
OP01-002p1,2026-03-09,476.83,tcgplayer
OP01-002p1,2026-03-16,476.83,tcgplayer
OP01-002p1,2026-03-23,480.23,tcgplayer
OP01-002p1,2026-03-30,484.97,tcgplayer
OP01-002p1,2026-04-06,482.77,tcgplayer
OP01-002p1,2026-04-13,470.45,tcgplayer
OP01-002p1,2026-04-20,465.25,tcgplayer
OP01-002p1,2026-04-27,465.25,tcgplayer
OP01-002p1,2026-05-04,465.25,tcgplayer
OP01-002p1,2026-05-11,460.05,tcgplayer
OP01-002p1,2026-05-18,449.80,tcgplayer
OP01-002p1,2026-05-25,445.00,tcgplayer
OP01-002p1,2026-06-01,445.00,tcgplayer
OP01-002p1,2026-06-08,438.19,tcgplayer
OP01-002p1,2026-06-15,436.19,tcgplayer
OP01-002p1,2026-06-22,440.22,tcgplayer
OP01-002p1,2026-06-29,440.22,tcgplayer
OP01-002p1,2026-07-06,440.22,tcgplayer
OP01-002p1,2026-07-13,440.22,tcgplayer
OP01-002p1,2026-07-20,442.26,tcgplayer
OP01-002p1,2026-07-27,443.92,tcgplayer
OP01-002p1,2026-08-03,443.92,tcgplayer
OP01-002p1,2026-08-10,443.92,tcgplayer
OP01-002p1,2026-08-17,443.39,tcgplayer
OP01-002p1,2026-08-24,439.55,tcgplayer
OP01-002p1,2026-08-31,441.72,tcgplayer
OP01-002p1,2026-09-05,441.72,limitless
OP01-003,2025-09-08,0.31,tcgplayer
OP01-003,2025-09-15,0.32,tcgplayer
OP01-003,2025-09-22,0.31,tcgplayer
OP01-003,2025-09-29,0.27,tcgplayer
OP01-003,2025-10-06,0.26,tcgplayer
OP01-003,2025-10-13,0.27,tcgplayer
OP01-003,2025-10-20,0.34,tcgplayer
OP01-003,2025-10-27,0.35,tcgplayer
OP01-003,2025-11-03,0.37,tcgplayer
OP01-003,2025-11-10,0.35,tcgplayer
OP01-003,2025-11-17,0.37,tcgplayer
OP01-003,2025-11-24,0.34,tcgplayer
OP01-003,2025-12-01,7.34,tcgplayer
OP01-003,2025-12-08,11.98,tcgplayer
OP01-003,2025-12-15,7.08,tcgplayer
OP01-003,2025-12-22,7.61,tcgplayer
OP01-003,2025-12-29,6.72,tcgplayer
OP01-003,2026-01-05,4.71,tcgplayer
OP01-003,2026-01-12,4.09,tcgplayer
OP01-003,2026-01-19,3.36,tcgplayer
OP01-003,2026-01-26,3.60,tcgplayer
OP01-003,2026-02-02,3.05,tcgplayer
OP01-003,2026-02-09,2.98,tcgplayer
OP01-003,2026-02-16,3.11,tcgplayer
OP01-003,2026-02-23,4.47,tcgplayer
OP01-003,2026-03-02,4.72,tcgplayer
OP01-003,2026-03-09,5.12,tcgplayer
OP01-003,2026-03-16,5.53,tcgplayer
OP01-003,2026-03-23,6.61,tcgplayer
OP01-003,2026-03-30,6.81,tcgplayer
OP01-003,2026-04-06,9.16,tcgplayer
OP01-003,2026-04-13,9.57,tcgplayer
OP01-003,2026-04-20,9.68,tcgplayer
OP01-003,2026-04-27,11.82,tcgplayer
OP01-003,2026-05-04,11.91,tcgplayer
OP01-003,2026-05-11,12.64,tcgplayer
OP01-003,2026-05-18,13.10,tcgplayer
OP01-003,2026-05-25,13.47,tcgplayer
OP01-003,2026-06-01,13.30,tcgplayer
OP01-003,2026-06-08,14.69,tcgplayer
OP01-003,2026-06-15,17.09,tcgplayer
OP01-003,2026-06-22,25.48,tcgplayer
OP01-003,2026-06-29,27.96,tcgplayer
OP01-003,2026-07-06,27.15,tcgplayer
OP01-003,2026-07-13,27.29,tcgplayer
OP01-003,2026-07-20,27.04,tcgplayer
OP01-003,2026-07-27,20.01,tcgplayer
OP01-003,2026-08-03,16.61,tcgplayer
OP01-003,2026-08-10,11.99,tcgplayer
OP01-003,2026-08-17,9.29,tcgplayer
OP01-003,2026-08-24,7.40,tcgplayer
OP01-003,2026-08-31,6.26,tcgplayer
OP01-003,2026-09-05,6.45,limitless
OP01-003p1,2025-09-08,196.69,tcgplayer
OP01-003p1,2025-09-15,199.63,tcgplayer
OP01-003p1,2025-09-22,207.35,tcgplayer
OP01-003p1,2025-09-29,231.22,tcgplayer
OP01-003p1,2025-10-06,243.91,tcgplayer
OP01-003p1,2025-10-13,261.83,tcgplayer
OP01-003p1,2025-10-20,267.01,tcgplayer
OP01-003p1,2025-10-27,276.09,tcgplayer
OP01-003p1,2025-11-03,284.94,tcgplayer
OP01-003p1,2025-11-10,322.11,tcgplayer
OP01-003p1,2025-11-17,364.92,tcgplayer
OP01-003p1,2025-11-24,385.85,tcgplayer
OP01-003p1,2025-12-01,459.69,tcgplayer
OP01-003p1,2025-12-08,459.69,tcgplayer
OP01-003p1,2025-12-15,519.01,tcgplayer
OP01-003p1,2025-12-22,559.21,tcgplayer
OP01-003p1,2025-12-29,600.17,tcgplayer
OP01-003p1,2026-01-05,653.13,tcgplayer
OP01-003p1,2026-01-12,699.82,tcgplayer
OP01-003p1,2026-01-19,735.54,tcgplayer
OP01-003p1,2026-01-26,735.54,tcgplayer
OP01-003p1,2026-02-02,795.50,tcgplayer
OP01-003p1,2026-02-09,795.50,tcgplayer
OP01-003p1,2026-02-16,833.45,tcgplayer
OP01-003p1,2026-02-23,833.45,tcgplayer
OP01-003p1,2026-03-02,845.05,tcgplayer
OP01-003p1,2026-03-09,847.45,tcgplayer
OP01-003p1,2026-03-16,847.45,tcgplayer
OP01-003p1,2026-03-23,847.45,tcgplayer
OP01-003p1,2026-03-30,847.45,tcgplayer
OP01-003p1,2026-04-06,855.64,tcgplayer
OP01-003p1,2026-04-13,854.17,tcgplayer
OP01-003p1,2026-04-20,855.26,tcgplayer
OP01-003p1,2026-04-27,855.26,tcgplayer
OP01-003p1,2026-05-04,855.98,tcgplayer
OP01-003p1,2026-05-11,853.42,tcgplayer
OP01-003p1,2026-05-18,853.42,tcgplayer
OP01-003p1,2026-05-25,908.46,tcgplayer
OP01-003p1,2026-06-01,908.46,tcgplayer
OP01-003p1,2026-06-08,908.46,tcgplayer
OP01-003p1,2026-06-15,938.17,tcgplayer
OP01-003p1,2026-06-22,970.17,tcgplayer
OP01-003p1,2026-06-29,970.17,tcgplayer
OP01-003p1,2026-07-06,970.17,tcgplayer
OP01-003p1,2026-07-13,980.59,tcgplayer
OP01-003p1,2026-07-20,1030.27,tcgplayer
OP01-003p1,2026-07-27,965.29,tcgplayer
OP01-003p1,2026-08-03,992.11,tcgplayer
OP01-003p1,2026-08-10,992.11,tcgplayer
OP01-003p1,2026-08-17,955.63,tcgplayer
OP01-003p1,2026-08-24,955.63,tcgplayer
OP01-003p1,2026-08-31,953.61,tcgplayer
OP01-003p1,2026-09-05,955.63,limitless
OP01-004,2025-09-08,0.20,tcgplayer
OP01-004,2025-09-15,0.19,tcgplayer
OP01-004,2025-09-22,0.18,tcgplayer
OP01-004,2025-09-29,0.20,tcgplayer
OP01-004,2025-10-06,0.19,tcgplayer
OP01-004,2025-10-13,0.20,tcgplayer
OP01-004,2025-10-20,0.20,tcgplayer
OP01-004,2025-10-27,0.16,tcgplayer
OP01-004,2025-11-03,0.22,tcgplayer
OP01-004,2025-11-10,0.24,tcgplayer
OP01-004,2025-11-17,0.27,tcgplayer
OP01-004,2025-11-24,0.21,tcgplayer
OP01-004,2025-12-01,0.17,tcgplayer
OP01-004,2025-12-08,0.17,tcgplayer
OP01-004,2025-12-15,0.16,tcgplayer
OP01-004,2025-12-22,0.17,tcgplayer
OP01-004,2025-12-29,0.19,tcgplayer
OP01-004,2026-01-05,0.20,tcgplayer
OP01-004,2026-01-12,0.18,tcgplayer
OP01-004,2026-01-19,0.16,tcgplayer
OP01-004,2026-01-26,0.15,tcgplayer
OP01-004,2026-02-02,0.17,tcgplayer
OP01-004,2026-02-09,0.19,tcgplayer
OP01-004,2026-02-16,0.19,tcgplayer
OP01-004,2026-02-23,0.18,tcgplayer
OP01-004,2026-03-02,0.21,tcgplayer
OP01-004,2026-03-09,0.22,tcgplayer
OP01-004,2026-03-16,0.21,tcgplayer
OP01-004,2026-03-23,0.19,tcgplayer
OP01-004,2026-03-30,0.23,tcgplayer
OP01-004,2026-04-06,0.22,tcgplayer
OP01-004,2026-04-13,0.19,tcgplayer
OP01-004,2026-04-20,0.18,tcgplayer
OP01-004,2026-04-27,0.18,tcgplayer
OP01-004,2026-05-04,0.23,tcgplayer
OP01-004,2026-05-11,0.27,tcgplayer
OP01-004,2026-05-18,0.28,tcgplayer
OP01-004,2026-05-25,0.27,tcgplayer
OP01-004,2026-06-01,0.27,tcgplayer
OP01-004,2026-06-08,0.26,tcgplayer
OP01-004,2026-06-15,0.26,tcgplayer
OP01-004,2026-06-22,0.27,tcgplayer
OP01-004,2026-06-29,0.28,tcgplayer
OP01-004,2026-07-06,0.28,tcgplayer
OP01-004,2026-07-13,0.27,tcgplayer
OP01-004,2026-07-20,0.28,tcgplayer
OP01-004,2026-07-27,0.25,tcgplayer
OP01-004,2026-08-03,0.28,tcgplayer
OP01-004,2026-08-10,0.32,tcgplayer
OP01-004,2026-08-17,0.30,tcgplayer
OP01-004,2026-08-24,0.31,tcgplayer
OP01-004,2026-08-31,0.35,tcgplayer
OP01-004,2026-09-05,0.35,limitless
OP01-005,2025-09-08,0.20,tcgplayer
OP01-005,2025-09-15,0.20,tcgplayer
OP01-005,2025-09-22,0.20,tcgplayer
OP01-005,2025-09-29,0.23,tcgplayer
OP01-005,2025-10-06,0.23,tcgplayer
OP01-005,2025-10-13,0.21,tcgplayer
OP01-005,2025-10-20,0.22,tcgplayer
OP01-005,2025-10-27,0.22,tcgplayer
OP01-005,2025-11-03,0.22,tcgplayer
OP01-005,2025-11-10,0.23,tcgplayer
OP01-005,2025-11-17,0.23,tcgplayer
OP01-005,2025-11-24,0.21,tcgplayer
OP01-005,2025-12-01,0.22,tcgplayer
OP01-005,2025-12-08,0.23,tcgplayer
OP01-005,2025-12-15,0.23,tcgplayer
OP01-005,2025-12-22,0.23,tcgplayer
OP01-005,2025-12-29,0.23,tcgplayer
OP01-005,2026-01-05,0.23,tcgplayer
OP01-005,2026-01-12,0.23,tcgplayer
OP01-005,2026-01-19,0.24,tcgplayer
OP01-005,2026-01-26,0.26,tcgplayer
OP01-005,2026-02-02,0.27,tcgplayer
OP01-005,2026-02-09,0.27,tcgplayer
OP01-005,2026-02-16,0.28,tcgplayer
OP01-005,2026-02-23,0.28,tcgplayer
OP01-005,2026-03-02,0.29,tcgplayer
OP01-005,2026-03-09,0.28,tcgplayer
OP01-005,2026-03-16,0.26,tcgplayer
OP01-005,2026-03-23,0.26,tcgplayer
OP01-005,2026-03-30,0.25,tcgplayer
OP01-005,2026-04-06,0.25,tcgplayer
OP01-005,2026-04-13,0.24,tcgplayer
OP01-005,2026-04-20,0.24,tcgplayer
OP01-005,2026-04-27,0.25,tcgplayer
OP01-005,2026-05-04,0.24,tcgplayer
OP01-005,2026-05-11,0.25,tcgplayer
OP01-005,2026-05-18,0.28,tcgplayer
OP01-005,2026-05-25,0.27,tcgplayer
OP01-005,2026-06-01,0.27,tcgplayer
OP01-005,2026-06-08,0.25,tcgplayer
OP01-005,2026-06-15,0.24,tcgplayer
OP01-005,2026-06-22,0.25,tcgplayer
OP01-005,2026-06-29,0.28,tcgplayer
OP01-005,2026-07-06,0.32,tcgplayer
OP01-005,2026-07-13,0.33,tcgplayer
OP01-005,2026-07-20,0.32,tcgplayer
OP01-005,2026-07-27,0.30,tcgplayer
OP01-005,2026-08-03,0.30,tcgplayer
OP01-005,2026-08-10,0.29,tcgplayer
OP01-005,2026-08-17,0.29,tcgplayer
OP01-005,2026-08-24,0.31,tcgplayer
OP01-005,2026-08-31,0.30,tcgplayer
OP01-005,2026-09-05,0.30,limitless
OP01-006,2025-09-08,0.94,tcgplayer
OP01-006,2025-09-15,0.88,tcgplayer
OP01-006,2025-09-22,0.90,tcgplayer
OP01-006,2025-09-29,1.12,tcgplayer
OP01-006,2025-10-06,1.05,tcgplayer
OP01-006,2025-10-13,1.09,tcgplayer
OP01-006,2025-10-20,1.06,tcgplayer
OP01-006,2025-10-27,1.15,tcgplayer
OP01-006,2025-11-03,1.12,tcgplayer
OP01-006,2025-11-10,1.13,tcgplayer
OP01-006,2025-11-17,0.98,tcgplayer
OP01-006,2025-11-24,0.62,tcgplayer
OP01-006,2025-12-01,0.64,tcgplayer
OP01-006,2025-12-08,0.56,tcgplayer
OP01-006,2025-12-15,0.47,tcgplayer
OP01-006,2025-12-22,0.57,tcgplayer
OP01-006,2025-12-29,0.50,tcgplayer
OP01-006,2026-01-05,0.59,tcgplayer
OP01-006,2026-01-12,0.55,tcgplayer
OP01-006,2026-01-19,0.49,tcgplayer
OP01-006,2026-01-26,0.46,tcgplayer
OP01-006,2026-02-02,0.46,tcgplayer
OP01-006,2026-02-09,0.37,tcgplayer
OP01-006,2026-02-16,0.45,tcgplayer
OP01-006,2026-02-23,0.45,tcgplayer
OP01-006,2026-03-02,0.47,tcgplayer
OP01-006,2026-03-09,0.51,tcgplayer
OP01-006,2026-03-16,0.49,tcgplayer
OP01-006,2026-03-23,0.43,tcgplayer
OP01-006,2026-03-30,0.40,tcgplayer
OP01-006,2026-04-06,0.33,tcgplayer
OP01-006,2026-04-13,0.29,tcgplayer
OP01-006,2026-04-20,0.35,tcgplayer
OP01-006,2026-04-27,0.41,tcgplayer
OP01-006,2026-05-04,0.41,tcgplayer
OP01-006,2026-05-11,0.44,tcgplayer
OP01-006,2026-05-18,0.40,tcgplayer
OP01-006,2026-05-25,0.47,tcgplayer
OP01-006,2026-06-01,0.35,tcgplayer
OP01-006,2026-06-08,0.33,tcgplayer
OP01-006,2026-06-15,0.35,tcgplayer
OP01-006,2026-06-22,0.36,tcgplayer
OP01-006,2026-06-29,0.36,tcgplayer
OP01-006,2026-07-06,0.35,tcgplayer
OP01-006,2026-07-13,0.34,tcgplayer
OP01-006,2026-07-20,0.33,tcgplayer
OP01-006,2026-07-27,0.33,tcgplayer
OP01-006,2026-08-03,0.35,tcgplayer
OP01-006,2026-08-10,0.36,tcgplayer
OP01-006,2026-08-17,0.36,tcgplayer
OP01-006,2026-08-24,0.32,tcgplayer
OP01-006,2026-08-31,0.31,tcgplayer
OP01-006,2026-09-05,0.31,limitless
OP01-007,2025-09-08,0.06,tcgplayer
OP01-007,2025-09-15,0.06,tcgplayer
OP01-007,2025-09-22,0.06,tcgplayer
OP01-007,2025-09-29,0.06,tcgplayer
OP01-007,2025-10-06,0.06,tcgplayer
OP01-007,2025-10-13,0.06,tcgplayer
OP01-007,2025-10-20,0.07,tcgplayer
OP01-007,2025-10-27,0.07,tcgplayer
OP01-007,2025-11-03,0.10,tcgplayer
OP01-007,2025-11-10,0.12,tcgplayer
OP01-007,2025-11-17,0.11,tcgplayer
OP01-007,2025-11-24,0.12,tcgplayer
OP01-007,2025-12-01,0.08,tcgplayer
OP01-007,2025-12-08,0.08,tcgplayer
OP01-007,2025-12-15,0.06,tcgplayer
OP01-007,2025-12-22,0.06,tcgplayer
OP01-007,2025-12-29,0.06,tcgplayer
OP01-007,2026-01-05,0.05,tcgplayer
OP01-007,2026-01-12,0.09,tcgplayer
OP01-007,2026-01-19,0.09,tcgplayer
OP01-007,2026-01-26,0.08,tcgplayer
OP01-007,2026-02-02,0.08,tcgplayer
OP01-007,2026-02-09,0.10,tcgplayer
OP01-007,2026-02-16,0.07,tcgplayer
OP01-007,2026-02-23,0.06,tcgplayer
OP01-007,2026-03-02,0.05,tcgplayer
OP01-007,2026-03-09,0.04,tcgplayer
OP01-007,2026-03-16,0.05,tcgplayer
OP01-007,2026-03-23,0.06,tcgplayer
OP01-007,2026-03-30,0.06,tcgplayer
OP01-007,2026-04-06,0.07,tcgplayer
OP01-007,2026-04-13,0.06,tcgplayer
OP01-007,2026-04-20,0.07,tcgplayer
OP01-007,2026-04-27,0.06,tcgplayer
OP01-007,2026-05-04,0.05,tcgplayer
OP01-007,2026-05-11,0.05,tcgplayer
OP01-007,2026-05-18,0.05,tcgplayer
OP01-007,2026-05-25,0.04,tcgplayer
OP01-007,2026-06-01,0.04,tcgplayer
OP01-007,2026-06-08,0.04,tcgplayer
OP01-007,2026-06-15,0.04,tcgplayer
OP01-007,2026-06-22,0.04,tcgplayer
OP01-007,2026-06-29,0.05,tcgplayer
OP01-007,2026-07-06,0.05,tcgplayer
OP01-007,2026-07-13,0.06,tcgplayer
OP01-007,2026-07-20,0.07,tcgplayer
OP01-007,2026-07-27,0.07,tcgplayer
OP01-007,2026-08-03,0.09,tcgplayer
OP01-007,2026-08-10,0.09,tcgplayer
OP01-007,2026-08-17,0.10,tcgplayer
OP01-007,2026-08-24,0.09,tcgplayer
OP01-007,2026-08-31,0.10,tcgplayer
OP01-007,2026-09-05,0.10,limitless
OP01-008,2025-09-08,0.07,tcgplayer
OP01-008,2025-09-15,0.08,tcgplayer
OP01-008,2025-09-22,0.07,tcgplayer
OP01-008,2025-09-29,0.07,tcgplayer
OP01-008,2025-10-06,0.07,tcgplayer
OP01-008,2025-10-13,0.07,tcgplayer
OP01-008,2025-10-20,0.06,tcgplayer
OP01-008,2025-10-27,0.06,tcgplayer
OP01-008,2025-11-03,0.10,tcgplayer
OP01-008,2025-11-10,0.10,tcgplayer
OP01-008,2025-11-17,0.09,tcgplayer
OP01-008,2025-11-24,0.10,tcgplayer
OP01-008,2025-12-01,0.06,tcgplayer
OP01-008,2025-12-08,0.06,tcgplayer
OP01-008,2025-12-15,0.07,tcgplayer
OP01-008,2025-12-22,0.06,tcgplayer
OP01-008,2025-12-29,0.08,tcgplayer
OP01-008,2026-01-05,0.09,tcgplayer
OP01-008,2026-01-12,0.08,tcgplayer
OP01-008,2026-01-19,0.06,tcgplayer
OP01-008,2026-01-26,0.06,tcgplayer
OP01-008,2026-02-02,0.06,tcgplayer
OP01-008,2026-02-09,0.07,tcgplayer
OP01-008,2026-02-16,0.07,tcgplayer
OP01-008,2026-02-23,0.07,tcgplayer
OP01-008,2026-03-02,0.07,tcgplayer
OP01-008,2026-03-09,0.07,tcgplayer
OP01-008,2026-03-16,0.07,tcgplayer
OP01-008,2026-03-23,0.08,tcgplayer
OP01-008,2026-03-30,0.09,tcgplayer
OP01-008,2026-04-06,0.10,tcgplayer
OP01-008,2026-04-13,0.09,tcgplayer
OP01-008,2026-04-20,0.08,tcgplayer
OP01-008,2026-04-27,0.08,tcgplayer
OP01-008,2026-05-04,0.07,tcgplayer
OP01-008,2026-05-11,0.06,tcgplayer
OP01-008,2026-05-18,0.05,tcgplayer
OP01-008,2026-05-25,0.05,tcgplayer
OP01-008,2026-06-01,0.05,tcgplayer
OP01-008,2026-06-08,0.06,tcgplayer
OP01-008,2026-06-15,0.06,tcgplayer
OP01-008,2026-06-22,0.07,tcgplayer
OP01-008,2026-06-29,0.07,tcgplayer
OP01-008,2026-07-06,0.07,tcgplayer
OP01-008,2026-07-13,0.09,tcgplayer
OP01-008,2026-07-20,0.08,tcgplayer
OP01-008,2026-07-27,0.08,tcgplayer
OP01-008,2026-08-03,0.08,tcgplayer
OP01-008,2026-08-10,0.09,tcgplayer
OP01-008,2026-08-17,0.10,tcgplayer
OP01-008,2026-08-24,0.10,tcgplayer
OP01-008,2026-08-31,0.10,tcgplayer
OP01-008,2026-09-05,0.10,limitless
OP01-008p1,2025-09-08,2.11,tcgplayer
OP01-008p1,2025-09-15,1.98,tcgplayer
OP01-008p1,2025-09-22,1.73,tcgplayer
OP01-008p1,2025-09-29,1.66,tcgplayer
OP01-008p1,2025-10-06,2.23,tcgplayer
OP01-008p1,2025-10-13,2.27,tcgplayer
OP01-008p1,2025-10-20,2.33,tcgplayer
OP01-008p1,2025-10-27,2.17,tcgplayer
OP01-008p1,2025-11-03,2.36,tcgplayer
OP01-008p1,2025-11-10,2.44,tcgplayer
OP01-008p1,2025-11-17,2.45,tcgplayer
OP01-008p1,2025-11-24,2.39,tcgplayer
OP01-008p1,2025-12-01,6.88,tcgplayer
OP01-008p1,2025-12-08,6.54,tcgplayer
OP01-008p1,2025-12-15,5.72,tcgplayer
OP01-008p1,2025-12-22,8.52,tcgplayer
OP01-008p1,2025-12-29,10.23,tcgplayer
OP01-008p1,2026-01-05,9.26,tcgplayer
OP01-008p1,2026-01-12,11.16,tcgplayer
OP01-008p1,2026-01-19,10.57,tcgplayer
OP01-008p1,2026-01-26,8.12,tcgplayer
OP01-008p1,2026-02-02,6.83,tcgplayer
OP01-008p1,2026-02-09,5.46,tcgplayer
OP01-008p1,2026-02-16,4.05,tcgplayer
OP01-008p1,2026-02-23,3.28,tcgplayer
OP01-008p1,2026-03-02,3.02,tcgplayer
OP01-008p1,2026-03-09,2.92,tcgplayer
OP01-008p1,2026-03-16,2.84,tcgplayer
OP01-008p1,2026-03-23,2.60,tcgplayer
OP01-008p1,2026-03-30,2.61,tcgplayer
OP01-008p1,2026-04-06,2.49,tcgplayer
OP01-008p1,2026-04-13,2.50,tcgplayer
OP01-008p1,2026-04-20,2.48,tcgplayer
OP01-008p1,2026-04-27,2.71,tcgplayer
OP01-008p1,2026-05-04,2.85,tcgplayer
OP01-008p1,2026-05-11,2.92,tcgplayer
OP01-008p1,2026-05-18,2.87,tcgplayer
OP01-008p1,2026-05-25,2.83,tcgplayer
OP01-008p1,2026-06-01,2.73,tcgplayer
OP01-008p1,2026-06-08,4.95,tcgplayer
OP01-008p1,2026-06-15,4.49,tcgplayer
OP01-008p1,2026-06-22,5.78,tcgplayer
OP01-008p1,2026-06-29,6.92,tcgplayer
OP01-008p1,2026-07-06,6.87,tcgplayer
OP01-008p1,2026-07-13,5.87,tcgplayer
OP01-008p1,2026-07-20,5.92,tcgplayer
OP01-008p1,2026-07-27,5.52,tcgplayer
OP01-008p1,2026-08-03,4.96,tcgplayer
OP01-008p1,2026-08-10,4.70,tcgplayer
OP01-008p1,2026-08-17,4.53,tcgplayer
OP01-008p1,2026-08-24,4.24,tcgplayer
OP01-008p1,2026-08-31,3.97,tcgplayer
OP01-008p1,2026-09-05,4.08,limitless
OP01-009,2025-09-08,0.12,tcgplayer
OP01-009,2025-09-15,0.13,tcgplayer
OP01-009,2025-09-22,0.12,tcgplayer
OP01-009,2025-09-29,0.14,tcgplayer
OP01-009,2025-10-06,0.13,tcgplayer
OP01-009,2025-10-13,0.13,tcgplayer
OP01-009,2025-10-20,0.12,tcgplayer
OP01-009,2025-10-27,0.10,tcgplayer
OP01-009,2025-11-03,0.11,tcgplayer
OP01-009,2025-11-10,0.13,tcgplayer
OP01-009,2025-11-17,0.14,tcgplayer
OP01-009,2025-11-24,0.15,tcgplayer
OP01-009,2025-12-01,0.15,tcgplayer
OP01-009,2025-12-08,0.15,tcgplayer
OP01-009,2025-12-15,0.11,tcgplayer
OP01-009,2025-12-22,0.10,tcgplayer
OP01-009,2025-12-29,0.09,tcgplayer
OP01-009,2026-01-05,0.08,tcgplayer
OP01-009,2026-01-12,0.07,tcgplayer
OP01-009,2026-01-19,0.08,tcgplayer
OP01-009,2026-01-26,0.09,tcgplayer
OP01-009,2026-02-02,0.12,tcgplayer
OP01-009,2026-02-09,0.13,tcgplayer
OP01-009,2026-02-16,0.11,tcgplayer
OP01-009,2026-02-23,0.10,tcgplayer
OP01-009,2026-03-02,0.10,tcgplayer
OP01-009,2026-03-09,0.11,tcgplayer
OP01-009,2026-03-16,0.10,tcgplayer
OP01-009,2026-03-23,0.11,tcgplayer
OP01-009,2026-03-30,0.11,tcgplayer
OP01-009,2026-04-06,0.11,tcgplayer
OP01-009,2026-04-13,0.11,tcgplayer
OP01-009,2026-04-20,0.13,tcgplayer
OP01-009,2026-04-27,0.12,tcgplayer
OP01-009,2026-05-04,0.09,tcgplayer
OP01-009,2026-05-11,0.10,tcgplayer
OP01-009,2026-05-18,0.10,tcgplayer
OP01-009,2026-05-25,0.11,tcgplayer
OP01-009,2026-06-01,0.12,tcgplayer
OP01-009,2026-06-08,0.12,tcgplayer
OP01-009,2026-06-15,0.12,tcgplayer
OP01-009,2026-06-22,0.18,tcgplayer
OP01-009,2026-06-29,0.20,tcgplayer
OP01-009,2026-07-06,0.18,tcgplayer
OP01-009,2026-07-13,0.15,tcgplayer
OP01-009,2026-07-20,0.14,tcgplayer
OP01-009,2026-07-27,0.15,tcgplayer
OP01-009,2026-08-03,0.14,tcgplayer
OP01-009,2026-08-10,0.13,tcgplayer
OP01-009,2026-08-17,0.12,tcgplayer
OP01-009,2026-08-24,0.11,tcgplayer
OP01-009,2026-08-31,0.15,tcgplayer
OP01-009,2026-09-05,0.15,limitless
OP01-010,2025-09-08,0.07,tcgplayer
OP01-010,2025-09-15,0.08,tcgplayer
OP01-010,2025-09-22,0.09,tcgplayer
OP01-010,2025-09-29,0.08,tcgplayer
OP01-010,2025-10-06,0.08,tcgplayer
OP01-010,2025-10-13,0.07,tcgplayer
OP01-010,2025-10-20,0.06,tcgplayer
OP01-010,2025-10-27,0.07,tcgplayer
OP01-010,2025-11-03,0.10,tcgplayer
OP01-010,2025-11-10,0.10,tcgplayer
OP01-010,2025-11-17,0.12,tcgplayer
OP01-010,2025-11-24,0.12,tcgplayer
OP01-010,2025-12-01,0.09,tcgplayer
OP01-010,2025-12-08,0.09,tcgplayer
OP01-010,2025-12-15,0.08,tcgplayer
OP01-010,2025-12-22,0.06,tcgplayer
OP01-010,2025-12-29,0.06,tcgplayer
OP01-010,2026-01-05,0.07,tcgplayer
OP01-010,2026-01-12,0.08,tcgplayer
OP01-010,2026-01-19,0.08,tcgplayer
OP01-010,2026-01-26,0.08,tcgplayer
OP01-010,2026-02-02,0.08,tcgplayer
OP01-010,2026-02-09,0.08,tcgplayer
OP01-010,2026-02-16,0.07,tcgplayer
OP01-010,2026-02-23,0.07,tcgplayer
OP01-010,2026-03-02,0.06,tcgplayer
OP01-010,2026-03-09,0.07,tcgplayer
OP01-010,2026-03-16,0.07,tcgplayer
OP01-010,2026-03-23,0.11,tcgplayer
OP01-010,2026-03-30,0.11,tcgplayer
OP01-010,2026-04-06,0.12,tcgplayer
OP01-010,2026-04-13,0.11,tcgplayer
OP01-010,2026-04-20,0.09,tcgplayer
OP01-010,2026-04-27,0.07,tcgplayer
OP01-010,2026-05-04,0.07,tcgplayer
OP01-010,2026-05-11,0.07,tcgplayer
OP01-010,2026-05-18,0.06,tcgplayer
OP01-010,2026-05-25,0.07,tcgplayer
OP01-010,2026-06-01,0.07,tcgplayer
OP01-010,2026-06-08,0.07,tcgplayer
OP01-010,2026-06-15,0.07,tcgplayer
OP01-010,2026-06-22,0.07,tcgplayer
OP01-010,2026-06-29,0.07,tcgplayer
OP01-010,2026-07-06,0.06,tcgplayer
OP01-010,2026-07-13,0.06,tcgplayer
OP01-010,2026-07-20,0.07,tcgplayer
OP01-010,2026-07-27,0.07,tcgplayer
OP01-010,2026-08-03,0.07,tcgplayer
OP01-010,2026-08-10,0.07,tcgplayer
OP01-010,2026-08-17,0.07,tcgplayer
OP01-010,2026-08-24,0.07,tcgplayer
OP01-010,2026-08-31,0.08,tcgplayer
OP01-010,2026-09-05,0.09,limitless
OP01-011,2025-09-08,0.14,tcgplayer
OP01-011,2025-09-15,0.14,tcgplayer
OP01-011,2025-09-22,0.16,tcgplayer
OP01-011,2025-09-29,0.16,tcgplayer
OP01-011,2025-10-06,0.14,tcgplayer
OP01-011,2025-10-13,0.13,tcgplayer
OP01-011,2025-10-20,0.12,tcgplayer
OP01-011,2025-10-27,0.10,tcgplayer
OP01-011,2025-11-03,0.13,tcgplayer
OP01-011,2025-11-10,0.12,tcgplayer
OP01-011,2025-11-17,0.13,tcgplayer
OP01-011,2025-11-24,0.14,tcgplayer
OP01-011,2025-12-01,0.13,tcgplayer
OP01-011,2025-12-08,0.13,tcgplayer
OP01-011,2025-12-15,0.11,tcgplayer
OP01-011,2025-12-22,0.11,tcgplayer
OP01-011,2025-12-29,0.10,tcgplayer
OP01-011,2026-01-05,0.10,tcgplayer
OP01-011,2026-01-12,0.12,tcgplayer
OP01-011,2026-01-19,0.12,tcgplayer
OP01-011,2026-01-26,0.16,tcgplayer
OP01-011,2026-02-02,0.16,tcgplayer
OP01-011,2026-02-09,0.16,tcgplayer
OP01-011,2026-02-16,0.15,tcgplayer
OP01-011,2026-02-23,0.10,tcgplayer
OP01-011,2026-03-02,0.09,tcgplayer
OP01-011,2026-03-09,0.09,tcgplayer
OP01-011,2026-03-16,0.09,tcgplayer
OP01-011,2026-03-23,0.12,tcgplayer
OP01-011,2026-03-30,0.12,tcgplayer
OP01-011,2026-04-06,0.12,tcgplayer
OP01-011,2026-04-13,0.12,tcgplayer
OP01-011,2026-04-20,0.11,tcgplayer
OP01-011,2026-04-27,0.10,tcgplayer
OP01-011,2026-05-04,0.09,tcgplayer
OP01-011,2026-05-11,0.10,tcgplayer
OP01-011,2026-05-18,0.10,tcgplayer
OP01-011,2026-05-25,0.10,tcgplayer
OP01-011,2026-06-01,0.09,tcgplayer
OP01-011,2026-06-08,0.09,tcgplayer
OP01-011,2026-06-15,0.08,tcgplayer
OP01-011,2026-06-22,0.08,tcgplayer
OP01-011,2026-06-29,0.08,tcgplayer
OP01-011,2026-07-06,0.08,tcgplayer
OP01-011,2026-07-13,0.08,tcgplayer
OP01-011,2026-07-20,0.08,tcgplayer
OP01-011,2026-07-27,0.09,tcgplayer
OP01-011,2026-08-03,0.09,tcgplayer
OP01-011,2026-08-10,0.09,tcgplayer
OP01-011,2026-08-17,0.09,tcgplayer
OP01-011,2026-08-24,0.09,tcgplayer
OP01-011,2026-08-31,0.10,tcgplayer
OP01-011,2026-09-05,0.10,limitless
OP01-012,2025-09-08,0.07,tcgplayer
OP01-012,2025-09-15,0.07,tcgplayer
OP01-012,2025-09-22,0.06,tcgplayer
OP01-012,2025-09-29,0.05,tcgplayer
OP01-012,2025-10-06,0.05,tcgplayer
OP01-012,2025-10-13,0.05,tcgplayer
OP01-012,2025-10-20,0.05,tcgplayer
OP01-012,2025-10-27,0.04,tcgplayer
OP01-012,2025-11-03,0.08,tcgplayer
OP01-012,2025-11-10,0.08,tcgplayer
OP01-012,2025-11-17,0.08,tcgplayer
OP01-012,2025-11-24,0.09,tcgplayer
OP01-012,2025-12-01,0.07,tcgplayer
OP01-012,2025-12-08,0.05,tcgplayer
OP01-012,2025-12-15,0.05,tcgplayer
OP01-012,2025-12-22,0.05,tcgplayer
OP01-012,2025-12-29,0.05,tcgplayer
OP01-012,2026-01-05,0.05,tcgplayer
OP01-012,2026-01-12,0.06,tcgplayer
OP01-012,2026-01-19,0.06,tcgplayer
OP01-012,2026-01-26,0.06,tcgplayer
OP01-012,2026-02-02,0.06,tcgplayer
OP01-012,2026-02-09,0.06,tcgplayer
OP01-012,2026-02-16,0.07,tcgplayer
OP01-012,2026-02-23,0.06,tcgplayer
OP01-012,2026-03-02,0.07,tcgplayer
OP01-012,2026-03-09,0.06,tcgplayer
OP01-012,2026-03-16,0.06,tcgplayer
OP01-012,2026-03-23,0.05,tcgplayer
OP01-012,2026-03-30,0.06,tcgplayer
OP01-012,2026-04-06,0.05,tcgplayer
OP01-012,2026-04-13,0.06,tcgplayer
OP01-012,2026-04-20,0.08,tcgplayer
OP01-012,2026-04-27,0.07,tcgplayer
OP01-012,2026-05-04,0.07,tcgplayer
OP01-012,2026-05-11,0.07,tcgplayer
OP01-012,2026-05-18,0.06,tcgplayer
OP01-012,2026-05-25,0.06,tcgplayer
OP01-012,2026-06-01,0.06,tcgplayer
OP01-012,2026-06-08,0.07,tcgplayer
OP01-012,2026-06-15,0.07,tcgplayer
OP01-012,2026-06-22,0.07,tcgplayer
OP01-012,2026-06-29,0.06,tcgplayer
OP01-012,2026-07-06,0.06,tcgplayer
OP01-012,2026-07-13,0.06,tcgplayer
OP01-012,2026-07-20,0.07,tcgplayer
OP01-012,2026-07-27,0.06,tcgplayer
OP01-012,2026-08-03,0.07,tcgplayer
OP01-012,2026-08-10,0.07,tcgplayer
OP01-012,2026-08-17,0.07,tcgplayer
OP01-012,2026-08-24,0.07,tcgplayer
OP01-012,2026-08-31,0.08,tcgplayer
OP01-012,2026-09-05,0.08,limitless
OP01-013,2025-09-08,4.52,tcgplayer
OP01-013,2025-09-15,4.19,tcgplayer
OP01-013,2025-09-22,4.07,tcgplayer
OP01-013,2025-09-29,3.45,tcgplayer
OP01-013,2025-10-06,4.49,tcgplayer
OP01-013,2025-10-13,4.10,tcgplayer
OP01-013,2025-10-20,4.09,tcgplayer
OP01-013,2025-10-27,4.02,tcgplayer
OP01-013,2025-11-03,4.63,tcgplayer
OP01-013,2025-11-10,5.03,tcgplayer
OP01-013,2025-11-17,4.92,tcgplayer
OP01-013,2025-11-24,5.19,tcgplayer
OP01-013,2025-12-01,4.49,tcgplayer
OP01-013,2025-12-08,4.60,tcgplayer
OP01-013,2025-12-15,3.75,tcgplayer
OP01-013,2025-12-22,3.35,tcgplayer
OP01-013,2025-12-29,2.77,tcgplayer
OP01-013,2026-01-05,3.32,tcgplayer
OP01-013,2026-01-12,2.66,tcgplayer
OP01-013,2026-01-19,2.25,tcgplayer
OP01-013,2026-01-26,2.07,tcgplayer
OP01-013,2026-02-02,1.90,tcgplayer
OP01-013,2026-02-09,1.62,tcgplayer
OP01-013,2026-02-16,1.38,tcgplayer
OP01-013,2026-02-23,1.16,tcgplayer
OP01-013,2026-03-02,1.16,tcgplayer
OP01-013,2026-03-09,1.09,tcgplayer
OP01-013,2026-03-16,1.15,tcgplayer
OP01-013,2026-03-23,1.07,tcgplayer
OP01-013,2026-03-30,1.08,tcgplayer
OP01-013,2026-04-06,1.18,tcgplayer
OP01-013,2026-04-13,1.22,tcgplayer
OP01-013,2026-04-20,1.24,tcgplayer
OP01-013,2026-04-27,0.99,tcgplayer
OP01-013,2026-05-04,0.91,tcgplayer
OP01-013,2026-05-11,0.97,tcgplayer
OP01-013,2026-05-18,0.94,tcgplayer
OP01-013,2026-05-25,0.89,tcgplayer
OP01-013,2026-06-01,0.77,tcgplayer
OP01-013,2026-06-08,0.65,tcgplayer
OP01-013,2026-06-15,0.61,tcgplayer
OP01-013,2026-06-22,0.59,tcgplayer
OP01-013,2026-06-29,0.59,tcgplayer
OP01-013,2026-07-06,0.59,tcgplayer
OP01-013,2026-07-13,0.58,tcgplayer
OP01-013,2026-07-20,0.54,tcgplayer
OP01-013,2026-07-27,0.53,tcgplayer
OP01-013,2026-08-03,0.52,tcgplayer
OP01-013,2026-08-10,0.53,tcgplayer
OP01-013,2026-08-17,0.53,tcgplayer
OP01-013,2026-08-24,0.59,tcgplayer
OP01-013,2026-08-31,0.63,tcgplayer
OP01-013,2026-09-05,0.63,limitless
OP01-013p1,2025-09-08,38.84,tcgplayer
OP01-013p1,2025-09-15,37.88,tcgplayer
OP01-013p1,2025-09-22,36.00,tcgplayer
OP01-013p1,2025-09-29,40.95,tcgplayer
OP01-013p1,2025-10-06,44.78,tcgplayer
OP01-013p1,2025-10-13,50.35,tcgplayer
OP01-013p1,2025-10-20,51.75,tcgplayer
OP01-013p1,2025-10-27,53.57,tcgplayer
OP01-013p1,2025-11-03,54.76,tcgplayer
OP01-013p1,2025-11-10,54.92,tcgplayer
OP01-013p1,2025-11-17,52.66,tcgplayer
OP01-013p1,2025-11-24,51.31,tcgplayer
OP01-013p1,2025-12-01,52.02,tcgplayer
OP01-013p1,2025-12-08,55.60,tcgplayer
OP01-013p1,2025-12-15,59.07,tcgplayer
OP01-013p1,2025-12-22,64.32,tcgplayer
OP01-013p1,2025-12-29,64.85,tcgplayer
OP01-013p1,2026-01-05,63.73,tcgplayer
OP01-013p1,2026-01-12,62.81,tcgplayer
OP01-013p1,2026-01-19,62.31,tcgplayer
OP01-013p1,2026-01-26,60.93,tcgplayer
OP01-013p1,2026-02-02,59.73,tcgplayer
OP01-013p1,2026-02-09,58.54,tcgplayer
OP01-013p1,2026-02-16,55.93,tcgplayer
OP01-013p1,2026-02-23,54.07,tcgplayer
OP01-013p1,2026-03-02,52.94,tcgplayer
OP01-013p1,2026-03-09,49.42,tcgplayer
OP01-013p1,2026-03-16,48.70,tcgplayer
OP01-013p1,2026-03-23,46.69,tcgplayer
OP01-013p1,2026-03-30,45.10,tcgplayer
OP01-013p1,2026-04-06,43.57,tcgplayer
OP01-013p1,2026-04-13,43.29,tcgplayer
OP01-013p1,2026-04-20,42.89,tcgplayer
OP01-013p1,2026-04-27,42.32,tcgplayer
OP01-013p1,2026-05-04,42.31,tcgplayer
OP01-013p1,2026-05-11,42.02,tcgplayer
OP01-013p1,2026-05-18,41.72,tcgplayer
OP01-013p1,2026-05-25,52.10,tcgplayer
OP01-013p1,2026-06-01,56.87,tcgplayer
OP01-013p1,2026-06-08,70.55,tcgplayer
OP01-013p1,2026-06-15,92.30,tcgplayer
OP01-013p1,2026-06-22,94.18,tcgplayer
OP01-013p1,2026-06-29,94.18,tcgplayer
OP01-013p1,2026-07-06,100.38,tcgplayer
OP01-013p1,2026-07-13,101.98,tcgplayer
OP01-013p1,2026-07-20,106.18,tcgplayer
OP01-013p1,2026-07-27,106.18,tcgplayer
OP01-013p1,2026-08-03,106.58,tcgplayer
OP01-013p1,2026-08-10,106.49,tcgplayer
OP01-013p1,2026-08-17,104.82,tcgplayer
OP01-013p1,2026-08-24,101.18,tcgplayer
OP01-013p1,2026-08-31,101.18,tcgplayer
OP01-013p1,2026-09-05,101.18,limitless
OP01-014,2025-09-08,0.12,tcgplayer
OP01-014,2025-09-15,0.13,tcgplayer
OP01-014,2025-09-22,0.10,tcgplayer
OP01-014,2025-09-29,0.10,tcgplayer
OP01-014,2025-10-06,0.10,tcgplayer
OP01-014,2025-10-13,0.10,tcgplayer
OP01-014,2025-10-20,0.11,tcgplayer
OP01-014,2025-10-27,0.10,tcgplayer
OP01-014,2025-11-03,0.14,tcgplayer
OP01-014,2025-11-10,0.14,tcgplayer
OP01-014,2025-11-17,0.13,tcgplayer
OP01-014,2025-11-24,0.15,tcgplayer
OP01-014,2025-12-01,0.10,tcgplayer
OP01-014,2025-12-08,0.11,tcgplayer
OP01-014,2025-12-15,0.10,tcgplayer
OP01-014,2025-12-22,0.09,tcgplayer
OP01-014,2025-12-29,0.09,tcgplayer
OP01-014,2026-01-05,0.10,tcgplayer
OP01-014,2026-01-12,0.11,tcgplayer
OP01-014,2026-01-19,0.11,tcgplayer
OP01-014,2026-01-26,0.12,tcgplayer
OP01-014,2026-02-02,0.10,tcgplayer
OP01-014,2026-02-09,0.11,tcgplayer
OP01-014,2026-02-16,0.10,tcgplayer
OP01-014,2026-02-23,0.11,tcgplayer
OP01-014,2026-03-02,0.13,tcgplayer
OP01-014,2026-03-09,0.13,tcgplayer
OP01-014,2026-03-16,0.13,tcgplayer
OP01-014,2026-03-23,0.19,tcgplayer
OP01-014,2026-03-30,0.19,tcgplayer
OP01-014,2026-04-06,0.19,tcgplayer
OP01-014,2026-04-13,0.14,tcgplayer
OP01-014,2026-04-20,0.12,tcgplayer
OP01-014,2026-04-27,0.13,tcgplayer
OP01-014,2026-05-04,0.15,tcgplayer
OP01-014,2026-05-11,0.14,tcgplayer
OP01-014,2026-05-18,0.13,tcgplayer
OP01-014,2026-05-25,0.12,tcgplayer
OP01-014,2026-06-01,0.13,tcgplayer
OP01-014,2026-06-08,0.12,tcgplayer
OP01-014,2026-06-15,0.10,tcgplayer
OP01-014,2026-06-22,0.11,tcgplayer
OP01-014,2026-06-29,0.12,tcgplayer
OP01-014,2026-07-06,0.13,tcgplayer
OP01-014,2026-07-13,0.13,tcgplayer
OP01-014,2026-07-20,0.15,tcgplayer
OP01-014,2026-07-27,0.14,tcgplayer
OP01-014,2026-08-03,0.15,tcgplayer
OP01-014,2026-08-10,0.15,tcgplayer
OP01-014,2026-08-17,0.16,tcgplayer
OP01-014,2026-08-24,0.16,tcgplayer
OP01-014,2026-08-31,0.19,tcgplayer
OP01-014,2026-09-05,0.20,limitless
OP01-015,2025-09-08,0.25,tcgplayer
OP01-015,2025-09-15,0.24,tcgplayer
OP01-015,2025-09-22,0.24,tcgplayer
OP01-015,2025-09-29,0.28,tcgplayer
OP01-015,2025-10-06,0.25,tcgplayer
OP01-015,2025-10-13,0.23,tcgplayer
OP01-015,2025-10-20,0.23,tcgplayer
OP01-015,2025-10-27,0.23,tcgplayer
OP01-015,2025-11-03,0.32,tcgplayer
OP01-015,2025-11-10,0.34,tcgplayer
OP01-015,2025-11-17,0.30,tcgplayer
OP01-015,2025-11-24,0.28,tcgplayer
OP01-015,2025-12-01,0.29,tcgplayer
OP01-015,2025-12-08,0.30,tcgplayer
OP01-015,2025-12-15,0.32,tcgplayer
OP01-015,2025-12-22,0.31,tcgplayer
OP01-015,2025-12-29,0.31,tcgplayer
OP01-015,2026-01-05,0.24,tcgplayer
OP01-015,2026-01-12,0.25,tcgplayer
OP01-015,2026-01-19,0.30,tcgplayer
OP01-015,2026-01-26,0.33,tcgplayer
OP01-015,2026-02-02,0.30,tcgplayer
OP01-015,2026-02-09,0.31,tcgplayer
OP01-015,2026-02-16,0.31,tcgplayer
OP01-015,2026-02-23,0.28,tcgplayer
OP01-015,2026-03-02,0.26,tcgplayer
OP01-015,2026-03-09,0.30,tcgplayer
OP01-015,2026-03-16,0.31,tcgplayer
OP01-015,2026-03-23,0.27,tcgplayer
OP01-015,2026-03-30,0.27,tcgplayer
OP01-015,2026-04-06,0.26,tcgplayer
OP01-015,2026-04-13,0.26,tcgplayer
OP01-015,2026-04-20,0.24,tcgplayer
OP01-015,2026-04-27,0.27,tcgplayer
OP01-015,2026-05-04,0.25,tcgplayer
OP01-015,2026-05-11,0.27,tcgplayer
OP01-015,2026-05-18,0.29,tcgplayer
OP01-015,2026-05-25,0.32,tcgplayer
OP01-015,2026-06-01,0.33,tcgplayer
OP01-015,2026-06-08,0.35,tcgplayer
OP01-015,2026-06-15,0.39,tcgplayer
OP01-015,2026-06-22,0.39,tcgplayer
OP01-015,2026-06-29,0.47,tcgplayer
OP01-015,2026-07-06,0.51,tcgplayer
OP01-015,2026-07-13,0.47,tcgplayer
OP01-015,2026-07-20,0.58,tcgplayer
OP01-015,2026-07-27,0.58,tcgplayer
OP01-015,2026-08-03,0.68,tcgplayer
OP01-015,2026-08-10,0.75,tcgplayer
OP01-015,2026-08-17,0.76,tcgplayer
OP01-015,2026-08-24,0.74,tcgplayer
OP01-015,2026-08-31,0.89,tcgplayer
OP01-015,2026-09-05,0.86,limitless
OP01-016,2025-09-08,3.68,tcgplayer
OP01-016,2025-09-15,3.68,tcgplayer
OP01-016,2025-09-22,3.68,tcgplayer
OP01-016,2025-09-29,3.68,tcgplayer
OP01-016,2025-10-06,3.63,tcgplayer
OP01-016,2025-10-13,3.63,tcgplayer
OP01-016,2025-10-20,3.63,tcgplayer
OP01-016,2025-10-27,3.63,tcgplayer
OP01-016,2025-11-03,3.63,tcgplayer
OP01-016,2025-11-10,3.63,tcgplayer
OP01-016,2025-11-17,3.63,tcgplayer
OP01-016,2025-11-24,3.63,tcgplayer
OP01-016,2025-12-01,3.63,tcgplayer
OP01-016,2025-12-08,3.63,tcgplayer
OP01-016,2025-12-15,3.63,tcgplayer
OP01-016,2025-12-22,3.63,tcgplayer
OP01-016,2025-12-29,3.63,tcgplayer
OP01-016,2026-01-05,3.63,tcgplayer
OP01-016,2026-01-12,3.63,tcgplayer
OP01-016,2026-01-19,3.63,tcgplayer
OP01-016,2026-01-26,3.63,tcgplayer
OP01-016,2026-02-02,3.63,tcgplayer
OP01-016,2026-02-09,3.63,tcgplayer
OP01-016,2026-02-16,3.63,tcgplayer
OP01-016,2026-02-23,3.63,tcgplayer
OP01-016,2026-03-02,3.63,tcgplayer
OP01-016,2026-03-09,3.63,tcgplayer
OP01-016,2026-03-16,3.63,tcgplayer
OP01-016,2026-03-23,3.63,tcgplayer
OP01-016,2026-03-30,3.63,tcgplayer
OP01-016,2026-04-06,3.63,tcgplayer
OP01-016,2026-04-13,3.63,tcgplayer
OP01-016,2026-04-20,3.63,tcgplayer
OP01-016,2026-04-27,3.63,tcgplayer
OP01-016,2026-05-04,3.63,tcgplayer
OP01-016,2026-05-11,3.63,tcgplayer
OP01-016,2026-05-18,3.63,tcgplayer
OP01-016,2026-05-25,3.63,tcgplayer
OP01-016,2026-06-01,3.63,tcgplayer
OP01-016,2026-06-08,3.63,tcgplayer
OP01-016,2026-06-15,3.63,tcgplayer
OP01-016,2026-06-22,3.63,tcgplayer
OP01-016,2026-06-29,3.63,tcgplayer
OP01-016,2026-07-06,4.51,tcgplayer
OP01-016,2026-07-13,4.51,tcgplayer
OP01-016,2026-07-20,4.51,tcgplayer
OP01-016,2026-07-27,4.51,tcgplayer
OP01-016,2026-08-03,4.51,tcgplayer
OP01-016,2026-08-10,4.51,tcgplayer
OP01-016,2026-08-17,4.51,tcgplayer
OP01-016,2026-08-24,4.51,tcgplayer
OP01-016,2026-08-31,4.51,tcgplayer
OP01-016,2026-09-05,4.51,limitless
OP01-016p1,2025-09-08,196.62,tcgplayer
OP01-016p1,2025-09-15,197.02,tcgplayer
OP01-016p1,2025-09-22,207.40,tcgplayer
OP01-016p1,2025-09-29,211.62,tcgplayer
OP01-016p1,2025-10-06,221.94,tcgplayer
OP01-016p1,2025-10-13,234.80,tcgplayer
OP01-016p1,2025-10-20,243.31,tcgplayer
OP01-016p1,2025-10-27,254.41,tcgplayer
OP01-016p1,2025-11-03,256.33,tcgplayer
OP01-016p1,2025-11-10,256.28,tcgplayer
OP01-016p1,2025-11-17,258.87,tcgplayer
OP01-016p1,2025-11-24,273.23,tcgplayer
OP01-016p1,2025-12-01,339.56,tcgplayer
OP01-016p1,2025-12-08,345.68,tcgplayer
OP01-016p1,2025-12-15,347.43,tcgplayer
OP01-016p1,2025-12-22,364.93,tcgplayer
OP01-016p1,2025-12-29,369.48,tcgplayer
OP01-016p1,2026-01-05,389.55,tcgplayer
OP01-016p1,2026-01-12,406.96,tcgplayer
OP01-016p1,2026-01-19,416.80,tcgplayer
OP01-016p1,2026-01-26,457.18,tcgplayer
OP01-016p1,2026-02-02,457.18,tcgplayer
OP01-016p1,2026-02-09,457.18,tcgplayer
OP01-016p1,2026-02-16,452.79,tcgplayer
OP01-016p1,2026-02-23,453.79,tcgplayer
OP01-016p1,2026-03-02,447.06,tcgplayer
OP01-016p1,2026-03-09,447.06,tcgplayer
OP01-016p1,2026-03-16,447.06,tcgplayer
OP01-016p1,2026-03-23,447.06,tcgplayer
OP01-016p1,2026-03-30,447.06,tcgplayer
OP01-016p1,2026-04-06,447.06,tcgplayer
OP01-016p1,2026-04-13,439.98,tcgplayer
OP01-016p1,2026-04-20,439.94,tcgplayer
OP01-016p1,2026-04-27,435.94,tcgplayer
OP01-016p1,2026-05-04,417.78,tcgplayer
OP01-016p1,2026-05-11,411.30,tcgplayer
OP01-016p1,2026-05-18,407.38,tcgplayer
OP01-016p1,2026-05-25,393.76,tcgplayer
OP01-016p1,2026-06-01,389.23,tcgplayer
OP01-016p1,2026-06-08,377.40,tcgplayer
OP01-016p1,2026-06-15,377.40,tcgplayer
OP01-016p1,2026-06-22,377.40,tcgplayer
OP01-016p1,2026-06-29,388.20,tcgplayer
OP01-016p1,2026-07-06,388.20,tcgplayer
OP01-016p1,2026-07-13,380.60,tcgplayer
OP01-016p1,2026-07-20,412.29,tcgplayer
OP01-016p1,2026-07-27,412.29,tcgplayer
OP01-016p1,2026-08-03,412.29,tcgplayer
OP01-016p1,2026-08-10,412.29,tcgplayer
OP01-016p1,2026-08-17,436.65,tcgplayer
OP01-016p1,2026-08-24,430.69,tcgplayer
OP01-016p1,2026-08-31,439.13,tcgplayer
OP01-016p1,2026-09-05,430.69,limitless
OP01-017,2025-09-08,0.30,tcgplayer
OP01-017,2025-09-15,0.34,tcgplayer
OP01-017,2025-09-22,0.40,tcgplayer
OP01-017,2025-09-29,0.45,tcgplayer
OP01-017,2025-10-06,0.34,tcgplayer
OP01-017,2025-10-13,0.32,tcgplayer
OP01-017,2025-10-20,0.39,tcgplayer
OP01-017,2025-10-27,0.37,tcgplayer
OP01-017,2025-11-03,0.38,tcgplayer
OP01-017,2025-11-10,0.35,tcgplayer
OP01-017,2025-11-17,0.33,tcgplayer
OP01-017,2025-11-24,0.25,tcgplayer
OP01-017,2025-12-01,0.24,tcgplayer
OP01-017,2025-12-08,0.32,tcgplayer
OP01-017,2025-12-15,0.33,tcgplayer
OP01-017,2025-12-22,0.30,tcgplayer
OP01-017,2025-12-29,0.30,tcgplayer
OP01-017,2026-01-05,0.35,tcgplayer
OP01-017,2026-01-12,0.28,tcgplayer
OP01-017,2026-01-19,0.31,tcgplayer
OP01-017,2026-01-26,0.37,tcgplayer
OP01-017,2026-02-02,0.35,tcgplayer
OP01-017,2026-02-09,0.41,tcgplayer
OP01-017,2026-02-16,0.40,tcgplayer
OP01-017,2026-02-23,0.40,tcgplayer
OP01-017,2026-03-02,0.44,tcgplayer
OP01-017,2026-03-09,0.47,tcgplayer
OP01-017,2026-03-16,0.43,tcgplayer
OP01-017,2026-03-23,0.38,tcgplayer
OP01-017,2026-03-30,0.43,tcgplayer
OP01-017,2026-04-06,0.45,tcgplayer
OP01-017,2026-04-13,0.50,tcgplayer
OP01-017,2026-04-20,0.44,tcgplayer
OP01-017,2026-04-27,0.41,tcgplayer
OP01-017,2026-05-04,0.37,tcgplayer
OP01-017,2026-05-11,0.34,tcgplayer
OP01-017,2026-05-18,0.35,tcgplayer
OP01-017,2026-05-25,0.45,tcgplayer
OP01-017,2026-06-01,0.48,tcgplayer
OP01-017,2026-06-08,0.46,tcgplayer
OP01-017,2026-06-15,0.41,tcgplayer
OP01-017,2026-06-22,0.42,tcgplayer
OP01-017,2026-06-29,0.49,tcgplayer
OP01-017,2026-07-06,0.45,tcgplayer
OP01-017,2026-07-13,0.43,tcgplayer
OP01-017,2026-07-20,0.45,tcgplayer
OP01-017,2026-07-27,0.49,tcgplayer
OP01-017,2026-08-03,0.54,tcgplayer
OP01-017,2026-08-10,0.50,tcgplayer
OP01-017,2026-08-17,0.47,tcgplayer
OP01-017,2026-08-24,0.51,tcgplayer
OP01-017,2026-08-31,0.49,tcgplayer
OP01-017,2026-09-05,0.46,limitless
OP01-018,2025-09-08,0.06,tcgplayer
OP01-018,2025-09-15,0.06,tcgplayer
OP01-018,2025-09-22,0.07,tcgplayer
OP01-018,2025-09-29,0.07,tcgplayer
OP01-018,2025-10-06,0.06,tcgplayer
OP01-018,2025-10-13,0.06,tcgplayer
OP01-018,2025-10-20,0.05,tcgplayer
OP01-018,2025-10-27,0.05,tcgplayer
OP01-018,2025-11-03,0.08,tcgplayer
OP01-018,2025-11-10,0.07,tcgplayer
OP01-018,2025-11-17,0.07,tcgplayer
OP01-018,2025-11-24,0.08,tcgplayer
OP01-018,2025-12-01,0.05,tcgplayer
OP01-018,2025-12-08,0.06,tcgplayer
OP01-018,2025-12-15,0.07,tcgplayer
OP01-018,2025-12-22,0.07,tcgplayer
OP01-018,2025-12-29,0.07,tcgplayer
OP01-018,2026-01-05,0.05,tcgplayer
OP01-018,2026-01-12,0.06,tcgplayer
OP01-018,2026-01-19,0.05,tcgplayer
OP01-018,2026-01-26,0.05,tcgplayer
OP01-018,2026-02-02,0.05,tcgplayer
OP01-018,2026-02-09,0.05,tcgplayer
OP01-018,2026-02-16,0.05,tcgplayer
OP01-018,2026-02-23,0.05,tcgplayer
OP01-018,2026-03-02,0.05,tcgplayer
OP01-018,2026-03-09,0.06,tcgplayer
OP01-018,2026-03-16,0.06,tcgplayer
OP01-018,2026-03-23,0.06,tcgplayer
OP01-018,2026-03-30,0.08,tcgplayer
OP01-018,2026-04-06,0.07,tcgplayer
OP01-018,2026-04-13,0.07,tcgplayer
OP01-018,2026-04-20,0.07,tcgplayer
OP01-018,2026-04-27,0.06,tcgplayer
OP01-018,2026-05-04,0.05,tcgplayer
OP01-018,2026-05-11,0.06,tcgplayer
OP01-018,2026-05-18,0.07,tcgplayer
OP01-018,2026-05-25,0.07,tcgplayer
OP01-018,2026-06-01,0.07,tcgplayer
OP01-018,2026-06-08,0.06,tcgplayer
OP01-018,2026-06-15,0.07,tcgplayer
OP01-018,2026-06-22,0.06,tcgplayer
OP01-018,2026-06-29,0.06,tcgplayer
OP01-018,2026-07-06,0.06,tcgplayer
OP01-018,2026-07-13,0.06,tcgplayer
OP01-018,2026-07-20,0.06,tcgplayer
OP01-018,2026-07-27,0.06,tcgplayer
OP01-018,2026-08-03,0.07,tcgplayer
OP01-018,2026-08-10,0.07,tcgplayer
OP01-018,2026-08-17,0.08,tcgplayer
OP01-018,2026-08-24,0.08,tcgplayer
OP01-018,2026-08-31,0.09,tcgplayer
OP01-018,2026-09-05,0.10,limitless
OP01-019,2025-09-08,0.12,tcgplayer
OP01-019,2025-09-15,0.12,tcgplayer
OP01-019,2025-09-22,0.12,tcgplayer
OP01-019,2025-09-29,0.12,tcgplayer
OP01-019,2025-10-06,0.12,tcgplayer
OP01-019,2025-10-13,0.09,tcgplayer
OP01-019,2025-10-20,0.10,tcgplayer
OP01-019,2025-10-27,0.10,tcgplayer
OP01-019,2025-11-03,0.17,tcgplayer
OP01-019,2025-11-10,0.15,tcgplayer
OP01-019,2025-11-17,0.15,tcgplayer
OP01-019,2025-11-24,0.13,tcgplayer
OP01-019,2025-12-01,0.10,tcgplayer
OP01-019,2025-12-08,0.10,tcgplayer
OP01-019,2025-12-15,0.12,tcgplayer
OP01-019,2025-12-22,0.10,tcgplayer
OP01-019,2025-12-29,0.10,tcgplayer
OP01-019,2026-01-05,0.12,tcgplayer
OP01-019,2026-01-12,0.08,tcgplayer
OP01-019,2026-01-19,0.15,tcgplayer
OP01-019,2026-01-26,0.18,tcgplayer
OP01-019,2026-02-02,0.13,tcgplayer
OP01-019,2026-02-09,0.11,tcgplayer
OP01-019,2026-02-16,0.11,tcgplayer
OP01-019,2026-02-23,0.11,tcgplayer
OP01-019,2026-03-02,0.13,tcgplayer
OP01-019,2026-03-09,0.12,tcgplayer
OP01-019,2026-03-16,0.10,tcgplayer
OP01-019,2026-03-23,0.12,tcgplayer
OP01-019,2026-03-30,0.13,tcgplayer
OP01-019,2026-04-06,0.12,tcgplayer
OP01-019,2026-04-13,0.11,tcgplayer
OP01-019,2026-04-20,0.11,tcgplayer
OP01-019,2026-04-27,0.11,tcgplayer
OP01-019,2026-05-04,0.11,tcgplayer
OP01-019,2026-05-11,0.10,tcgplayer
OP01-019,2026-05-18,0.10,tcgplayer
OP01-019,2026-05-25,0.11,tcgplayer
OP01-019,2026-06-01,0.11,tcgplayer
OP01-019,2026-06-08,0.09,tcgplayer
OP01-019,2026-06-15,0.08,tcgplayer
OP01-019,2026-06-22,0.08,tcgplayer
OP01-019,2026-06-29,0.08,tcgplayer
OP01-019,2026-07-06,0.09,tcgplayer
OP01-019,2026-07-13,0.10,tcgplayer
OP01-019,2026-07-20,0.10,tcgplayer
OP01-019,2026-07-27,0.11,tcgplayer
OP01-019,2026-08-03,0.11,tcgplayer
OP01-019,2026-08-10,0.14,tcgplayer
OP01-019,2026-08-17,0.12,tcgplayer
OP01-019,2026-08-24,0.12,tcgplayer
OP01-019,2026-08-31,0.14,tcgplayer
OP01-019,2026-09-05,0.14,limitless
OP01-020,2025-09-08,0.08,tcgplayer
OP01-020,2025-09-15,0.08,tcgplayer
OP01-020,2025-09-22,0.07,tcgplayer
OP01-020,2025-09-29,0.07,tcgplayer
OP01-020,2025-10-06,0.07,tcgplayer
OP01-020,2025-10-13,0.05,tcgplayer
OP01-020,2025-10-20,0.05,tcgplayer
OP01-020,2025-10-27,0.06,tcgplayer
OP01-020,2025-11-03,0.07,tcgplayer
OP01-020,2025-11-10,0.08,tcgplayer
OP01-020,2025-11-17,0.08,tcgplayer
OP01-020,2025-11-24,0.09,tcgplayer
OP01-020,2025-12-01,0.07,tcgplayer
OP01-020,2025-12-08,0.06,tcgplayer
OP01-020,2025-12-15,0.07,tcgplayer
OP01-020,2025-12-22,0.06,tcgplayer
OP01-020,2025-12-29,0.05,tcgplayer
OP01-020,2026-01-05,0.06,tcgplayer
OP01-020,2026-01-12,0.06,tcgplayer
OP01-020,2026-01-19,0.06,tcgplayer
OP01-020,2026-01-26,0.05,tcgplayer
OP01-020,2026-02-02,0.05,tcgplayer
OP01-020,2026-02-09,0.07,tcgplayer
OP01-020,2026-02-16,0.06,tcgplayer
OP01-020,2026-02-23,0.05,tcgplayer
OP01-020,2026-03-02,0.05,tcgplayer
OP01-020,2026-03-09,0.05,tcgplayer
OP01-020,2026-03-16,0.05,tcgplayer
OP01-020,2026-03-23,0.07,tcgplayer
OP01-020,2026-03-30,0.09,tcgplayer
OP01-020,2026-04-06,0.08,tcgplayer
OP01-020,2026-04-13,0.08,tcgplayer
OP01-020,2026-04-20,0.07,tcgplayer
OP01-020,2026-04-27,0.08,tcgplayer
OP01-020,2026-05-04,0.08,tcgplayer
OP01-020,2026-05-11,0.08,tcgplayer
OP01-020,2026-05-18,0.08,tcgplayer
OP01-020,2026-05-25,0.06,tcgplayer
OP01-020,2026-06-01,0.06,tcgplayer
OP01-020,2026-06-08,0.06,tcgplayer
OP01-020,2026-06-15,0.06,tcgplayer
OP01-020,2026-06-22,0.06,tcgplayer
OP01-020,2026-06-29,0.06,tcgplayer
OP01-020,2026-07-06,0.06,tcgplayer
OP01-020,2026-07-13,0.06,tcgplayer
OP01-020,2026-07-20,0.07,tcgplayer
OP01-020,2026-07-27,0.08,tcgplayer
OP01-020,2026-08-03,0.09,tcgplayer
OP01-020,2026-08-10,0.09,tcgplayer
OP01-020,2026-08-17,0.09,tcgplayer
OP01-020,2026-08-24,0.10,tcgplayer
OP01-020,2026-08-31,0.10,tcgplayer
OP01-020,2026-09-05,0.10,limitless
OP01-021,2025-09-08,0.11,tcgplayer
OP01-021,2025-09-15,0.11,tcgplayer
OP01-021,2025-09-22,0.11,tcgplayer
OP01-021,2025-09-29,0.10,tcgplayer
OP01-021,2025-10-06,0.11,tcgplayer
OP01-021,2025-10-13,0.12,tcgplayer
OP01-021,2025-10-20,0.13,tcgplayer
OP01-021,2025-10-27,0.12,tcgplayer
OP01-021,2025-11-03,0.15,tcgplayer
OP01-021,2025-11-10,0.16,tcgplayer
OP01-021,2025-11-17,0.15,tcgplayer
OP01-021,2025-11-24,0.14,tcgplayer
OP01-021,2025-12-01,0.12,tcgplayer
OP01-021,2025-12-08,0.11,tcgplayer
OP01-021,2025-12-15,0.09,tcgplayer
OP01-021,2025-12-22,0.10,tcgplayer
OP01-021,2025-12-29,0.10,tcgplayer
OP01-021,2026-01-05,0.10,tcgplayer
OP01-021,2026-01-12,0.11,tcgplayer
OP01-021,2026-01-19,0.12,tcgplayer
OP01-021,2026-01-26,0.12,tcgplayer
OP01-021,2026-02-02,0.11,tcgplayer
OP01-021,2026-02-09,0.11,tcgplayer
OP01-021,2026-02-16,0.12,tcgplayer
OP01-021,2026-02-23,0.11,tcgplayer
OP01-021,2026-03-02,0.15,tcgplayer
OP01-021,2026-03-09,0.15,tcgplayer
OP01-021,2026-03-16,0.17,tcgplayer
OP01-021,2026-03-23,0.19,tcgplayer
OP01-021,2026-03-30,0.19,tcgplayer
OP01-021,2026-04-06,0.16,tcgplayer
OP01-021,2026-04-13,0.14,tcgplayer
OP01-021,2026-04-20,0.13,tcgplayer
OP01-021,2026-04-27,0.12,tcgplayer
OP01-021,2026-05-04,0.14,tcgplayer
OP01-021,2026-05-11,0.15,tcgplayer
OP01-021,2026-05-18,0.15,tcgplayer
OP01-021,2026-05-25,0.15,tcgplayer
OP01-021,2026-06-01,0.14,tcgplayer
OP01-021,2026-06-08,0.12,tcgplayer
OP01-021,2026-06-15,0.12,tcgplayer
OP01-021,2026-06-22,0.12,tcgplayer
OP01-021,2026-06-29,0.12,tcgplayer
OP01-021,2026-07-06,0.11,tcgplayer
OP01-021,2026-07-13,0.11,tcgplayer
OP01-021,2026-07-20,0.13,tcgplayer
OP01-021,2026-07-27,0.13,tcgplayer
OP01-021,2026-08-03,0.14,tcgplayer
OP01-021,2026-08-10,0.12,tcgplayer
OP01-021,2026-08-17,0.13,tcgplayer
OP01-021,2026-08-24,0.18,tcgplayer
OP01-021,2026-08-31,0.21,tcgplayer
OP01-021,2026-09-05,0.22,limitless
OP01-022,2025-09-08,0.23,tcgplayer
OP01-022,2025-09-15,0.24,tcgplayer
OP01-022,2025-09-22,0.25,tcgplayer
OP01-022,2025-09-29,0.25,tcgplayer
OP01-022,2025-10-06,0.25,tcgplayer
OP01-022,2025-10-13,0.23,tcgplayer
OP01-022,2025-10-20,0.23,tcgplayer
OP01-022,2025-10-27,0.22,tcgplayer
OP01-022,2025-11-03,0.25,tcgplayer
OP01-022,2025-11-10,0.24,tcgplayer
OP01-022,2025-11-17,0.24,tcgplayer
OP01-022,2025-11-24,0.22,tcgplayer
OP01-022,2025-12-01,0.24,tcgplayer
OP01-022,2025-12-08,0.26,tcgplayer
OP01-022,2025-12-15,0.23,tcgplayer
OP01-022,2025-12-22,0.22,tcgplayer
OP01-022,2025-12-29,0.22,tcgplayer
OP01-022,2026-01-05,0.25,tcgplayer
OP01-022,2026-01-12,0.24,tcgplayer
OP01-022,2026-01-19,0.24,tcgplayer
OP01-022,2026-01-26,0.25,tcgplayer
OP01-022,2026-02-02,0.25,tcgplayer
OP01-022,2026-02-09,0.26,tcgplayer
OP01-022,2026-02-16,0.26,tcgplayer
OP01-022,2026-02-23,0.25,tcgplayer
OP01-022,2026-03-02,0.28,tcgplayer
OP01-022,2026-03-09,0.24,tcgplayer
OP01-022,2026-03-16,0.26,tcgplayer
OP01-022,2026-03-23,0.29,tcgplayer
OP01-022,2026-03-30,0.27,tcgplayer
OP01-022,2026-04-06,0.26,tcgplayer
OP01-022,2026-04-13,0.26,tcgplayer
OP01-022,2026-04-20,0.24,tcgplayer
OP01-022,2026-04-27,0.23,tcgplayer
OP01-022,2026-05-04,0.30,tcgplayer
OP01-022,2026-05-11,0.32,tcgplayer
OP01-022,2026-05-18,0.33,tcgplayer
OP01-022,2026-05-25,0.29,tcgplayer
OP01-022,2026-06-01,0.27,tcgplayer
OP01-022,2026-06-08,0.24,tcgplayer
OP01-022,2026-06-15,0.22,tcgplayer
OP01-022,2026-06-22,0.23,tcgplayer
OP01-022,2026-06-29,0.25,tcgplayer
OP01-022,2026-07-06,0.25,tcgplayer
OP01-022,2026-07-13,0.24,tcgplayer
OP01-022,2026-07-20,0.25,tcgplayer
OP01-022,2026-07-27,0.24,tcgplayer
OP01-022,2026-08-03,0.25,tcgplayer
OP01-022,2026-08-10,0.25,tcgplayer
OP01-022,2026-08-17,0.26,tcgplayer
OP01-022,2026-08-24,0.26,tcgplayer
OP01-022,2026-08-31,0.26,tcgplayer
OP01-022,2026-09-05,0.26,limitless
OP01-023,2025-09-08,0.06,tcgplayer
OP01-023,2025-09-15,0.06,tcgplayer
OP01-023,2025-09-22,0.05,tcgplayer
OP01-023,2025-09-29,0.07,tcgplayer
OP01-023,2025-10-06,0.07,tcgplayer
OP01-023,2025-10-13,0.07,tcgplayer
OP01-023,2025-10-20,0.08,tcgplayer
OP01-023,2025-10-27,0.08,tcgplayer
OP01-023,2025-11-03,0.10,tcgplayer
OP01-023,2025-11-10,0.12,tcgplayer
OP01-023,2025-11-17,0.11,tcgplayer
OP01-023,2025-11-24,0.12,tcgplayer
OP01-023,2025-12-01,0.09,tcgplayer
OP01-023,2025-12-08,0.08,tcgplayer
OP01-023,2025-12-15,0.08,tcgplayer
OP01-023,2025-12-22,0.06,tcgplayer
OP01-023,2025-12-29,0.05,tcgplayer
OP01-023,2026-01-05,0.04,tcgplayer
OP01-023,2026-01-12,0.04,tcgplayer
OP01-023,2026-01-19,0.05,tcgplayer
OP01-023,2026-01-26,0.07,tcgplayer
OP01-023,2026-02-02,0.06,tcgplayer
OP01-023,2026-02-09,0.06,tcgplayer
OP01-023,2026-02-16,0.08,tcgplayer
OP01-023,2026-02-23,0.08,tcgplayer
OP01-023,2026-03-02,0.08,tcgplayer
OP01-023,2026-03-09,0.08,tcgplayer
OP01-023,2026-03-16,0.07,tcgplayer
OP01-023,2026-03-23,0.08,tcgplayer
OP01-023,2026-03-30,0.08,tcgplayer
OP01-023,2026-04-06,0.07,tcgplayer
OP01-023,2026-04-13,0.08,tcgplayer
OP01-023,2026-04-20,0.08,tcgplayer
OP01-023,2026-04-27,0.06,tcgplayer
OP01-023,2026-05-04,0.05,tcgplayer
OP01-023,2026-05-11,0.07,tcgplayer
OP01-023,2026-05-18,0.08,tcgplayer
OP01-023,2026-05-25,0.08,tcgplayer
OP01-023,2026-06-01,0.08,tcgplayer
OP01-023,2026-06-08,0.06,tcgplayer
OP01-023,2026-06-15,0.05,tcgplayer
OP01-023,2026-06-22,0.06,tcgplayer
OP01-023,2026-06-29,0.06,tcgplayer
OP01-023,2026-07-06,0.06,tcgplayer
OP01-023,2026-07-13,0.06,tcgplayer
OP01-023,2026-07-20,0.07,tcgplayer
OP01-023,2026-07-27,0.09,tcgplayer
OP01-023,2026-08-03,0.10,tcgplayer
OP01-023,2026-08-10,0.09,tcgplayer
OP01-023,2026-08-17,0.09,tcgplayer
OP01-023,2026-08-24,0.10,tcgplayer
OP01-023,2026-08-31,0.10,tcgplayer
OP01-023,2026-09-05,0.10,limitless
OP01-024,2025-09-08,0.81,tcgplayer
OP01-024,2025-09-15,1.04,tcgplayer
OP01-024,2025-09-22,1.07,tcgplayer
OP01-024,2025-09-29,0.92,tcgplayer
OP01-024,2025-10-06,1.09,tcgplayer
OP01-024,2025-10-13,0.93,tcgplayer
OP01-024,2025-10-20,1.18,tcgplayer
OP01-024,2025-10-27,1.18,tcgplayer
OP01-024,2025-11-03,1.40,tcgplayer
OP01-024,2025-11-10,1.15,tcgplayer
OP01-024,2025-11-17,1.05,tcgplayer
OP01-024,2025-11-24,1.22,tcgplayer
OP01-024,2025-12-01,1.42,tcgplayer
OP01-024,2025-12-08,4.14,tcgplayer
OP01-024,2025-12-15,4.06,tcgplayer
OP01-024,2025-12-22,2.09,tcgplayer
OP01-024,2025-12-29,2.46,tcgplayer
OP01-024,2026-01-05,2.56,tcgplayer
OP01-024,2026-01-12,5.47,tcgplayer
OP01-024,2026-01-19,3.38,tcgplayer
OP01-024,2026-01-26,2.79,tcgplayer
OP01-024,2026-02-02,2.18,tcgplayer
OP01-024,2026-02-09,2.34,tcgplayer
OP01-024,2026-02-16,3.27,tcgplayer
OP01-024,2026-02-23,2.98,tcgplayer
OP01-024,2026-03-02,2.81,tcgplayer
OP01-024,2026-03-09,3.02,tcgplayer
OP01-024,2026-03-16,2.38,tcgplayer
OP01-024,2026-03-23,2.24,tcgplayer
OP01-024,2026-03-30,2.17,tcgplayer
OP01-024,2026-04-06,2.09,tcgplayer
OP01-024,2026-04-13,1.88,tcgplayer
OP01-024,2026-04-20,2.61,tcgplayer
OP01-024,2026-04-27,2.37,tcgplayer
OP01-024,2026-05-04,3.01,tcgplayer
OP01-024,2026-05-11,3.21,tcgplayer
OP01-024,2026-05-18,3.72,tcgplayer
OP01-024,2026-05-25,4.11,tcgplayer
OP01-024,2026-06-01,3.78,tcgplayer
OP01-024,2026-06-08,6.86,tcgplayer
OP01-024,2026-06-15,5.46,tcgplayer
OP01-024,2026-06-22,15.48,tcgplayer
OP01-024,2026-06-29,5.32,tcgplayer
OP01-024,2026-07-06,5.97,tcgplayer
OP01-024,2026-07-13,6.22,tcgplayer
OP01-024,2026-07-20,3.95,tcgplayer
OP01-024,2026-07-27,2.88,tcgplayer
OP01-024,2026-08-03,2.51,tcgplayer
OP01-024,2026-08-10,2.38,tcgplayer
OP01-024,2026-08-17,2.42,tcgplayer
OP01-024,2026-08-24,2.39,tcgplayer
OP01-024,2026-08-31,2.18,tcgplayer
OP01-024,2026-09-05,2.23,limitless
OP01-024p1,2025-09-08,35.24,tcgplayer
OP01-024p1,2025-09-15,37.80,tcgplayer
OP01-024p1,2025-09-22,39.19,tcgplayer
OP01-024p1,2025-09-29,41.81,tcgplayer
OP01-024p1,2025-10-06,42.44,tcgplayer
OP01-024p1,2025-10-13,43.00,tcgplayer
OP01-024p1,2025-10-20,44.11,tcgplayer
OP01-024p1,2025-10-27,43.88,tcgplayer
OP01-024p1,2025-11-03,42.60,tcgplayer
OP01-024p1,2025-11-10,46.70,tcgplayer
OP01-024p1,2025-11-17,49.29,tcgplayer
OP01-024p1,2025-11-24,67.61,tcgplayer
OP01-024p1,2025-12-01,96.20,tcgplayer
OP01-024p1,2025-12-08,119.37,tcgplayer
OP01-024p1,2025-12-15,112.79,tcgplayer
OP01-024p1,2025-12-22,102.72,tcgplayer
OP01-024p1,2025-12-29,114.23,tcgplayer
OP01-024p1,2026-01-05,144.82,tcgplayer
OP01-024p1,2026-01-12,149.84,tcgplayer
OP01-024p1,2026-01-19,159.96,tcgplayer
OP01-024p1,2026-01-26,164.17,tcgplayer
OP01-024p1,2026-02-02,159.00,tcgplayer
OP01-024p1,2026-02-09,155.22,tcgplayer
OP01-024p1,2026-02-16,153.00,tcgplayer
OP01-024p1,2026-02-23,151.13,tcgplayer
OP01-024p1,2026-03-02,146.67,tcgplayer
OP01-024p1,2026-03-09,142.58,tcgplayer
OP01-024p1,2026-03-16,141.23,tcgplayer
OP01-024p1,2026-03-23,138.63,tcgplayer
OP01-024p1,2026-03-30,138.61,tcgplayer
OP01-024p1,2026-04-06,137.30,tcgplayer
OP01-024p1,2026-04-13,138.58,tcgplayer
OP01-024p1,2026-04-20,138.60,tcgplayer
OP01-024p1,2026-04-27,138.44,tcgplayer
OP01-024p1,2026-05-04,135.49,tcgplayer
OP01-024p1,2026-05-11,138.56,tcgplayer
OP01-024p1,2026-05-18,138.83,tcgplayer
OP01-024p1,2026-05-25,139.05,tcgplayer
OP01-024p1,2026-06-01,146.60,tcgplayer
OP01-024p1,2026-06-08,165.58,tcgplayer
OP01-024p1,2026-06-15,195.24,tcgplayer
OP01-024p1,2026-06-22,201.43,tcgplayer
OP01-024p1,2026-06-29,214.99,tcgplayer
OP01-024p1,2026-07-06,219.34,tcgplayer
OP01-024p1,2026-07-13,223.40,tcgplayer
OP01-024p1,2026-07-20,227.85,tcgplayer
OP01-024p1,2026-07-27,230.77,tcgplayer
OP01-024p1,2026-08-03,239.41,tcgplayer
OP01-024p1,2026-08-10,240.03,tcgplayer
OP01-024p1,2026-08-17,240.03,tcgplayer
OP01-024p1,2026-08-24,240.03,tcgplayer
OP01-024p1,2026-08-31,240.33,tcgplayer
OP01-024p1,2026-09-05,240.33,limitless
OP01-025,2025-09-08,5.28,tcgplayer
OP01-025,2025-09-15,4.82,tcgplayer
OP01-025,2025-09-22,5.54,tcgplayer
OP01-025,2025-09-29,5.46,tcgplayer
OP01-025,2025-10-06,5.77,tcgplayer
OP01-025,2025-10-13,5.83,tcgplayer
OP01-025,2025-10-20,5.63,tcgplayer
OP01-025,2025-10-27,5.00,tcgplayer
OP01-025,2025-11-03,5.05,tcgplayer
OP01-025,2025-11-10,5.06,tcgplayer
OP01-025,2025-11-17,4.73,tcgplayer
OP01-025,2025-11-24,4.83,tcgplayer
OP01-025,2025-12-01,5.16,tcgplayer
OP01-025,2025-12-08,5.15,tcgplayer
OP01-025,2025-12-15,4.25,tcgplayer
OP01-025,2025-12-22,4.99,tcgplayer
OP01-025,2025-12-29,5.44,tcgplayer
OP01-025,2026-01-05,5.05,tcgplayer
OP01-025,2026-01-12,5.84,tcgplayer
OP01-025,2026-01-19,7.67,tcgplayer
OP01-025,2026-01-26,7.39,tcgplayer
OP01-025,2026-02-02,7.24,tcgplayer
OP01-025,2026-02-09,7.49,tcgplayer
OP01-025,2026-02-16,6.99,tcgplayer
OP01-025,2026-02-23,6.52,tcgplayer
OP01-025,2026-03-02,6.70,tcgplayer
OP01-025,2026-03-09,6.70,tcgplayer
OP01-025,2026-03-16,6.32,tcgplayer
OP01-025,2026-03-23,6.03,tcgplayer
OP01-025,2026-03-30,5.16,tcgplayer
OP01-025,2026-04-06,3.97,tcgplayer
OP01-025,2026-04-13,3.62,tcgplayer
OP01-025,2026-04-20,3.20,tcgplayer
OP01-025,2026-04-27,3.21,tcgplayer
OP01-025,2026-05-04,4.00,tcgplayer
OP01-025,2026-05-11,5.09,tcgplayer
OP01-025,2026-05-18,5.04,tcgplayer
OP01-025,2026-05-25,5.47,tcgplayer
OP01-025,2026-06-01,5.38,tcgplayer
OP01-025,2026-06-08,5.52,tcgplayer
OP01-025,2026-06-15,5.17,tcgplayer
OP01-025,2026-06-22,6.71,tcgplayer
OP01-025,2026-06-29,7.38,tcgplayer
OP01-025,2026-07-06,6.21,tcgplayer
OP01-025,2026-07-13,4.82,tcgplayer
OP01-025,2026-07-20,4.75,tcgplayer
OP01-025,2026-07-27,4.81,tcgplayer
OP01-025,2026-08-03,4.61,tcgplayer
OP01-025,2026-08-10,3.46,tcgplayer
OP01-025,2026-08-17,3.54,tcgplayer
OP01-025,2026-08-24,3.54,tcgplayer
OP01-025,2026-08-31,3.36,tcgplayer
OP01-025,2026-09-05,3.44,limitless
OP01-025p1,2025-09-08,55.77,tcgplayer
OP01-025p1,2025-09-15,55.92,tcgplayer
OP01-025p1,2025-09-22,66.73,tcgplayer
OP01-025p1,2025-09-29,72.13,tcgplayer
OP01-025p1,2025-10-06,74.93,tcgplayer
OP01-025p1,2025-10-13,74.93,tcgplayer
OP01-025p1,2025-10-20,73.33,tcgplayer
OP01-025p1,2025-10-27,67.54,tcgplayer
OP01-025p1,2025-11-03,65.97,tcgplayer
OP01-025p1,2025-11-10,65.08,tcgplayer
OP01-025p1,2025-11-17,64.48,tcgplayer
OP01-025p1,2025-11-24,70.65,tcgplayer
OP01-025p1,2025-12-01,91.78,tcgplayer
OP01-025p1,2025-12-08,111.50,tcgplayer
OP01-025p1,2025-12-15,112.98,tcgplayer
OP01-025p1,2025-12-22,107.40,tcgplayer
OP01-025p1,2025-12-29,115.62,tcgplayer
OP01-025p1,2026-01-05,151.71,tcgplayer
OP01-025p1,2026-01-12,171.20,tcgplayer
OP01-025p1,2026-01-19,188.05,tcgplayer
OP01-025p1,2026-01-26,192.20,tcgplayer
OP01-025p1,2026-02-02,197.01,tcgplayer
OP01-025p1,2026-02-09,185.90,tcgplayer
OP01-025p1,2026-02-16,180.03,tcgplayer
OP01-025p1,2026-02-23,183.75,tcgplayer
OP01-025p1,2026-03-02,174.41,tcgplayer
OP01-025p1,2026-03-09,171.55,tcgplayer
OP01-025p1,2026-03-16,171.90,tcgplayer
OP01-025p1,2026-03-23,172.54,tcgplayer
OP01-025p1,2026-03-30,168.85,tcgplayer
OP01-025p1,2026-04-06,163.77,tcgplayer
OP01-025p1,2026-04-13,152.58,tcgplayer
OP01-025p1,2026-04-20,151.43,tcgplayer
OP01-025p1,2026-04-27,151.43,tcgplayer
OP01-025p1,2026-05-04,151.47,tcgplayer
OP01-025p1,2026-05-11,142.67,tcgplayer
OP01-025p1,2026-05-18,152.29,tcgplayer
OP01-025p1,2026-05-25,160.62,tcgplayer
OP01-025p1,2026-06-01,172.99,tcgplayer
OP01-025p1,2026-06-08,205.65,tcgplayer
OP01-025p1,2026-06-15,205.65,tcgplayer
OP01-025p1,2026-06-22,205.65,tcgplayer
OP01-025p1,2026-06-29,205.65,tcgplayer
OP01-025p1,2026-07-06,223.55,tcgplayer
OP01-025p1,2026-07-13,229.63,tcgplayer
OP01-025p1,2026-07-20,234.91,tcgplayer
OP01-025p1,2026-07-27,248.43,tcgplayer
OP01-025p1,2026-08-03,258.57,tcgplayer
OP01-025p1,2026-08-10,258.57,tcgplayer
OP01-025p1,2026-08-17,267.58,tcgplayer
OP01-025p1,2026-08-24,267.98,tcgplayer
OP01-025p1,2026-08-31,267.98,tcgplayer
OP01-025p1,2026-09-05,267.98,limitless
OP01-026,2025-09-08,4.41,tcgplayer
OP01-026,2025-09-15,4.47,tcgplayer
OP01-026,2025-09-22,4.76,tcgplayer
OP01-026,2025-09-29,4.47,tcgplayer
OP01-026,2025-10-06,3.55,tcgplayer
OP01-026,2025-10-13,3.37,tcgplayer
OP01-026,2025-10-20,3.16,tcgplayer
OP01-026,2025-10-27,3.32,tcgplayer
OP01-026,2025-11-03,3.44,tcgplayer
OP01-026,2025-11-10,3.20,tcgplayer
OP01-026,2025-11-17,2.96,tcgplayer
OP01-026,2025-11-24,2.44,tcgplayer
OP01-026,2025-12-01,2.18,tcgplayer
OP01-026,2025-12-08,2.18,tcgplayer
OP01-026,2025-12-15,1.71,tcgplayer
OP01-026,2025-12-22,1.63,tcgplayer
OP01-026,2025-12-29,1.27,tcgplayer
OP01-026,2026-01-05,1.30,tcgplayer
OP01-026,2026-01-12,1.33,tcgplayer
OP01-026,2026-01-19,1.17,tcgplayer
OP01-026,2026-01-26,1.13,tcgplayer
OP01-026,2026-02-02,1.16,tcgplayer
OP01-026,2026-02-09,0.97,tcgplayer
OP01-026,2026-02-16,1.01,tcgplayer
OP01-026,2026-02-23,1.06,tcgplayer
OP01-026,2026-03-02,0.95,tcgplayer
OP01-026,2026-03-09,0.72,tcgplayer
OP01-026,2026-03-16,0.85,tcgplayer
OP01-026,2026-03-23,0.82,tcgplayer
OP01-026,2026-03-30,0.84,tcgplayer
OP01-026,2026-04-06,0.86,tcgplayer
OP01-026,2026-04-13,0.86,tcgplayer
OP01-026,2026-04-20,1.01,tcgplayer
OP01-026,2026-04-27,1.04,tcgplayer
OP01-026,2026-05-04,1.02,tcgplayer
OP01-026,2026-05-11,1.11,tcgplayer
OP01-026,2026-05-18,1.12,tcgplayer
OP01-026,2026-05-25,1.13,tcgplayer
OP01-026,2026-06-01,1.06,tcgplayer
OP01-026,2026-06-08,0.93,tcgplayer
OP01-026,2026-06-15,0.94,tcgplayer
OP01-026,2026-06-22,1.15,tcgplayer
OP01-026,2026-06-29,1.23,tcgplayer
OP01-026,2026-07-06,0.97,tcgplayer
OP01-026,2026-07-13,0.91,tcgplayer
OP01-026,2026-07-20,0.82,tcgplayer
OP01-026,2026-07-27,0.79,tcgplayer
OP01-026,2026-08-03,0.79,tcgplayer
OP01-026,2026-08-10,0.83,tcgplayer
OP01-026,2026-08-17,0.80,tcgplayer
OP01-026,2026-08-24,0.71,tcgplayer
OP01-026,2026-08-31,0.69,tcgplayer
OP01-026,2026-09-05,0.70,limitless
OP01-027,2025-09-08,0.11,tcgplayer
OP01-027,2025-09-15,0.11,tcgplayer
OP01-027,2025-09-22,0.11,tcgplayer
OP01-027,2025-09-29,0.13,tcgplayer
OP01-027,2025-10-06,0.13,tcgplayer
OP01-027,2025-10-13,0.12,tcgplayer
OP01-027,2025-10-20,0.12,tcgplayer
OP01-027,2025-10-27,0.12,tcgplayer
OP01-027,2025-11-03,0.16,tcgplayer
OP01-027,2025-11-10,0.16,tcgplayer
OP01-027,2025-11-17,0.14,tcgplayer
OP01-027,2025-11-24,0.13,tcgplayer
OP01-027,2025-12-01,0.15,tcgplayer
OP01-027,2025-12-08,0.20,tcgplayer
OP01-027,2025-12-15,0.18,tcgplayer
OP01-027,2025-12-22,0.22,tcgplayer
OP01-027,2025-12-29,0.18,tcgplayer
OP01-027,2026-01-05,0.18,tcgplayer
OP01-027,2026-01-12,0.21,tcgplayer
OP01-027,2026-01-19,0.28,tcgplayer
OP01-027,2026-01-26,0.71,tcgplayer
OP01-027,2026-02-02,0.80,tcgplayer
OP01-027,2026-02-09,1.28,tcgplayer
OP01-027,2026-02-16,1.27,tcgplayer
OP01-027,2026-02-23,1.39,tcgplayer
OP01-027,2026-03-02,1.20,tcgplayer
OP01-027,2026-03-09,1.23,tcgplayer
OP01-027,2026-03-16,0.96,tcgplayer
OP01-027,2026-03-23,0.86,tcgplayer
OP01-027,2026-03-30,0.87,tcgplayer
OP01-027,2026-04-06,0.85,tcgplayer
OP01-027,2026-04-13,0.84,tcgplayer
OP01-027,2026-04-20,0.83,tcgplayer
OP01-027,2026-04-27,0.85,tcgplayer
OP01-027,2026-05-04,0.96,tcgplayer
OP01-027,2026-05-11,1.10,tcgplayer
OP01-027,2026-05-18,1.14,tcgplayer
OP01-027,2026-05-25,1.09,tcgplayer
OP01-027,2026-06-01,1.09,tcgplayer
OP01-027,2026-06-08,0.92,tcgplayer
OP01-027,2026-06-15,0.92,tcgplayer
OP01-027,2026-06-22,0.89,tcgplayer
OP01-027,2026-06-29,0.77,tcgplayer
OP01-027,2026-07-06,0.81,tcgplayer
OP01-027,2026-07-13,0.71,tcgplayer
OP01-027,2026-07-20,0.64,tcgplayer
OP01-027,2026-07-27,0.57,tcgplayer
OP01-027,2026-08-03,0.57,tcgplayer
OP01-027,2026-08-10,0.52,tcgplayer
OP01-027,2026-08-17,0.54,tcgplayer
OP01-027,2026-08-24,0.57,tcgplayer
OP01-027,2026-08-31,0.58,tcgplayer
OP01-027,2026-09-05,0.59,limitless
OP01-028,2025-09-08,0.08,tcgplayer
OP01-028,2025-09-15,0.09,tcgplayer
OP01-028,2025-09-22,0.09,tcgplayer
OP01-028,2025-09-29,0.08,tcgplayer
OP01-028,2025-10-06,0.08,tcgplayer
OP01-028,2025-10-13,0.06,tcgplayer
OP01-028,2025-10-20,0.06,tcgplayer
OP01-028,2025-10-27,0.06,tcgplayer
OP01-028,2025-11-03,0.08,tcgplayer
OP01-028,2025-11-10,0.10,tcgplayer
OP01-028,2025-11-17,0.09,tcgplayer
OP01-028,2025-11-24,0.10,tcgplayer
OP01-028,2025-12-01,0.08,tcgplayer
OP01-028,2025-12-08,0.06,tcgplayer
OP01-028,2025-12-15,0.07,tcgplayer
OP01-028,2025-12-22,0.05,tcgplayer
OP01-028,2025-12-29,0.05,tcgplayer
OP01-028,2026-01-05,0.06,tcgplayer
OP01-028,2026-01-12,0.06,tcgplayer
OP01-028,2026-01-19,0.06,tcgplayer
OP01-028,2026-01-26,0.06,tcgplayer
OP01-028,2026-02-02,0.06,tcgplayer
OP01-028,2026-02-09,0.06,tcgplayer
OP01-028,2026-02-16,0.05,tcgplayer
OP01-028,2026-02-23,0.05,tcgplayer
OP01-028,2026-03-02,0.05,tcgplayer
OP01-028,2026-03-09,0.06,tcgplayer
OP01-028,2026-03-16,0.06,tcgplayer
OP01-028,2026-03-23,0.08,tcgplayer
OP01-028,2026-03-30,0.08,tcgplayer
OP01-028,2026-04-06,0.06,tcgplayer
OP01-028,2026-04-13,0.06,tcgplayer
OP01-028,2026-04-20,0.05,tcgplayer
OP01-028,2026-04-27,0.05,tcgplayer
OP01-028,2026-05-04,0.07,tcgplayer
OP01-028,2026-05-11,0.07,tcgplayer
OP01-028,2026-05-18,0.06,tcgplayer
OP01-028,2026-05-25,0.06,tcgplayer
OP01-028,2026-06-01,0.06,tcgplayer
OP01-028,2026-06-08,0.05,tcgplayer
OP01-028,2026-06-15,0.05,tcgplayer
OP01-028,2026-06-22,0.05,tcgplayer
OP01-028,2026-06-29,0.06,tcgplayer
OP01-028,2026-07-06,0.06,tcgplayer
OP01-028,2026-07-13,0.06,tcgplayer
OP01-028,2026-07-20,0.06,tcgplayer
OP01-028,2026-07-27,0.06,tcgplayer
OP01-028,2026-08-03,0.07,tcgplayer
OP01-028,2026-08-10,0.07,tcgplayer
OP01-028,2026-08-17,0.07,tcgplayer
OP01-028,2026-08-24,0.07,tcgplayer
OP01-028,2026-08-31,0.10,tcgplayer
OP01-028,2026-09-05,0.11,limitless
OP01-029,2025-09-08,0.31,tcgplayer
OP01-029,2025-09-15,0.26,tcgplayer
OP01-029,2025-09-22,0.29,tcgplayer
OP01-029,2025-09-29,0.29,tcgplayer
OP01-029,2025-10-06,0.33,tcgplayer
OP01-029,2025-10-13,0.28,tcgplayer
OP01-029,2025-10-20,0.29,tcgplayer
OP01-029,2025-10-27,0.30,tcgplayer
OP01-029,2025-11-03,0.38,tcgplayer
OP01-029,2025-11-10,0.42,tcgplayer
OP01-029,2025-11-17,0.39,tcgplayer
OP01-029,2025-11-24,0.38,tcgplayer
OP01-029,2025-12-01,0.45,tcgplayer
OP01-029,2025-12-08,0.41,tcgplayer
OP01-029,2025-12-15,0.45,tcgplayer
OP01-029,2025-12-22,0.47,tcgplayer
OP01-029,2025-12-29,0.42,tcgplayer
OP01-029,2026-01-05,0.44,tcgplayer
OP01-029,2026-01-12,0.44,tcgplayer
OP01-029,2026-01-19,0.42,tcgplayer
OP01-029,2026-01-26,0.39,tcgplayer
OP01-029,2026-02-02,0.42,tcgplayer
OP01-029,2026-02-09,0.42,tcgplayer
OP01-029,2026-02-16,0.37,tcgplayer
OP01-029,2026-02-23,0.36,tcgplayer
OP01-029,2026-03-02,0.39,tcgplayer
OP01-029,2026-03-09,0.35,tcgplayer
OP01-029,2026-03-16,0.35,tcgplayer
OP01-029,2026-03-23,0.32,tcgplayer
OP01-029,2026-03-30,0.46,tcgplayer
OP01-029,2026-04-06,0.48,tcgplayer
OP01-029,2026-04-13,0.30,tcgplayer
OP01-029,2026-04-20,0.28,tcgplayer
OP01-029,2026-04-27,0.30,tcgplayer
OP01-029,2026-05-04,0.30,tcgplayer
OP01-029,2026-05-11,0.24,tcgplayer
OP01-029,2026-05-18,0.23,tcgplayer
OP01-029,2026-05-25,0.23,tcgplayer
OP01-029,2026-06-01,0.24,tcgplayer
OP01-029,2026-06-08,0.26,tcgplayer
OP01-029,2026-06-15,0.29,tcgplayer
OP01-029,2026-06-22,0.26,tcgplayer
OP01-029,2026-06-29,0.24,tcgplayer
OP01-029,2026-07-06,0.29,tcgplayer
OP01-029,2026-07-13,0.31,tcgplayer
OP01-029,2026-07-20,0.30,tcgplayer
OP01-029,2026-07-27,0.26,tcgplayer
OP01-029,2026-08-03,0.24,tcgplayer
OP01-029,2026-08-10,0.24,tcgplayer
OP01-029,2026-08-17,0.25,tcgplayer
OP01-029,2026-08-24,0.25,tcgplayer
OP01-029,2026-08-31,0.25,tcgplayer
OP01-029,2026-09-05,0.25,limitless
OP01-030,2025-09-08,0.26,tcgplayer
OP01-030,2025-09-15,0.30,tcgplayer
OP01-030,2025-09-22,0.28,tcgplayer
OP01-030,2025-09-29,0.26,tcgplayer
OP01-030,2025-10-06,0.24,tcgplayer
OP01-030,2025-10-13,0.25,tcgplayer
OP01-030,2025-10-20,0.26,tcgplayer
OP01-030,2025-10-27,0.29,tcgplayer
OP01-030,2025-11-03,0.30,tcgplayer
OP01-030,2025-11-10,0.26,tcgplayer
OP01-030,2025-11-17,0.26,tcgplayer
OP01-030,2025-11-24,0.27,tcgplayer
OP01-030,2025-12-01,0.31,tcgplayer
OP01-030,2025-12-08,0.35,tcgplayer
OP01-030,2025-12-15,0.48,tcgplayer
OP01-030,2025-12-22,0.68,tcgplayer
OP01-030,2025-12-29,0.51,tcgplayer
OP01-030,2026-01-05,0.65,tcgplayer
OP01-030,2026-01-12,0.95,tcgplayer
OP01-030,2026-01-19,0.97,tcgplayer
OP01-030,2026-01-26,1.50,tcgplayer
OP01-030,2026-02-02,2.68,tcgplayer
OP01-030,2026-02-09,2.82,tcgplayer
OP01-030,2026-02-16,2.54,tcgplayer
OP01-030,2026-02-23,2.10,tcgplayer
OP01-030,2026-03-02,2.05,tcgplayer
OP01-030,2026-03-09,1.62,tcgplayer
OP01-030,2026-03-16,1.59,tcgplayer
OP01-030,2026-03-23,1.58,tcgplayer
OP01-030,2026-03-30,1.58,tcgplayer
OP01-030,2026-04-06,1.48,tcgplayer
OP01-030,2026-04-13,1.14,tcgplayer
OP01-030,2026-04-20,0.70,tcgplayer
OP01-030,2026-04-27,0.65,tcgplayer
OP01-030,2026-05-04,0.72,tcgplayer
OP01-030,2026-05-11,0.74,tcgplayer
OP01-030,2026-05-18,0.74,tcgplayer
OP01-030,2026-05-25,0.82,tcgplayer
OP01-030,2026-06-01,0.85,tcgplayer
OP01-030,2026-06-08,0.80,tcgplayer
OP01-030,2026-06-15,0.77,tcgplayer
OP01-030,2026-06-22,0.80,tcgplayer
OP01-030,2026-06-29,0.86,tcgplayer
OP01-030,2026-07-06,0.90,tcgplayer
OP01-030,2026-07-13,0.92,tcgplayer
OP01-030,2026-07-20,0.81,tcgplayer
OP01-030,2026-07-27,0.69,tcgplayer
OP01-030,2026-08-03,0.70,tcgplayer
OP01-030,2026-08-10,0.75,tcgplayer
OP01-030,2026-08-17,0.79,tcgplayer
OP01-030,2026-08-24,0.79,tcgplayer
OP01-030,2026-08-31,0.67,tcgplayer
OP01-030,2026-09-05,0.69,limitless
OP01-031,2025-09-08,0.19,tcgplayer
OP01-031,2025-09-15,0.17,tcgplayer
OP01-031,2025-09-22,0.18,tcgplayer
OP01-031,2025-09-29,0.19,tcgplayer
OP01-031,2025-10-06,0.21,tcgplayer
OP01-031,2025-10-13,0.21,tcgplayer
OP01-031,2025-10-20,0.19,tcgplayer
OP01-031,2025-10-27,0.20,tcgplayer
OP01-031,2025-11-03,0.22,tcgplayer
OP01-031,2025-11-10,0.23,tcgplayer
OP01-031,2025-11-17,0.21,tcgplayer
OP01-031,2025-11-24,0.21,tcgplayer
OP01-031,2025-12-01,0.22,tcgplayer
OP01-031,2025-12-08,0.21,tcgplayer
OP01-031,2025-12-15,0.21,tcgplayer
OP01-031,2025-12-22,0.21,tcgplayer
OP01-031,2025-12-29,0.28,tcgplayer
OP01-031,2026-01-05,0.33,tcgplayer
OP01-031,2026-01-12,0.31,tcgplayer
OP01-031,2026-01-19,0.28,tcgplayer
OP01-031,2026-01-26,0.24,tcgplayer
OP01-031,2026-02-02,0.24,tcgplayer
OP01-031,2026-02-09,0.25,tcgplayer
OP01-031,2026-02-16,0.28,tcgplayer
OP01-031,2026-02-23,0.29,tcgplayer
OP01-031,2026-03-02,0.28,tcgplayer
OP01-031,2026-03-09,0.26,tcgplayer
OP01-031,2026-03-16,0.26,tcgplayer
OP01-031,2026-03-23,0.28,tcgplayer
OP01-031,2026-03-30,0.29,tcgplayer
OP01-031,2026-04-06,0.26,tcgplayer
OP01-031,2026-04-13,0.25,tcgplayer
OP01-031,2026-04-20,0.25,tcgplayer
OP01-031,2026-04-27,0.26,tcgplayer
OP01-031,2026-05-04,0.31,tcgplayer
OP01-031,2026-05-11,0.30,tcgplayer
OP01-031,2026-05-18,0.30,tcgplayer
OP01-031,2026-05-25,0.31,tcgplayer
OP01-031,2026-06-01,0.29,tcgplayer
OP01-031,2026-06-08,0.28,tcgplayer
OP01-031,2026-06-15,0.27,tcgplayer
OP01-031,2026-06-22,0.28,tcgplayer
OP01-031,2026-06-29,0.28,tcgplayer
OP01-031,2026-07-06,0.28,tcgplayer
OP01-031,2026-07-13,0.27,tcgplayer
OP01-031,2026-07-20,0.27,tcgplayer
OP01-031,2026-07-27,0.26,tcgplayer
OP01-031,2026-08-03,0.25,tcgplayer
OP01-031,2026-08-10,0.25,tcgplayer
OP01-031,2026-08-17,0.25,tcgplayer
OP01-031,2026-08-24,0.26,tcgplayer
OP01-031,2026-08-31,0.26,tcgplayer
OP01-031,2026-09-05,0.26,limitless
OP01-031p1,2025-09-08,59.74,tcgplayer
OP01-031p1,2025-09-15,59.00,tcgplayer
OP01-031p1,2025-09-22,58.08,tcgplayer
OP01-031p1,2025-09-29,57.42,tcgplayer
OP01-031p1,2025-10-06,56.97,tcgplayer
OP01-031p1,2025-10-13,56.35,tcgplayer
OP01-031p1,2025-10-20,55.62,tcgplayer
OP01-031p1,2025-10-27,55.24,tcgplayer
OP01-031p1,2025-11-03,54.23,tcgplayer
OP01-031p1,2025-11-10,53.97,tcgplayer
OP01-031p1,2025-11-17,52.50,tcgplayer
OP01-031p1,2025-11-24,50.05,tcgplayer
OP01-031p1,2025-12-01,73.52,tcgplayer
OP01-031p1,2025-12-08,103.84,tcgplayer
OP01-031p1,2025-12-15,111.02,tcgplayer
OP01-031p1,2025-12-22,111.02,tcgplayer
OP01-031p1,2025-12-29,115.44,tcgplayer
OP01-031p1,2026-01-05,119.56,tcgplayer
OP01-031p1,2026-01-12,132.04,tcgplayer
OP01-031p1,2026-01-19,132.01,tcgplayer
OP01-031p1,2026-01-26,131.53,tcgplayer
OP01-031p1,2026-02-02,126.89,tcgplayer
OP01-031p1,2026-02-09,122.24,tcgplayer
OP01-031p1,2026-02-16,122.24,tcgplayer
OP01-031p1,2026-02-23,122.24,tcgplayer
OP01-031p1,2026-03-02,116.54,tcgplayer
OP01-031p1,2026-03-09,115.46,tcgplayer
OP01-031p1,2026-03-16,115.46,tcgplayer
OP01-031p1,2026-03-23,114.24,tcgplayer
OP01-031p1,2026-03-30,114.24,tcgplayer
OP01-031p1,2026-04-06,114.24,tcgplayer
OP01-031p1,2026-04-13,111.27,tcgplayer
OP01-031p1,2026-04-20,107.10,tcgplayer
OP01-031p1,2026-04-27,106.52,tcgplayer
OP01-031p1,2026-05-04,97.26,tcgplayer
OP01-031p1,2026-05-11,93.29,tcgplayer
OP01-031p1,2026-05-18,91.39,tcgplayer
OP01-031p1,2026-05-25,86.00,tcgplayer
OP01-031p1,2026-06-01,83.56,tcgplayer
OP01-031p1,2026-06-08,79.85,tcgplayer
OP01-031p1,2026-06-15,78.99,tcgplayer
OP01-031p1,2026-06-22,77.99,tcgplayer
OP01-031p1,2026-06-29,78.60,tcgplayer
OP01-031p1,2026-07-06,78.87,tcgplayer
OP01-031p1,2026-07-13,78.80,tcgplayer
OP01-031p1,2026-07-20,79.01,tcgplayer
OP01-031p1,2026-07-27,79.22,tcgplayer
OP01-031p1,2026-08-03,79.42,tcgplayer
OP01-031p1,2026-08-10,79.80,tcgplayer
OP01-031p1,2026-08-17,79.80,tcgplayer
OP01-031p1,2026-08-24,79.80,tcgplayer
OP01-031p1,2026-08-31,79.74,tcgplayer
OP01-031p1,2026-09-05,79.74,limitless
OP01-032,2025-09-08,0.09,tcgplayer
OP01-032,2025-09-15,0.09,tcgplayer
OP01-032,2025-09-22,0.10,tcgplayer
OP01-032,2025-09-29,0.10,tcgplayer
OP01-032,2025-10-06,0.10,tcgplayer
OP01-032,2025-10-13,0.09,tcgplayer
OP01-032,2025-10-20,0.09,tcgplayer
OP01-032,2025-10-27,0.08,tcgplayer
OP01-032,2025-11-03,0.10,tcgplayer
OP01-032,2025-11-10,0.10,tcgplayer
OP01-032,2025-11-17,0.10,tcgplayer
OP01-032,2025-11-24,0.12,tcgplayer
OP01-032,2025-12-01,0.10,tcgplayer
OP01-032,2025-12-08,0.12,tcgplayer
OP01-032,2025-12-15,0.09,tcgplayer
OP01-032,2025-12-22,0.08,tcgplayer
OP01-032,2025-12-29,0.08,tcgplayer
OP01-032,2026-01-05,0.09,tcgplayer
OP01-032,2026-01-12,0.08,tcgplayer
OP01-032,2026-01-19,0.09,tcgplayer
OP01-032,2026-01-26,0.14,tcgplayer
OP01-032,2026-02-02,0.14,tcgplayer
OP01-032,2026-02-09,0.14,tcgplayer
OP01-032,2026-02-16,0.09,tcgplayer
OP01-032,2026-02-23,0.08,tcgplayer
OP01-032,2026-03-02,0.10,tcgplayer
OP01-032,2026-03-09,0.10,tcgplayer
OP01-032,2026-03-16,0.10,tcgplayer
OP01-032,2026-03-23,0.12,tcgplayer
OP01-032,2026-03-30,0.13,tcgplayer
OP01-032,2026-04-06,0.13,tcgplayer
OP01-032,2026-04-13,0.12,tcgplayer
OP01-032,2026-04-20,0.10,tcgplayer
OP01-032,2026-04-27,0.11,tcgplayer
OP01-032,2026-05-04,0.11,tcgplayer
OP01-032,2026-05-11,0.11,tcgplayer
OP01-032,2026-05-18,0.11,tcgplayer
OP01-032,2026-05-25,0.09,tcgplayer
OP01-032,2026-06-01,0.08,tcgplayer
OP01-032,2026-06-08,0.09,tcgplayer
OP01-032,2026-06-15,0.08,tcgplayer
OP01-032,2026-06-22,0.08,tcgplayer
OP01-032,2026-06-29,0.09,tcgplayer
OP01-032,2026-07-06,0.09,tcgplayer
OP01-032,2026-07-13,0.09,tcgplayer
OP01-032,2026-07-20,0.10,tcgplayer
OP01-032,2026-07-27,0.10,tcgplayer
OP01-032,2026-08-03,0.11,tcgplayer
OP01-032,2026-08-10,0.11,tcgplayer
OP01-032,2026-08-17,0.11,tcgplayer
OP01-032,2026-08-24,0.12,tcgplayer
OP01-032,2026-08-31,0.13,tcgplayer
OP01-032,2026-09-05,0.14,limitless
OP01-033,2025-09-08,0.37,tcgplayer
OP01-033,2025-09-15,0.41,tcgplayer
OP01-033,2025-09-22,0.34,tcgplayer
OP01-033,2025-09-29,0.39,tcgplayer
OP01-033,2025-10-06,0.41,tcgplayer
OP01-033,2025-10-13,0.47,tcgplayer
OP01-033,2025-10-20,0.44,tcgplayer
OP01-033,2025-10-27,0.43,tcgplayer
OP01-033,2025-11-03,0.45,tcgplayer
OP01-033,2025-11-10,0.43,tcgplayer
OP01-033,2025-11-17,0.43,tcgplayer
OP01-033,2025-11-24,0.34,tcgplayer
OP01-033,2025-12-01,0.35,tcgplayer
OP01-033,2025-12-08,0.38,tcgplayer
OP01-033,2025-12-15,0.36,tcgplayer
OP01-033,2025-12-22,0.36,tcgplayer
OP01-033,2025-12-29,0.37,tcgplayer
OP01-033,2026-01-05,0.39,tcgplayer
OP01-033,2026-01-12,0.36,tcgplayer
OP01-033,2026-01-19,0.37,tcgplayer
OP01-033,2026-01-26,0.35,tcgplayer
OP01-033,2026-02-02,0.37,tcgplayer
OP01-033,2026-02-09,0.36,tcgplayer
OP01-033,2026-02-16,0.33,tcgplayer
OP01-033,2026-02-23,0.32,tcgplayer
OP01-033,2026-03-02,0.28,tcgplayer
OP01-033,2026-03-09,0.27,tcgplayer
OP01-033,2026-03-16,0.30,tcgplayer
OP01-033,2026-03-23,0.33,tcgplayer
OP01-033,2026-03-30,0.32,tcgplayer
OP01-033,2026-04-06,0.29,tcgplayer
OP01-033,2026-04-13,0.27,tcgplayer
OP01-033,2026-04-20,0.32,tcgplayer
OP01-033,2026-04-27,0.31,tcgplayer
OP01-033,2026-05-04,0.24,tcgplayer
OP01-033,2026-05-11,0.25,tcgplayer
OP01-033,2026-05-18,0.26,tcgplayer
OP01-033,2026-05-25,0.27,tcgplayer
OP01-033,2026-06-01,0.27,tcgplayer
OP01-033,2026-06-08,0.26,tcgplayer
OP01-033,2026-06-15,0.25,tcgplayer
OP01-033,2026-06-22,0.26,tcgplayer
OP01-033,2026-06-29,0.25,tcgplayer
OP01-033,2026-07-06,0.24,tcgplayer
OP01-033,2026-07-13,0.25,tcgplayer
OP01-033,2026-07-20,0.23,tcgplayer
OP01-033,2026-07-27,0.25,tcgplayer
OP01-033,2026-08-03,0.25,tcgplayer
OP01-033,2026-08-10,0.25,tcgplayer
OP01-033,2026-08-17,0.24,tcgplayer
OP01-033,2026-08-24,0.24,tcgplayer
OP01-033,2026-08-31,0.23,tcgplayer
OP01-033,2026-09-05,0.22,limitless
OP01-034,2025-09-08,0.08,tcgplayer
OP01-034,2025-09-15,0.08,tcgplayer
OP01-034,2025-09-22,0.08,tcgplayer
OP01-034,2025-09-29,0.09,tcgplayer
OP01-034,2025-10-06,0.09,tcgplayer
OP01-034,2025-10-13,0.07,tcgplayer
OP01-034,2025-10-20,0.07,tcgplayer
OP01-034,2025-10-27,0.07,tcgplayer
OP01-034,2025-11-03,0.09,tcgplayer
OP01-034,2025-11-10,0.09,tcgplayer
OP01-034,2025-11-17,0.09,tcgplayer
OP01-034,2025-11-24,0.10,tcgplayer
OP01-034,2025-12-01,0.11,tcgplayer
OP01-034,2025-12-08,0.09,tcgplayer
OP01-034,2025-12-15,0.09,tcgplayer
OP01-034,2025-12-22,0.09,tcgplayer
OP01-034,2025-12-29,0.07,tcgplayer
OP01-034,2026-01-05,0.07,tcgplayer
OP01-034,2026-01-12,0.09,tcgplayer
OP01-034,2026-01-19,0.10,tcgplayer
OP01-034,2026-01-26,0.10,tcgplayer
OP01-034,2026-02-02,0.08,tcgplayer
OP01-034,2026-02-09,0.08,tcgplayer
OP01-034,2026-02-16,0.07,tcgplayer
OP01-034,2026-02-23,0.06,tcgplayer
OP01-034,2026-03-02,0.07,tcgplayer
OP01-034,2026-03-09,0.07,tcgplayer
OP01-034,2026-03-16,0.08,tcgplayer
OP01-034,2026-03-23,0.08,tcgplayer
OP01-034,2026-03-30,0.08,tcgplayer
OP01-034,2026-04-06,0.08,tcgplayer
OP01-034,2026-04-13,0.07,tcgplayer
OP01-034,2026-04-20,0.07,tcgplayer
OP01-034,2026-04-27,0.06,tcgplayer
OP01-034,2026-05-04,0.06,tcgplayer
OP01-034,2026-05-11,0.07,tcgplayer
OP01-034,2026-05-18,0.06,tcgplayer
OP01-034,2026-05-25,0.05,tcgplayer
OP01-034,2026-06-01,0.05,tcgplayer
OP01-034,2026-06-08,0.05,tcgplayer
OP01-034,2026-06-15,0.05,tcgplayer
OP01-034,2026-06-22,0.06,tcgplayer
OP01-034,2026-06-29,0.06,tcgplayer
OP01-034,2026-07-06,0.06,tcgplayer
OP01-034,2026-07-13,0.05,tcgplayer
OP01-034,2026-07-20,0.07,tcgplayer
OP01-034,2026-07-27,0.08,tcgplayer
OP01-034,2026-08-03,0.09,tcgplayer
OP01-034,2026-08-10,0.10,tcgplayer
OP01-034,2026-08-17,0.10,tcgplayer
OP01-034,2026-08-24,0.11,tcgplayer
OP01-034,2026-08-31,0.11,tcgplayer
OP01-034,2026-09-05,0.13,limitless
OP01-034p1,2025-09-08,1.37,tcgplayer
OP01-034p1,2025-09-15,1.31,tcgplayer
OP01-034p1,2025-09-22,1.22,tcgplayer
OP01-034p1,2025-09-29,1.16,tcgplayer
OP01-034p1,2025-10-06,1.14,tcgplayer
OP01-034p1,2025-10-13,1.31,tcgplayer
OP01-034p1,2025-10-20,1.49,tcgplayer
OP01-034p1,2025-10-27,1.72,tcgplayer
OP01-034p1,2025-11-03,1.71,tcgplayer
OP01-034p1,2025-11-10,1.75,tcgplayer
OP01-034p1,2025-11-17,1.69,tcgplayer
OP01-034p1,2025-11-24,1.86,tcgplayer
OP01-034p1,2025-12-01,6.37,tcgplayer
OP01-034p1,2025-12-08,6.40,tcgplayer
OP01-034p1,2025-12-15,6.85,tcgplayer
OP01-034p1,2025-12-22,7.12,tcgplayer
OP01-034p1,2025-12-29,5.55,tcgplayer
OP01-034p1,2026-01-05,5.00,tcgplayer
OP01-034p1,2026-01-12,4.86,tcgplayer
OP01-034p1,2026-01-19,4.55,tcgplayer
OP01-034p1,2026-01-26,3.75,tcgplayer
OP01-034p1,2026-02-02,3.63,tcgplayer
OP01-034p1,2026-02-09,3.14,tcgplayer
OP01-034p1,2026-02-16,3.01,tcgplayer
OP01-034p1,2026-02-23,2.81,tcgplayer
OP01-034p1,2026-03-02,2.49,tcgplayer
OP01-034p1,2026-03-09,2.42,tcgplayer
OP01-034p1,2026-03-16,2.18,tcgplayer
OP01-034p1,2026-03-23,2.23,tcgplayer
OP01-034p1,2026-03-30,2.16,tcgplayer
OP01-034p1,2026-04-06,2.12,tcgplayer
OP01-034p1,2026-04-13,2.16,tcgplayer
OP01-034p1,2026-04-20,1.93,tcgplayer
OP01-034p1,2026-04-27,1.96,tcgplayer
OP01-034p1,2026-05-04,1.89,tcgplayer
OP01-034p1,2026-05-11,2.17,tcgplayer
OP01-034p1,2026-05-18,2.29,tcgplayer
OP01-034p1,2026-05-25,2.47,tcgplayer
OP01-034p1,2026-06-01,2.53,tcgplayer
OP01-034p1,2026-06-08,4.34,tcgplayer
OP01-034p1,2026-06-15,4.53,tcgplayer
OP01-034p1,2026-06-22,5.18,tcgplayer
OP01-034p1,2026-06-29,5.85,tcgplayer
OP01-034p1,2026-07-06,5.91,tcgplayer
OP01-034p1,2026-07-13,5.89,tcgplayer
OP01-034p1,2026-07-20,5.76,tcgplayer
OP01-034p1,2026-07-27,5.43,tcgplayer
OP01-034p1,2026-08-03,4.80,tcgplayer
OP01-034p1,2026-08-10,4.70,tcgplayer
OP01-034p1,2026-08-17,4.41,tcgplayer
OP01-034p1,2026-08-24,4.23,tcgplayer
OP01-034p1,2026-08-31,4.00,tcgplayer
OP01-034p1,2026-09-05,4.15,limitless
OP01-035,2025-09-08,0.23,tcgplayer
OP01-035,2025-09-15,0.22,tcgplayer
OP01-035,2025-09-22,0.26,tcgplayer
OP01-035,2025-09-29,0.30,tcgplayer
OP01-035,2025-10-06,0.30,tcgplayer
OP01-035,2025-10-13,0.22,tcgplayer
OP01-035,2025-10-20,0.22,tcgplayer
OP01-035,2025-10-27,0.23,tcgplayer
OP01-035,2025-11-03,0.27,tcgplayer
OP01-035,2025-11-10,0.27,tcgplayer
OP01-035,2025-11-17,0.25,tcgplayer
OP01-035,2025-11-24,0.22,tcgplayer
OP01-035,2025-12-01,0.24,tcgplayer
OP01-035,2025-12-08,0.23,tcgplayer
OP01-035,2025-12-15,0.23,tcgplayer
OP01-035,2025-12-22,0.24,tcgplayer
OP01-035,2025-12-29,0.25,tcgplayer
OP01-035,2026-01-05,0.30,tcgplayer
OP01-035,2026-01-12,0.30,tcgplayer
OP01-035,2026-01-19,0.29,tcgplayer
OP01-035,2026-01-26,0.28,tcgplayer
OP01-035,2026-02-02,0.25,tcgplayer
OP01-035,2026-02-09,0.28,tcgplayer
OP01-035,2026-02-16,0.29,tcgplayer
OP01-035,2026-02-23,0.28,tcgplayer
OP01-035,2026-03-02,0.28,tcgplayer
OP01-035,2026-03-09,0.29,tcgplayer
OP01-035,2026-03-16,0.29,tcgplayer
OP01-035,2026-03-23,0.32,tcgplayer
OP01-035,2026-03-30,0.29,tcgplayer
OP01-035,2026-04-06,0.30,tcgplayer
OP01-035,2026-04-13,0.25,tcgplayer
OP01-035,2026-04-20,0.24,tcgplayer
OP01-035,2026-04-27,0.26,tcgplayer
OP01-035,2026-05-04,0.26,tcgplayer
OP01-035,2026-05-11,0.26,tcgplayer
OP01-035,2026-05-18,0.26,tcgplayer
OP01-035,2026-05-25,0.24,tcgplayer
OP01-035,2026-06-01,0.23,tcgplayer
OP01-035,2026-06-08,0.23,tcgplayer
OP01-035,2026-06-15,0.24,tcgplayer
OP01-035,2026-06-22,0.26,tcgplayer
OP01-035,2026-06-29,0.27,tcgplayer
OP01-035,2026-07-06,0.27,tcgplayer
OP01-035,2026-07-13,0.27,tcgplayer
OP01-035,2026-07-20,0.26,tcgplayer
OP01-035,2026-07-27,0.26,tcgplayer
OP01-035,2026-08-03,0.26,tcgplayer
OP01-035,2026-08-10,0.27,tcgplayer
OP01-035,2026-08-17,0.25,tcgplayer
OP01-035,2026-08-24,0.25,tcgplayer
OP01-035,2026-08-31,0.23,tcgplayer
OP01-035,2026-09-05,0.24,limitless
OP01-036,2025-09-08,0.07,tcgplayer
OP01-036,2025-09-15,0.07,tcgplayer
OP01-036,2025-09-22,0.08,tcgplayer
OP01-036,2025-09-29,0.07,tcgplayer
OP01-036,2025-10-06,0.07,tcgplayer
OP01-036,2025-10-13,0.05,tcgplayer
OP01-036,2025-10-20,0.05,tcgplayer
OP01-036,2025-10-27,0.05,tcgplayer
OP01-036,2025-11-03,0.07,tcgplayer
OP01-036,2025-11-10,0.07,tcgplayer
OP01-036,2025-11-17,0.06,tcgplayer
OP01-036,2025-11-24,0.07,tcgplayer
OP01-036,2025-12-01,0.05,tcgplayer
OP01-036,2025-12-08,0.05,tcgplayer
OP01-036,2025-12-15,0.05,tcgplayer
OP01-036,2025-12-22,0.05,tcgplayer
OP01-036,2025-12-29,0.05,tcgplayer
OP01-036,2026-01-05,0.05,tcgplayer
OP01-036,2026-01-12,0.05,tcgplayer
OP01-036,2026-01-19,0.04,tcgplayer
OP01-036,2026-01-26,0.04,tcgplayer
OP01-036,2026-02-02,0.04,tcgplayer
OP01-036,2026-02-09,0.04,tcgplayer
OP01-036,2026-02-16,0.05,tcgplayer
OP01-036,2026-02-23,0.06,tcgplayer
OP01-036,2026-03-02,0.06,tcgplayer
OP01-036,2026-03-09,0.06,tcgplayer
OP01-036,2026-03-16,0.06,tcgplayer
OP01-036,2026-03-23,0.08,tcgplayer
OP01-036,2026-03-30,0.09,tcgplayer
OP01-036,2026-04-06,0.10,tcgplayer
OP01-036,2026-04-13,0.09,tcgplayer
OP01-036,2026-04-20,0.09,tcgplayer
OP01-036,2026-04-27,0.08,tcgplayer
OP01-036,2026-05-04,0.07,tcgplayer
OP01-036,2026-05-11,0.06,tcgplayer
OP01-036,2026-05-18,0.08,tcgplayer
OP01-036,2026-05-25,0.07,tcgplayer
OP01-036,2026-06-01,0.07,tcgplayer
OP01-036,2026-06-08,0.07,tcgplayer
OP01-036,2026-06-15,0.08,tcgplayer
OP01-036,2026-06-22,0.06,tcgplayer
OP01-036,2026-06-29,0.05,tcgplayer
OP01-036,2026-07-06,0.06,tcgplayer
OP01-036,2026-07-13,0.05,tcgplayer
OP01-036,2026-07-20,0.05,tcgplayer
OP01-036,2026-07-27,0.04,tcgplayer
OP01-036,2026-08-03,0.04,tcgplayer
OP01-036,2026-08-10,0.05,tcgplayer
OP01-036,2026-08-17,0.05,tcgplayer
OP01-036,2026-08-24,0.05,tcgplayer
OP01-036,2026-08-31,0.08,tcgplayer
OP01-036,2026-09-05,0.08,limitless
OP01-037,2025-09-08,0.06,tcgplayer
OP01-037,2025-09-15,0.06,tcgplayer
OP01-037,2025-09-22,0.06,tcgplayer
OP01-037,2025-09-29,0.08,tcgplayer
OP01-037,2025-10-06,0.08,tcgplayer
OP01-037,2025-10-13,0.08,tcgplayer
OP01-037,2025-10-20,0.08,tcgplayer
OP01-037,2025-10-27,0.08,tcgplayer
OP01-037,2025-11-03,0.11,tcgplayer
OP01-037,2025-11-10,0.09,tcgplayer
OP01-037,2025-11-17,0.09,tcgplayer
OP01-037,2025-11-24,0.08,tcgplayer
OP01-037,2025-12-01,0.06,tcgplayer
OP01-037,2025-12-08,0.06,tcgplayer
OP01-037,2025-12-15,0.07,tcgplayer
OP01-037,2025-12-22,0.06,tcgplayer
OP01-037,2025-12-29,0.05,tcgplayer
OP01-037,2026-01-05,0.05,tcgplayer
OP01-037,2026-01-12,0.07,tcgplayer
OP01-037,2026-01-19,0.07,tcgplayer
OP01-037,2026-01-26,0.11,tcgplayer
OP01-037,2026-02-02,0.11,tcgplayer
OP01-037,2026-02-09,0.10,tcgplayer
OP01-037,2026-02-16,0.10,tcgplayer
OP01-037,2026-02-23,0.05,tcgplayer
OP01-037,2026-03-02,0.06,tcgplayer
OP01-037,2026-03-09,0.07,tcgplayer
OP01-037,2026-03-16,0.06,tcgplayer
OP01-037,2026-03-23,0.07,tcgplayer
OP01-037,2026-03-30,0.08,tcgplayer
OP01-037,2026-04-06,0.08,tcgplayer
OP01-037,2026-04-13,0.09,tcgplayer
OP01-037,2026-04-20,0.10,tcgplayer
OP01-037,2026-04-27,0.09,tcgplayer
OP01-037,2026-05-04,0.07,tcgplayer
OP01-037,2026-05-11,0.07,tcgplayer
OP01-037,2026-05-18,0.08,tcgplayer
OP01-037,2026-05-25,0.08,tcgplayer
OP01-037,2026-06-01,0.08,tcgplayer
OP01-037,2026-06-08,0.07,tcgplayer
OP01-037,2026-06-15,0.06,tcgplayer
OP01-037,2026-06-22,0.07,tcgplayer
OP01-037,2026-06-29,0.09,tcgplayer
OP01-037,2026-07-06,0.08,tcgplayer
OP01-037,2026-07-13,0.08,tcgplayer
OP01-037,2026-07-20,0.10,tcgplayer
OP01-037,2026-07-27,0.10,tcgplayer
OP01-037,2026-08-03,0.09,tcgplayer
OP01-037,2026-08-10,0.09,tcgplayer
OP01-037,2026-08-17,0.09,tcgplayer
OP01-037,2026-08-24,0.08,tcgplayer
OP01-037,2026-08-31,0.07,tcgplayer
OP01-037,2026-09-05,0.09,limitless
OP01-038,2025-09-08,0.04,tcgplayer
OP01-038,2025-09-15,0.04,tcgplayer
OP01-038,2025-09-22,0.05,tcgplayer
OP01-038,2025-09-29,0.05,tcgplayer
OP01-038,2025-10-06,0.05,tcgplayer
OP01-038,2025-10-13,0.04,tcgplayer
OP01-038,2025-10-20,0.04,tcgplayer
OP01-038,2025-10-27,0.04,tcgplayer
OP01-038,2025-11-03,0.06,tcgplayer
OP01-038,2025-11-10,0.05,tcgplayer
OP01-038,2025-11-17,0.05,tcgplayer
OP01-038,2025-11-24,0.06,tcgplayer
OP01-038,2025-12-01,0.04,tcgplayer
OP01-038,2025-12-08,0.06,tcgplayer
OP01-038,2025-12-15,0.05,tcgplayer
OP01-038,2025-12-22,0.04,tcgplayer
OP01-038,2025-12-29,0.03,tcgplayer
OP01-038,2026-01-05,0.04,tcgplayer
OP01-038,2026-01-12,0.04,tcgplayer
OP01-038,2026-01-19,0.04,tcgplayer
OP01-038,2026-01-26,0.04,tcgplayer
OP01-038,2026-02-02,0.04,tcgplayer
OP01-038,2026-02-09,0.05,tcgplayer
OP01-038,2026-02-16,0.06,tcgplayer
OP01-038,2026-02-23,0.07,tcgplayer
OP01-038,2026-03-02,0.06,tcgplayer
OP01-038,2026-03-09,0.06,tcgplayer
OP01-038,2026-03-16,0.06,tcgplayer
OP01-038,2026-03-23,0.06,tcgplayer
OP01-038,2026-03-30,0.06,tcgplayer
OP01-038,2026-04-06,0.07,tcgplayer
OP01-038,2026-04-13,0.08,tcgplayer
OP01-038,2026-04-20,0.09,tcgplayer
OP01-038,2026-04-27,0.08,tcgplayer
OP01-038,2026-05-04,0.08,tcgplayer
OP01-038,2026-05-11,0.07,tcgplayer
OP01-038,2026-05-18,0.06,tcgplayer
OP01-038,2026-05-25,0.05,tcgplayer
OP01-038,2026-06-01,0.05,tcgplayer
OP01-038,2026-06-08,0.04,tcgplayer
OP01-038,2026-06-15,0.04,tcgplayer
OP01-038,2026-06-22,0.04,tcgplayer
OP01-038,2026-06-29,0.04,tcgplayer
OP01-038,2026-07-06,0.04,tcgplayer
OP01-038,2026-07-13,0.05,tcgplayer
OP01-038,2026-07-20,0.05,tcgplayer
OP01-038,2026-07-27,0.05,tcgplayer
OP01-038,2026-08-03,0.06,tcgplayer
OP01-038,2026-08-10,0.06,tcgplayer
OP01-038,2026-08-17,0.06,tcgplayer
OP01-038,2026-08-24,0.07,tcgplayer
OP01-038,2026-08-31,0.08,tcgplayer
OP01-038,2026-09-05,0.08,limitless
OP01-039,2025-09-08,0.49,tcgplayer
OP01-039,2025-09-15,0.46,tcgplayer
OP01-039,2025-09-22,0.42,tcgplayer
OP01-039,2025-09-29,0.30,tcgplayer
OP01-039,2025-10-06,0.26,tcgplayer
OP01-039,2025-10-13,0.22,tcgplayer
OP01-039,2025-10-20,0.22,tcgplayer
OP01-039,2025-10-27,0.20,tcgplayer
OP01-039,2025-11-03,0.19,tcgplayer
OP01-039,2025-11-10,0.20,tcgplayer
OP01-039,2025-11-17,0.20,tcgplayer
OP01-039,2025-11-24,0.17,tcgplayer
OP01-039,2025-12-01,0.23,tcgplayer
OP01-039,2025-12-08,0.25,tcgplayer
OP01-039,2025-12-15,0.23,tcgplayer
OP01-039,2025-12-22,0.20,tcgplayer
OP01-039,2025-12-29,0.20,tcgplayer
OP01-039,2026-01-05,0.27,tcgplayer
OP01-039,2026-01-12,0.30,tcgplayer
OP01-039,2026-01-19,0.23,tcgplayer
OP01-039,2026-01-26,0.21,tcgplayer
OP01-039,2026-02-02,0.22,tcgplayer
OP01-039,2026-02-09,0.22,tcgplayer
OP01-039,2026-02-16,0.27,tcgplayer
OP01-039,2026-02-23,0.28,tcgplayer
OP01-039,2026-03-02,0.36,tcgplayer
OP01-039,2026-03-09,0.35,tcgplayer
OP01-039,2026-03-16,0.26,tcgplayer
OP01-039,2026-03-23,0.28,tcgplayer
OP01-039,2026-03-30,0.29,tcgplayer
OP01-039,2026-04-06,0.26,tcgplayer
OP01-039,2026-04-13,0.24,tcgplayer
OP01-039,2026-04-20,0.22,tcgplayer
OP01-039,2026-04-27,0.22,tcgplayer
OP01-039,2026-05-04,0.22,tcgplayer
OP01-039,2026-05-11,0.23,tcgplayer
OP01-039,2026-05-18,0.22,tcgplayer
OP01-039,2026-05-25,0.21,tcgplayer
OP01-039,2026-06-01,0.18,tcgplayer
OP01-039,2026-06-08,0.15,tcgplayer
OP01-039,2026-06-15,0.16,tcgplayer
OP01-039,2026-06-22,0.16,tcgplayer
OP01-039,2026-06-29,0.16,tcgplayer
OP01-039,2026-07-06,0.16,tcgplayer
OP01-039,2026-07-13,0.21,tcgplayer
OP01-039,2026-07-20,0.22,tcgplayer
OP01-039,2026-07-27,0.25,tcgplayer
OP01-039,2026-08-03,0.30,tcgplayer
OP01-039,2026-08-10,0.27,tcgplayer
OP01-039,2026-08-17,0.26,tcgplayer
OP01-039,2026-08-24,0.27,tcgplayer
OP01-039,2026-08-31,0.23,tcgplayer
OP01-039,2026-09-05,0.23,limitless
OP01-040,2025-09-08,0.54,tcgplayer
OP01-040,2025-09-15,0.51,tcgplayer
OP01-040,2025-09-22,0.50,tcgplayer
OP01-040,2025-09-29,0.50,tcgplayer
OP01-040,2025-10-06,0.55,tcgplayer
OP01-040,2025-10-13,0.56,tcgplayer
OP01-040,2025-10-20,0.58,tcgplayer
OP01-040,2025-10-27,0.56,tcgplayer
OP01-040,2025-11-03,0.56,tcgplayer
OP01-040,2025-11-10,0.51,tcgplayer
OP01-040,2025-11-17,0.49,tcgplayer
OP01-040,2025-11-24,0.48,tcgplayer
OP01-040,2025-12-01,0.55,tcgplayer
OP01-040,2025-12-08,0.56,tcgplayer
OP01-040,2025-12-15,0.63,tcgplayer
OP01-040,2025-12-22,0.59,tcgplayer
OP01-040,2025-12-29,0.77,tcgplayer
OP01-040,2026-01-05,0.79,tcgplayer
OP01-040,2026-01-12,0.81,tcgplayer
OP01-040,2026-01-19,0.63,tcgplayer
OP01-040,2026-01-26,0.77,tcgplayer
OP01-040,2026-02-02,0.72,tcgplayer
OP01-040,2026-02-09,0.63,tcgplayer
OP01-040,2026-02-16,0.63,tcgplayer
OP01-040,2026-02-23,0.71,tcgplayer
OP01-040,2026-03-02,0.68,tcgplayer
OP01-040,2026-03-09,0.74,tcgplayer
OP01-040,2026-03-16,0.68,tcgplayer
OP01-040,2026-03-23,0.66,tcgplayer
OP01-040,2026-03-30,0.60,tcgplayer
OP01-040,2026-04-06,0.58,tcgplayer
OP01-040,2026-04-13,0.53,tcgplayer
OP01-040,2026-04-20,0.55,tcgplayer
OP01-040,2026-04-27,0.54,tcgplayer
OP01-040,2026-05-04,0.56,tcgplayer
OP01-040,2026-05-11,0.56,tcgplayer
OP01-040,2026-05-18,0.56,tcgplayer
OP01-040,2026-05-25,0.60,tcgplayer
OP01-040,2026-06-01,0.61,tcgplayer
OP01-040,2026-06-08,0.61,tcgplayer
OP01-040,2026-06-15,0.61,tcgplayer
OP01-040,2026-06-22,0.63,tcgplayer
OP01-040,2026-06-29,0.62,tcgplayer
OP01-040,2026-07-06,0.60,tcgplayer
OP01-040,2026-07-13,0.57,tcgplayer
OP01-040,2026-07-20,0.61,tcgplayer
OP01-040,2026-07-27,0.58,tcgplayer
OP01-040,2026-08-03,0.58,tcgplayer
OP01-040,2026-08-10,0.57,tcgplayer
OP01-040,2026-08-17,0.57,tcgplayer
OP01-040,2026-08-24,0.57,tcgplayer
OP01-040,2026-08-31,0.56,tcgplayer
OP01-040,2026-09-05,0.56,limitless
OP01-040p1,2025-09-08,4.92,tcgplayer
OP01-040p1,2025-09-15,5.18,tcgplayer
OP01-040p1,2025-09-22,5.14,tcgplayer
OP01-040p1,2025-09-29,5.30,tcgplayer
OP01-040p1,2025-10-06,5.17,tcgplayer
OP01-040p1,2025-10-13,5.32,tcgplayer
OP01-040p1,2025-10-20,5.47,tcgplayer
OP01-040p1,2025-10-27,5.83,tcgplayer
OP01-040p1,2025-11-03,5.95,tcgplayer
OP01-040p1,2025-11-10,5.98,tcgplayer
OP01-040p1,2025-11-17,5.85,tcgplayer
OP01-040p1,2025-11-24,6.75,tcgplayer
OP01-040p1,2025-12-01,9.12,tcgplayer
OP01-040p1,2025-12-08,12.26,tcgplayer
OP01-040p1,2025-12-15,13.38,tcgplayer
OP01-040p1,2025-12-22,13.15,tcgplayer
OP01-040p1,2025-12-29,12.39,tcgplayer
OP01-040p1,2026-01-05,10.30,tcgplayer
OP01-040p1,2026-01-12,11.25,tcgplayer
OP01-040p1,2026-01-19,11.89,tcgplayer
OP01-040p1,2026-01-26,13.11,tcgplayer
OP01-040p1,2026-02-02,11.27,tcgplayer
OP01-040p1,2026-02-09,11.20,tcgplayer
OP01-040p1,2026-02-16,11.11,tcgplayer
OP01-040p1,2026-02-23,10.35,tcgplayer
OP01-040p1,2026-03-02,9.41,tcgplayer
OP01-040p1,2026-03-09,7.21,tcgplayer
OP01-040p1,2026-03-16,6.78,tcgplayer
OP01-040p1,2026-03-23,5.88,tcgplayer
OP01-040p1,2026-03-30,5.80,tcgplayer
OP01-040p1,2026-04-06,5.45,tcgplayer
OP01-040p1,2026-04-13,5.42,tcgplayer
OP01-040p1,2026-04-20,5.36,tcgplayer
OP01-040p1,2026-04-27,5.90,tcgplayer
OP01-040p1,2026-05-04,6.12,tcgplayer
OP01-040p1,2026-05-11,6.70,tcgplayer
OP01-040p1,2026-05-18,7.09,tcgplayer
OP01-040p1,2026-05-25,7.80,tcgplayer
OP01-040p1,2026-06-01,7.90,tcgplayer
OP01-040p1,2026-06-08,8.12,tcgplayer
OP01-040p1,2026-06-15,8.44,tcgplayer
OP01-040p1,2026-06-22,8.82,tcgplayer
OP01-040p1,2026-06-29,9.09,tcgplayer
OP01-040p1,2026-07-06,9.52,tcgplayer
OP01-040p1,2026-07-13,9.73,tcgplayer
OP01-040p1,2026-07-20,9.42,tcgplayer
OP01-040p1,2026-07-27,8.71,tcgplayer
OP01-040p1,2026-08-03,8.31,tcgplayer
OP01-040p1,2026-08-10,7.50,tcgplayer
OP01-040p1,2026-08-17,6.71,tcgplayer
OP01-040p1,2026-08-24,6.41,tcgplayer
OP01-040p1,2026-08-31,6.19,tcgplayer
OP01-040p1,2026-09-05,6.10,limitless
OP01-041,2025-09-08,0.25,tcgplayer
OP01-041,2025-09-15,0.28,tcgplayer
OP01-041,2025-09-22,0.29,tcgplayer
OP01-041,2025-09-29,0.29,tcgplayer
OP01-041,2025-10-06,0.30,tcgplayer
OP01-041,2025-10-13,0.25,tcgplayer
OP01-041,2025-10-20,0.27,tcgplayer
OP01-041,2025-10-27,0.33,tcgplayer
OP01-041,2025-11-03,0.33,tcgplayer
OP01-041,2025-11-10,0.29,tcgplayer
OP01-041,2025-11-17,0.23,tcgplayer
OP01-041,2025-11-24,0.25,tcgplayer
OP01-041,2025-12-01,0.24,tcgplayer
OP01-041,2025-12-08,0.29,tcgplayer
OP01-041,2025-12-15,0.25,tcgplayer
OP01-041,2025-12-22,0.24,tcgplayer
OP01-041,2025-12-29,0.27,tcgplayer
OP01-041,2026-01-05,0.27,tcgplayer
OP01-041,2026-01-12,0.32,tcgplayer
OP01-041,2026-01-19,0.35,tcgplayer
OP01-041,2026-01-26,0.33,tcgplayer
OP01-041,2026-02-02,0.32,tcgplayer
OP01-041,2026-02-09,0.31,tcgplayer
OP01-041,2026-02-16,0.46,tcgplayer
OP01-041,2026-02-23,0.39,tcgplayer
OP01-041,2026-03-02,0.27,tcgplayer
OP01-041,2026-03-09,0.28,tcgplayer
OP01-041,2026-03-16,0.43,tcgplayer
OP01-041,2026-03-23,0.41,tcgplayer
OP01-041,2026-03-30,0.44,tcgplayer
OP01-041,2026-04-06,0.29,tcgplayer
OP01-041,2026-04-13,0.28,tcgplayer
OP01-041,2026-04-20,0.27,tcgplayer
OP01-041,2026-04-27,0.26,tcgplayer
OP01-041,2026-05-04,0.26,tcgplayer
OP01-041,2026-05-11,0.28,tcgplayer
OP01-041,2026-05-18,0.28,tcgplayer
OP01-041,2026-05-25,0.26,tcgplayer
OP01-041,2026-06-01,0.24,tcgplayer
OP01-041,2026-06-08,0.22,tcgplayer
OP01-041,2026-06-15,0.21,tcgplayer
OP01-041,2026-06-22,0.20,tcgplayer
OP01-041,2026-06-29,0.20,tcgplayer
OP01-041,2026-07-06,0.20,tcgplayer
OP01-041,2026-07-13,0.21,tcgplayer
OP01-041,2026-07-20,0.22,tcgplayer
OP01-041,2026-07-27,0.20,tcgplayer
OP01-041,2026-08-03,0.18,tcgplayer
OP01-041,2026-08-10,0.21,tcgplayer
OP01-041,2026-08-17,0.19,tcgplayer
OP01-041,2026-08-24,0.18,tcgplayer
OP01-041,2026-08-31,0.17,tcgplayer
OP01-041,2026-09-05,0.17,limitless
OP01-042,2025-09-08,0.13,tcgplayer
OP01-042,2025-09-15,0.13,tcgplayer
OP01-042,2025-09-22,0.13,tcgplayer
OP01-042,2025-09-29,0.13,tcgplayer
OP01-042,2025-10-06,0.11,tcgplayer
OP01-042,2025-10-13,0.10,tcgplayer
OP01-042,2025-10-20,0.10,tcgplayer
OP01-042,2025-10-27,0.09,tcgplayer
OP01-042,2025-11-03,0.11,tcgplayer
OP01-042,2025-11-10,0.10,tcgplayer
OP01-042,2025-11-17,0.09,tcgplayer
OP01-042,2025-11-24,0.12,tcgplayer
OP01-042,2025-12-01,0.11,tcgplayer
OP01-042,2025-12-08,0.10,tcgplayer
OP01-042,2025-12-15,0.10,tcgplayer
OP01-042,2025-12-22,0.09,tcgplayer
OP01-042,2025-12-29,0.14,tcgplayer
OP01-042,2026-01-05,0.14,tcgplayer
OP01-042,2026-01-12,0.14,tcgplayer
OP01-042,2026-01-19,0.16,tcgplayer
OP01-042,2026-01-26,0.12,tcgplayer
OP01-042,2026-02-02,0.12,tcgplayer
OP01-042,2026-02-09,0.13,tcgplayer
OP01-042,2026-02-16,0.12,tcgplayer
OP01-042,2026-02-23,0.11,tcgplayer
OP01-042,2026-03-02,0.13,tcgplayer
OP01-042,2026-03-09,0.12,tcgplayer
OP01-042,2026-03-16,0.14,tcgplayer
OP01-042,2026-03-23,0.14,tcgplayer
OP01-042,2026-03-30,0.14,tcgplayer
OP01-042,2026-04-06,0.14,tcgplayer
OP01-042,2026-04-13,0.13,tcgplayer
OP01-042,2026-04-20,0.13,tcgplayer
OP01-042,2026-04-27,0.14,tcgplayer
OP01-042,2026-05-04,0.11,tcgplayer
OP01-042,2026-05-11,0.11,tcgplayer
OP01-042,2026-05-18,0.11,tcgplayer
OP01-042,2026-05-25,0.10,tcgplayer
OP01-042,2026-06-01,0.10,tcgplayer
OP01-042,2026-06-08,0.09,tcgplayer
OP01-042,2026-06-15,0.09,tcgplayer
OP01-042,2026-06-22,0.09,tcgplayer
OP01-042,2026-06-29,0.10,tcgplayer
OP01-042,2026-07-06,0.10,tcgplayer
OP01-042,2026-07-13,0.10,tcgplayer
OP01-042,2026-07-20,0.11,tcgplayer
OP01-042,2026-07-27,0.10,tcgplayer
OP01-042,2026-08-03,0.10,tcgplayer
OP01-042,2026-08-10,0.11,tcgplayer
OP01-042,2026-08-17,0.10,tcgplayer
OP01-042,2026-08-24,0.10,tcgplayer
OP01-042,2026-08-31,0.11,tcgplayer
OP01-042,2026-09-05,0.12,limitless
OP01-043,2025-09-08,0.07,tcgplayer
OP01-043,2025-09-15,0.07,tcgplayer
OP01-043,2025-09-22,0.08,tcgplayer
OP01-043,2025-09-29,0.09,tcgplayer
OP01-043,2025-10-06,0.07,tcgplayer
OP01-043,2025-10-13,0.06,tcgplayer
OP01-043,2025-10-20,0.07,tcgplayer
OP01-043,2025-10-27,0.06,tcgplayer
OP01-043,2025-11-03,0.10,tcgplayer
OP01-043,2025-11-10,0.09,tcgplayer
OP01-043,2025-11-17,0.10,tcgplayer
OP01-043,2025-11-24,0.11,tcgplayer
OP01-043,2025-12-01,0.08,tcgplayer
OP01-043,2025-12-08,0.09,tcgplayer
OP01-043,2025-12-15,0.07,tcgplayer
OP01-043,2025-12-22,0.06,tcgplayer
OP01-043,2025-12-29,0.05,tcgplayer
OP01-043,2026-01-05,0.04,tcgplayer
OP01-043,2026-01-12,0.04,tcgplayer
OP01-043,2026-01-19,0.04,tcgplayer
OP01-043,2026-01-26,0.04,tcgplayer
OP01-043,2026-02-02,0.04,tcgplayer
OP01-043,2026-02-09,0.05,tcgplayer
OP01-043,2026-02-16,0.06,tcgplayer
OP01-043,2026-02-23,0.07,tcgplayer
OP01-043,2026-03-02,0.07,tcgplayer
OP01-043,2026-03-09,0.08,tcgplayer
OP01-043,2026-03-16,0.07,tcgplayer
OP01-043,2026-03-23,0.08,tcgplayer
OP01-043,2026-03-30,0.08,tcgplayer
OP01-043,2026-04-06,0.07,tcgplayer
OP01-043,2026-04-13,0.07,tcgplayer
OP01-043,2026-04-20,0.07,tcgplayer
OP01-043,2026-04-27,0.06,tcgplayer
OP01-043,2026-05-04,0.06,tcgplayer
OP01-043,2026-05-11,0.06,tcgplayer
OP01-043,2026-05-18,0.06,tcgplayer
OP01-043,2026-05-25,0.05,tcgplayer
OP01-043,2026-06-01,0.05,tcgplayer
OP01-043,2026-06-08,0.06,tcgplayer
OP01-043,2026-06-15,0.05,tcgplayer
OP01-043,2026-06-22,0.05,tcgplayer
OP01-043,2026-06-29,0.05,tcgplayer
OP01-043,2026-07-06,0.05,tcgplayer
OP01-043,2026-07-13,0.06,tcgplayer
OP01-043,2026-07-20,0.07,tcgplayer
OP01-043,2026-07-27,0.06,tcgplayer
OP01-043,2026-08-03,0.08,tcgplayer
OP01-043,2026-08-10,0.09,tcgplayer
OP01-043,2026-08-17,0.09,tcgplayer
OP01-043,2026-08-24,0.09,tcgplayer
OP01-043,2026-08-31,0.11,tcgplayer
OP01-043,2026-09-05,0.11,limitless
OP01-044,2025-09-08,0.08,tcgplayer
OP01-044,2025-09-15,0.08,tcgplayer
OP01-044,2025-09-22,0.07,tcgplayer
OP01-044,2025-09-29,0.06,tcgplayer
OP01-044,2025-10-06,0.06,tcgplayer
OP01-044,2025-10-13,0.08,tcgplayer
OP01-044,2025-10-20,0.09,tcgplayer
OP01-044,2025-10-27,0.08,tcgplayer
OP01-044,2025-11-03,0.13,tcgplayer
OP01-044,2025-11-10,0.14,tcgplayer
OP01-044,2025-11-17,0.13,tcgplayer
OP01-044,2025-11-24,0.11,tcgplayer
OP01-044,2025-12-01,0.08,tcgplayer
OP01-044,2025-12-08,0.08,tcgplayer
OP01-044,2025-12-15,0.07,tcgplayer
OP01-044,2025-12-22,0.07,tcgplayer
OP01-044,2025-12-29,0.12,tcgplayer
OP01-044,2026-01-05,0.13,tcgplayer
OP01-044,2026-01-12,0.14,tcgplayer
OP01-044,2026-01-19,0.14,tcgplayer
OP01-044,2026-01-26,0.09,tcgplayer
OP01-044,2026-02-02,0.09,tcgplayer
OP01-044,2026-02-09,0.08,tcgplayer
OP01-044,2026-02-16,0.08,tcgplayer
OP01-044,2026-02-23,0.08,tcgplayer
OP01-044,2026-03-02,0.09,tcgplayer
OP01-044,2026-03-09,0.08,tcgplayer
OP01-044,2026-03-16,0.08,tcgplayer
OP01-044,2026-03-23,0.09,tcgplayer
OP01-044,2026-03-30,0.10,tcgplayer
OP01-044,2026-04-06,0.08,tcgplayer
OP01-044,2026-04-13,0.09,tcgplayer
OP01-044,2026-04-20,0.09,tcgplayer
OP01-044,2026-04-27,0.09,tcgplayer
OP01-044,2026-05-04,0.09,tcgplayer
OP01-044,2026-05-11,0.08,tcgplayer
OP01-044,2026-05-18,0.07,tcgplayer
OP01-044,2026-05-25,0.08,tcgplayer
OP01-044,2026-06-01,0.08,tcgplayer
OP01-044,2026-06-08,0.08,tcgplayer
OP01-044,2026-06-15,0.09,tcgplayer
OP01-044,2026-06-22,0.10,tcgplayer
OP01-044,2026-06-29,0.10,tcgplayer
OP01-044,2026-07-06,0.11,tcgplayer
OP01-044,2026-07-13,0.11,tcgplayer
OP01-044,2026-07-20,0.11,tcgplayer
OP01-044,2026-07-27,0.09,tcgplayer
OP01-044,2026-08-03,0.08,tcgplayer
OP01-044,2026-08-10,0.09,tcgplayer
OP01-044,2026-08-17,0.09,tcgplayer
OP01-044,2026-08-24,0.10,tcgplayer
OP01-044,2026-08-31,0.11,tcgplayer
OP01-044,2026-09-05,0.11,limitless
OP01-045,2025-09-08,0.05,tcgplayer
OP01-045,2025-09-15,0.06,tcgplayer
OP01-045,2025-09-22,0.06,tcgplayer
OP01-045,2025-09-29,0.06,tcgplayer
OP01-045,2025-10-06,0.06,tcgplayer
OP01-045,2025-10-13,0.07,tcgplayer
OP01-045,2025-10-20,0.07,tcgplayer
OP01-045,2025-10-27,0.06,tcgplayer
OP01-045,2025-11-03,0.09,tcgplayer
OP01-045,2025-11-10,0.08,tcgplayer
OP01-045,2025-11-17,0.08,tcgplayer
OP01-045,2025-11-24,0.09,tcgplayer
OP01-045,2025-12-01,0.06,tcgplayer
OP01-045,2025-12-08,0.09,tcgplayer
OP01-045,2025-12-15,0.06,tcgplayer
OP01-045,2025-12-22,0.06,tcgplayer
OP01-045,2025-12-29,0.04,tcgplayer
OP01-045,2026-01-05,0.04,tcgplayer
OP01-045,2026-01-12,0.04,tcgplayer
OP01-045,2026-01-19,0.06,tcgplayer
OP01-045,2026-01-26,0.05,tcgplayer
OP01-045,2026-02-02,0.05,tcgplayer
OP01-045,2026-02-09,0.05,tcgplayer
OP01-045,2026-02-16,0.05,tcgplayer
OP01-045,2026-02-23,0.05,tcgplayer
OP01-045,2026-03-02,0.04,tcgplayer
OP01-045,2026-03-09,0.05,tcgplayer
OP01-045,2026-03-16,0.06,tcgplayer
OP01-045,2026-03-23,0.06,tcgplayer
OP01-045,2026-03-30,0.06,tcgplayer
OP01-045,2026-04-06,0.06,tcgplayer
OP01-045,2026-04-13,0.06,tcgplayer
OP01-045,2026-04-20,0.06,tcgplayer
OP01-045,2026-04-27,0.07,tcgplayer
OP01-045,2026-05-04,0.05,tcgplayer
OP01-045,2026-05-11,0.05,tcgplayer
OP01-045,2026-05-18,0.04,tcgplayer
OP01-045,2026-05-25,0.04,tcgplayer
OP01-045,2026-06-01,0.04,tcgplayer
OP01-045,2026-06-08,0.04,tcgplayer
OP01-045,2026-06-15,0.04,tcgplayer
OP01-045,2026-06-22,0.04,tcgplayer
OP01-045,2026-06-29,0.05,tcgplayer
OP01-045,2026-07-06,0.05,tcgplayer
OP01-045,2026-07-13,0.05,tcgplayer
OP01-045,2026-07-20,0.06,tcgplayer
OP01-045,2026-07-27,0.05,tcgplayer
OP01-045,2026-08-03,0.07,tcgplayer
OP01-045,2026-08-10,0.08,tcgplayer
OP01-045,2026-08-17,0.08,tcgplayer
OP01-045,2026-08-24,0.08,tcgplayer
OP01-045,2026-08-31,0.09,tcgplayer
OP01-045,2026-09-05,0.10,limitless
OP01-046,2025-09-08,0.33,tcgplayer
OP01-046,2025-09-15,0.31,tcgplayer
OP01-046,2025-09-22,0.30,tcgplayer
OP01-046,2025-09-29,0.32,tcgplayer
OP01-046,2025-10-06,0.33,tcgplayer
OP01-046,2025-10-13,0.31,tcgplayer
OP01-046,2025-10-20,0.29,tcgplayer
OP01-046,2025-10-27,0.25,tcgplayer
OP01-046,2025-11-03,0.34,tcgplayer
OP01-046,2025-11-10,0.35,tcgplayer
OP01-046,2025-11-17,0.37,tcgplayer
OP01-046,2025-11-24,0.24,tcgplayer
OP01-046,2025-12-01,0.20,tcgplayer
OP01-046,2025-12-08,0.21,tcgplayer
OP01-046,2025-12-15,0.24,tcgplayer
OP01-046,2025-12-22,0.28,tcgplayer
OP01-046,2025-12-29,0.34,tcgplayer
OP01-046,2026-01-05,0.38,tcgplayer
OP01-046,2026-01-12,0.37,tcgplayer
OP01-046,2026-01-19,0.36,tcgplayer
OP01-046,2026-01-26,0.40,tcgplayer
OP01-046,2026-02-02,0.33,tcgplayer
OP01-046,2026-02-09,0.32,tcgplayer
OP01-046,2026-02-16,0.36,tcgplayer
OP01-046,2026-02-23,0.36,tcgplayer
OP01-046,2026-03-02,0.35,tcgplayer
OP01-046,2026-03-09,0.36,tcgplayer
OP01-046,2026-03-16,0.34,tcgplayer
OP01-046,2026-03-23,0.37,tcgplayer
OP01-046,2026-03-30,0.31,tcgplayer
OP01-046,2026-04-06,0.32,tcgplayer
OP01-046,2026-04-13,0.31,tcgplayer
OP01-046,2026-04-20,0.29,tcgplayer
OP01-046,2026-04-27,0.29,tcgplayer
OP01-046,2026-05-04,0.29,tcgplayer
OP01-046,2026-05-11,0.30,tcgplayer
OP01-046,2026-05-18,0.30,tcgplayer
OP01-046,2026-05-25,0.28,tcgplayer
OP01-046,2026-06-01,0.26,tcgplayer
OP01-046,2026-06-08,0.24,tcgplayer
OP01-046,2026-06-15,0.24,tcgplayer
OP01-046,2026-06-22,0.24,tcgplayer
OP01-046,2026-06-29,0.24,tcgplayer
OP01-046,2026-07-06,0.26,tcgplayer
OP01-046,2026-07-13,0.26,tcgplayer
OP01-046,2026-07-20,0.27,tcgplayer
OP01-046,2026-07-27,0.27,tcgplayer
OP01-046,2026-08-03,0.27,tcgplayer
OP01-046,2026-08-10,0.26,tcgplayer
OP01-046,2026-08-17,0.32,tcgplayer
OP01-046,2026-08-24,0.41,tcgplayer
OP01-046,2026-08-31,0.41,tcgplayer
OP01-046,2026-09-05,0.40,limitless
OP01-047,2025-09-08,0.65,tcgplayer
OP01-047,2025-09-15,0.74,tcgplayer
OP01-047,2025-09-22,0.62,tcgplayer
OP01-047,2025-09-29,0.67,tcgplayer
OP01-047,2025-10-06,1.01,tcgplayer
OP01-047,2025-10-13,1.19,tcgplayer
OP01-047,2025-10-20,1.09,tcgplayer
OP01-047,2025-10-27,1.35,tcgplayer
OP01-047,2025-11-03,1.00,tcgplayer
OP01-047,2025-11-10,1.21,tcgplayer
OP01-047,2025-11-17,0.84,tcgplayer
OP01-047,2025-11-24,0.87,tcgplayer
OP01-047,2025-12-01,1.10,tcgplayer
OP01-047,2025-12-08,0.97,tcgplayer
OP01-047,2025-12-15,0.96,tcgplayer
OP01-047,2025-12-22,1.07,tcgplayer
OP01-047,2025-12-29,1.34,tcgplayer
OP01-047,2026-01-05,1.42,tcgplayer
OP01-047,2026-01-12,1.29,tcgplayer
OP01-047,2026-01-19,1.18,tcgplayer
OP01-047,2026-01-26,1.18,tcgplayer
OP01-047,2026-02-02,1.56,tcgplayer
OP01-047,2026-02-09,1.19,tcgplayer
OP01-047,2026-02-16,1.29,tcgplayer
OP01-047,2026-02-23,1.31,tcgplayer
OP01-047,2026-03-02,1.08,tcgplayer
OP01-047,2026-03-09,0.70,tcgplayer
OP01-047,2026-03-16,0.52,tcgplayer
OP01-047,2026-03-23,0.55,tcgplayer
OP01-047,2026-03-30,0.59,tcgplayer
OP01-047,2026-04-06,0.49,tcgplayer
OP01-047,2026-04-13,0.50,tcgplayer
OP01-047,2026-04-20,0.48,tcgplayer
OP01-047,2026-04-27,0.53,tcgplayer
OP01-047,2026-05-04,0.55,tcgplayer
OP01-047,2026-05-11,0.52,tcgplayer
OP01-047,2026-05-18,0.52,tcgplayer
OP01-047,2026-05-25,0.62,tcgplayer
OP01-047,2026-06-01,0.60,tcgplayer
OP01-047,2026-06-08,0.69,tcgplayer
OP01-047,2026-06-15,0.66,tcgplayer
OP01-047,2026-06-22,0.64,tcgplayer
OP01-047,2026-06-29,0.69,tcgplayer
OP01-047,2026-07-06,0.54,tcgplayer
OP01-047,2026-07-13,0.53,tcgplayer
OP01-047,2026-07-20,0.50,tcgplayer
OP01-047,2026-07-27,0.48,tcgplayer
OP01-047,2026-08-03,0.54,tcgplayer
OP01-047,2026-08-10,0.57,tcgplayer
OP01-047,2026-08-17,0.43,tcgplayer
OP01-047,2026-08-24,0.56,tcgplayer
OP01-047,2026-08-31,0.52,tcgplayer
OP01-047,2026-09-05,0.54,limitless
OP01-047p1,2025-09-08,28.03,tcgplayer
OP01-047p1,2025-09-15,27.86,tcgplayer
OP01-047p1,2025-09-22,28.98,tcgplayer
OP01-047p1,2025-09-29,30.19,tcgplayer
OP01-047p1,2025-10-06,31.51,tcgplayer
OP01-047p1,2025-10-13,32.71,tcgplayer
OP01-047p1,2025-10-20,32.51,tcgplayer
OP01-047p1,2025-10-27,33.95,tcgplayer
OP01-047p1,2025-11-03,33.95,tcgplayer
OP01-047p1,2025-11-10,34.06,tcgplayer
OP01-047p1,2025-11-17,34.64,tcgplayer
OP01-047p1,2025-11-24,32.95,tcgplayer
OP01-047p1,2025-12-01,40.10,tcgplayer
OP01-047p1,2025-12-08,43.53,tcgplayer
OP01-047p1,2025-12-15,43.53,tcgplayer
OP01-047p1,2025-12-22,44.87,tcgplayer
OP01-047p1,2025-12-29,45.63,tcgplayer
OP01-047p1,2026-01-05,45.70,tcgplayer
OP01-047p1,2026-01-12,45.73,tcgplayer
OP01-047p1,2026-01-19,46.31,tcgplayer
OP01-047p1,2026-01-26,47.25,tcgplayer
OP01-047p1,2026-02-02,47.42,tcgplayer
OP01-047p1,2026-02-09,46.64,tcgplayer
OP01-047p1,2026-02-16,45.46,tcgplayer
OP01-047p1,2026-02-23,44.84,tcgplayer
OP01-047p1,2026-03-02,45.02,tcgplayer
OP01-047p1,2026-03-09,44.67,tcgplayer
OP01-047p1,2026-03-16,44.67,tcgplayer
OP01-047p1,2026-03-23,43.64,tcgplayer
OP01-047p1,2026-03-30,43.64,tcgplayer
OP01-047p1,2026-04-06,42.75,tcgplayer
OP01-047p1,2026-04-13,40.64,tcgplayer
OP01-047p1,2026-04-20,37.81,tcgplayer
OP01-047p1,2026-04-27,34.90,tcgplayer
OP01-047p1,2026-05-04,34.90,tcgplayer
OP01-047p1,2026-05-11,38.41,tcgplayer
OP01-047p1,2026-05-18,38.46,tcgplayer
OP01-047p1,2026-05-25,42.19,tcgplayer
OP01-047p1,2026-06-01,43.61,tcgplayer
OP01-047p1,2026-06-08,49.40,tcgplayer
OP01-047p1,2026-06-15,52.59,tcgplayer
OP01-047p1,2026-06-22,54.10,tcgplayer
OP01-047p1,2026-06-29,56.39,tcgplayer
OP01-047p1,2026-07-06,60.15,tcgplayer
OP01-047p1,2026-07-13,62.12,tcgplayer
OP01-047p1,2026-07-20,62.12,tcgplayer
OP01-047p1,2026-07-27,62.68,tcgplayer
OP01-047p1,2026-08-03,63.05,tcgplayer
OP01-047p1,2026-08-10,63.24,tcgplayer
OP01-047p1,2026-08-17,63.12,tcgplayer
OP01-047p1,2026-08-24,62.73,tcgplayer
OP01-047p1,2026-08-31,60.37,tcgplayer
OP01-047p1,2026-09-05,60.37,limitless
OP01-048,2025-09-08,0.10,tcgplayer
OP01-048,2025-09-15,0.11,tcgplayer
OP01-048,2025-09-22,0.10,tcgplayer
OP01-048,2025-09-29,0.09,tcgplayer
OP01-048,2025-10-06,0.09,tcgplayer
OP01-048,2025-10-13,0.08,tcgplayer
OP01-048,2025-10-20,0.07,tcgplayer
OP01-048,2025-10-27,0.07,tcgplayer
OP01-048,2025-11-03,0.11,tcgplayer
OP01-048,2025-11-10,0.12,tcgplayer
OP01-048,2025-11-17,0.12,tcgplayer
OP01-048,2025-11-24,0.13,tcgplayer
OP01-048,2025-12-01,0.12,tcgplayer
OP01-048,2025-12-08,0.09,tcgplayer
OP01-048,2025-12-15,0.08,tcgplayer
OP01-048,2025-12-22,0.08,tcgplayer
OP01-048,2025-12-29,0.07,tcgplayer
OP01-048,2026-01-05,0.07,tcgplayer
OP01-048,2026-01-12,0.10,tcgplayer
OP01-048,2026-01-19,0.09,tcgplayer
OP01-048,2026-01-26,0.08,tcgplayer
OP01-048,2026-02-02,0.08,tcgplayer
OP01-048,2026-02-09,0.08,tcgplayer
OP01-048,2026-02-16,0.08,tcgplayer
OP01-048,2026-02-23,0.07,tcgplayer
OP01-048,2026-03-02,0.09,tcgplayer
OP01-048,2026-03-09,0.08,tcgplayer
OP01-048,2026-03-16,0.08,tcgplayer
OP01-048,2026-03-23,0.09,tcgplayer
OP01-048,2026-03-30,0.09,tcgplayer
OP01-048,2026-04-06,0.09,tcgplayer
OP01-048,2026-04-13,0.08,tcgplayer
OP01-048,2026-04-20,0.09,tcgplayer
OP01-048,2026-04-27,0.09,tcgplayer
OP01-048,2026-05-04,0.08,tcgplayer
OP01-048,2026-05-11,0.09,tcgplayer
OP01-048,2026-05-18,0.08,tcgplayer
OP01-048,2026-05-25,0.07,tcgplayer
OP01-048,2026-06-01,0.07,tcgplayer
OP01-048,2026-06-08,0.06,tcgplayer
OP01-048,2026-06-15,0.06,tcgplayer
OP01-048,2026-06-22,0.07,tcgplayer
OP01-048,2026-06-29,0.08,tcgplayer
OP01-048,2026-07-06,0.08,tcgplayer
OP01-048,2026-07-13,0.08,tcgplayer
OP01-048,2026-07-20,0.08,tcgplayer
OP01-048,2026-07-27,0.10,tcgplayer
OP01-048,2026-08-03,0.11,tcgplayer
OP01-048,2026-08-10,0.10,tcgplayer
OP01-048,2026-08-17,0.10,tcgplayer
OP01-048,2026-08-24,0.11,tcgplayer
OP01-048,2026-08-31,0.10,tcgplayer
OP01-048,2026-09-05,0.11,limitless
OP01-048p1,2025-09-08,1.69,tcgplayer
OP01-048p1,2025-09-15,1.71,tcgplayer
OP01-048p1,2025-09-22,1.66,tcgplayer
OP01-048p1,2025-09-29,1.63,tcgplayer
OP01-048p1,2025-10-06,1.98,tcgplayer
OP01-048p1,2025-10-13,2.15,tcgplayer
OP01-048p1,2025-10-20,2.37,tcgplayer
OP01-048p1,2025-10-27,2.05,tcgplayer
OP01-048p1,2025-11-03,2.02,tcgplayer
OP01-048p1,2025-11-10,2.00,tcgplayer
OP01-048p1,2025-11-17,1.81,tcgplayer
OP01-048p1,2025-11-24,1.97,tcgplayer
OP01-048p1,2025-12-01,6.12,tcgplayer
OP01-048p1,2025-12-08,7.74,tcgplayer
OP01-048p1,2025-12-15,8.68,tcgplayer
OP01-048p1,2025-12-22,7.69,tcgplayer
OP01-048p1,2025-12-29,4.80,tcgplayer
OP01-048p1,2026-01-05,3.48,tcgplayer
OP01-048p1,2026-01-12,3.27,tcgplayer
OP01-048p1,2026-01-19,3.24,tcgplayer
OP01-048p1,2026-01-26,3.27,tcgplayer
OP01-048p1,2026-02-02,3.28,tcgplayer
OP01-048p1,2026-02-09,3.33,tcgplayer
OP01-048p1,2026-02-16,3.44,tcgplayer
OP01-048p1,2026-02-23,4.13,tcgplayer
OP01-048p1,2026-03-02,4.51,tcgplayer
OP01-048p1,2026-03-09,4.65,tcgplayer
OP01-048p1,2026-03-16,4.85,tcgplayer
OP01-048p1,2026-03-23,4.87,tcgplayer
OP01-048p1,2026-03-30,4.88,tcgplayer
OP01-048p1,2026-04-06,4.29,tcgplayer
OP01-048p1,2026-04-13,4.02,tcgplayer
OP01-048p1,2026-04-20,3.53,tcgplayer
OP01-048p1,2026-04-27,3.41,tcgplayer
OP01-048p1,2026-05-04,3.24,tcgplayer
OP01-048p1,2026-05-11,3.14,tcgplayer
OP01-048p1,2026-05-18,3.30,tcgplayer
OP01-048p1,2026-05-25,3.31,tcgplayer
OP01-048p1,2026-06-01,3.59,tcgplayer
OP01-048p1,2026-06-08,4.69,tcgplayer
OP01-048p1,2026-06-15,4.69,tcgplayer
OP01-048p1,2026-06-22,5.24,tcgplayer
OP01-048p1,2026-06-29,5.22,tcgplayer
OP01-048p1,2026-07-06,4.97,tcgplayer
OP01-048p1,2026-07-13,4.68,tcgplayer
OP01-048p1,2026-07-20,4.63,tcgplayer
OP01-048p1,2026-07-27,4.42,tcgplayer
OP01-048p1,2026-08-03,4.29,tcgplayer
OP01-048p1,2026-08-10,4.10,tcgplayer
OP01-048p1,2026-08-17,3.95,tcgplayer
OP01-048p1,2026-08-24,3.77,tcgplayer
OP01-048p1,2026-08-31,3.58,tcgplayer
OP01-048p1,2026-09-05,3.71,limitless
OP01-049,2025-09-08,0.19,tcgplayer
OP01-049,2025-09-15,0.19,tcgplayer
OP01-049,2025-09-22,0.19,tcgplayer
OP01-049,2025-09-29,0.23,tcgplayer
OP01-049,2025-10-06,0.24,tcgplayer
OP01-049,2025-10-13,0.17,tcgplayer
OP01-049,2025-10-20,0.17,tcgplayer
OP01-049,2025-10-27,0.17,tcgplayer
OP01-049,2025-11-03,0.20,tcgplayer
OP01-049,2025-11-10,0.20,tcgplayer
OP01-049,2025-11-17,0.19,tcgplayer
OP01-049,2025-11-24,0.19,tcgplayer
OP01-049,2025-12-01,0.20,tcgplayer
OP01-049,2025-12-08,0.20,tcgplayer
OP01-049,2025-12-15,0.19,tcgplayer
OP01-049,2025-12-22,0.18,tcgplayer
OP01-049,2025-12-29,0.23,tcgplayer
OP01-049,2026-01-05,0.23,tcgplayer
OP01-049,2026-01-12,0.22,tcgplayer
OP01-049,2026-01-19,0.21,tcgplayer
OP01-049,2026-01-26,0.21,tcgplayer
OP01-049,2026-02-02,0.27,tcgplayer
OP01-049,2026-02-09,0.32,tcgplayer
OP01-049,2026-02-16,0.27,tcgplayer
OP01-049,2026-02-23,0.27,tcgplayer
OP01-049,2026-03-02,0.29,tcgplayer
OP01-049,2026-03-09,0.29,tcgplayer
OP01-049,2026-03-16,0.27,tcgplayer
OP01-049,2026-03-23,0.29,tcgplayer
OP01-049,2026-03-30,0.27,tcgplayer
OP01-049,2026-04-06,0.29,tcgplayer
OP01-049,2026-04-13,0.22,tcgplayer
OP01-049,2026-04-20,0.22,tcgplayer
OP01-049,2026-04-27,0.21,tcgplayer
OP01-049,2026-05-04,0.21,tcgplayer
OP01-049,2026-05-11,0.22,tcgplayer
OP01-049,2026-05-18,0.22,tcgplayer
OP01-049,2026-05-25,0.20,tcgplayer
OP01-049,2026-06-01,0.19,tcgplayer
OP01-049,2026-06-08,0.18,tcgplayer
OP01-049,2026-06-15,0.18,tcgplayer
OP01-049,2026-06-22,0.21,tcgplayer
OP01-049,2026-06-29,0.26,tcgplayer
OP01-049,2026-07-06,0.29,tcgplayer
OP01-049,2026-07-13,0.32,tcgplayer
OP01-049,2026-07-20,0.34,tcgplayer
OP01-049,2026-07-27,0.28,tcgplayer
OP01-049,2026-08-03,0.27,tcgplayer
OP01-049,2026-08-10,0.26,tcgplayer
OP01-049,2026-08-17,0.24,tcgplayer
OP01-049,2026-08-24,0.21,tcgplayer
OP01-049,2026-08-31,0.22,tcgplayer
OP01-049,2026-09-05,0.23,limitless
OP01-050,2025-09-08,0.08,tcgplayer
OP01-050,2025-09-15,0.09,tcgplayer
OP01-050,2025-09-22,0.09,tcgplayer
OP01-050,2025-09-29,0.09,tcgplayer
OP01-050,2025-10-06,0.08,tcgplayer
OP01-050,2025-10-13,0.08,tcgplayer
OP01-050,2025-10-20,0.09,tcgplayer
OP01-050,2025-10-27,0.08,tcgplayer
OP01-050,2025-11-03,0.12,tcgplayer
OP01-050,2025-11-10,0.12,tcgplayer
OP01-050,2025-11-17,0.11,tcgplayer
OP01-050,2025-11-24,0.12,tcgplayer
OP01-050,2025-12-01,0.07,tcgplayer
OP01-050,2025-12-08,0.07,tcgplayer
OP01-050,2025-12-15,0.07,tcgplayer
OP01-050,2025-12-22,0.07,tcgplayer
OP01-050,2025-12-29,0.07,tcgplayer
OP01-050,2026-01-05,0.07,tcgplayer
OP01-050,2026-01-12,0.06,tcgplayer
OP01-050,2026-01-19,0.06,tcgplayer
OP01-050,2026-01-26,0.06,tcgplayer
OP01-050,2026-02-02,0.06,tcgplayer
OP01-050,2026-02-09,0.06,tcgplayer
OP01-050,2026-02-16,0.06,tcgplayer
OP01-050,2026-02-23,0.07,tcgplayer
OP01-050,2026-03-02,0.07,tcgplayer
OP01-050,2026-03-09,0.07,tcgplayer
OP01-050,2026-03-16,0.08,tcgplayer
OP01-050,2026-03-23,0.08,tcgplayer
OP01-050,2026-03-30,0.09,tcgplayer
OP01-050,2026-04-06,0.09,tcgplayer
OP01-050,2026-04-13,0.10,tcgplayer
OP01-050,2026-04-20,0.10,tcgplayer
OP01-050,2026-04-27,0.09,tcgplayer
OP01-050,2026-05-04,0.09,tcgplayer
OP01-050,2026-05-11,0.08,tcgplayer
OP01-050,2026-05-18,0.07,tcgplayer
OP01-050,2026-05-25,0.07,tcgplayer
OP01-050,2026-06-01,0.07,tcgplayer
OP01-050,2026-06-08,0.07,tcgplayer
OP01-050,2026-06-15,0.08,tcgplayer
OP01-050,2026-06-22,0.10,tcgplayer
OP01-050,2026-06-29,0.12,tcgplayer
OP01-050,2026-07-06,0.12,tcgplayer
OP01-050,2026-07-13,0.11,tcgplayer
OP01-050,2026-07-20,0.12,tcgplayer
OP01-050,2026-07-27,0.11,tcgplayer
OP01-050,2026-08-03,0.08,tcgplayer
OP01-050,2026-08-10,0.08,tcgplayer
OP01-050,2026-08-17,0.08,tcgplayer
OP01-050,2026-08-24,0.09,tcgplayer
OP01-050,2026-08-31,0.10,tcgplayer
OP01-050,2026-09-05,0.10,limitless
OP01-051,2025-09-08,1.92,tcgplayer
OP01-051,2025-09-15,1.95,tcgplayer
OP01-051,2025-09-22,1.57,tcgplayer
OP01-051,2025-09-29,1.82,tcgplayer
OP01-051,2025-10-06,1.99,tcgplayer
OP01-051,2025-10-13,2.59,tcgplayer
OP01-051,2025-10-20,1.82,tcgplayer
OP01-051,2025-10-27,2.36,tcgplayer
OP01-051,2025-11-03,1.83,tcgplayer
OP01-051,2025-11-10,2.01,tcgplayer
OP01-051,2025-11-17,1.74,tcgplayer
OP01-051,2025-11-24,1.04,tcgplayer
OP01-051,2025-12-01,1.30,tcgplayer
OP01-051,2025-12-08,1.28,tcgplayer
OP01-051,2025-12-15,1.19,tcgplayer
OP01-051,2025-12-22,1.24,tcgplayer
OP01-051,2025-12-29,1.38,tcgplayer
OP01-051,2026-01-05,1.39,tcgplayer
OP01-051,2026-01-12,1.30,tcgplayer
OP01-051,2026-01-19,1.23,tcgplayer
OP01-051,2026-01-26,1.38,tcgplayer
OP01-051,2026-02-02,1.60,tcgplayer
OP01-051,2026-02-09,1.80,tcgplayer
OP01-051,2026-02-16,1.77,tcgplayer
OP01-051,2026-02-23,1.67,tcgplayer
OP01-051,2026-03-02,1.84,tcgplayer
OP01-051,2026-03-09,1.83,tcgplayer
OP01-051,2026-03-16,1.48,tcgplayer
OP01-051,2026-03-23,1.27,tcgplayer
OP01-051,2026-03-30,1.10,tcgplayer
OP01-051,2026-04-06,1.03,tcgplayer
OP01-051,2026-04-13,0.95,tcgplayer
OP01-051,2026-04-20,0.91,tcgplayer
OP01-051,2026-04-27,1.05,tcgplayer
OP01-051,2026-05-04,1.02,tcgplayer
OP01-051,2026-05-11,0.88,tcgplayer
OP01-051,2026-05-18,0.77,tcgplayer
OP01-051,2026-05-25,0.75,tcgplayer
OP01-051,2026-06-01,0.67,tcgplayer
OP01-051,2026-06-08,0.63,tcgplayer
OP01-051,2026-06-15,0.67,tcgplayer
OP01-051,2026-06-22,0.71,tcgplayer
OP01-051,2026-06-29,0.74,tcgplayer
OP01-051,2026-07-06,0.65,tcgplayer
OP01-051,2026-07-13,0.54,tcgplayer
OP01-051,2026-07-20,0.52,tcgplayer
OP01-051,2026-07-27,0.51,tcgplayer
OP01-051,2026-08-03,0.60,tcgplayer
OP01-051,2026-08-10,0.59,tcgplayer
OP01-051,2026-08-17,0.55,tcgplayer
OP01-051,2026-08-24,0.56,tcgplayer
OP01-051,2026-08-31,0.53,tcgplayer
OP01-051,2026-09-05,0.58,limitless
OP01-051p1,2025-09-08,25.21,tcgplayer
OP01-051p1,2025-09-15,24.91,tcgplayer
OP01-051p1,2025-09-22,24.96,tcgplayer
OP01-051p1,2025-09-29,24.32,tcgplayer
OP01-051p1,2025-10-06,24.08,tcgplayer
OP01-051p1,2025-10-13,23.62,tcgplayer
OP01-051p1,2025-10-20,23.41,tcgplayer
OP01-051p1,2025-10-27,23.34,tcgplayer
OP01-051p1,2025-11-03,22.60,tcgplayer
OP01-051p1,2025-11-10,21.90,tcgplayer
OP01-051p1,2025-11-17,20.03,tcgplayer
OP01-051p1,2025-11-24,17.85,tcgplayer
OP01-051p1,2025-12-01,24.73,tcgplayer
OP01-051p1,2025-12-08,27.71,tcgplayer
OP01-051p1,2025-12-15,28.84,tcgplayer
OP01-051p1,2025-12-22,28.44,tcgplayer
OP01-051p1,2025-12-29,28.38,tcgplayer
OP01-051p1,2026-01-05,29.21,tcgplayer
OP01-051p1,2026-01-12,28.79,tcgplayer
OP01-051p1,2026-01-19,28.38,tcgplayer
OP01-051p1,2026-01-26,28.12,tcgplayer
OP01-051p1,2026-02-02,26.83,tcgplayer
OP01-051p1,2026-02-09,25.99,tcgplayer
OP01-051p1,2026-02-16,25.64,tcgplayer
OP01-051p1,2026-02-23,24.26,tcgplayer
OP01-051p1,2026-03-02,23.19,tcgplayer
OP01-051p1,2026-03-09,22.25,tcgplayer
OP01-051p1,2026-03-16,21.39,tcgplayer
OP01-051p1,2026-03-23,20.27,tcgplayer
OP01-051p1,2026-03-30,19.86,tcgplayer
OP01-051p1,2026-04-06,18.80,tcgplayer
OP01-051p1,2026-04-13,16.57,tcgplayer
OP01-051p1,2026-04-20,15.16,tcgplayer
OP01-051p1,2026-04-27,14.26,tcgplayer
OP01-051p1,2026-05-04,14.71,tcgplayer
OP01-051p1,2026-05-11,15.15,tcgplayer
OP01-051p1,2026-05-18,15.24,tcgplayer
OP01-051p1,2026-05-25,16.20,tcgplayer
OP01-051p1,2026-06-01,17.07,tcgplayer
OP01-051p1,2026-06-08,17.72,tcgplayer
OP01-051p1,2026-06-15,31.41,tcgplayer
OP01-051p1,2026-06-22,32.99,tcgplayer
OP01-051p1,2026-06-29,31.65,tcgplayer
OP01-051p1,2026-07-06,33.64,tcgplayer
OP01-051p1,2026-07-13,33.92,tcgplayer
OP01-051p1,2026-07-20,34.59,tcgplayer
OP01-051p1,2026-07-27,34.59,tcgplayer
OP01-051p1,2026-08-03,34.26,tcgplayer
OP01-051p1,2026-08-10,34.05,tcgplayer
OP01-051p1,2026-08-17,30.03,tcgplayer
OP01-051p1,2026-08-24,22.86,tcgplayer
OP01-051p1,2026-08-31,19.74,tcgplayer
OP01-051p1,2026-09-05,21.32,limitless
OP01-052,2025-09-08,0.08,tcgplayer
OP01-052,2025-09-15,0.08,tcgplayer
OP01-052,2025-09-22,0.07,tcgplayer
OP01-052,2025-09-29,0.08,tcgplayer
OP01-052,2025-10-06,0.07,tcgplayer
OP01-052,2025-10-13,0.07,tcgplayer
OP01-052,2025-10-20,0.07,tcgplayer
OP01-052,2025-10-27,0.07,tcgplayer
OP01-052,2025-11-03,0.08,tcgplayer
OP01-052,2025-11-10,0.07,tcgplayer
OP01-052,2025-11-17,0.09,tcgplayer
OP01-052,2025-11-24,0.11,tcgplayer
OP01-052,2025-12-01,0.13,tcgplayer
OP01-052,2025-12-08,0.12,tcgplayer
OP01-052,2025-12-15,0.14,tcgplayer
OP01-052,2025-12-22,0.11,tcgplayer
OP01-052,2025-12-29,0.08,tcgplayer
OP01-052,2026-01-05,0.08,tcgplayer
OP01-052,2026-01-12,0.08,tcgplayer
OP01-052,2026-01-19,0.08,tcgplayer
OP01-052,2026-01-26,0.07,tcgplayer
OP01-052,2026-02-02,0.07,tcgplayer
OP01-052,2026-02-09,0.10,tcgplayer
OP01-052,2026-02-16,0.10,tcgplayer
OP01-052,2026-02-23,0.11,tcgplayer
OP01-052,2026-03-02,0.11,tcgplayer
OP01-052,2026-03-09,0.08,tcgplayer
OP01-052,2026-03-16,0.08,tcgplayer
OP01-052,2026-03-23,0.10,tcgplayer
OP01-052,2026-03-30,0.11,tcgplayer
OP01-052,2026-04-06,0.10,tcgplayer
OP01-052,2026-04-13,0.10,tcgplayer
OP01-052,2026-04-20,0.10,tcgplayer
OP01-052,2026-04-27,0.11,tcgplayer
OP01-052,2026-05-04,0.09,tcgplayer
OP01-052,2026-05-11,0.08,tcgplayer
OP01-052,2026-05-18,0.08,tcgplayer
OP01-052,2026-05-25,0.08,tcgplayer
OP01-052,2026-06-01,0.07,tcgplayer
OP01-052,2026-06-08,0.06,tcgplayer
OP01-052,2026-06-15,0.06,tcgplayer
OP01-052,2026-06-22,0.06,tcgplayer
OP01-052,2026-06-29,0.06,tcgplayer
OP01-052,2026-07-06,0.07,tcgplayer
OP01-052,2026-07-13,0.07,tcgplayer
OP01-052,2026-07-20,0.08,tcgplayer
OP01-052,2026-07-27,0.09,tcgplayer
OP01-052,2026-08-03,0.09,tcgplayer
OP01-052,2026-08-10,0.09,tcgplayer
OP01-052,2026-08-17,0.09,tcgplayer
OP01-052,2026-08-24,0.09,tcgplayer
OP01-052,2026-08-31,0.11,tcgplayer
OP01-052,2026-09-05,0.11,limitless
OP01-053,2025-09-08,0.04,tcgplayer
OP01-053,2025-09-15,0.04,tcgplayer
OP01-053,2025-09-22,0.05,tcgplayer
OP01-053,2025-09-29,0.05,tcgplayer
OP01-053,2025-10-06,0.05,tcgplayer
OP01-053,2025-10-13,0.04,tcgplayer
OP01-053,2025-10-20,0.05,tcgplayer
OP01-053,2025-10-27,0.05,tcgplayer
OP01-053,2025-11-03,0.07,tcgplayer
OP01-053,2025-11-10,0.09,tcgplayer
OP01-053,2025-11-17,0.08,tcgplayer
OP01-053,2025-11-24,0.10,tcgplayer
OP01-053,2025-12-01,0.08,tcgplayer
OP01-053,2025-12-08,0.06,tcgplayer
OP01-053,2025-12-15,0.05,tcgplayer
OP01-053,2025-12-22,0.06,tcgplayer
OP01-053,2025-12-29,0.05,tcgplayer
OP01-053,2026-01-05,0.05,tcgplayer
OP01-053,2026-01-12,0.05,tcgplayer
OP01-053,2026-01-19,0.07,tcgplayer
OP01-053,2026-01-26,0.06,tcgplayer
OP01-053,2026-02-02,0.06,tcgplayer
OP01-053,2026-02-09,0.07,tcgplayer
OP01-053,2026-02-16,0.05,tcgplayer
OP01-053,2026-02-23,0.06,tcgplayer
OP01-053,2026-03-02,0.06,tcgplayer
OP01-053,2026-03-09,0.07,tcgplayer
OP01-053,2026-03-16,0.06,tcgplayer
OP01-053,2026-03-23,0.07,tcgplayer
OP01-053,2026-03-30,0.06,tcgplayer
OP01-053,2026-04-06,0.06,tcgplayer
OP01-053,2026-04-13,0.08,tcgplayer
OP01-053,2026-04-20,0.08,tcgplayer
OP01-053,2026-04-27,0.08,tcgplayer
OP01-053,2026-05-04,0.07,tcgplayer
OP01-053,2026-05-11,0.05,tcgplayer
OP01-053,2026-05-18,0.05,tcgplayer
OP01-053,2026-05-25,0.05,tcgplayer
OP01-053,2026-06-01,0.05,tcgplayer
OP01-053,2026-06-08,0.05,tcgplayer
OP01-053,2026-06-15,0.05,tcgplayer
OP01-053,2026-06-22,0.05,tcgplayer
OP01-053,2026-06-29,0.04,tcgplayer
OP01-053,2026-07-06,0.05,tcgplayer
OP01-053,2026-07-13,0.06,tcgplayer
OP01-053,2026-07-20,0.06,tcgplayer
OP01-053,2026-07-27,0.07,tcgplayer
OP01-053,2026-08-03,0.07,tcgplayer
OP01-053,2026-08-10,0.08,tcgplayer
OP01-053,2026-08-17,0.08,tcgplayer
OP01-053,2026-08-24,0.08,tcgplayer
OP01-053,2026-08-31,0.08,tcgplayer
OP01-053,2026-09-05,0.08,limitless
OP01-054,2025-09-08,0.30,tcgplayer
OP01-054,2025-09-15,0.32,tcgplayer
OP01-054,2025-09-22,0.34,tcgplayer
OP01-054,2025-09-29,0.36,tcgplayer
OP01-054,2025-10-06,0.31,tcgplayer
OP01-054,2025-10-13,0.30,tcgplayer
OP01-054,2025-10-20,0.30,tcgplayer
OP01-054,2025-10-27,0.31,tcgplayer
OP01-054,2025-11-03,0.32,tcgplayer
OP01-054,2025-11-10,0.31,tcgplayer
OP01-054,2025-11-17,0.29,tcgplayer
OP01-054,2025-11-24,0.24,tcgplayer
OP01-054,2025-12-01,0.25,tcgplayer
OP01-054,2025-12-08,0.25,tcgplayer
OP01-054,2025-12-15,0.25,tcgplayer
OP01-054,2025-12-22,0.25,tcgplayer
OP01-054,2025-12-29,0.23,tcgplayer
OP01-054,2026-01-05,0.25,tcgplayer
OP01-054,2026-01-12,0.26,tcgplayer
OP01-054,2026-01-19,0.27,tcgplayer
OP01-054,2026-01-26,0.28,tcgplayer
OP01-054,2026-02-02,0.30,tcgplayer
OP01-054,2026-02-09,0.32,tcgplayer
OP01-054,2026-02-16,0.30,tcgplayer
OP01-054,2026-02-23,0.32,tcgplayer
OP01-054,2026-03-02,0.30,tcgplayer
OP01-054,2026-03-09,0.32,tcgplayer
OP01-054,2026-03-16,0.30,tcgplayer
OP01-054,2026-03-23,0.37,tcgplayer
OP01-054,2026-03-30,0.37,tcgplayer
OP01-054,2026-04-06,0.33,tcgplayer
OP01-054,2026-04-13,0.32,tcgplayer
OP01-054,2026-04-20,0.32,tcgplayer
OP01-054,2026-04-27,0.29,tcgplayer
OP01-054,2026-05-04,0.28,tcgplayer
OP01-054,2026-05-11,0.31,tcgplayer
OP01-054,2026-05-18,0.31,tcgplayer
OP01-054,2026-05-25,0.35,tcgplayer
OP01-054,2026-06-01,0.32,tcgplayer
OP01-054,2026-06-08,0.32,tcgplayer
OP01-054,2026-06-15,0.30,tcgplayer
OP01-054,2026-06-22,0.48,tcgplayer
OP01-054,2026-06-29,0.52,tcgplayer
OP01-054,2026-07-06,0.34,tcgplayer
OP01-054,2026-07-13,0.33,tcgplayer
OP01-054,2026-07-20,0.33,tcgplayer
OP01-054,2026-07-27,0.31,tcgplayer
OP01-054,2026-08-03,0.29,tcgplayer
OP01-054,2026-08-10,0.27,tcgplayer
OP01-054,2026-08-17,0.27,tcgplayer
OP01-054,2026-08-24,0.26,tcgplayer
OP01-054,2026-08-31,0.25,tcgplayer
OP01-054,2026-09-05,0.26,limitless
OP01-055,2025-09-08,0.27,tcgplayer
OP01-055,2025-09-15,0.28,tcgplayer
OP01-055,2025-09-22,0.21,tcgplayer
OP01-055,2025-09-29,0.18,tcgplayer
OP01-055,2025-10-06,0.17,tcgplayer
OP01-055,2025-10-13,0.17,tcgplayer
OP01-055,2025-10-20,0.18,tcgplayer
OP01-055,2025-10-27,0.17,tcgplayer
OP01-055,2025-11-03,0.19,tcgplayer
OP01-055,2025-11-10,0.17,tcgplayer
OP01-055,2025-11-17,0.16,tcgplayer
OP01-055,2025-11-24,0.15,tcgplayer
OP01-055,2025-12-01,0.17,tcgplayer
OP01-055,2025-12-08,0.19,tcgplayer
OP01-055,2025-12-15,0.17,tcgplayer
OP01-055,2025-12-22,0.15,tcgplayer
OP01-055,2025-12-29,0.13,tcgplayer
OP01-055,2026-01-05,0.15,tcgplayer
OP01-055,2026-01-12,0.22,tcgplayer
OP01-055,2026-01-19,0.23,tcgplayer
OP01-055,2026-01-26,0.17,tcgplayer
OP01-055,2026-02-02,0.18,tcgplayer
OP01-055,2026-02-09,0.29,tcgplayer
OP01-055,2026-02-16,0.22,tcgplayer
OP01-055,2026-02-23,0.23,tcgplayer
OP01-055,2026-03-02,0.20,tcgplayer
OP01-055,2026-03-09,0.17,tcgplayer
OP01-055,2026-03-16,0.15,tcgplayer
OP01-055,2026-03-23,0.15,tcgplayer
OP01-055,2026-03-30,0.17,tcgplayer
OP01-055,2026-04-06,0.18,tcgplayer
OP01-055,2026-04-13,0.20,tcgplayer
OP01-055,2026-04-20,0.18,tcgplayer
OP01-055,2026-04-27,0.17,tcgplayer
OP01-055,2026-05-04,0.15,tcgplayer
OP01-055,2026-05-11,0.16,tcgplayer
OP01-055,2026-05-18,0.15,tcgplayer
OP01-055,2026-05-25,0.16,tcgplayer
OP01-055,2026-06-01,0.16,tcgplayer
OP01-055,2026-06-08,0.13,tcgplayer
OP01-055,2026-06-15,0.16,tcgplayer
OP01-055,2026-06-22,0.16,tcgplayer
OP01-055,2026-06-29,0.18,tcgplayer
OP01-055,2026-07-06,0.15,tcgplayer
OP01-055,2026-07-13,0.20,tcgplayer
OP01-055,2026-07-20,0.24,tcgplayer
OP01-055,2026-07-27,0.37,tcgplayer
OP01-055,2026-08-03,0.79,tcgplayer
OP01-055,2026-08-10,2.53,tcgplayer
OP01-055,2026-08-17,2.06,tcgplayer
OP01-055,2026-08-24,2.02,tcgplayer
OP01-055,2026-08-31,1.97,tcgplayer
OP01-055,2026-09-05,2.11,limitless
OP01-056,2025-09-08,0.12,tcgplayer
OP01-056,2025-09-15,0.12,tcgplayer
OP01-056,2025-09-22,0.13,tcgplayer
OP01-056,2025-09-29,0.11,tcgplayer
OP01-056,2025-10-06,0.11,tcgplayer
OP01-056,2025-10-13,0.11,tcgplayer
OP01-056,2025-10-20,0.11,tcgplayer
OP01-056,2025-10-27,0.10,tcgplayer
OP01-056,2025-11-03,0.13,tcgplayer
OP01-056,2025-11-10,0.12,tcgplayer
OP01-056,2025-11-17,0.12,tcgplayer
OP01-056,2025-11-24,0.13,tcgplayer
OP01-056,2025-12-01,0.10,tcgplayer
OP01-056,2025-12-08,0.09,tcgplayer
OP01-056,2025-12-15,0.10,tcgplayer
OP01-056,2025-12-22,0.08,tcgplayer
OP01-056,2025-12-29,0.15,tcgplayer
OP01-056,2026-01-05,0.16,tcgplayer
OP01-056,2026-01-12,0.17,tcgplayer
OP01-056,2026-01-19,0.12,tcgplayer
OP01-056,2026-01-26,0.11,tcgplayer
OP01-056,2026-02-02,0.12,tcgplayer
OP01-056,2026-02-09,0.12,tcgplayer
OP01-056,2026-02-16,0.11,tcgplayer
OP01-056,2026-02-23,0.11,tcgplayer
OP01-056,2026-03-02,0.12,tcgplayer
OP01-056,2026-03-09,0.10,tcgplayer
OP01-056,2026-03-16,0.11,tcgplayer
OP01-056,2026-03-23,0.15,tcgplayer
OP01-056,2026-03-30,0.14,tcgplayer
OP01-056,2026-04-06,0.14,tcgplayer
OP01-056,2026-04-13,0.13,tcgplayer
OP01-056,2026-04-20,0.14,tcgplayer
OP01-056,2026-04-27,0.13,tcgplayer
OP01-056,2026-05-04,0.11,tcgplayer
OP01-056,2026-05-11,0.12,tcgplayer
OP01-056,2026-05-18,0.12,tcgplayer
OP01-056,2026-05-25,0.11,tcgplayer
OP01-056,2026-06-01,0.11,tcgplayer
OP01-056,2026-06-08,0.10,tcgplayer
OP01-056,2026-06-15,0.10,tcgplayer
OP01-056,2026-06-22,0.09,tcgplayer
OP01-056,2026-06-29,0.09,tcgplayer
OP01-056,2026-07-06,0.10,tcgplayer
OP01-056,2026-07-13,0.09,tcgplayer
OP01-056,2026-07-20,0.10,tcgplayer
OP01-056,2026-07-27,0.10,tcgplayer
OP01-056,2026-08-03,0.10,tcgplayer
OP01-056,2026-08-10,0.11,tcgplayer
OP01-056,2026-08-17,0.10,tcgplayer
OP01-056,2026-08-24,0.10,tcgplayer
OP01-056,2026-08-31,0.11,tcgplayer
OP01-056,2026-09-05,0.12,limitless
OP01-057,2025-09-08,3.38,tcgplayer
OP01-057,2025-09-15,3.26,tcgplayer
OP01-057,2025-09-22,3.39,tcgplayer
OP01-057,2025-09-29,3.28,tcgplayer
OP01-057,2025-10-06,3.23,tcgplayer
OP01-057,2025-10-13,3.10,tcgplayer
OP01-057,2025-10-20,2.45,tcgplayer
OP01-057,2025-10-27,2.44,tcgplayer
OP01-057,2025-11-03,2.50,tcgplayer
OP01-057,2025-11-10,2.30,tcgplayer
OP01-057,2025-11-17,2.00,tcgplayer
OP01-057,2025-11-24,1.77,tcgplayer
OP01-057,2025-12-01,1.70,tcgplayer
OP01-057,2025-12-08,1.71,tcgplayer
OP01-057,2025-12-15,1.86,tcgplayer
OP01-057,2025-12-22,1.38,tcgplayer
OP01-057,2025-12-29,1.25,tcgplayer
OP01-057,2026-01-05,1.43,tcgplayer
OP01-057,2026-01-12,1.39,tcgplayer
OP01-057,2026-01-19,1.44,tcgplayer
OP01-057,2026-01-26,1.50,tcgplayer
OP01-057,2026-02-02,1.47,tcgplayer
OP01-057,2026-02-09,1.68,tcgplayer
OP01-057,2026-02-16,1.70,tcgplayer
OP01-057,2026-02-23,1.57,tcgplayer
OP01-057,2026-03-02,1.67,tcgplayer
OP01-057,2026-03-09,1.68,tcgplayer
OP01-057,2026-03-16,1.61,tcgplayer
OP01-057,2026-03-23,1.57,tcgplayer
OP01-057,2026-03-30,1.47,tcgplayer
OP01-057,2026-04-06,1.36,tcgplayer
OP01-057,2026-04-13,1.29,tcgplayer
OP01-057,2026-04-20,1.25,tcgplayer
OP01-057,2026-04-27,1.00,tcgplayer
OP01-057,2026-05-04,0.78,tcgplayer
OP01-057,2026-05-11,0.85,tcgplayer
OP01-057,2026-05-18,0.86,tcgplayer
OP01-057,2026-05-25,0.81,tcgplayer
OP01-057,2026-06-01,0.82,tcgplayer
OP01-057,2026-06-08,0.89,tcgplayer
OP01-057,2026-06-15,0.86,tcgplayer
OP01-057,2026-06-22,0.86,tcgplayer
OP01-057,2026-06-29,0.84,tcgplayer
OP01-057,2026-07-06,0.79,tcgplayer
OP01-057,2026-07-13,0.68,tcgplayer
OP01-057,2026-07-20,0.67,tcgplayer
OP01-057,2026-07-27,0.62,tcgplayer
OP01-057,2026-08-03,0.64,tcgplayer
OP01-057,2026-08-10,0.65,tcgplayer
OP01-057,2026-08-17,0.64,tcgplayer
OP01-057,2026-08-24,0.64,tcgplayer
OP01-057,2026-08-31,0.68,tcgplayer
OP01-057,2026-09-05,0.69,limitless
OP01-058,2025-09-08,0.34,tcgplayer
OP01-058,2025-09-15,0.48,tcgplayer
OP01-058,2025-09-22,0.55,tcgplayer
OP01-058,2025-09-29,0.57,tcgplayer
OP01-058,2025-10-06,0.55,tcgplayer
OP01-058,2025-10-13,0.59,tcgplayer
OP01-058,2025-10-20,0.59,tcgplayer
OP01-058,2025-10-27,0.58,tcgplayer
OP01-058,2025-11-03,0.57,tcgplayer
OP01-058,2025-11-10,0.53,tcgplayer
OP01-058,2025-11-17,0.83,tcgplayer
OP01-058,2025-11-24,0.72,tcgplayer
OP01-058,2025-12-01,0.79,tcgplayer
OP01-058,2025-12-08,0.86,tcgplayer
OP01-058,2025-12-15,0.69,tcgplayer
OP01-058,2025-12-22,0.67,tcgplayer
OP01-058,2025-12-29,0.71,tcgplayer
OP01-058,2026-01-05,0.82,tcgplayer
OP01-058,2026-01-12,0.80,tcgplayer
OP01-058,2026-01-19,0.64,tcgplayer
OP01-058,2026-01-26,0.57,tcgplayer
OP01-058,2026-02-02,0.63,tcgplayer
OP01-058,2026-02-09,0.61,tcgplayer
OP01-058,2026-02-16,0.62,tcgplayer
OP01-058,2026-02-23,0.60,tcgplayer
OP01-058,2026-03-02,0.58,tcgplayer
OP01-058,2026-03-09,0.59,tcgplayer
OP01-058,2026-03-16,0.53,tcgplayer
OP01-058,2026-03-23,0.51,tcgplayer
OP01-058,2026-03-30,0.47,tcgplayer
OP01-058,2026-04-06,0.42,tcgplayer
OP01-058,2026-04-13,0.41,tcgplayer
OP01-058,2026-04-20,0.39,tcgplayer
OP01-058,2026-04-27,0.43,tcgplayer
OP01-058,2026-05-04,0.46,tcgplayer
OP01-058,2026-05-11,0.44,tcgplayer
OP01-058,2026-05-18,0.41,tcgplayer
OP01-058,2026-05-25,0.43,tcgplayer
OP01-058,2026-06-01,0.43,tcgplayer
OP01-058,2026-06-08,0.41,tcgplayer
OP01-058,2026-06-15,0.36,tcgplayer
OP01-058,2026-06-22,0.37,tcgplayer
OP01-058,2026-06-29,0.43,tcgplayer
OP01-058,2026-07-06,0.43,tcgplayer
OP01-058,2026-07-13,0.43,tcgplayer
OP01-058,2026-07-20,0.42,tcgplayer
OP01-058,2026-07-27,0.40,tcgplayer
OP01-058,2026-08-03,0.40,tcgplayer
OP01-058,2026-08-10,0.40,tcgplayer
OP01-058,2026-08-17,0.37,tcgplayer
OP01-058,2026-08-24,0.37,tcgplayer
OP01-058,2026-08-31,0.36,tcgplayer
OP01-058,2026-09-05,0.37,limitless
OP01-059,2025-09-08,0.04,tcgplayer
OP01-059,2025-09-15,0.05,tcgplayer
OP01-059,2025-09-22,0.06,tcgplayer
OP01-059,2025-09-29,0.06,tcgplayer
OP01-059,2025-10-06,0.06,tcgplayer
OP01-059,2025-10-13,0.05,tcgplayer
OP01-059,2025-10-20,0.06,tcgplayer
OP01-059,2025-10-27,0.05,tcgplayer
OP01-059,2025-11-03,0.05,tcgplayer
OP01-059,2025-11-10,0.07,tcgplayer
OP01-059,2025-11-17,0.09,tcgplayer
OP01-059,2025-11-24,0.11,tcgplayer
OP01-059,2025-12-01,0.07,tcgplayer
OP01-059,2025-12-08,0.06,tcgplayer
OP01-059,2025-12-15,0.08,tcgplayer
OP01-059,2025-12-22,0.07,tcgplayer
OP01-059,2025-12-29,0.10,tcgplayer
OP01-059,2026-01-05,0.10,tcgplayer
OP01-059,2026-01-12,0.11,tcgplayer
OP01-059,2026-01-19,0.08,tcgplayer
OP01-059,2026-01-26,0.07,tcgplayer
OP01-059,2026-02-02,0.07,tcgplayer
OP01-059,2026-02-09,0.07,tcgplayer
OP01-059,2026-02-16,0.07,tcgplayer
OP01-059,2026-02-23,0.08,tcgplayer
OP01-059,2026-03-02,0.07,tcgplayer
OP01-059,2026-03-09,0.08,tcgplayer
OP01-059,2026-03-16,0.08,tcgplayer
OP01-059,2026-03-23,0.09,tcgplayer
OP01-059,2026-03-30,0.10,tcgplayer
OP01-059,2026-04-06,0.09,tcgplayer
OP01-059,2026-04-13,0.07,tcgplayer
OP01-059,2026-04-20,0.06,tcgplayer
OP01-059,2026-04-27,0.06,tcgplayer
OP01-059,2026-05-04,0.05,tcgplayer
OP01-059,2026-05-11,0.05,tcgplayer
OP01-059,2026-05-18,0.05,tcgplayer
OP01-059,2026-05-25,0.05,tcgplayer
OP01-059,2026-06-01,0.06,tcgplayer
OP01-059,2026-06-08,0.07,tcgplayer
OP01-059,2026-06-15,0.07,tcgplayer
OP01-059,2026-06-22,0.06,tcgplayer
OP01-059,2026-06-29,0.07,tcgplayer
OP01-059,2026-07-06,0.07,tcgplayer
OP01-059,2026-07-13,0.06,tcgplayer
OP01-059,2026-07-20,0.07,tcgplayer
OP01-059,2026-07-27,0.08,tcgplayer
OP01-059,2026-08-03,0.08,tcgplayer
OP01-059,2026-08-10,0.08,tcgplayer
OP01-059,2026-08-17,0.08,tcgplayer
OP01-059,2026-08-24,0.08,tcgplayer
OP01-059,2026-08-31,0.08,tcgplayer
OP01-059,2026-09-05,0.09,limitless
OP01-060,2025-09-08,0.27,tcgplayer
OP01-060,2025-09-15,0.26,tcgplayer
OP01-060,2025-09-22,0.25,tcgplayer
OP01-060,2025-09-29,0.26,tcgplayer
OP01-060,2025-10-06,0.25,tcgplayer
OP01-060,2025-10-13,0.26,tcgplayer
OP01-060,2025-10-20,0.26,tcgplayer
OP01-060,2025-10-27,0.25,tcgplayer
OP01-060,2025-11-03,0.33,tcgplayer
OP01-060,2025-11-10,0.34,tcgplayer
OP01-060,2025-11-17,0.31,tcgplayer
OP01-060,2025-11-24,0.33,tcgplayer
OP01-060,2025-12-01,0.31,tcgplayer
OP01-060,2025-12-08,0.35,tcgplayer
OP01-060,2025-12-15,0.36,tcgplayer
OP01-060,2025-12-22,0.28,tcgplayer
OP01-060,2025-12-29,0.43,tcgplayer
OP01-060,2026-01-05,0.36,tcgplayer
OP01-060,2026-01-12,0.37,tcgplayer
OP01-060,2026-01-19,0.37,tcgplayer
OP01-060,2026-01-26,0.38,tcgplayer
OP01-060,2026-02-02,0.43,tcgplayer
OP01-060,2026-02-09,0.39,tcgplayer
OP01-060,2026-02-16,0.40,tcgplayer
OP01-060,2026-02-23,0.41,tcgplayer
OP01-060,2026-03-02,0.38,tcgplayer
OP01-060,2026-03-09,0.39,tcgplayer
OP01-060,2026-03-16,0.37,tcgplayer
OP01-060,2026-03-23,0.39,tcgplayer
OP01-060,2026-03-30,0.38,tcgplayer
OP01-060,2026-04-06,0.34,tcgplayer
OP01-060,2026-04-13,0.35,tcgplayer
OP01-060,2026-04-20,0.35,tcgplayer
OP01-060,2026-04-27,0.36,tcgplayer
OP01-060,2026-05-04,0.37,tcgplayer
OP01-060,2026-05-11,0.44,tcgplayer
OP01-060,2026-05-18,0.49,tcgplayer
OP01-060,2026-05-25,0.46,tcgplayer
OP01-060,2026-06-01,0.45,tcgplayer
OP01-060,2026-06-08,0.45,tcgplayer
OP01-060,2026-06-15,0.47,tcgplayer
OP01-060,2026-06-22,0.47,tcgplayer
OP01-060,2026-06-29,0.47,tcgplayer
OP01-060,2026-07-06,0.49,tcgplayer
OP01-060,2026-07-13,0.48,tcgplayer
OP01-060,2026-07-20,0.45,tcgplayer
OP01-060,2026-07-27,0.40,tcgplayer
OP01-060,2026-08-03,0.35,tcgplayer
OP01-060,2026-08-10,0.31,tcgplayer
OP01-060,2026-08-17,0.30,tcgplayer
OP01-060,2026-08-24,0.32,tcgplayer
OP01-060,2026-08-31,0.33,tcgplayer
OP01-060,2026-09-05,0.33,limitless
OP01-060p1,2025-09-08,136.87,tcgplayer
OP01-060p1,2025-09-15,137.09,tcgplayer
OP01-060p1,2025-09-22,136.88,tcgplayer
OP01-060p1,2025-09-29,137.19,tcgplayer
OP01-060p1,2025-10-06,142.03,tcgplayer
OP01-060p1,2025-10-13,150.97,tcgplayer
OP01-060p1,2025-10-20,151.37,tcgplayer
OP01-060p1,2025-10-27,152.58,tcgplayer
OP01-060p1,2025-11-03,158.03,tcgplayer
OP01-060p1,2025-11-10,159.39,tcgplayer
OP01-060p1,2025-11-17,162.48,tcgplayer
OP01-060p1,2025-11-24,169.45,tcgplayer
OP01-060p1,2025-12-01,225.70,tcgplayer
OP01-060p1,2025-12-08,230.12,tcgplayer
OP01-060p1,2025-12-15,245.71,tcgplayer
OP01-060p1,2025-12-22,255.17,tcgplayer
OP01-060p1,2025-12-29,269.13,tcgplayer
OP01-060p1,2026-01-05,285.54,tcgplayer
OP01-060p1,2026-01-12,290.10,tcgplayer
OP01-060p1,2026-01-19,290.10,tcgplayer
OP01-060p1,2026-01-26,295.39,tcgplayer
OP01-060p1,2026-02-02,295.39,tcgplayer
OP01-060p1,2026-02-09,295.07,tcgplayer
OP01-060p1,2026-02-16,295.07,tcgplayer
OP01-060p1,2026-02-23,290.66,tcgplayer
OP01-060p1,2026-03-02,290.66,tcgplayer
OP01-060p1,2026-03-09,291.63,tcgplayer
OP01-060p1,2026-03-16,292.28,tcgplayer
OP01-060p1,2026-03-23,280.31,tcgplayer
OP01-060p1,2026-03-30,280.31,tcgplayer
OP01-060p1,2026-04-06,273.30,tcgplayer
OP01-060p1,2026-04-13,267.70,tcgplayer
OP01-060p1,2026-04-20,257.10,tcgplayer
OP01-060p1,2026-04-27,245.64,tcgplayer
OP01-060p1,2026-05-04,230.00,tcgplayer
OP01-060p1,2026-05-11,197.05,tcgplayer
OP01-060p1,2026-05-18,193.19,tcgplayer
OP01-060p1,2026-05-25,198.18,tcgplayer
OP01-060p1,2026-06-01,211.89,tcgplayer
OP01-060p1,2026-06-08,216.83,tcgplayer
OP01-060p1,2026-06-15,220.63,tcgplayer
OP01-060p1,2026-06-22,225.47,tcgplayer
OP01-060p1,2026-06-29,227.92,tcgplayer
OP01-060p1,2026-07-06,232.13,tcgplayer
OP01-060p1,2026-07-13,249.83,tcgplayer
OP01-060p1,2026-07-20,252.23,tcgplayer
OP01-060p1,2026-07-27,258.44,tcgplayer
OP01-060p1,2026-08-03,258.96,tcgplayer
OP01-060p1,2026-08-10,261.28,tcgplayer
OP01-060p1,2026-08-17,261.28,tcgplayer
OP01-060p1,2026-08-24,261.28,tcgplayer
OP01-060p1,2026-08-31,261.28,tcgplayer
OP01-060p1,2026-09-05,261.28,limitless
OP01-061,2025-09-08,0.23,tcgplayer
OP01-061,2025-09-15,0.20,tcgplayer
OP01-061,2025-09-22,0.19,tcgplayer
OP01-061,2025-09-29,0.20,tcgplayer
OP01-061,2025-10-06,0.20,tcgplayer
OP01-061,2025-10-13,0.20,tcgplayer
OP01-061,2025-10-20,0.24,tcgplayer
OP01-061,2025-10-27,0.25,tcgplayer
OP01-061,2025-11-03,0.30,tcgplayer
OP01-061,2025-11-10,0.31,tcgplayer
OP01-061,2025-11-17,0.32,tcgplayer
OP01-061,2025-11-24,0.35,tcgplayer
OP01-061,2025-12-01,0.30,tcgplayer
OP01-061,2025-12-08,0.30,tcgplayer
OP01-061,2025-12-15,0.30,tcgplayer
OP01-061,2025-12-22,0.27,tcgplayer
OP01-061,2025-12-29,0.26,tcgplayer
OP01-061,2026-01-05,0.31,tcgplayer
OP01-061,2026-01-12,0.26,tcgplayer
OP01-061,2026-01-19,0.32,tcgplayer
OP01-061,2026-01-26,0.32,tcgplayer
OP01-061,2026-02-02,0.31,tcgplayer
OP01-061,2026-02-09,0.29,tcgplayer
OP01-061,2026-02-16,0.28,tcgplayer
OP01-061,2026-02-23,0.30,tcgplayer
OP01-061,2026-03-02,0.29,tcgplayer
OP01-061,2026-03-09,0.31,tcgplayer
OP01-061,2026-03-16,0.31,tcgplayer
OP01-061,2026-03-23,0.33,tcgplayer
OP01-061,2026-03-30,0.32,tcgplayer
OP01-061,2026-04-06,0.33,tcgplayer
OP01-061,2026-04-13,0.34,tcgplayer
OP01-061,2026-04-20,0.33,tcgplayer
OP01-061,2026-04-27,0.34,tcgplayer
OP01-061,2026-05-04,0.36,tcgplayer
OP01-061,2026-05-11,0.37,tcgplayer
OP01-061,2026-05-18,0.36,tcgplayer
OP01-061,2026-05-25,0.33,tcgplayer
OP01-061,2026-06-01,0.34,tcgplayer
OP01-061,2026-06-08,0.33,tcgplayer
OP01-061,2026-06-15,0.33,tcgplayer
OP01-061,2026-06-22,0.32,tcgplayer
OP01-061,2026-06-29,0.38,tcgplayer
OP01-061,2026-07-06,0.39,tcgplayer
OP01-061,2026-07-13,0.39,tcgplayer
OP01-061,2026-07-20,0.36,tcgplayer
OP01-061,2026-07-27,0.34,tcgplayer
OP01-061,2026-08-03,0.32,tcgplayer
OP01-061,2026-08-10,0.33,tcgplayer
OP01-061,2026-08-17,0.33,tcgplayer
OP01-061,2026-08-24,0.33,tcgplayer
OP01-061,2026-08-31,0.33,tcgplayer
OP01-061,2026-09-05,0.31,limitless
OP01-061p1,2025-09-08,51.77,tcgplayer
OP01-061p1,2025-09-15,51.34,tcgplayer
OP01-061p1,2025-09-22,50.27,tcgplayer
OP01-061p1,2025-09-29,49.99,tcgplayer
OP01-061p1,2025-10-06,49.13,tcgplayer
OP01-061p1,2025-10-13,49.60,tcgplayer
OP01-061p1,2025-10-20,50.30,tcgplayer
OP01-061p1,2025-10-27,50.33,tcgplayer
OP01-061p1,2025-11-03,50.38,tcgplayer
OP01-061p1,2025-11-10,50.47,tcgplayer
OP01-061p1,2025-11-17,50.74,tcgplayer
OP01-061p1,2025-11-24,55.25,tcgplayer
OP01-061p1,2025-12-01,81.19,tcgplayer
OP01-061p1,2025-12-08,97.72,tcgplayer
OP01-061p1,2025-12-15,97.72,tcgplayer
OP01-061p1,2025-12-22,104.47,tcgplayer
OP01-061p1,2025-12-29,118.08,tcgplayer
OP01-061p1,2026-01-05,129.64,tcgplayer
OP01-061p1,2026-01-12,140.90,tcgplayer
OP01-061p1,2026-01-19,150.49,tcgplayer
OP01-061p1,2026-01-26,153.59,tcgplayer
OP01-061p1,2026-02-02,151.99,tcgplayer
OP01-061p1,2026-02-09,149.85,tcgplayer
OP01-061p1,2026-02-16,147.81,tcgplayer
OP01-061p1,2026-02-23,147.81,tcgplayer
OP01-061p1,2026-03-02,145.43,tcgplayer
OP01-061p1,2026-03-09,142.47,tcgplayer
OP01-061p1,2026-03-16,142.83,tcgplayer
OP01-061p1,2026-03-23,142.83,tcgplayer
OP01-061p1,2026-03-30,140.63,tcgplayer
OP01-061p1,2026-04-06,140.63,tcgplayer
OP01-061p1,2026-04-13,140.63,tcgplayer
OP01-061p1,2026-04-20,139.56,tcgplayer
OP01-061p1,2026-04-27,138.23,tcgplayer
OP01-061p1,2026-05-04,135.33,tcgplayer
OP01-061p1,2026-05-11,131.15,tcgplayer
OP01-061p1,2026-05-18,131.15,tcgplayer
OP01-061p1,2026-05-25,128.87,tcgplayer
OP01-061p1,2026-06-01,127.57,tcgplayer
OP01-061p1,2026-06-08,126.20,tcgplayer
OP01-061p1,2026-06-15,125.24,tcgplayer
OP01-061p1,2026-06-22,125.00,tcgplayer
OP01-061p1,2026-06-29,124.38,tcgplayer
OP01-061p1,2026-07-06,124.45,tcgplayer
OP01-061p1,2026-07-13,126.32,tcgplayer
OP01-061p1,2026-07-20,127.81,tcgplayer
OP01-061p1,2026-07-27,127.81,tcgplayer
OP01-061p1,2026-08-03,128.86,tcgplayer
OP01-061p1,2026-08-10,130.32,tcgplayer
OP01-061p1,2026-08-17,130.81,tcgplayer
OP01-061p1,2026-08-24,130.81,tcgplayer
OP01-061p1,2026-08-31,130.81,tcgplayer
OP01-061p1,2026-09-05,130.81,limitless
OP01-062,2025-09-08,0.22,tcgplayer
OP01-062,2025-09-15,0.22,tcgplayer
OP01-062,2025-09-22,0.22,tcgplayer
OP01-062,2025-09-29,0.22,tcgplayer
OP01-062,2025-10-06,0.24,tcgplayer
OP01-062,2025-10-13,0.24,tcgplayer
OP01-062,2025-10-20,0.28,tcgplayer
OP01-062,2025-10-27,0.27,tcgplayer
OP01-062,2025-11-03,0.30,tcgplayer
OP01-062,2025-11-10,0.32,tcgplayer
OP01-062,2025-11-17,0.30,tcgplayer
OP01-062,2025-11-24,0.26,tcgplayer
OP01-062,2025-12-01,0.25,tcgplayer
OP01-062,2025-12-08,0.26,tcgplayer
OP01-062,2025-12-15,0.24,tcgplayer
OP01-062,2025-12-22,0.25,tcgplayer
OP01-062,2025-12-29,0.30,tcgplayer
OP01-062,2026-01-05,0.29,tcgplayer
OP01-062,2026-01-12,0.31,tcgplayer
OP01-062,2026-01-19,0.37,tcgplayer
OP01-062,2026-01-26,0.32,tcgplayer
OP01-062,2026-02-02,0.30,tcgplayer
OP01-062,2026-02-09,0.32,tcgplayer
OP01-062,2026-02-16,0.31,tcgplayer
OP01-062,2026-02-23,0.32,tcgplayer
OP01-062,2026-03-02,0.32,tcgplayer
OP01-062,2026-03-09,0.31,tcgplayer
OP01-062,2026-03-16,0.28,tcgplayer
OP01-062,2026-03-23,0.29,tcgplayer
OP01-062,2026-03-30,0.29,tcgplayer
OP01-062,2026-04-06,0.28,tcgplayer
OP01-062,2026-04-13,0.28,tcgplayer
OP01-062,2026-04-20,0.28,tcgplayer
OP01-062,2026-04-27,0.29,tcgplayer
OP01-062,2026-05-04,0.30,tcgplayer
OP01-062,2026-05-11,0.30,tcgplayer
OP01-062,2026-05-18,0.31,tcgplayer
OP01-062,2026-05-25,0.33,tcgplayer
OP01-062,2026-06-01,0.33,tcgplayer
OP01-062,2026-06-08,0.33,tcgplayer
OP01-062,2026-06-15,0.34,tcgplayer
OP01-062,2026-06-22,0.35,tcgplayer
OP01-062,2026-06-29,0.32,tcgplayer
OP01-062,2026-07-06,0.33,tcgplayer
OP01-062,2026-07-13,0.33,tcgplayer
OP01-062,2026-07-20,0.34,tcgplayer
OP01-062,2026-07-27,0.33,tcgplayer
OP01-062,2026-08-03,0.31,tcgplayer
OP01-062,2026-08-10,0.31,tcgplayer
OP01-062,2026-08-17,0.29,tcgplayer
OP01-062,2026-08-24,0.29,tcgplayer
OP01-062,2026-08-31,0.30,tcgplayer
OP01-062,2026-09-05,0.30,limitless
OP01-062p1,2025-09-08,60.72,tcgplayer
OP01-062p1,2025-09-15,60.28,tcgplayer
OP01-062p1,2025-09-22,59.77,tcgplayer
OP01-062p1,2025-09-29,60.24,tcgplayer
OP01-062p1,2025-10-06,61.21,tcgplayer
OP01-062p1,2025-10-13,61.82,tcgplayer
OP01-062p1,2025-10-20,62.19,tcgplayer
OP01-062p1,2025-10-27,62.72,tcgplayer
OP01-062p1,2025-11-03,62.77,tcgplayer
OP01-062p1,2025-11-10,62.82,tcgplayer
OP01-062p1,2025-11-17,63.38,tcgplayer
OP01-062p1,2025-11-24,68.87,tcgplayer
OP01-062p1,2025-12-01,86.78,tcgplayer
OP01-062p1,2025-12-08,106.06,tcgplayer
OP01-062p1,2025-12-15,121.11,tcgplayer
OP01-062p1,2025-12-22,131.67,tcgplayer
OP01-062p1,2025-12-29,135.43,tcgplayer
OP01-062p1,2026-01-05,142.81,tcgplayer
OP01-062p1,2026-01-12,150.68,tcgplayer
OP01-062p1,2026-01-19,155.95,tcgplayer
OP01-062p1,2026-01-26,154.94,tcgplayer
OP01-062p1,2026-02-02,147.88,tcgplayer
OP01-062p1,2026-02-09,146.11,tcgplayer
OP01-062p1,2026-02-16,145.91,tcgplayer
OP01-062p1,2026-02-23,145.91,tcgplayer
OP01-062p1,2026-03-02,141.39,tcgplayer
OP01-062p1,2026-03-09,142.24,tcgplayer
OP01-062p1,2026-03-16,143.62,tcgplayer
OP01-062p1,2026-03-23,143.64,tcgplayer
OP01-062p1,2026-03-30,143.64,tcgplayer
OP01-062p1,2026-04-06,143.64,tcgplayer
OP01-062p1,2026-04-13,144.35,tcgplayer
OP01-062p1,2026-04-20,144.59,tcgplayer
OP01-062p1,2026-04-27,143.41,tcgplayer
OP01-062p1,2026-05-04,142.90,tcgplayer
OP01-062p1,2026-05-11,140.92,tcgplayer
OP01-062p1,2026-05-18,140.92,tcgplayer
OP01-062p1,2026-05-25,140.41,tcgplayer
OP01-062p1,2026-06-01,139.33,tcgplayer
OP01-062p1,2026-06-08,137.96,tcgplayer
OP01-062p1,2026-06-15,137.96,tcgplayer
OP01-062p1,2026-06-22,137.18,tcgplayer
OP01-062p1,2026-06-29,137.31,tcgplayer
OP01-062p1,2026-07-06,139.91,tcgplayer
OP01-062p1,2026-07-13,139.86,tcgplayer
OP01-062p1,2026-07-20,139.86,tcgplayer
OP01-062p1,2026-07-27,139.15,tcgplayer
OP01-062p1,2026-08-03,138.96,tcgplayer
OP01-062p1,2026-08-10,138.96,tcgplayer
OP01-062p1,2026-08-17,138.96,tcgplayer
OP01-062p1,2026-08-24,137.56,tcgplayer
OP01-062p1,2026-08-31,136.22,tcgplayer
OP01-062p1,2026-09-05,137.56,limitless
OP01-063,2025-09-08,0.10,tcgplayer
OP01-063,2025-09-15,0.12,tcgplayer
OP01-063,2025-09-22,0.12,tcgplayer
OP01-063,2025-09-29,0.12,tcgplayer
OP01-063,2025-10-06,0.10,tcgplayer
OP01-063,2025-10-13,0.11,tcgplayer
OP01-063,2025-10-20,0.12,tcgplayer
OP01-063,2025-10-27,0.09,tcgplayer
OP01-063,2025-11-03,0.13,tcgplayer
OP01-063,2025-11-10,0.14,tcgplayer
OP01-063,2025-11-17,0.14,tcgplayer
OP01-063,2025-11-24,0.12,tcgplayer
OP01-063,2025-12-01,0.11,tcgplayer
OP01-063,2025-12-08,0.11,tcgplayer
OP01-063,2025-12-15,0.11,tcgplayer
OP01-063,2025-12-22,0.12,tcgplayer
OP01-063,2025-12-29,0.11,tcgplayer
OP01-063,2026-01-05,0.11,tcgplayer
OP01-063,2026-01-12,0.13,tcgplayer
OP01-063,2026-01-19,0.14,tcgplayer
OP01-063,2026-01-26,0.16,tcgplayer
OP01-063,2026-02-02,0.16,tcgplayer
OP01-063,2026-02-09,0.17,tcgplayer
OP01-063,2026-02-16,0.13,tcgplayer
OP01-063,2026-02-23,0.14,tcgplayer
OP01-063,2026-03-02,0.16,tcgplayer
OP01-063,2026-03-09,0.18,tcgplayer
OP01-063,2026-03-16,0.18,tcgplayer
OP01-063,2026-03-23,0.18,tcgplayer
OP01-063,2026-03-30,0.17,tcgplayer
OP01-063,2026-04-06,0.16,tcgplayer
OP01-063,2026-04-13,0.16,tcgplayer
OP01-063,2026-04-20,0.17,tcgplayer
OP01-063,2026-04-27,0.18,tcgplayer
OP01-063,2026-05-04,0.17,tcgplayer
OP01-063,2026-05-11,0.21,tcgplayer
OP01-063,2026-05-18,0.20,tcgplayer
OP01-063,2026-05-25,0.17,tcgplayer
OP01-063,2026-06-01,0.16,tcgplayer
OP01-063,2026-06-08,0.12,tcgplayer
OP01-063,2026-06-15,0.13,tcgplayer
OP01-063,2026-06-22,0.13,tcgplayer
OP01-063,2026-06-29,0.13,tcgplayer
OP01-063,2026-07-06,0.13,tcgplayer
OP01-063,2026-07-13,0.13,tcgplayer
OP01-063,2026-07-20,0.13,tcgplayer
OP01-063,2026-07-27,0.14,tcgplayer
OP01-063,2026-08-03,0.15,tcgplayer
OP01-063,2026-08-10,0.15,tcgplayer
OP01-063,2026-08-17,0.15,tcgplayer
OP01-063,2026-08-24,0.16,tcgplayer
OP01-063,2026-08-31,0.15,tcgplayer
OP01-063,2026-09-05,0.17,limitless
OP01-064,2025-09-08,0.14,tcgplayer
OP01-064,2025-09-15,0.13,tcgplayer
OP01-064,2025-09-22,0.12,tcgplayer
OP01-064,2025-09-29,0.13,tcgplayer
OP01-064,2025-10-06,0.12,tcgplayer
OP01-064,2025-10-13,0.11,tcgplayer
OP01-064,2025-10-20,0.11,tcgplayer
OP01-064,2025-10-27,0.11,tcgplayer
OP01-064,2025-11-03,0.13,tcgplayer
OP01-064,2025-11-10,0.16,tcgplayer
OP01-064,2025-11-17,0.17,tcgplayer
OP01-064,2025-11-24,0.13,tcgplayer
OP01-064,2025-12-01,0.12,tcgplayer
OP01-064,2025-12-08,0.12,tcgplayer
OP01-064,2025-12-15,0.12,tcgplayer
OP01-064,2025-12-22,0.12,tcgplayer
OP01-064,2025-12-29,0.09,tcgplayer
OP01-064,2026-01-05,0.10,tcgplayer
OP01-064,2026-01-12,0.12,tcgplayer
OP01-064,2026-01-19,0.11,tcgplayer
OP01-064,2026-01-26,0.09,tcgplayer
OP01-064,2026-02-02,0.13,tcgplayer
OP01-064,2026-02-09,0.16,tcgplayer
OP01-064,2026-02-16,0.12,tcgplayer
OP01-064,2026-02-23,0.12,tcgplayer
OP01-064,2026-03-02,0.11,tcgplayer
OP01-064,2026-03-09,0.11,tcgplayer
OP01-064,2026-03-16,0.10,tcgplayer
OP01-064,2026-03-23,0.10,tcgplayer
OP01-064,2026-03-30,0.09,tcgplayer
OP01-064,2026-04-06,0.10,tcgplayer
OP01-064,2026-04-13,0.09,tcgplayer
OP01-064,2026-04-20,0.09,tcgplayer
OP01-064,2026-04-27,0.09,tcgplayer
OP01-064,2026-05-04,0.09,tcgplayer
OP01-064,2026-05-11,0.09,tcgplayer
OP01-064,2026-05-18,0.09,tcgplayer
OP01-064,2026-05-25,0.09,tcgplayer
OP01-064,2026-06-01,0.13,tcgplayer
OP01-064,2026-06-08,0.14,tcgplayer
OP01-064,2026-06-15,0.14,tcgplayer
OP01-064,2026-06-22,0.09,tcgplayer
OP01-064,2026-06-29,0.11,tcgplayer
OP01-064,2026-07-06,0.10,tcgplayer
OP01-064,2026-07-13,0.11,tcgplayer
OP01-064,2026-07-20,0.12,tcgplayer
OP01-064,2026-07-27,0.13,tcgplayer
OP01-064,2026-08-03,0.14,tcgplayer
OP01-064,2026-08-10,0.13,tcgplayer
OP01-064,2026-08-17,0.12,tcgplayer
OP01-064,2026-08-24,0.13,tcgplayer
OP01-064,2026-08-31,0.15,tcgplayer
OP01-064,2026-09-05,0.16,limitless
OP01-064p1,2025-09-08,2.93,tcgplayer
OP01-064p1,2025-09-15,2.97,tcgplayer
OP01-064p1,2025-09-22,3.19,tcgplayer
OP01-064p1,2025-09-29,3.25,tcgplayer
OP01-064p1,2025-10-06,3.28,tcgplayer
OP01-064p1,2025-10-13,3.24,tcgplayer
OP01-064p1,2025-10-20,3.35,tcgplayer
OP01-064p1,2025-10-27,3.49,tcgplayer
OP01-064p1,2025-11-03,3.50,tcgplayer
OP01-064p1,2025-11-10,3.44,tcgplayer
OP01-064p1,2025-11-17,3.40,tcgplayer
OP01-064p1,2025-11-24,3.46,tcgplayer
OP01-064p1,2025-12-01,11.05,tcgplayer
OP01-064p1,2025-12-08,14.44,tcgplayer
OP01-064p1,2025-12-15,15.84,tcgplayer
OP01-064p1,2025-12-22,10.96,tcgplayer
OP01-064p1,2025-12-29,9.20,tcgplayer
OP01-064p1,2026-01-05,8.93,tcgplayer
OP01-064p1,2026-01-12,8.89,tcgplayer
OP01-064p1,2026-01-19,13.14,tcgplayer
OP01-064p1,2026-01-26,13.44,tcgplayer
OP01-064p1,2026-02-02,12.57,tcgplayer
OP01-064p1,2026-02-09,9.34,tcgplayer
OP01-064p1,2026-02-16,7.05,tcgplayer
OP01-064p1,2026-02-23,6.60,tcgplayer
OP01-064p1,2026-03-02,7.64,tcgplayer
OP01-064p1,2026-03-09,7.29,tcgplayer
OP01-064p1,2026-03-16,7.17,tcgplayer
OP01-064p1,2026-03-23,6.72,tcgplayer
OP01-064p1,2026-03-30,6.64,tcgplayer
OP01-064p1,2026-04-06,6.51,tcgplayer
OP01-064p1,2026-04-13,6.38,tcgplayer
OP01-064p1,2026-04-20,6.74,tcgplayer
OP01-064p1,2026-04-27,6.85,tcgplayer
OP01-064p1,2026-05-04,7.12,tcgplayer
OP01-064p1,2026-05-11,6.95,tcgplayer
OP01-064p1,2026-05-18,7.20,tcgplayer
OP01-064p1,2026-05-25,7.07,tcgplayer
OP01-064p1,2026-06-01,7.54,tcgplayer
OP01-064p1,2026-06-08,10.76,tcgplayer
OP01-064p1,2026-06-15,11.12,tcgplayer
OP01-064p1,2026-06-22,11.64,tcgplayer
OP01-064p1,2026-06-29,12.95,tcgplayer
OP01-064p1,2026-07-06,14.13,tcgplayer
OP01-064p1,2026-07-13,14.50,tcgplayer
OP01-064p1,2026-07-20,14.48,tcgplayer
OP01-064p1,2026-07-27,14.41,tcgplayer
OP01-064p1,2026-08-03,12.37,tcgplayer
OP01-064p1,2026-08-10,11.66,tcgplayer
OP01-064p1,2026-08-17,10.37,tcgplayer
OP01-064p1,2026-08-24,9.45,tcgplayer
OP01-064p1,2026-08-31,8.77,tcgplayer
OP01-064p1,2026-09-05,8.87,limitless
OP01-065,2025-09-08,0.10,tcgplayer
OP01-065,2025-09-15,0.09,tcgplayer
OP01-065,2025-09-22,0.08,tcgplayer
OP01-065,2025-09-29,0.09,tcgplayer
OP01-065,2025-10-06,0.09,tcgplayer
OP01-065,2025-10-13,0.07,tcgplayer
OP01-065,2025-10-20,0.07,tcgplayer
OP01-065,2025-10-27,0.07,tcgplayer
OP01-065,2025-11-03,0.10,tcgplayer
OP01-065,2025-11-10,0.12,tcgplayer
OP01-065,2025-11-17,0.11,tcgplayer
OP01-065,2025-11-24,0.12,tcgplayer
OP01-065,2025-12-01,0.10,tcgplayer
OP01-065,2025-12-08,0.10,tcgplayer
OP01-065,2025-12-15,0.07,tcgplayer
OP01-065,2025-12-22,0.08,tcgplayer
OP01-065,2025-12-29,0.08,tcgplayer
OP01-065,2026-01-05,0.08,tcgplayer
OP01-065,2026-01-12,0.08,tcgplayer
OP01-065,2026-01-19,0.09,tcgplayer
OP01-065,2026-01-26,0.08,tcgplayer
OP01-065,2026-02-02,0.08,tcgplayer
OP01-065,2026-02-09,0.08,tcgplayer
OP01-065,2026-02-16,0.06,tcgplayer
OP01-065,2026-02-23,0.06,tcgplayer
OP01-065,2026-03-02,0.06,tcgplayer
OP01-065,2026-03-09,0.06,tcgplayer
OP01-065,2026-03-16,0.06,tcgplayer
OP01-065,2026-03-23,0.07,tcgplayer
OP01-065,2026-03-30,0.08,tcgplayer
OP01-065,2026-04-06,0.07,tcgplayer
OP01-065,2026-04-13,0.08,tcgplayer
OP01-065,2026-04-20,0.10,tcgplayer
OP01-065,2026-04-27,0.09,tcgplayer
OP01-065,2026-05-04,0.08,tcgplayer
OP01-065,2026-05-11,0.08,tcgplayer
OP01-065,2026-05-18,0.08,tcgplayer
OP01-065,2026-05-25,0.06,tcgplayer
OP01-065,2026-06-01,0.06,tcgplayer
OP01-065,2026-06-08,0.06,tcgplayer
OP01-065,2026-06-15,0.06,tcgplayer
OP01-065,2026-06-22,0.06,tcgplayer
OP01-065,2026-06-29,0.06,tcgplayer
OP01-065,2026-07-06,0.07,tcgplayer
OP01-065,2026-07-13,0.07,tcgplayer
OP01-065,2026-07-20,0.07,tcgplayer
OP01-065,2026-07-27,0.09,tcgplayer
OP01-065,2026-08-03,0.10,tcgplayer
OP01-065,2026-08-10,0.11,tcgplayer
OP01-065,2026-08-17,0.11,tcgplayer
OP01-065,2026-08-24,0.10,tcgplayer
OP01-065,2026-08-31,0.10,tcgplayer
OP01-065,2026-09-05,0.12,limitless
OP01-066,2025-09-08,0.03,tcgplayer
OP01-066,2025-09-15,0.05,tcgplayer
OP01-066,2025-09-22,0.04,tcgplayer
OP01-066,2025-09-29,0.05,tcgplayer
OP01-066,2025-10-06,0.05,tcgplayer
OP01-066,2025-10-13,0.06,tcgplayer
OP01-066,2025-10-20,0.05,tcgplayer
OP01-066,2025-10-27,0.04,tcgplayer
OP01-066,2025-11-03,0.05,tcgplayer
OP01-066,2025-11-10,0.08,tcgplayer
OP01-066,2025-11-17,0.07,tcgplayer
OP01-066,2025-11-24,0.08,tcgplayer
OP01-066,2025-12-01,0.08,tcgplayer
OP01-066,2025-12-08,0.08,tcgplayer
OP01-066,2025-12-15,0.05,tcgplayer
OP01-066,2025-12-22,0.06,tcgplayer
OP01-066,2025-12-29,0.06,tcgplayer
OP01-066,2026-01-05,0.07,tcgplayer
OP01-066,2026-01-12,0.07,tcgplayer
OP01-066,2026-01-19,0.07,tcgplayer
OP01-066,2026-01-26,0.08,tcgplayer
OP01-066,2026-02-02,0.08,tcgplayer
OP01-066,2026-02-09,0.08,tcgplayer
OP01-066,2026-02-16,0.07,tcgplayer
OP01-066,2026-02-23,0.07,tcgplayer
OP01-066,2026-03-02,0.05,tcgplayer
OP01-066,2026-03-09,0.05,tcgplayer
OP01-066,2026-03-16,0.05,tcgplayer
OP01-066,2026-03-23,0.06,tcgplayer
OP01-066,2026-03-30,0.06,tcgplayer
OP01-066,2026-04-06,0.07,tcgplayer
OP01-066,2026-04-13,0.07,tcgplayer
OP01-066,2026-04-20,0.07,tcgplayer
OP01-066,2026-04-27,0.07,tcgplayer
OP01-066,2026-05-04,0.07,tcgplayer
OP01-066,2026-05-11,0.08,tcgplayer
OP01-066,2026-05-18,0.07,tcgplayer
OP01-066,2026-05-25,0.08,tcgplayer
OP01-066,2026-06-01,0.06,tcgplayer
OP01-066,2026-06-08,0.04,tcgplayer
OP01-066,2026-06-15,0.05,tcgplayer
OP01-066,2026-06-22,0.04,tcgplayer
OP01-066,2026-06-29,0.04,tcgplayer
OP01-066,2026-07-06,0.05,tcgplayer
OP01-066,2026-07-13,0.05,tcgplayer
OP01-066,2026-07-20,0.06,tcgplayer
OP01-066,2026-07-27,0.07,tcgplayer
OP01-066,2026-08-03,0.07,tcgplayer
OP01-066,2026-08-10,0.08,tcgplayer
OP01-066,2026-08-17,0.07,tcgplayer
OP01-066,2026-08-24,0.07,tcgplayer
OP01-066,2026-08-31,0.08,tcgplayer
OP01-066,2026-09-05,0.08,limitless
OP01-067,2025-09-08,0.62,tcgplayer
OP01-067,2025-09-15,0.62,tcgplayer
OP01-067,2025-09-22,0.55,tcgplayer
OP01-067,2025-09-29,0.55,tcgplayer
OP01-067,2025-10-06,0.53,tcgplayer
OP01-067,2025-10-13,0.48,tcgplayer
OP01-067,2025-10-20,0.54,tcgplayer
OP01-067,2025-10-27,0.54,tcgplayer
OP01-067,2025-11-03,0.56,tcgplayer
OP01-067,2025-11-10,0.53,tcgplayer
OP01-067,2025-11-17,0.49,tcgplayer
OP01-067,2025-11-24,0.35,tcgplayer
OP01-067,2025-12-01,0.42,tcgplayer
OP01-067,2025-12-08,0.55,tcgplayer
OP01-067,2025-12-15,0.67,tcgplayer
OP01-067,2025-12-22,0.62,tcgplayer
OP01-067,2025-12-29,0.64,tcgplayer
OP01-067,2026-01-05,0.58,tcgplayer
OP01-067,2026-01-12,0.66,tcgplayer
OP01-067,2026-01-19,0.56,tcgplayer
OP01-067,2026-01-26,0.65,tcgplayer
OP01-067,2026-02-02,0.61,tcgplayer
OP01-067,2026-02-09,0.59,tcgplayer
OP01-067,2026-02-16,0.64,tcgplayer
OP01-067,2026-02-23,0.70,tcgplayer
OP01-067,2026-03-02,0.73,tcgplayer
OP01-067,2026-03-09,0.71,tcgplayer
OP01-067,2026-03-16,0.68,tcgplayer
OP01-067,2026-03-23,0.70,tcgplayer
OP01-067,2026-03-30,0.82,tcgplayer
OP01-067,2026-04-06,0.84,tcgplayer
OP01-067,2026-04-13,0.77,tcgplayer
OP01-067,2026-04-20,0.77,tcgplayer
OP01-067,2026-04-27,0.71,tcgplayer
OP01-067,2026-05-04,0.75,tcgplayer
OP01-067,2026-05-11,0.68,tcgplayer
OP01-067,2026-05-18,0.63,tcgplayer
OP01-067,2026-05-25,0.62,tcgplayer
OP01-067,2026-06-01,0.62,tcgplayer
OP01-067,2026-06-08,0.68,tcgplayer
OP01-067,2026-06-15,0.78,tcgplayer
OP01-067,2026-06-22,0.77,tcgplayer
OP01-067,2026-06-29,0.70,tcgplayer
OP01-067,2026-07-06,0.88,tcgplayer
OP01-067,2026-07-13,0.68,tcgplayer
OP01-067,2026-07-20,0.65,tcgplayer
OP01-067,2026-07-27,0.64,tcgplayer
OP01-067,2026-08-03,0.58,tcgplayer
OP01-067,2026-08-10,0.56,tcgplayer
OP01-067,2026-08-17,0.58,tcgplayer
OP01-067,2026-08-24,0.56,tcgplayer
OP01-067,2026-08-31,0.54,tcgplayer
OP01-067,2026-09-05,0.55,limitless
OP01-067p1,2025-09-08,6.21,tcgplayer
OP01-067p1,2025-09-15,6.65,tcgplayer
OP01-067p1,2025-09-22,6.93,tcgplayer
OP01-067p1,2025-09-29,7.09,tcgplayer
OP01-067p1,2025-10-06,7.16,tcgplayer
OP01-067p1,2025-10-13,7.22,tcgplayer
OP01-067p1,2025-10-20,7.29,tcgplayer
OP01-067p1,2025-10-27,7.27,tcgplayer
OP01-067p1,2025-11-03,7.27,tcgplayer
OP01-067p1,2025-11-10,7.17,tcgplayer
OP01-067p1,2025-11-17,7.03,tcgplayer
OP01-067p1,2025-11-24,8.25,tcgplayer
OP01-067p1,2025-12-01,16.97,tcgplayer
OP01-067p1,2025-12-08,24.78,tcgplayer
OP01-067p1,2025-12-15,25.36,tcgplayer
OP01-067p1,2025-12-22,22.83,tcgplayer
OP01-067p1,2025-12-29,21.77,tcgplayer
OP01-067p1,2026-01-05,20.42,tcgplayer
OP01-067p1,2026-01-12,19.34,tcgplayer
OP01-067p1,2026-01-19,18.86,tcgplayer
OP01-067p1,2026-01-26,17.94,tcgplayer
OP01-067p1,2026-02-02,17.66,tcgplayer
OP01-067p1,2026-02-09,17.45,tcgplayer
OP01-067p1,2026-02-16,17.36,tcgplayer
OP01-067p1,2026-02-23,17.91,tcgplayer
OP01-067p1,2026-03-02,16.41,tcgplayer
OP01-067p1,2026-03-09,15.52,tcgplayer
OP01-067p1,2026-03-16,15.05,tcgplayer
OP01-067p1,2026-03-23,13.17,tcgplayer
OP01-067p1,2026-03-30,12.86,tcgplayer
OP01-067p1,2026-04-06,12.08,tcgplayer
OP01-067p1,2026-04-13,10.55,tcgplayer
OP01-067p1,2026-04-20,9.79,tcgplayer
OP01-067p1,2026-04-27,9.58,tcgplayer
OP01-067p1,2026-05-04,9.49,tcgplayer
OP01-067p1,2026-05-11,9.52,tcgplayer
OP01-067p1,2026-05-18,9.51,tcgplayer
OP01-067p1,2026-05-25,9.70,tcgplayer
OP01-067p1,2026-06-01,11.57,tcgplayer
OP01-067p1,2026-06-08,11.69,tcgplayer
OP01-067p1,2026-06-15,11.66,tcgplayer
OP01-067p1,2026-06-22,10.03,tcgplayer
OP01-067p1,2026-06-29,9.83,tcgplayer
OP01-067p1,2026-07-06,11.34,tcgplayer
OP01-067p1,2026-07-13,11.69,tcgplayer
OP01-067p1,2026-07-20,12.08,tcgplayer
OP01-067p1,2026-07-27,12.01,tcgplayer
OP01-067p1,2026-08-03,11.85,tcgplayer
OP01-067p1,2026-08-10,11.05,tcgplayer
OP01-067p1,2026-08-17,10.36,tcgplayer
OP01-067p1,2026-08-24,9.95,tcgplayer
OP01-067p1,2026-08-31,10.06,tcgplayer
OP01-067p1,2026-09-05,9.99,limitless
OP01-068,2025-09-08,0.21,tcgplayer
OP01-068,2025-09-15,0.21,tcgplayer
OP01-068,2025-09-22,0.21,tcgplayer
OP01-068,2025-09-29,0.22,tcgplayer
OP01-068,2025-10-06,0.23,tcgplayer
OP01-068,2025-10-13,0.22,tcgplayer
OP01-068,2025-10-20,0.22,tcgplayer
OP01-068,2025-10-27,0.22,tcgplayer
OP01-068,2025-11-03,0.22,tcgplayer
OP01-068,2025-11-10,0.21,tcgplayer
OP01-068,2025-11-17,0.20,tcgplayer
OP01-068,2025-11-24,0.20,tcgplayer
OP01-068,2025-12-01,0.22,tcgplayer
OP01-068,2025-12-08,0.22,tcgplayer
OP01-068,2025-12-15,0.21,tcgplayer
OP01-068,2025-12-22,0.21,tcgplayer
OP01-068,2025-12-29,0.18,tcgplayer
OP01-068,2026-01-05,0.20,tcgplayer
OP01-068,2026-01-12,0.20,tcgplayer
OP01-068,2026-01-19,0.21,tcgplayer
OP01-068,2026-01-26,0.20,tcgplayer
OP01-068,2026-02-02,0.20,tcgplayer
OP01-068,2026-02-09,0.20,tcgplayer
OP01-068,2026-02-16,0.20,tcgplayer
OP01-068,2026-02-23,0.21,tcgplayer
OP01-068,2026-03-02,0.21,tcgplayer
OP01-068,2026-03-09,0.26,tcgplayer
OP01-068,2026-03-16,0.29,tcgplayer
OP01-068,2026-03-23,0.29,tcgplayer
OP01-068,2026-03-30,0.30,tcgplayer
OP01-068,2026-04-06,0.29,tcgplayer
OP01-068,2026-04-13,0.29,tcgplayer
OP01-068,2026-04-20,0.29,tcgplayer
OP01-068,2026-04-27,0.29,tcgplayer
OP01-068,2026-05-04,0.25,tcgplayer
OP01-068,2026-05-11,0.23,tcgplayer
OP01-068,2026-05-18,0.24,tcgplayer
OP01-068,2026-05-25,0.25,tcgplayer
OP01-068,2026-06-01,0.25,tcgplayer
OP01-068,2026-06-08,0.25,tcgplayer
OP01-068,2026-06-15,0.25,tcgplayer
OP01-068,2026-06-22,0.26,tcgplayer
OP01-068,2026-06-29,0.26,tcgplayer
OP01-068,2026-07-06,0.26,tcgplayer
OP01-068,2026-07-13,0.25,tcgplayer
OP01-068,2026-07-20,0.25,tcgplayer
OP01-068,2026-07-27,0.25,tcgplayer
OP01-068,2026-08-03,0.25,tcgplayer
OP01-068,2026-08-10,0.25,tcgplayer
OP01-068,2026-08-17,0.24,tcgplayer
OP01-068,2026-08-24,0.24,tcgplayer
OP01-068,2026-08-31,0.23,tcgplayer
OP01-068,2026-09-05,0.23,limitless
OP01-069,2025-09-08,0.22,tcgplayer
OP01-069,2025-09-15,0.25,tcgplayer
OP01-069,2025-09-22,0.26,tcgplayer
OP01-069,2025-09-29,0.24,tcgplayer
OP01-069,2025-10-06,0.22,tcgplayer
OP01-069,2025-10-13,0.24,tcgplayer
OP01-069,2025-10-20,0.25,tcgplayer
OP01-069,2025-10-27,0.26,tcgplayer
OP01-069,2025-11-03,0.29,tcgplayer
OP01-069,2025-11-10,0.26,tcgplayer
OP01-069,2025-11-17,0.21,tcgplayer
OP01-069,2025-11-24,0.20,tcgplayer
OP01-069,2025-12-01,0.21,tcgplayer
OP01-069,2025-12-08,0.26,tcgplayer
OP01-069,2025-12-15,0.23,tcgplayer
OP01-069,2025-12-22,0.21,tcgplayer
OP01-069,2025-12-29,0.21,tcgplayer
OP01-069,2026-01-05,0.24,tcgplayer
OP01-069,2026-01-12,0.24,tcgplayer
OP01-069,2026-01-19,0.22,tcgplayer
OP01-069,2026-01-26,0.21,tcgplayer
OP01-069,2026-02-02,0.26,tcgplayer
OP01-069,2026-02-09,0.28,tcgplayer
OP01-069,2026-02-16,0.28,tcgplayer
OP01-069,2026-02-23,0.29,tcgplayer
OP01-069,2026-03-02,0.28,tcgplayer
OP01-069,2026-03-09,0.30,tcgplayer
OP01-069,2026-03-16,0.32,tcgplayer
OP01-069,2026-03-23,0.38,tcgplayer
OP01-069,2026-03-30,0.34,tcgplayer
OP01-069,2026-04-06,0.32,tcgplayer
OP01-069,2026-04-13,0.27,tcgplayer
OP01-069,2026-04-20,0.27,tcgplayer
OP01-069,2026-04-27,0.24,tcgplayer
OP01-069,2026-05-04,0.25,tcgplayer
OP01-069,2026-05-11,0.25,tcgplayer
OP01-069,2026-05-18,0.25,tcgplayer
OP01-069,2026-05-25,0.24,tcgplayer
OP01-069,2026-06-01,0.23,tcgplayer
OP01-069,2026-06-08,0.23,tcgplayer
OP01-069,2026-06-15,0.24,tcgplayer
OP01-069,2026-06-22,0.25,tcgplayer
OP01-069,2026-06-29,0.27,tcgplayer
OP01-069,2026-07-06,0.27,tcgplayer
OP01-069,2026-07-13,0.27,tcgplayer
OP01-069,2026-07-20,0.28,tcgplayer
OP01-069,2026-07-27,0.23,tcgplayer
OP01-069,2026-08-03,0.22,tcgplayer
OP01-069,2026-08-10,0.21,tcgplayer
OP01-069,2026-08-17,0.21,tcgplayer
OP01-069,2026-08-24,0.20,tcgplayer
OP01-069,2026-08-31,0.19,tcgplayer
OP01-069,2026-09-05,0.20,limitless
OP01-070,2025-09-08,1.61,tcgplayer
OP01-070,2025-09-15,1.54,tcgplayer
OP01-070,2025-09-22,1.90,tcgplayer
OP01-070,2025-09-29,1.97,tcgplayer
OP01-070,2025-10-06,2.18,tcgplayer
OP01-070,2025-10-13,1.84,tcgplayer
OP01-070,2025-10-20,2.42,tcgplayer
OP01-070,2025-10-27,2.16,tcgplayer
OP01-070,2025-11-03,1.86,tcgplayer
OP01-070,2025-11-10,1.38,tcgplayer
OP01-070,2025-11-17,1.28,tcgplayer
OP01-070,2025-11-24,1.00,tcgplayer
OP01-070,2025-12-01,1.36,tcgplayer
OP01-070,2025-12-08,1.82,tcgplayer
OP01-070,2025-12-15,1.65,tcgplayer
OP01-070,2025-12-22,1.87,tcgplayer
OP01-070,2025-12-29,2.88,tcgplayer
OP01-070,2026-01-05,2.12,tcgplayer
OP01-070,2026-01-12,2.71,tcgplayer
OP01-070,2026-01-19,2.46,tcgplayer
OP01-070,2026-01-26,2.61,tcgplayer
OP01-070,2026-02-02,2.52,tcgplayer
OP01-070,2026-02-09,2.25,tcgplayer
OP01-070,2026-02-16,2.42,tcgplayer
OP01-070,2026-02-23,2.40,tcgplayer
OP01-070,2026-03-02,2.37,tcgplayer
OP01-070,2026-03-09,2.10,tcgplayer
OP01-070,2026-03-16,2.16,tcgplayer
OP01-070,2026-03-23,1.97,tcgplayer
OP01-070,2026-03-30,1.74,tcgplayer
OP01-070,2026-04-06,1.64,tcgplayer
OP01-070,2026-04-13,1.33,tcgplayer
OP01-070,2026-04-20,1.20,tcgplayer
OP01-070,2026-04-27,1.32,tcgplayer
OP01-070,2026-05-04,1.31,tcgplayer
OP01-070,2026-05-11,1.38,tcgplayer
OP01-070,2026-05-18,1.31,tcgplayer
OP01-070,2026-05-25,1.16,tcgplayer
OP01-070,2026-06-01,1.30,tcgplayer
OP01-070,2026-06-08,1.30,tcgplayer
OP01-070,2026-06-15,1.44,tcgplayer
OP01-070,2026-06-22,1.42,tcgplayer
OP01-070,2026-06-29,1.45,tcgplayer
OP01-070,2026-07-06,1.24,tcgplayer
OP01-070,2026-07-13,1.21,tcgplayer
OP01-070,2026-07-20,1.19,tcgplayer
OP01-070,2026-07-27,1.18,tcgplayer
OP01-070,2026-08-03,1.18,tcgplayer
OP01-070,2026-08-10,1.26,tcgplayer
OP01-070,2026-08-17,1.11,tcgplayer
OP01-070,2026-08-24,1.05,tcgplayer
OP01-070,2026-08-31,1.18,tcgplayer
OP01-070,2026-09-05,1.17,limitless
OP01-070p1,2025-09-08,24.31,tcgplayer
OP01-070p1,2025-09-15,28.87,tcgplayer
OP01-070p1,2025-09-22,33.42,tcgplayer
OP01-070p1,2025-09-29,35.37,tcgplayer
OP01-070p1,2025-10-06,37.27,tcgplayer
OP01-070p1,2025-10-13,37.98,tcgplayer
OP01-070p1,2025-10-20,37.34,tcgplayer
OP01-070p1,2025-10-27,35.68,tcgplayer
OP01-070p1,2025-11-03,33.49,tcgplayer
OP01-070p1,2025-11-10,34.17,tcgplayer
OP01-070p1,2025-11-17,33.56,tcgplayer
OP01-070p1,2025-11-24,32.75,tcgplayer
OP01-070p1,2025-12-01,43.40,tcgplayer
OP01-070p1,2025-12-08,52.04,tcgplayer
OP01-070p1,2025-12-15,54.67,tcgplayer
OP01-070p1,2025-12-22,55.63,tcgplayer
OP01-070p1,2025-12-29,51.23,tcgplayer
OP01-070p1,2026-01-05,49.53,tcgplayer
OP01-070p1,2026-01-12,49.20,tcgplayer
OP01-070p1,2026-01-19,49.84,tcgplayer
OP01-070p1,2026-01-26,51.40,tcgplayer
OP01-070p1,2026-02-02,51.65,tcgplayer
OP01-070p1,2026-02-09,51.53,tcgplayer
OP01-070p1,2026-02-16,51.26,tcgplayer
OP01-070p1,2026-02-23,49.61,tcgplayer
OP01-070p1,2026-03-02,48.57,tcgplayer
OP01-070p1,2026-03-09,47.63,tcgplayer
OP01-070p1,2026-03-16,45.86,tcgplayer
OP01-070p1,2026-03-23,43.98,tcgplayer
OP01-070p1,2026-03-30,43.28,tcgplayer
OP01-070p1,2026-04-06,41.51,tcgplayer
OP01-070p1,2026-04-13,39.03,tcgplayer
OP01-070p1,2026-04-20,36.00,tcgplayer
OP01-070p1,2026-04-27,35.31,tcgplayer
OP01-070p1,2026-05-04,35.19,tcgplayer
OP01-070p1,2026-05-11,35.18,tcgplayer
OP01-070p1,2026-05-18,35.70,tcgplayer
OP01-070p1,2026-05-25,40.28,tcgplayer
OP01-070p1,2026-06-01,39.58,tcgplayer
OP01-070p1,2026-06-08,43.50,tcgplayer
OP01-070p1,2026-06-15,49.33,tcgplayer
OP01-070p1,2026-06-22,50.17,tcgplayer
OP01-070p1,2026-06-29,53.82,tcgplayer
OP01-070p1,2026-07-06,54.51,tcgplayer
OP01-070p1,2026-07-13,54.45,tcgplayer
OP01-070p1,2026-07-20,55.20,tcgplayer
OP01-070p1,2026-07-27,54.79,tcgplayer
OP01-070p1,2026-08-03,54.08,tcgplayer
OP01-070p1,2026-08-10,51.20,tcgplayer
OP01-070p1,2026-08-17,51.10,tcgplayer
OP01-070p1,2026-08-24,51.02,tcgplayer
OP01-070p1,2026-08-31,50.76,tcgplayer
OP01-070p1,2026-09-05,50.76,limitless
OP01-071,2025-09-08,0.18,tcgplayer
OP01-071,2025-09-15,0.17,tcgplayer
OP01-071,2025-09-22,0.16,tcgplayer
OP01-071,2025-09-29,0.22,tcgplayer
OP01-071,2025-10-06,0.21,tcgplayer
OP01-071,2025-10-13,0.16,tcgplayer
OP01-071,2025-10-20,0.16,tcgplayer
OP01-071,2025-10-27,0.15,tcgplayer
OP01-071,2025-11-03,0.18,tcgplayer
OP01-071,2025-11-10,0.19,tcgplayer
OP01-071,2025-11-17,0.17,tcgplayer
OP01-071,2025-11-24,0.17,tcgplayer
OP01-071,2025-12-01,0.17,tcgplayer
OP01-071,2025-12-08,0.17,tcgplayer
OP01-071,2025-12-15,0.17,tcgplayer
OP01-071,2025-12-22,0.21,tcgplayer
OP01-071,2025-12-29,0.26,tcgplayer
OP01-071,2026-01-05,0.29,tcgplayer
OP01-071,2026-01-12,0.24,tcgplayer
OP01-071,2026-01-19,0.24,tcgplayer
OP01-071,2026-01-26,0.26,tcgplayer
OP01-071,2026-02-02,0.20,tcgplayer
OP01-071,2026-02-09,0.23,tcgplayer
OP01-071,2026-02-16,0.21,tcgplayer
OP01-071,2026-02-23,0.21,tcgplayer
OP01-071,2026-03-02,0.20,tcgplayer
OP01-071,2026-03-09,0.17,tcgplayer
OP01-071,2026-03-16,0.18,tcgplayer
OP01-071,2026-03-23,0.19,tcgplayer
OP01-071,2026-03-30,0.22,tcgplayer
OP01-071,2026-04-06,0.22,tcgplayer
OP01-071,2026-04-13,0.21,tcgplayer
OP01-071,2026-04-20,0.25,tcgplayer
OP01-071,2026-04-27,0.25,tcgplayer
OP01-071,2026-05-04,0.20,tcgplayer
OP01-071,2026-05-11,0.20,tcgplayer
OP01-071,2026-05-18,0.20,tcgplayer
OP01-071,2026-05-25,0.19,tcgplayer
OP01-071,2026-06-01,0.21,tcgplayer
OP01-071,2026-06-08,0.22,tcgplayer
OP01-071,2026-06-15,0.24,tcgplayer
OP01-071,2026-06-22,0.25,tcgplayer
OP01-071,2026-06-29,0.25,tcgplayer
OP01-071,2026-07-06,0.23,tcgplayer
OP01-071,2026-07-13,0.22,tcgplayer
OP01-071,2026-07-20,0.23,tcgplayer
OP01-071,2026-07-27,0.21,tcgplayer
OP01-071,2026-08-03,0.21,tcgplayer
OP01-071,2026-08-10,0.26,tcgplayer
OP01-071,2026-08-17,0.27,tcgplayer
OP01-071,2026-08-24,0.31,tcgplayer
OP01-071,2026-08-31,0.26,tcgplayer
OP01-071,2026-09-05,0.31,limitless
OP01-072,2025-09-08,0.06,tcgplayer
OP01-072,2025-09-15,0.07,tcgplayer
OP01-072,2025-09-22,0.07,tcgplayer
OP01-072,2025-09-29,0.07,tcgplayer
OP01-072,2025-10-06,0.09,tcgplayer
OP01-072,2025-10-13,0.08,tcgplayer
OP01-072,2025-10-20,0.09,tcgplayer
OP01-072,2025-10-27,0.08,tcgplayer
OP01-072,2025-11-03,0.12,tcgplayer
OP01-072,2025-11-10,0.12,tcgplayer
OP01-072,2025-11-17,0.12,tcgplayer
OP01-072,2025-11-24,0.14,tcgplayer
OP01-072,2025-12-01,0.12,tcgplayer
OP01-072,2025-12-08,0.13,tcgplayer
OP01-072,2025-12-15,0.12,tcgplayer
OP01-072,2025-12-22,0.10,tcgplayer
OP01-072,2025-12-29,0.09,tcgplayer
OP01-072,2026-01-05,0.08,tcgplayer
OP01-072,2026-01-12,0.07,tcgplayer
OP01-072,2026-01-19,0.08,tcgplayer
OP01-072,2026-01-26,0.09,tcgplayer
OP01-072,2026-02-02,0.09,tcgplayer
OP01-072,2026-02-09,0.09,tcgplayer
OP01-072,2026-02-16,0.10,tcgplayer
OP01-072,2026-02-23,0.09,tcgplayer
OP01-072,2026-03-02,0.09,tcgplayer
OP01-072,2026-03-09,0.09,tcgplayer
OP01-072,2026-03-16,0.08,tcgplayer
OP01-072,2026-03-23,0.09,tcgplayer
OP01-072,2026-03-30,0.11,tcgplayer
OP01-072,2026-04-06,0.10,tcgplayer
OP01-072,2026-04-13,0.10,tcgplayer
OP01-072,2026-04-20,0.10,tcgplayer
OP01-072,2026-04-27,0.10,tcgplayer
OP01-072,2026-05-04,0.09,tcgplayer
OP01-072,2026-05-11,0.09,tcgplayer
OP01-072,2026-05-18,0.09,tcgplayer
OP01-072,2026-05-25,0.07,tcgplayer
OP01-072,2026-06-01,0.06,tcgplayer
OP01-072,2026-06-08,0.06,tcgplayer
OP01-072,2026-06-15,0.06,tcgplayer
OP01-072,2026-06-22,0.06,tcgplayer
OP01-072,2026-06-29,0.06,tcgplayer
OP01-072,2026-07-06,0.06,tcgplayer
OP01-072,2026-07-13,0.06,tcgplayer
OP01-072,2026-07-20,0.07,tcgplayer
OP01-072,2026-07-27,0.07,tcgplayer
OP01-072,2026-08-03,0.08,tcgplayer
OP01-072,2026-08-10,0.09,tcgplayer
OP01-072,2026-08-17,0.09,tcgplayer
OP01-072,2026-08-24,0.09,tcgplayer
OP01-072,2026-08-31,0.10,tcgplayer
OP01-072,2026-09-05,0.11,limitless
OP01-073,2025-09-08,0.50,tcgplayer
OP01-073,2025-09-15,0.50,tcgplayer
OP01-073,2025-09-22,0.46,tcgplayer
OP01-073,2025-09-29,0.54,tcgplayer
OP01-073,2025-10-06,0.66,tcgplayer
OP01-073,2025-10-13,0.51,tcgplayer
OP01-073,2025-10-20,0.48,tcgplayer
OP01-073,2025-10-27,0.50,tcgplayer
OP01-073,2025-11-03,0.47,tcgplayer
OP01-073,2025-11-10,0.46,tcgplayer
OP01-073,2025-11-17,0.35,tcgplayer
OP01-073,2025-11-24,0.34,tcgplayer
OP01-073,2025-12-01,0.31,tcgplayer
OP01-073,2025-12-08,0.32,tcgplayer
OP01-073,2025-12-15,0.32,tcgplayer
OP01-073,2025-12-22,0.32,tcgplayer
OP01-073,2025-12-29,0.32,tcgplayer
OP01-073,2026-01-05,0.36,tcgplayer
OP01-073,2026-01-12,0.39,tcgplayer
OP01-073,2026-01-19,0.41,tcgplayer
OP01-073,2026-01-26,0.37,tcgplayer
OP01-073,2026-02-02,0.35,tcgplayer
OP01-073,2026-02-09,0.36,tcgplayer
OP01-073,2026-02-16,0.36,tcgplayer
OP01-073,2026-02-23,0.40,tcgplayer
OP01-073,2026-03-02,0.40,tcgplayer
OP01-073,2026-03-09,0.39,tcgplayer
OP01-073,2026-03-16,0.31,tcgplayer
OP01-073,2026-03-23,0.34,tcgplayer
OP01-073,2026-03-30,0.37,tcgplayer
OP01-073,2026-04-06,0.40,tcgplayer
OP01-073,2026-04-13,0.38,tcgplayer
OP01-073,2026-04-20,0.32,tcgplayer
OP01-073,2026-04-27,0.40,tcgplayer
OP01-073,2026-05-04,0.41,tcgplayer
OP01-073,2026-05-11,0.45,tcgplayer
OP01-073,2026-05-18,0.43,tcgplayer
OP01-073,2026-05-25,0.42,tcgplayer
OP01-073,2026-06-01,0.55,tcgplayer
OP01-073,2026-06-08,0.59,tcgplayer
OP01-073,2026-06-15,0.57,tcgplayer
OP01-073,2026-06-22,0.52,tcgplayer
OP01-073,2026-06-29,0.44,tcgplayer
OP01-073,2026-07-06,0.43,tcgplayer
OP01-073,2026-07-13,0.41,tcgplayer
OP01-073,2026-07-20,0.42,tcgplayer
OP01-073,2026-07-27,0.41,tcgplayer
OP01-073,2026-08-03,0.42,tcgplayer
OP01-073,2026-08-10,0.40,tcgplayer
OP01-073,2026-08-17,0.40,tcgplayer
OP01-073,2026-08-24,0.38,tcgplayer
OP01-073,2026-08-31,0.38,tcgplayer
OP01-073,2026-09-05,0.37,limitless
OP01-073p1,2025-09-08,18.12,tcgplayer
OP01-073p1,2025-09-15,16.87,tcgplayer
OP01-073p1,2025-09-22,16.66,tcgplayer
OP01-073p1,2025-09-29,18.35,tcgplayer
OP01-073p1,2025-10-06,18.66,tcgplayer
OP01-073p1,2025-10-13,19.83,tcgplayer
OP01-073p1,2025-10-20,20.31,tcgplayer
OP01-073p1,2025-10-27,21.01,tcgplayer
OP01-073p1,2025-11-03,21.11,tcgplayer
OP01-073p1,2025-11-10,21.12,tcgplayer
OP01-073p1,2025-11-17,20.39,tcgplayer
OP01-073p1,2025-11-24,17.80,tcgplayer
OP01-073p1,2025-12-01,22.39,tcgplayer
OP01-073p1,2025-12-08,30.22,tcgplayer
OP01-073p1,2025-12-15,31.38,tcgplayer
OP01-073p1,2025-12-22,32.75,tcgplayer
OP01-073p1,2025-12-29,34.44,tcgplayer
OP01-073p1,2026-01-05,33.60,tcgplayer
OP01-073p1,2026-01-12,31.85,tcgplayer
OP01-073p1,2026-01-19,30.84,tcgplayer
OP01-073p1,2026-01-26,30.05,tcgplayer
OP01-073p1,2026-02-02,29.56,tcgplayer
OP01-073p1,2026-02-09,28.46,tcgplayer
OP01-073p1,2026-02-16,28.50,tcgplayer
OP01-073p1,2026-02-23,27.95,tcgplayer
OP01-073p1,2026-03-02,27.19,tcgplayer
OP01-073p1,2026-03-09,26.22,tcgplayer
OP01-073p1,2026-03-16,21.48,tcgplayer
OP01-073p1,2026-03-23,18.62,tcgplayer
OP01-073p1,2026-03-30,16.84,tcgplayer
OP01-073p1,2026-04-06,15.83,tcgplayer
OP01-073p1,2026-04-13,15.78,tcgplayer
OP01-073p1,2026-04-20,15.31,tcgplayer
OP01-073p1,2026-04-27,15.00,tcgplayer
OP01-073p1,2026-05-04,14.83,tcgplayer
OP01-073p1,2026-05-11,15.37,tcgplayer
OP01-073p1,2026-05-18,15.56,tcgplayer
OP01-073p1,2026-05-25,15.63,tcgplayer
OP01-073p1,2026-06-01,18.78,tcgplayer
OP01-073p1,2026-06-08,19.61,tcgplayer
OP01-073p1,2026-06-15,21.23,tcgplayer
OP01-073p1,2026-06-22,21.85,tcgplayer
OP01-073p1,2026-06-29,23.11,tcgplayer
OP01-073p1,2026-07-06,25.26,tcgplayer
OP01-073p1,2026-07-13,26.37,tcgplayer
OP01-073p1,2026-07-20,26.26,tcgplayer
OP01-073p1,2026-07-27,26.52,tcgplayer
OP01-073p1,2026-08-03,26.70,tcgplayer
OP01-073p1,2026-08-10,26.84,tcgplayer
OP01-073p1,2026-08-17,25.84,tcgplayer
OP01-073p1,2026-08-24,23.87,tcgplayer
OP01-073p1,2026-08-31,22.76,tcgplayer
OP01-073p1,2026-09-05,23.39,limitless
OP01-074,2025-09-08,0.21,tcgplayer
OP01-074,2025-09-15,0.25,tcgplayer
OP01-074,2025-09-22,0.25,tcgplayer
OP01-074,2025-09-29,0.28,tcgplayer
OP01-074,2025-10-06,0.25,tcgplayer
OP01-074,2025-10-13,0.36,tcgplayer
OP01-074,2025-10-20,0.35,tcgplayer
OP01-074,2025-10-27,0.34,tcgplayer
OP01-074,2025-11-03,0.33,tcgplayer
OP01-074,2025-11-10,0.26,tcgplayer
OP01-074,2025-11-17,0.23,tcgplayer
OP01-074,2025-11-24,0.21,tcgplayer
OP01-074,2025-12-01,0.29,tcgplayer
OP01-074,2025-12-08,0.23,tcgplayer
OP01-074,2025-12-15,0.23,tcgplayer
OP01-074,2025-12-22,0.23,tcgplayer
OP01-074,2025-12-29,0.20,tcgplayer
OP01-074,2026-01-05,0.21,tcgplayer
OP01-074,2026-01-12,0.20,tcgplayer
OP01-074,2026-01-19,0.23,tcgplayer
OP01-074,2026-01-26,0.23,tcgplayer
OP01-074,2026-02-02,0.21,tcgplayer
OP01-074,2026-02-09,0.22,tcgplayer
OP01-074,2026-02-16,0.24,tcgplayer
OP01-074,2026-02-23,0.24,tcgplayer
OP01-074,2026-03-02,0.24,tcgplayer
OP01-074,2026-03-09,0.26,tcgplayer
OP01-074,2026-03-16,0.29,tcgplayer
OP01-074,2026-03-23,0.32,tcgplayer
OP01-074,2026-03-30,0.30,tcgplayer
OP01-074,2026-04-06,0.28,tcgplayer
OP01-074,2026-04-13,0.24,tcgplayer
OP01-074,2026-04-20,0.23,tcgplayer
OP01-074,2026-04-27,0.20,tcgplayer
OP01-074,2026-05-04,0.20,tcgplayer
OP01-074,2026-05-11,0.20,tcgplayer
OP01-074,2026-05-18,0.22,tcgplayer
OP01-074,2026-05-25,0.29,tcgplayer
OP01-074,2026-06-01,0.29,tcgplayer
OP01-074,2026-06-08,0.26,tcgplayer
OP01-074,2026-06-15,0.25,tcgplayer
OP01-074,2026-06-22,0.27,tcgplayer
OP01-074,2026-06-29,0.25,tcgplayer
OP01-074,2026-07-06,0.24,tcgplayer
OP01-074,2026-07-13,0.24,tcgplayer
OP01-074,2026-07-20,0.23,tcgplayer
OP01-074,2026-07-27,0.22,tcgplayer
OP01-074,2026-08-03,0.27,tcgplayer
OP01-074,2026-08-10,0.30,tcgplayer
OP01-074,2026-08-17,0.28,tcgplayer
OP01-074,2026-08-24,0.29,tcgplayer
OP01-074,2026-08-31,0.23,tcgplayer
OP01-074,2026-09-05,0.24,limitless
OP01-075,2025-09-08,0.22,tcgplayer
OP01-075,2025-09-15,0.20,tcgplayer
OP01-075,2025-09-22,0.18,tcgplayer
OP01-075,2025-09-29,0.18,tcgplayer
OP01-075,2025-10-06,0.18,tcgplayer
OP01-075,2025-10-13,0.16,tcgplayer
OP01-075,2025-10-20,0.16,tcgplayer
OP01-075,2025-10-27,0.17,tcgplayer
OP01-075,2025-11-03,0.18,tcgplayer
OP01-075,2025-11-10,0.21,tcgplayer
OP01-075,2025-11-17,0.21,tcgplayer
OP01-075,2025-11-24,0.21,tcgplayer
OP01-075,2025-12-01,0.20,tcgplayer
OP01-075,2025-12-08,0.22,tcgplayer
OP01-075,2025-12-15,0.22,tcgplayer
OP01-075,2025-12-22,0.17,tcgplayer
OP01-075,2025-12-29,0.12,tcgplayer
OP01-075,2026-01-05,0.16,tcgplayer
OP01-075,2026-01-12,0.16,tcgplayer
OP01-075,2026-01-19,0.19,tcgplayer
OP01-075,2026-01-26,0.20,tcgplayer
OP01-075,2026-02-02,0.19,tcgplayer
OP01-075,2026-02-09,0.20,tcgplayer
OP01-075,2026-02-16,0.17,tcgplayer
OP01-075,2026-02-23,0.17,tcgplayer
OP01-075,2026-03-02,0.17,tcgplayer
OP01-075,2026-03-09,0.16,tcgplayer
OP01-075,2026-03-16,0.15,tcgplayer
OP01-075,2026-03-23,0.16,tcgplayer
OP01-075,2026-03-30,0.16,tcgplayer
OP01-075,2026-04-06,0.16,tcgplayer
OP01-075,2026-04-13,0.16,tcgplayer
OP01-075,2026-04-20,0.16,tcgplayer
OP01-075,2026-04-27,0.16,tcgplayer
OP01-075,2026-05-04,0.17,tcgplayer
OP01-075,2026-05-11,0.15,tcgplayer
OP01-075,2026-05-18,0.15,tcgplayer
OP01-075,2026-05-25,0.12,tcgplayer
OP01-075,2026-06-01,0.12,tcgplayer
OP01-075,2026-06-08,0.11,tcgplayer
OP01-075,2026-06-15,0.16,tcgplayer
OP01-075,2026-06-22,0.18,tcgplayer
OP01-075,2026-06-29,0.18,tcgplayer
OP01-075,2026-07-06,0.18,tcgplayer
OP01-075,2026-07-13,0.18,tcgplayer
OP01-075,2026-07-20,0.21,tcgplayer
OP01-075,2026-07-27,0.17,tcgplayer
OP01-075,2026-08-03,0.18,tcgplayer
OP01-075,2026-08-10,0.19,tcgplayer
OP01-075,2026-08-17,0.19,tcgplayer
OP01-075,2026-08-24,0.19,tcgplayer
OP01-075,2026-08-31,0.17,tcgplayer
OP01-075,2026-09-05,0.17,limitless
OP01-076,2025-09-08,0.04,tcgplayer
OP01-076,2025-09-15,0.03,tcgplayer
OP01-076,2025-09-22,0.05,tcgplayer
OP01-076,2025-09-29,0.05,tcgplayer
OP01-076,2025-10-06,0.05,tcgplayer
OP01-076,2025-10-13,0.05,tcgplayer
OP01-076,2025-10-20,0.05,tcgplayer
OP01-076,2025-10-27,0.05,tcgplayer
OP01-076,2025-11-03,0.07,tcgplayer
OP01-076,2025-11-10,0.06,tcgplayer
OP01-076,2025-11-17,0.05,tcgplayer
OP01-076,2025-11-24,0.07,tcgplayer
OP01-076,2025-12-01,0.05,tcgplayer
OP01-076,2025-12-08,0.05,tcgplayer
OP01-076,2025-12-15,0.05,tcgplayer
OP01-076,2025-12-22,0.05,tcgplayer
OP01-076,2025-12-29,0.05,tcgplayer
OP01-076,2026-01-05,0.04,tcgplayer
OP01-076,2026-01-12,0.04,tcgplayer
OP01-076,2026-01-19,0.04,tcgplayer
OP01-076,2026-01-26,0.06,tcgplayer
OP01-076,2026-02-02,0.06,tcgplayer
OP01-076,2026-02-09,0.07,tcgplayer
OP01-076,2026-02-16,0.06,tcgplayer
OP01-076,2026-02-23,0.06,tcgplayer
OP01-076,2026-03-02,0.04,tcgplayer
OP01-076,2026-03-09,0.05,tcgplayer
OP01-076,2026-03-16,0.05,tcgplayer
OP01-076,2026-03-23,0.06,tcgplayer
OP01-076,2026-03-30,0.08,tcgplayer
OP01-076,2026-04-06,0.07,tcgplayer
OP01-076,2026-04-13,0.07,tcgplayer
OP01-076,2026-04-20,0.08,tcgplayer
OP01-076,2026-04-27,0.09,tcgplayer
OP01-076,2026-05-04,0.09,tcgplayer
OP01-076,2026-05-11,0.08,tcgplayer
OP01-076,2026-05-18,0.08,tcgplayer
OP01-076,2026-05-25,0.06,tcgplayer
OP01-076,2026-06-01,0.07,tcgplayer
OP01-076,2026-06-08,0.06,tcgplayer
OP01-076,2026-06-15,0.06,tcgplayer
OP01-076,2026-06-22,0.06,tcgplayer
OP01-076,2026-06-29,0.06,tcgplayer
OP01-076,2026-07-06,0.05,tcgplayer
OP01-076,2026-07-13,0.05,tcgplayer
OP01-076,2026-07-20,0.06,tcgplayer
OP01-076,2026-07-27,0.06,tcgplayer
OP01-076,2026-08-03,0.06,tcgplayer
OP01-076,2026-08-10,0.06,tcgplayer
OP01-076,2026-08-17,0.06,tcgplayer
OP01-076,2026-08-24,0.06,tcgplayer
OP01-076,2026-08-31,0.08,tcgplayer
OP01-076,2026-09-05,0.08,limitless
OP01-077,2025-09-08,0.94,tcgplayer
OP01-077,2025-09-15,0.87,tcgplayer
OP01-077,2025-09-22,0.83,tcgplayer
OP01-077,2025-09-29,1.04,tcgplayer
OP01-077,2025-10-06,0.85,tcgplayer
OP01-077,2025-10-13,0.94,tcgplayer
OP01-077,2025-10-20,0.90,tcgplayer
OP01-077,2025-10-27,0.81,tcgplayer
OP01-077,2025-11-03,0.77,tcgplayer
OP01-077,2025-11-10,0.75,tcgplayer
OP01-077,2025-11-17,0.75,tcgplayer
OP01-077,2025-11-24,0.70,tcgplayer
OP01-077,2025-12-01,0.69,tcgplayer
OP01-077,2025-12-08,0.82,tcgplayer
OP01-077,2025-12-15,0.75,tcgplayer
OP01-077,2025-12-22,0.62,tcgplayer
OP01-077,2025-12-29,0.68,tcgplayer
OP01-077,2026-01-05,0.81,tcgplayer
OP01-077,2026-01-12,0.78,tcgplayer
OP01-077,2026-01-19,0.81,tcgplayer
OP01-077,2026-01-26,0.81,tcgplayer
OP01-077,2026-02-02,0.96,tcgplayer
OP01-077,2026-02-09,0.85,tcgplayer
OP01-077,2026-02-16,0.85,tcgplayer
OP01-077,2026-02-23,0.81,tcgplayer
OP01-077,2026-03-02,0.69,tcgplayer
OP01-077,2026-03-09,0.68,tcgplayer
OP01-077,2026-03-16,0.67,tcgplayer
OP01-077,2026-03-23,0.67,tcgplayer
OP01-077,2026-03-30,0.70,tcgplayer
OP01-077,2026-04-06,0.66,tcgplayer
OP01-077,2026-04-13,0.61,tcgplayer
OP01-077,2026-04-20,0.65,tcgplayer
OP01-077,2026-04-27,0.78,tcgplayer
OP01-077,2026-05-04,0.92,tcgplayer
OP01-077,2026-05-11,0.91,tcgplayer
OP01-077,2026-05-18,0.92,tcgplayer
OP01-077,2026-05-25,1.04,tcgplayer
OP01-077,2026-06-01,1.04,tcgplayer
OP01-077,2026-06-08,0.91,tcgplayer
OP01-077,2026-06-15,0.93,tcgplayer
OP01-077,2026-06-22,0.98,tcgplayer
OP01-077,2026-06-29,1.04,tcgplayer
OP01-077,2026-07-06,1.03,tcgplayer
OP01-077,2026-07-13,0.96,tcgplayer
OP01-077,2026-07-20,0.95,tcgplayer
OP01-077,2026-07-27,0.92,tcgplayer
OP01-077,2026-08-03,0.92,tcgplayer
OP01-077,2026-08-10,0.94,tcgplayer
OP01-077,2026-08-17,0.85,tcgplayer
OP01-077,2026-08-24,0.79,tcgplayer
OP01-077,2026-08-31,0.76,tcgplayer
OP01-077,2026-09-05,0.76,limitless
OP01-077p1,2025-09-08,12.69,tcgplayer
OP01-077p1,2025-09-15,12.49,tcgplayer
OP01-077p1,2025-09-22,12.24,tcgplayer
OP01-077p1,2025-09-29,11.72,tcgplayer
OP01-077p1,2025-10-06,12.25,tcgplayer
OP01-077p1,2025-10-13,13.26,tcgplayer
OP01-077p1,2025-10-20,15.30,tcgplayer
OP01-077p1,2025-10-27,16.88,tcgplayer
OP01-077p1,2025-11-03,17.59,tcgplayer
OP01-077p1,2025-11-10,18.77,tcgplayer
OP01-077p1,2025-11-17,16.29,tcgplayer
OP01-077p1,2025-11-24,14.18,tcgplayer
OP01-077p1,2025-12-01,24.86,tcgplayer
OP01-077p1,2025-12-08,27.35,tcgplayer
OP01-077p1,2025-12-15,25.32,tcgplayer
OP01-077p1,2025-12-22,24.73,tcgplayer
OP01-077p1,2025-12-29,26.22,tcgplayer
OP01-077p1,2026-01-05,84.91,tcgplayer
OP01-077p1,2026-01-12,69.98,tcgplayer
OP01-077p1,2026-01-19,52.35,tcgplayer
OP01-077p1,2026-01-26,51.86,tcgplayer
OP01-077p1,2026-02-02,46.51,tcgplayer
OP01-077p1,2026-02-09,42.32,tcgplayer
OP01-077p1,2026-02-16,30.34,tcgplayer
OP01-077p1,2026-02-23,23.67,tcgplayer
OP01-077p1,2026-03-02,22.86,tcgplayer
OP01-077p1,2026-03-09,21.57,tcgplayer
OP01-077p1,2026-03-16,20.73,tcgplayer
OP01-077p1,2026-03-23,19.17,tcgplayer
OP01-077p1,2026-03-30,18.89,tcgplayer
OP01-077p1,2026-04-06,18.11,tcgplayer
OP01-077p1,2026-04-13,17.38,tcgplayer
OP01-077p1,2026-04-20,16.91,tcgplayer
OP01-077p1,2026-04-27,16.79,tcgplayer
OP01-077p1,2026-05-04,16.74,tcgplayer
OP01-077p1,2026-05-11,16.85,tcgplayer
OP01-077p1,2026-05-18,19.80,tcgplayer
OP01-077p1,2026-05-25,28.55,tcgplayer
OP01-077p1,2026-06-01,34.34,tcgplayer
OP01-077p1,2026-06-08,45.75,tcgplayer
OP01-077p1,2026-06-15,48.98,tcgplayer
OP01-077p1,2026-06-22,50.28,tcgplayer
OP01-077p1,2026-06-29,51.52,tcgplayer
OP01-077p1,2026-07-06,51.05,tcgplayer
OP01-077p1,2026-07-13,50.23,tcgplayer
OP01-077p1,2026-07-20,46.50,tcgplayer
OP01-077p1,2026-07-27,46.28,tcgplayer
OP01-077p1,2026-08-03,45.72,tcgplayer
OP01-077p1,2026-08-10,45.24,tcgplayer
OP01-077p1,2026-08-17,42.49,tcgplayer
OP01-077p1,2026-08-24,42.18,tcgplayer
OP01-077p1,2026-08-31,42.15,tcgplayer
OP01-077p1,2026-09-05,42.18,limitless
OP01-078,2025-09-08,0.53,tcgplayer
OP01-078,2025-09-15,0.52,tcgplayer
OP01-078,2025-09-22,0.53,tcgplayer
OP01-078,2025-09-29,0.51,tcgplayer
OP01-078,2025-10-06,0.51,tcgplayer
OP01-078,2025-10-13,0.56,tcgplayer
OP01-078,2025-10-20,0.68,tcgplayer
OP01-078,2025-10-27,0.66,tcgplayer
OP01-078,2025-11-03,0.84,tcgplayer
OP01-078,2025-11-10,0.75,tcgplayer
OP01-078,2025-11-17,0.64,tcgplayer
OP01-078,2025-11-24,0.83,tcgplayer
OP01-078,2025-12-01,0.91,tcgplayer
OP01-078,2025-12-08,1.14,tcgplayer
OP01-078,2025-12-15,1.32,tcgplayer
OP01-078,2025-12-22,1.54,tcgplayer
OP01-078,2025-12-29,2.62,tcgplayer
OP01-078,2026-01-05,2.47,tcgplayer
OP01-078,2026-01-12,2.68,tcgplayer
OP01-078,2026-01-19,3.41,tcgplayer
OP01-078,2026-01-26,3.44,tcgplayer
OP01-078,2026-02-02,2.84,tcgplayer
OP01-078,2026-02-09,2.79,tcgplayer
OP01-078,2026-02-16,2.82,tcgplayer
OP01-078,2026-02-23,2.86,tcgplayer
OP01-078,2026-03-02,2.40,tcgplayer
OP01-078,2026-03-09,1.42,tcgplayer
OP01-078,2026-03-16,1.37,tcgplayer
OP01-078,2026-03-23,1.30,tcgplayer
OP01-078,2026-03-30,1.25,tcgplayer
OP01-078,2026-04-06,1.14,tcgplayer
OP01-078,2026-04-13,1.19,tcgplayer
OP01-078,2026-04-20,1.34,tcgplayer
OP01-078,2026-04-27,1.42,tcgplayer
OP01-078,2026-05-04,1.56,tcgplayer
OP01-078,2026-05-11,1.53,tcgplayer
OP01-078,2026-05-18,1.51,tcgplayer
OP01-078,2026-05-25,1.79,tcgplayer
OP01-078,2026-06-01,2.52,tcgplayer
OP01-078,2026-06-08,2.35,tcgplayer
OP01-078,2026-06-15,2.05,tcgplayer
OP01-078,2026-06-22,1.94,tcgplayer
OP01-078,2026-06-29,2.00,tcgplayer
OP01-078,2026-07-06,2.21,tcgplayer
OP01-078,2026-07-13,1.98,tcgplayer
OP01-078,2026-07-20,1.96,tcgplayer
OP01-078,2026-07-27,1.82,tcgplayer
OP01-078,2026-08-03,1.72,tcgplayer
OP01-078,2026-08-10,1.69,tcgplayer
OP01-078,2026-08-17,1.57,tcgplayer
OP01-078,2026-08-24,1.51,tcgplayer
OP01-078,2026-08-31,1.45,tcgplayer
OP01-078,2026-09-05,1.50,limitless
OP01-078p1,2025-09-08,41.32,tcgplayer
OP01-078p1,2025-09-15,43.05,tcgplayer
OP01-078p1,2025-09-22,48.21,tcgplayer
OP01-078p1,2025-09-29,57.34,tcgplayer
OP01-078p1,2025-10-06,63.04,tcgplayer
OP01-078p1,2025-10-13,68.34,tcgplayer
OP01-078p1,2025-10-20,68.95,tcgplayer
OP01-078p1,2025-10-27,75.67,tcgplayer
OP01-078p1,2025-11-03,75.98,tcgplayer
OP01-078p1,2025-11-10,79.60,tcgplayer
OP01-078p1,2025-11-17,80.36,tcgplayer
OP01-078p1,2025-11-24,80.44,tcgplayer
OP01-078p1,2025-12-01,105.46,tcgplayer
OP01-078p1,2025-12-08,144.66,tcgplayer
OP01-078p1,2025-12-15,154.05,tcgplayer
OP01-078p1,2025-12-22,161.42,tcgplayer
OP01-078p1,2025-12-29,159.68,tcgplayer
OP01-078p1,2026-01-05,156.09,tcgplayer
OP01-078p1,2026-01-12,152.29,tcgplayer
OP01-078p1,2026-01-19,155.18,tcgplayer
OP01-078p1,2026-01-26,158.46,tcgplayer
OP01-078p1,2026-02-02,155.58,tcgplayer
OP01-078p1,2026-02-09,153.27,tcgplayer
OP01-078p1,2026-02-16,156.31,tcgplayer
OP01-078p1,2026-02-23,150.37,tcgplayer
OP01-078p1,2026-03-02,147.57,tcgplayer
OP01-078p1,2026-03-09,140.40,tcgplayer
OP01-078p1,2026-03-16,133.94,tcgplayer
OP01-078p1,2026-03-23,123.12,tcgplayer
OP01-078p1,2026-03-30,117.27,tcgplayer
OP01-078p1,2026-04-06,115.15,tcgplayer
OP01-078p1,2026-04-13,115.91,tcgplayer
OP01-078p1,2026-04-20,116.37,tcgplayer
OP01-078p1,2026-04-27,114.80,tcgplayer
OP01-078p1,2026-05-04,115.06,tcgplayer
OP01-078p1,2026-05-11,118.70,tcgplayer
OP01-078p1,2026-05-18,119.37,tcgplayer
OP01-078p1,2026-05-25,119.45,tcgplayer
OP01-078p1,2026-06-01,121.32,tcgplayer
OP01-078p1,2026-06-08,128.25,tcgplayer
OP01-078p1,2026-06-15,138.60,tcgplayer
OP01-078p1,2026-06-22,150.68,tcgplayer
OP01-078p1,2026-06-29,154.38,tcgplayer
OP01-078p1,2026-07-06,161.82,tcgplayer
OP01-078p1,2026-07-13,163.37,tcgplayer
OP01-078p1,2026-07-20,166.47,tcgplayer
OP01-078p1,2026-07-27,166.47,tcgplayer
OP01-078p1,2026-08-03,167.59,tcgplayer
OP01-078p1,2026-08-10,167.59,tcgplayer
OP01-078p1,2026-08-17,167.97,tcgplayer
OP01-078p1,2026-08-24,168.29,tcgplayer
OP01-078p1,2026-08-31,164.39,tcgplayer
OP01-078p1,2026-09-05,164.39,limitless
OP01-079,2025-09-08,0.32,tcgplayer
OP01-079,2025-09-15,0.35,tcgplayer
OP01-079,2025-09-22,0.45,tcgplayer
OP01-079,2025-09-29,0.48,tcgplayer
OP01-079,2025-10-06,0.36,tcgplayer
OP01-079,2025-10-13,0.48,tcgplayer
OP01-079,2025-10-20,0.55,tcgplayer
OP01-079,2025-10-27,0.54,tcgplayer
OP01-079,2025-11-03,0.55,tcgplayer
OP01-079,2025-11-10,0.50,tcgplayer
OP01-079,2025-11-17,0.35,tcgplayer
OP01-079,2025-11-24,0.36,tcgplayer
OP01-079,2025-12-01,0.39,tcgplayer
OP01-079,2025-12-08,0.42,tcgplayer
OP01-079,2025-12-15,0.41,tcgplayer
OP01-079,2025-12-22,0.40,tcgplayer
OP01-079,2025-12-29,0.49,tcgplayer
OP01-079,2026-01-05,0.44,tcgplayer
OP01-079,2026-01-12,0.50,tcgplayer
OP01-079,2026-01-19,0.65,tcgplayer
OP01-079,2026-01-26,0.59,tcgplayer
OP01-079,2026-02-02,0.58,tcgplayer
OP01-079,2026-02-09,0.75,tcgplayer
OP01-079,2026-02-16,0.85,tcgplayer
OP01-079,2026-02-23,0.97,tcgplayer
OP01-079,2026-03-02,0.91,tcgplayer
OP01-079,2026-03-09,0.78,tcgplayer
OP01-079,2026-03-16,0.72,tcgplayer
OP01-079,2026-03-23,0.85,tcgplayer
OP01-079,2026-03-30,0.90,tcgplayer
OP01-079,2026-04-06,0.79,tcgplayer
OP01-079,2026-04-13,0.77,tcgplayer
OP01-079,2026-04-20,0.78,tcgplayer
OP01-079,2026-04-27,0.83,tcgplayer
OP01-079,2026-05-04,0.85,tcgplayer
OP01-079,2026-05-11,0.73,tcgplayer
OP01-079,2026-05-18,1.38,tcgplayer
OP01-079,2026-05-25,1.03,tcgplayer
OP01-079,2026-06-01,1.04,tcgplayer
OP01-079,2026-06-08,1.09,tcgplayer
OP01-079,2026-06-15,1.54,tcgplayer
OP01-079,2026-06-22,1.58,tcgplayer
OP01-079,2026-06-29,1.56,tcgplayer
OP01-079,2026-07-06,1.26,tcgplayer
OP01-079,2026-07-13,1.23,tcgplayer
OP01-079,2026-07-20,1.41,tcgplayer
OP01-079,2026-07-27,1.45,tcgplayer
OP01-079,2026-08-03,1.48,tcgplayer
OP01-079,2026-08-10,1.42,tcgplayer
OP01-079,2026-08-17,1.46,tcgplayer
OP01-079,2026-08-24,1.43,tcgplayer
OP01-079,2026-08-31,1.27,tcgplayer
OP01-079,2026-09-05,1.21,limitless
OP01-080,2025-09-08,0.08,tcgplayer
OP01-080,2025-09-15,0.08,tcgplayer
OP01-080,2025-09-22,0.06,tcgplayer
OP01-080,2025-09-29,0.07,tcgplayer
OP01-080,2025-10-06,0.07,tcgplayer
OP01-080,2025-10-13,0.07,tcgplayer
OP01-080,2025-10-20,0.07,tcgplayer
OP01-080,2025-10-27,0.07,tcgplayer
OP01-080,2025-11-03,0.10,tcgplayer
OP01-080,2025-11-10,0.11,tcgplayer
OP01-080,2025-11-17,0.11,tcgplayer
OP01-080,2025-11-24,0.09,tcgplayer
OP01-080,2025-12-01,0.07,tcgplayer
OP01-080,2025-12-08,0.07,tcgplayer
OP01-080,2025-12-15,0.07,tcgplayer
OP01-080,2025-12-22,0.07,tcgplayer
OP01-080,2025-12-29,0.07,tcgplayer
OP01-080,2026-01-05,0.07,tcgplayer
OP01-080,2026-01-12,0.10,tcgplayer
OP01-080,2026-01-19,0.06,tcgplayer
OP01-080,2026-01-26,0.07,tcgplayer
OP01-080,2026-02-02,0.06,tcgplayer
OP01-080,2026-02-09,0.07,tcgplayer
OP01-080,2026-02-16,0.08,tcgplayer
OP01-080,2026-02-23,0.09,tcgplayer
OP01-080,2026-03-02,0.08,tcgplayer
OP01-080,2026-03-09,0.07,tcgplayer
OP01-080,2026-03-16,0.06,tcgplayer
OP01-080,2026-03-23,0.09,tcgplayer
OP01-080,2026-03-30,0.10,tcgplayer
OP01-080,2026-04-06,0.10,tcgplayer
OP01-080,2026-04-13,0.09,tcgplayer
OP01-080,2026-04-20,0.09,tcgplayer
OP01-080,2026-04-27,0.10,tcgplayer
OP01-080,2026-05-04,0.08,tcgplayer
OP01-080,2026-05-11,0.08,tcgplayer
OP01-080,2026-05-18,0.08,tcgplayer
OP01-080,2026-05-25,0.07,tcgplayer
OP01-080,2026-06-01,0.07,tcgplayer
OP01-080,2026-06-08,0.07,tcgplayer
OP01-080,2026-06-15,0.07,tcgplayer
OP01-080,2026-06-22,0.08,tcgplayer
OP01-080,2026-06-29,0.08,tcgplayer
OP01-080,2026-07-06,0.08,tcgplayer
OP01-080,2026-07-13,0.09,tcgplayer
OP01-080,2026-07-20,0.09,tcgplayer
OP01-080,2026-07-27,0.08,tcgplayer
OP01-080,2026-08-03,0.09,tcgplayer
OP01-080,2026-08-10,0.10,tcgplayer
OP01-080,2026-08-17,0.09,tcgplayer
OP01-080,2026-08-24,0.09,tcgplayer
OP01-080,2026-08-31,0.10,tcgplayer
OP01-080,2026-09-05,0.12,limitless
OP01-081,2025-09-08,0.05,tcgplayer
OP01-081,2025-09-15,0.05,tcgplayer
OP01-081,2025-09-22,0.05,tcgplayer
OP01-081,2025-09-29,0.05,tcgplayer
OP01-081,2025-10-06,0.06,tcgplayer
OP01-081,2025-10-13,0.06,tcgplayer
OP01-081,2025-10-20,0.06,tcgplayer
OP01-081,2025-10-27,0.06,tcgplayer
OP01-081,2025-11-03,0.08,tcgplayer
OP01-081,2025-11-10,0.09,tcgplayer
OP01-081,2025-11-17,0.09,tcgplayer
OP01-081,2025-11-24,0.10,tcgplayer
OP01-081,2025-12-01,0.07,tcgplayer
OP01-081,2025-12-08,0.07,tcgplayer
OP01-081,2025-12-15,0.06,tcgplayer
OP01-081,2025-12-22,0.06,tcgplayer
OP01-081,2025-12-29,0.05,tcgplayer
OP01-081,2026-01-05,0.05,tcgplayer
OP01-081,2026-01-12,0.05,tcgplayer
OP01-081,2026-01-19,0.05,tcgplayer
OP01-081,2026-01-26,0.04,tcgplayer
OP01-081,2026-02-02,0.04,tcgplayer
OP01-081,2026-02-09,0.04,tcgplayer
OP01-081,2026-02-16,0.04,tcgplayer
OP01-081,2026-02-23,0.04,tcgplayer
OP01-081,2026-03-02,0.04,tcgplayer
OP01-081,2026-03-09,0.05,tcgplayer
OP01-081,2026-03-16,0.05,tcgplayer
OP01-081,2026-03-23,0.06,tcgplayer
OP01-081,2026-03-30,0.07,tcgplayer
OP01-081,2026-04-06,0.07,tcgplayer
OP01-081,2026-04-13,0.06,tcgplayer
OP01-081,2026-04-20,0.08,tcgplayer
OP01-081,2026-04-27,0.08,tcgplayer
OP01-081,2026-05-04,0.07,tcgplayer
OP01-081,2026-05-11,0.07,tcgplayer
OP01-081,2026-05-18,0.07,tcgplayer
OP01-081,2026-05-25,0.06,tcgplayer
OP01-081,2026-06-01,0.07,tcgplayer
OP01-081,2026-06-08,0.06,tcgplayer
OP01-081,2026-06-15,0.06,tcgplayer
OP01-081,2026-06-22,0.05,tcgplayer
OP01-081,2026-06-29,0.05,tcgplayer
OP01-081,2026-07-06,0.06,tcgplayer
OP01-081,2026-07-13,0.06,tcgplayer
OP01-081,2026-07-20,0.06,tcgplayer
OP01-081,2026-07-27,0.07,tcgplayer
OP01-081,2026-08-03,0.07,tcgplayer
OP01-081,2026-08-10,0.08,tcgplayer
OP01-081,2026-08-17,0.08,tcgplayer
OP01-081,2026-08-24,0.08,tcgplayer
OP01-081,2026-08-31,0.08,tcgplayer
OP01-081,2026-09-05,0.08,limitless
OP01-082,2025-09-08,0.11,tcgplayer
OP01-082,2025-09-15,0.11,tcgplayer
OP01-082,2025-09-22,0.11,tcgplayer
OP01-082,2025-09-29,0.11,tcgplayer
OP01-082,2025-10-06,0.11,tcgplayer
OP01-082,2025-10-13,0.09,tcgplayer
OP01-082,2025-10-20,0.10,tcgplayer
OP01-082,2025-10-27,0.09,tcgplayer
OP01-082,2025-11-03,0.11,tcgplayer
OP01-082,2025-11-10,0.14,tcgplayer
OP01-082,2025-11-17,0.14,tcgplayer
OP01-082,2025-11-24,0.13,tcgplayer
OP01-082,2025-12-01,0.12,tcgplayer
OP01-082,2025-12-08,0.11,tcgplayer
OP01-082,2025-12-15,0.09,tcgplayer
OP01-082,2025-12-22,0.08,tcgplayer
OP01-082,2025-12-29,0.08,tcgplayer
OP01-082,2026-01-05,0.07,tcgplayer
OP01-082,2026-01-12,0.07,tcgplayer
OP01-082,2026-01-19,0.10,tcgplayer
OP01-082,2026-01-26,0.10,tcgplayer
OP01-082,2026-02-02,0.11,tcgplayer
OP01-082,2026-02-09,0.13,tcgplayer
OP01-082,2026-02-16,0.11,tcgplayer
OP01-082,2026-02-23,0.11,tcgplayer
OP01-082,2026-03-02,0.13,tcgplayer
OP01-082,2026-03-09,0.12,tcgplayer
OP01-082,2026-03-16,0.12,tcgplayer
OP01-082,2026-03-23,0.10,tcgplayer
OP01-082,2026-03-30,0.11,tcgplayer
OP01-082,2026-04-06,0.11,tcgplayer
OP01-082,2026-04-13,0.10,tcgplayer
OP01-082,2026-04-20,0.09,tcgplayer
OP01-082,2026-04-27,0.09,tcgplayer
OP01-082,2026-05-04,0.08,tcgplayer
OP01-082,2026-05-11,0.08,tcgplayer
OP01-082,2026-05-18,0.08,tcgplayer
OP01-082,2026-05-25,0.10,tcgplayer
OP01-082,2026-06-01,0.10,tcgplayer
OP01-082,2026-06-08,0.10,tcgplayer
OP01-082,2026-06-15,0.10,tcgplayer
OP01-082,2026-06-22,0.11,tcgplayer
OP01-082,2026-06-29,0.12,tcgplayer
OP01-082,2026-07-06,0.11,tcgplayer
OP01-082,2026-07-13,0.10,tcgplayer
OP01-082,2026-07-20,0.11,tcgplayer
OP01-082,2026-07-27,0.10,tcgplayer
OP01-082,2026-08-03,0.10,tcgplayer
OP01-082,2026-08-10,0.10,tcgplayer
OP01-082,2026-08-17,0.10,tcgplayer
OP01-082,2026-08-24,0.11,tcgplayer
OP01-082,2026-08-31,0.12,tcgplayer
OP01-082,2026-09-05,0.14,limitless
OP01-083,2025-09-08,0.07,tcgplayer
OP01-083,2025-09-15,0.08,tcgplayer
OP01-083,2025-09-22,0.07,tcgplayer
OP01-083,2025-09-29,0.07,tcgplayer
OP01-083,2025-10-06,0.07,tcgplayer
OP01-083,2025-10-13,0.07,tcgplayer
OP01-083,2025-10-20,0.07,tcgplayer
OP01-083,2025-10-27,0.07,tcgplayer
OP01-083,2025-11-03,0.09,tcgplayer
OP01-083,2025-11-10,0.12,tcgplayer
OP01-083,2025-11-17,0.12,tcgplayer
OP01-083,2025-11-24,0.13,tcgplayer
OP01-083,2025-12-01,0.10,tcgplayer
OP01-083,2025-12-08,0.11,tcgplayer
OP01-083,2025-12-15,0.11,tcgplayer
OP01-083,2025-12-22,0.09,tcgplayer
OP01-083,2025-12-29,0.09,tcgplayer
OP01-083,2026-01-05,0.08,tcgplayer
OP01-083,2026-01-12,0.10,tcgplayer
OP01-083,2026-01-19,0.11,tcgplayer
OP01-083,2026-01-26,0.11,tcgplayer
OP01-083,2026-02-02,0.11,tcgplayer
OP01-083,2026-02-09,0.10,tcgplayer
OP01-083,2026-02-16,0.08,tcgplayer
OP01-083,2026-02-23,0.08,tcgplayer
OP01-083,2026-03-02,0.08,tcgplayer
OP01-083,2026-03-09,0.09,tcgplayer
OP01-083,2026-03-16,0.08,tcgplayer
OP01-083,2026-03-23,0.10,tcgplayer
OP01-083,2026-03-30,0.10,tcgplayer
OP01-083,2026-04-06,0.09,tcgplayer
OP01-083,2026-04-13,0.09,tcgplayer
OP01-083,2026-04-20,0.08,tcgplayer
OP01-083,2026-04-27,0.07,tcgplayer
OP01-083,2026-05-04,0.06,tcgplayer
OP01-083,2026-05-11,0.06,tcgplayer
OP01-083,2026-05-18,0.07,tcgplayer
OP01-083,2026-05-25,0.07,tcgplayer
OP01-083,2026-06-01,0.06,tcgplayer
OP01-083,2026-06-08,0.07,tcgplayer
OP01-083,2026-06-15,0.08,tcgplayer
OP01-083,2026-06-22,0.09,tcgplayer
OP01-083,2026-06-29,0.10,tcgplayer
OP01-083,2026-07-06,0.09,tcgplayer
OP01-083,2026-07-13,0.10,tcgplayer
OP01-083,2026-07-20,0.10,tcgplayer
OP01-083,2026-07-27,0.10,tcgplayer
OP01-083,2026-08-03,0.10,tcgplayer
OP01-083,2026-08-10,0.10,tcgplayer
OP01-083,2026-08-17,0.09,tcgplayer
OP01-083,2026-08-24,0.09,tcgplayer
OP01-083,2026-08-31,0.10,tcgplayer
OP01-083,2026-09-05,0.10,limitless
OP01-084,2025-09-08,0.13,tcgplayer
OP01-084,2025-09-15,0.14,tcgplayer
OP01-084,2025-09-22,0.14,tcgplayer
OP01-084,2025-09-29,0.13,tcgplayer
OP01-084,2025-10-06,0.13,tcgplayer
OP01-084,2025-10-13,0.13,tcgplayer
OP01-084,2025-10-20,0.13,tcgplayer
OP01-084,2025-10-27,0.13,tcgplayer
OP01-084,2025-11-03,0.15,tcgplayer
OP01-084,2025-11-10,0.15,tcgplayer
OP01-084,2025-11-17,0.15,tcgplayer
OP01-084,2025-11-24,0.14,tcgplayer
OP01-084,2025-12-01,0.13,tcgplayer
OP01-084,2025-12-08,0.14,tcgplayer
OP01-084,2025-12-15,0.13,tcgplayer
OP01-084,2025-12-22,0.14,tcgplayer
OP01-084,2025-12-29,0.15,tcgplayer
OP01-084,2026-01-05,0.16,tcgplayer
OP01-084,2026-01-12,0.16,tcgplayer
OP01-084,2026-01-19,0.14,tcgplayer
OP01-084,2026-01-26,0.13,tcgplayer
OP01-084,2026-02-02,0.13,tcgplayer
OP01-084,2026-02-09,0.14,tcgplayer
OP01-084,2026-02-16,0.15,tcgplayer
OP01-084,2026-02-23,0.16,tcgplayer
OP01-084,2026-03-02,0.16,tcgplayer
OP01-084,2026-03-09,0.15,tcgplayer
OP01-084,2026-03-16,0.14,tcgplayer
OP01-084,2026-03-23,0.18,tcgplayer
OP01-084,2026-03-30,0.18,tcgplayer
OP01-084,2026-04-06,0.19,tcgplayer
OP01-084,2026-04-13,0.16,tcgplayer
OP01-084,2026-04-20,0.16,tcgplayer
OP01-084,2026-04-27,0.16,tcgplayer
OP01-084,2026-05-04,0.14,tcgplayer
OP01-084,2026-05-11,0.13,tcgplayer
OP01-084,2026-05-18,0.12,tcgplayer
OP01-084,2026-05-25,0.13,tcgplayer
OP01-084,2026-06-01,0.12,tcgplayer
OP01-084,2026-06-08,0.11,tcgplayer
OP01-084,2026-06-15,0.11,tcgplayer
OP01-084,2026-06-22,0.12,tcgplayer
OP01-084,2026-06-29,0.12,tcgplayer
OP01-084,2026-07-06,0.14,tcgplayer
OP01-084,2026-07-13,0.16,tcgplayer
OP01-084,2026-07-20,0.17,tcgplayer
OP01-084,2026-07-27,0.17,tcgplayer
OP01-084,2026-08-03,0.17,tcgplayer
OP01-084,2026-08-10,0.18,tcgplayer
OP01-084,2026-08-17,0.16,tcgplayer
OP01-084,2026-08-24,0.16,tcgplayer
OP01-084,2026-08-31,0.17,tcgplayer
OP01-084,2026-09-05,0.17,limitless
OP01-085,2025-09-08,0.08,tcgplayer
OP01-085,2025-09-15,0.09,tcgplayer
OP01-085,2025-09-22,0.08,tcgplayer
OP01-085,2025-09-29,0.08,tcgplayer
OP01-085,2025-10-06,0.07,tcgplayer
OP01-085,2025-10-13,0.08,tcgplayer
OP01-085,2025-10-20,0.08,tcgplayer
OP01-085,2025-10-27,0.08,tcgplayer
OP01-085,2025-11-03,0.08,tcgplayer
OP01-085,2025-11-10,0.08,tcgplayer
OP01-085,2025-11-17,0.08,tcgplayer
OP01-085,2025-11-24,0.09,tcgplayer
OP01-085,2025-12-01,0.07,tcgplayer
OP01-085,2025-12-08,0.08,tcgplayer
OP01-085,2025-12-15,0.08,tcgplayer
OP01-085,2025-12-22,0.08,tcgplayer
OP01-085,2025-12-29,0.14,tcgplayer
OP01-085,2026-01-05,0.14,tcgplayer
OP01-085,2026-01-12,0.14,tcgplayer
OP01-085,2026-01-19,0.14,tcgplayer
OP01-085,2026-01-26,0.18,tcgplayer
OP01-085,2026-02-02,0.13,tcgplayer
OP01-085,2026-02-09,0.13,tcgplayer
OP01-085,2026-02-16,0.13,tcgplayer
OP01-085,2026-02-23,0.10,tcgplayer
OP01-085,2026-03-02,0.10,tcgplayer
OP01-085,2026-03-09,0.11,tcgplayer
OP01-085,2026-03-16,0.11,tcgplayer
OP01-085,2026-03-23,0.13,tcgplayer
OP01-085,2026-03-30,0.12,tcgplayer
OP01-085,2026-04-06,0.11,tcgplayer
OP01-085,2026-04-13,0.10,tcgplayer
OP01-085,2026-04-20,0.10,tcgplayer
OP01-085,2026-04-27,0.09,tcgplayer
OP01-085,2026-05-04,0.09,tcgplayer
OP01-085,2026-05-11,0.08,tcgplayer
OP01-085,2026-05-18,0.08,tcgplayer
OP01-085,2026-05-25,0.07,tcgplayer
OP01-085,2026-06-01,0.08,tcgplayer
OP01-085,2026-06-08,0.09,tcgplayer
OP01-085,2026-06-15,0.08,tcgplayer
OP01-085,2026-06-22,0.09,tcgplayer
OP01-085,2026-06-29,0.09,tcgplayer
OP01-085,2026-07-06,0.08,tcgplayer
OP01-085,2026-07-13,0.08,tcgplayer
OP01-085,2026-07-20,0.09,tcgplayer
OP01-085,2026-07-27,0.09,tcgplayer
OP01-085,2026-08-03,0.09,tcgplayer
OP01-085,2026-08-10,0.10,tcgplayer
OP01-085,2026-08-17,0.10,tcgplayer
OP01-085,2026-08-24,0.10,tcgplayer
OP01-085,2026-08-31,0.11,tcgplayer
OP01-085,2026-09-05,0.12,limitless
OP01-086,2025-09-08,0.17,tcgplayer
OP01-086,2025-09-15,0.15,tcgplayer
OP01-086,2025-09-22,0.16,tcgplayer
OP01-086,2025-09-29,0.20,tcgplayer
OP01-086,2025-10-06,0.20,tcgplayer
OP01-086,2025-10-13,0.21,tcgplayer
OP01-086,2025-10-20,0.19,tcgplayer
OP01-086,2025-10-27,0.18,tcgplayer
OP01-086,2025-11-03,0.14,tcgplayer
OP01-086,2025-11-10,0.16,tcgplayer
OP01-086,2025-11-17,0.13,tcgplayer
OP01-086,2025-11-24,0.16,tcgplayer
OP01-086,2025-12-01,0.16,tcgplayer
OP01-086,2025-12-08,0.15,tcgplayer
OP01-086,2025-12-15,0.17,tcgplayer
OP01-086,2025-12-22,0.17,tcgplayer
OP01-086,2025-12-29,0.18,tcgplayer
OP01-086,2026-01-05,0.15,tcgplayer
OP01-086,2026-01-12,0.15,tcgplayer
OP01-086,2026-01-19,0.15,tcgplayer
OP01-086,2026-01-26,0.16,tcgplayer
OP01-086,2026-02-02,0.18,tcgplayer
OP01-086,2026-02-09,0.19,tcgplayer
OP01-086,2026-02-16,0.19,tcgplayer
OP01-086,2026-02-23,0.19,tcgplayer
OP01-086,2026-03-02,0.19,tcgplayer
OP01-086,2026-03-09,0.22,tcgplayer
OP01-086,2026-03-16,0.21,tcgplayer
OP01-086,2026-03-23,0.21,tcgplayer
OP01-086,2026-03-30,0.20,tcgplayer
OP01-086,2026-04-06,0.20,tcgplayer
OP01-086,2026-04-13,0.20,tcgplayer
OP01-086,2026-04-20,0.16,tcgplayer
OP01-086,2026-04-27,0.15,tcgplayer
OP01-086,2026-05-04,0.15,tcgplayer
OP01-086,2026-05-11,0.16,tcgplayer
OP01-086,2026-05-18,0.16,tcgplayer
OP01-086,2026-05-25,0.17,tcgplayer
OP01-086,2026-06-01,0.18,tcgplayer
OP01-086,2026-06-08,0.19,tcgplayer
OP01-086,2026-06-15,0.19,tcgplayer
OP01-086,2026-06-22,0.19,tcgplayer
OP01-086,2026-06-29,0.19,tcgplayer
OP01-086,2026-07-06,0.18,tcgplayer
OP01-086,2026-07-13,0.20,tcgplayer
OP01-086,2026-07-20,0.19,tcgplayer
OP01-086,2026-07-27,0.16,tcgplayer
OP01-086,2026-08-03,0.16,tcgplayer
OP01-086,2026-08-10,0.16,tcgplayer
OP01-086,2026-08-17,0.17,tcgplayer
OP01-086,2026-08-24,0.15,tcgplayer
OP01-086,2026-08-31,0.15,tcgplayer
OP01-086,2026-09-05,0.15,limitless
OP01-087,2025-09-08,0.04,tcgplayer
OP01-087,2025-09-15,0.05,tcgplayer
OP01-087,2025-09-22,0.05,tcgplayer
OP01-087,2025-09-29,0.05,tcgplayer
OP01-087,2025-10-06,0.06,tcgplayer
OP01-087,2025-10-13,0.06,tcgplayer
OP01-087,2025-10-20,0.06,tcgplayer
OP01-087,2025-10-27,0.07,tcgplayer
OP01-087,2025-11-03,0.10,tcgplayer
OP01-087,2025-11-10,0.11,tcgplayer
OP01-087,2025-11-17,0.10,tcgplayer
OP01-087,2025-11-24,0.07,tcgplayer
OP01-087,2025-12-01,0.07,tcgplayer
OP01-087,2025-12-08,0.06,tcgplayer
OP01-087,2025-12-15,0.08,tcgplayer
OP01-087,2025-12-22,0.06,tcgplayer
OP01-087,2025-12-29,0.06,tcgplayer
OP01-087,2026-01-05,0.06,tcgplayer
OP01-087,2026-01-12,0.06,tcgplayer
OP01-087,2026-01-19,0.06,tcgplayer
OP01-087,2026-01-26,0.07,tcgplayer
OP01-087,2026-02-02,0.07,tcgplayer
OP01-087,2026-02-09,0.07,tcgplayer
OP01-087,2026-02-16,0.07,tcgplayer
OP01-087,2026-02-23,0.07,tcgplayer
OP01-087,2026-03-02,0.08,tcgplayer
OP01-087,2026-03-09,0.08,tcgplayer
OP01-087,2026-03-16,0.06,tcgplayer
OP01-087,2026-03-23,0.08,tcgplayer
OP01-087,2026-03-30,0.09,tcgplayer
OP01-087,2026-04-06,0.10,tcgplayer
OP01-087,2026-04-13,0.10,tcgplayer
OP01-087,2026-04-20,0.10,tcgplayer
OP01-087,2026-04-27,0.08,tcgplayer
OP01-087,2026-05-04,0.06,tcgplayer
OP01-087,2026-05-11,0.05,tcgplayer
OP01-087,2026-05-18,0.05,tcgplayer
OP01-087,2026-05-25,0.05,tcgplayer
OP01-087,2026-06-01,0.05,tcgplayer
OP01-087,2026-06-08,0.12,tcgplayer
OP01-087,2026-06-15,0.12,tcgplayer
OP01-087,2026-06-22,0.13,tcgplayer
OP01-087,2026-06-29,0.13,tcgplayer
OP01-087,2026-07-06,0.14,tcgplayer
OP01-087,2026-07-13,0.09,tcgplayer
OP01-087,2026-07-20,0.11,tcgplayer
OP01-087,2026-07-27,0.12,tcgplayer
OP01-087,2026-08-03,0.11,tcgplayer
OP01-087,2026-08-10,0.10,tcgplayer
OP01-087,2026-08-17,0.09,tcgplayer
OP01-087,2026-08-24,0.08,tcgplayer
OP01-087,2026-08-31,0.11,tcgplayer
OP01-087,2026-09-05,0.12,limitless
OP01-088,2025-09-08,0.81,tcgplayer
OP01-088,2025-09-15,0.82,tcgplayer
OP01-088,2025-09-22,0.77,tcgplayer
OP01-088,2025-09-29,0.82,tcgplayer
OP01-088,2025-10-06,0.77,tcgplayer
OP01-088,2025-10-13,0.68,tcgplayer
OP01-088,2025-10-20,0.71,tcgplayer
OP01-088,2025-10-27,0.68,tcgplayer
OP01-088,2025-11-03,0.61,tcgplayer
OP01-088,2025-11-10,0.64,tcgplayer
OP01-088,2025-11-17,0.60,tcgplayer
OP01-088,2025-11-24,0.52,tcgplayer
OP01-088,2025-12-01,0.55,tcgplayer
OP01-088,2025-12-08,0.61,tcgplayer
OP01-088,2025-12-15,0.64,tcgplayer
OP01-088,2025-12-22,0.63,tcgplayer
OP01-088,2025-12-29,0.58,tcgplayer
OP01-088,2026-01-05,0.54,tcgplayer
OP01-088,2026-01-12,0.51,tcgplayer
OP01-088,2026-01-19,0.49,tcgplayer
OP01-088,2026-01-26,0.53,tcgplayer
OP01-088,2026-02-02,0.51,tcgplayer
OP01-088,2026-02-09,0.48,tcgplayer
OP01-088,2026-02-16,0.49,tcgplayer
OP01-088,2026-02-23,0.49,tcgplayer
OP01-088,2026-03-02,0.47,tcgplayer
OP01-088,2026-03-09,0.40,tcgplayer
OP01-088,2026-03-16,0.38,tcgplayer
OP01-088,2026-03-23,0.37,tcgplayer
OP01-088,2026-03-30,0.36,tcgplayer
OP01-088,2026-04-06,0.32,tcgplayer
OP01-088,2026-04-13,0.30,tcgplayer
OP01-088,2026-04-20,0.29,tcgplayer
OP01-088,2026-04-27,0.40,tcgplayer
OP01-088,2026-05-04,0.43,tcgplayer
OP01-088,2026-05-11,0.45,tcgplayer
OP01-088,2026-05-18,0.41,tcgplayer
OP01-088,2026-05-25,0.43,tcgplayer
OP01-088,2026-06-01,0.44,tcgplayer
OP01-088,2026-06-08,0.38,tcgplayer
OP01-088,2026-06-15,0.39,tcgplayer
OP01-088,2026-06-22,0.38,tcgplayer
OP01-088,2026-06-29,0.38,tcgplayer
OP01-088,2026-07-06,0.38,tcgplayer
OP01-088,2026-07-13,0.36,tcgplayer
OP01-088,2026-07-20,0.36,tcgplayer
OP01-088,2026-07-27,0.32,tcgplayer
OP01-088,2026-08-03,0.32,tcgplayer
OP01-088,2026-08-10,0.32,tcgplayer
OP01-088,2026-08-17,0.35,tcgplayer
OP01-088,2026-08-24,0.34,tcgplayer
OP01-088,2026-08-31,0.31,tcgplayer
OP01-088,2026-09-05,0.32,limitless
OP01-089,2025-09-08,0.06,tcgplayer
OP01-089,2025-09-15,0.07,tcgplayer
OP01-089,2025-09-22,0.08,tcgplayer
OP01-089,2025-09-29,0.08,tcgplayer
OP01-089,2025-10-06,0.09,tcgplayer
OP01-089,2025-10-13,0.09,tcgplayer
OP01-089,2025-10-20,0.09,tcgplayer
OP01-089,2025-10-27,0.09,tcgplayer
OP01-089,2025-11-03,0.12,tcgplayer
OP01-089,2025-11-10,0.14,tcgplayer
OP01-089,2025-11-17,0.14,tcgplayer
OP01-089,2025-11-24,0.12,tcgplayer
OP01-089,2025-12-01,0.10,tcgplayer
OP01-089,2025-12-08,0.10,tcgplayer
OP01-089,2025-12-15,0.08,tcgplayer
OP01-089,2025-12-22,0.07,tcgplayer
OP01-089,2025-12-29,0.06,tcgplayer
OP01-089,2026-01-05,0.06,tcgplayer
OP01-089,2026-01-12,0.07,tcgplayer
OP01-089,2026-01-19,0.07,tcgplayer
OP01-089,2026-01-26,0.08,tcgplayer
OP01-089,2026-02-02,0.08,tcgplayer
OP01-089,2026-02-09,0.09,tcgplayer
OP01-089,2026-02-16,0.08,tcgplayer
OP01-089,2026-02-23,0.09,tcgplayer
OP01-089,2026-03-02,0.07,tcgplayer
OP01-089,2026-03-09,0.07,tcgplayer
OP01-089,2026-03-16,0.08,tcgplayer
OP01-089,2026-03-23,0.09,tcgplayer
OP01-089,2026-03-30,0.09,tcgplayer
OP01-089,2026-04-06,0.09,tcgplayer
OP01-089,2026-04-13,0.08,tcgplayer
OP01-089,2026-04-20,0.08,tcgplayer
OP01-089,2026-04-27,0.07,tcgplayer
OP01-089,2026-05-04,0.07,tcgplayer
OP01-089,2026-05-11,0.07,tcgplayer
OP01-089,2026-05-18,0.06,tcgplayer
OP01-089,2026-05-25,0.06,tcgplayer
OP01-089,2026-06-01,0.06,tcgplayer
OP01-089,2026-06-08,0.07,tcgplayer
OP01-089,2026-06-15,0.07,tcgplayer
OP01-089,2026-06-22,0.07,tcgplayer
OP01-089,2026-06-29,0.07,tcgplayer
OP01-089,2026-07-06,0.08,tcgplayer
OP01-089,2026-07-13,0.07,tcgplayer
OP01-089,2026-07-20,0.08,tcgplayer
OP01-089,2026-07-27,0.08,tcgplayer
OP01-089,2026-08-03,0.10,tcgplayer
OP01-089,2026-08-10,0.10,tcgplayer
OP01-089,2026-08-17,0.10,tcgplayer
OP01-089,2026-08-24,0.09,tcgplayer
OP01-089,2026-08-31,0.10,tcgplayer
OP01-089,2026-09-05,0.10,limitless
OP01-090,2025-09-08,0.12,tcgplayer
OP01-090,2025-09-15,0.09,tcgplayer
OP01-090,2025-09-22,0.09,tcgplayer
OP01-090,2025-09-29,0.09,tcgplayer
OP01-090,2025-10-06,0.09,tcgplayer
OP01-090,2025-10-13,0.08,tcgplayer
OP01-090,2025-10-20,0.09,tcgplayer
OP01-090,2025-10-27,0.07,tcgplayer
OP01-090,2025-11-03,0.08,tcgplayer
OP01-090,2025-11-10,0.14,tcgplayer
OP01-090,2025-11-17,0.15,tcgplayer
OP01-090,2025-11-24,0.15,tcgplayer
OP01-090,2025-12-01,0.13,tcgplayer
OP01-090,2025-12-08,0.15,tcgplayer
OP01-090,2025-12-15,0.14,tcgplayer
OP01-090,2025-12-22,0.12,tcgplayer
OP01-090,2025-12-29,0.10,tcgplayer
OP01-090,2026-01-05,0.10,tcgplayer
OP01-090,2026-01-12,0.12,tcgplayer
OP01-090,2026-01-19,0.12,tcgplayer
OP01-090,2026-01-26,0.14,tcgplayer
OP01-090,2026-02-02,0.12,tcgplayer
OP01-090,2026-02-09,0.13,tcgplayer
OP01-090,2026-02-16,0.11,tcgplayer
OP01-090,2026-02-23,0.10,tcgplayer
OP01-090,2026-03-02,0.11,tcgplayer
OP01-090,2026-03-09,0.11,tcgplayer
OP01-090,2026-03-16,0.13,tcgplayer
OP01-090,2026-03-23,0.15,tcgplayer
OP01-090,2026-03-30,0.16,tcgplayer
OP01-090,2026-04-06,0.15,tcgplayer
OP01-090,2026-04-13,0.15,tcgplayer
OP01-090,2026-04-20,0.11,tcgplayer
OP01-090,2026-04-27,0.11,tcgplayer
OP01-090,2026-05-04,0.09,tcgplayer
OP01-090,2026-05-11,0.10,tcgplayer
OP01-090,2026-05-18,0.09,tcgplayer
OP01-090,2026-05-25,0.12,tcgplayer
OP01-090,2026-06-01,0.11,tcgplayer
OP01-090,2026-06-08,0.12,tcgplayer
OP01-090,2026-06-15,0.12,tcgplayer
OP01-090,2026-06-22,0.13,tcgplayer
OP01-090,2026-06-29,0.11,tcgplayer
OP01-090,2026-07-06,0.13,tcgplayer
OP01-090,2026-07-13,0.13,tcgplayer
OP01-090,2026-07-20,0.15,tcgplayer
OP01-090,2026-07-27,0.15,tcgplayer
OP01-090,2026-08-03,0.15,tcgplayer
OP01-090,2026-08-10,0.15,tcgplayer
OP01-090,2026-08-17,0.15,tcgplayer
OP01-090,2026-08-24,0.13,tcgplayer
OP01-090,2026-08-31,0.15,tcgplayer
OP01-090,2026-09-05,0.15,limitless
OP01-091,2025-09-08,0.19,tcgplayer
OP01-091,2025-09-15,0.18,tcgplayer
OP01-091,2025-09-22,0.19,tcgplayer
OP01-091,2025-09-29,0.19,tcgplayer
OP01-091,2025-10-06,0.19,tcgplayer
OP01-091,2025-10-13,0.19,tcgplayer
OP01-091,2025-10-20,0.20,tcgplayer
OP01-091,2025-10-27,0.21,tcgplayer
OP01-091,2025-11-03,0.23,tcgplayer
OP01-091,2025-11-10,0.23,tcgplayer
OP01-091,2025-11-17,0.21,tcgplayer
OP01-091,2025-11-24,0.19,tcgplayer
OP01-091,2025-12-01,0.21,tcgplayer
OP01-091,2025-12-08,0.22,tcgplayer
OP01-091,2025-12-15,0.23,tcgplayer
OP01-091,2025-12-22,0.20,tcgplayer
OP01-091,2025-12-29,0.24,tcgplayer
OP01-091,2026-01-05,0.27,tcgplayer
OP01-091,2026-01-12,0.32,tcgplayer
OP01-091,2026-01-19,0.30,tcgplayer
OP01-091,2026-01-26,0.28,tcgplayer
OP01-091,2026-02-02,0.24,tcgplayer
OP01-091,2026-02-09,0.25,tcgplayer
OP01-091,2026-02-16,0.26,tcgplayer
OP01-091,2026-02-23,0.28,tcgplayer
OP01-091,2026-03-02,0.31,tcgplayer
OP01-091,2026-03-09,0.29,tcgplayer
OP01-091,2026-03-16,0.26,tcgplayer
OP01-091,2026-03-23,0.27,tcgplayer
OP01-091,2026-03-30,0.28,tcgplayer
OP01-091,2026-04-06,0.25,tcgplayer
OP01-091,2026-04-13,0.24,tcgplayer
OP01-091,2026-04-20,0.26,tcgplayer
OP01-091,2026-04-27,0.27,tcgplayer
OP01-091,2026-05-04,0.27,tcgplayer
OP01-091,2026-05-11,0.27,tcgplayer
OP01-091,2026-05-18,0.29,tcgplayer
OP01-091,2026-05-25,0.28,tcgplayer
OP01-091,2026-06-01,0.29,tcgplayer
OP01-091,2026-06-08,0.30,tcgplayer
OP01-091,2026-06-15,0.30,tcgplayer
OP01-091,2026-06-22,0.30,tcgplayer
OP01-091,2026-06-29,0.31,tcgplayer
OP01-091,2026-07-06,0.31,tcgplayer
OP01-091,2026-07-13,0.32,tcgplayer
OP01-091,2026-07-20,0.32,tcgplayer
OP01-091,2026-07-27,0.31,tcgplayer
OP01-091,2026-08-03,0.30,tcgplayer
OP01-091,2026-08-10,0.31,tcgplayer
OP01-091,2026-08-17,0.30,tcgplayer
OP01-091,2026-08-24,0.28,tcgplayer
OP01-091,2026-08-31,0.26,tcgplayer
OP01-091,2026-09-05,0.26,limitless
OP01-091p1,2025-09-08,40.22,tcgplayer
OP01-091p1,2025-09-15,40.01,tcgplayer
OP01-091p1,2025-09-22,39.73,tcgplayer
OP01-091p1,2025-09-29,39.34,tcgplayer
OP01-091p1,2025-10-06,39.35,tcgplayer
OP01-091p1,2025-10-13,39.31,tcgplayer
OP01-091p1,2025-10-20,39.41,tcgplayer
OP01-091p1,2025-10-27,39.29,tcgplayer
OP01-091p1,2025-11-03,39.08,tcgplayer
OP01-091p1,2025-11-10,38.99,tcgplayer
OP01-091p1,2025-11-17,38.94,tcgplayer
OP01-091p1,2025-11-24,42.65,tcgplayer
OP01-091p1,2025-12-01,87.43,tcgplayer
OP01-091p1,2025-12-08,104.55,tcgplayer
OP01-091p1,2025-12-15,104.55,tcgplayer
OP01-091p1,2025-12-22,115.03,tcgplayer
OP01-091p1,2025-12-29,120.43,tcgplayer
OP01-091p1,2026-01-05,128.52,tcgplayer
OP01-091p1,2026-01-12,142.04,tcgplayer
OP01-091p1,2026-01-19,148.28,tcgplayer
OP01-091p1,2026-01-26,148.16,tcgplayer
OP01-091p1,2026-02-02,146.20,tcgplayer
OP01-091p1,2026-02-09,144.32,tcgplayer
OP01-091p1,2026-02-16,138.17,tcgplayer
OP01-091p1,2026-02-23,136.89,tcgplayer
OP01-091p1,2026-03-02,129.70,tcgplayer
OP01-091p1,2026-03-09,126.06,tcgplayer
OP01-091p1,2026-03-16,119.63,tcgplayer
OP01-091p1,2026-03-23,115.29,tcgplayer
OP01-091p1,2026-03-30,115.29,tcgplayer
OP01-091p1,2026-04-06,112.33,tcgplayer
OP01-091p1,2026-04-13,108.67,tcgplayer
OP01-091p1,2026-04-20,105.14,tcgplayer
OP01-091p1,2026-04-27,102.98,tcgplayer
OP01-091p1,2026-05-04,95.01,tcgplayer
OP01-091p1,2026-05-11,92.25,tcgplayer
OP01-091p1,2026-05-18,90.39,tcgplayer
OP01-091p1,2026-05-25,90.61,tcgplayer
OP01-091p1,2026-06-01,89.92,tcgplayer
OP01-091p1,2026-06-08,89.04,tcgplayer
OP01-091p1,2026-06-15,88.61,tcgplayer
OP01-091p1,2026-06-22,88.60,tcgplayer
OP01-091p1,2026-06-29,89.20,tcgplayer
OP01-091p1,2026-07-06,89.69,tcgplayer
OP01-091p1,2026-07-13,90.59,tcgplayer
OP01-091p1,2026-07-20,90.69,tcgplayer
OP01-091p1,2026-07-27,90.25,tcgplayer
OP01-091p1,2026-08-03,90.57,tcgplayer
OP01-091p1,2026-08-10,90.57,tcgplayer
OP01-091p1,2026-08-17,88.64,tcgplayer
OP01-091p1,2026-08-24,86.49,tcgplayer
OP01-091p1,2026-08-31,84.41,tcgplayer
OP01-091p1,2026-09-05,84.96,limitless
OP01-092,2025-09-08,0.06,tcgplayer
OP01-092,2025-09-15,0.06,tcgplayer
OP01-092,2025-09-22,0.06,tcgplayer
OP01-092,2025-09-29,0.06,tcgplayer
OP01-092,2025-10-06,0.05,tcgplayer
OP01-092,2025-10-13,0.04,tcgplayer
OP01-092,2025-10-20,0.05,tcgplayer
OP01-092,2025-10-27,0.04,tcgplayer
OP01-092,2025-11-03,0.09,tcgplayer
OP01-092,2025-11-10,0.11,tcgplayer
OP01-092,2025-11-17,0.10,tcgplayer
OP01-092,2025-11-24,0.11,tcgplayer
OP01-092,2025-12-01,0.11,tcgplayer
OP01-092,2025-12-08,0.11,tcgplayer
OP01-092,2025-12-15,0.06,tcgplayer
OP01-092,2025-12-22,0.06,tcgplayer
OP01-092,2025-12-29,0.05,tcgplayer
OP01-092,2026-01-05,0.05,tcgplayer
OP01-092,2026-01-12,0.06,tcgplayer
OP01-092,2026-01-19,0.07,tcgplayer
OP01-092,2026-01-26,0.08,tcgplayer
OP01-092,2026-02-02,0.08,tcgplayer
OP01-092,2026-02-09,0.08,tcgplayer
OP01-092,2026-02-16,0.07,tcgplayer
OP01-092,2026-02-23,0.06,tcgplayer
OP01-092,2026-03-02,0.04,tcgplayer
OP01-092,2026-03-09,0.05,tcgplayer
OP01-092,2026-03-16,0.05,tcgplayer
OP01-092,2026-03-23,0.06,tcgplayer
OP01-092,2026-03-30,0.07,tcgplayer
OP01-092,2026-04-06,0.07,tcgplayer
OP01-092,2026-04-13,0.07,tcgplayer
OP01-092,2026-04-20,0.09,tcgplayer
OP01-092,2026-04-27,0.08,tcgplayer
OP01-092,2026-05-04,0.08,tcgplayer
OP01-092,2026-05-11,0.08,tcgplayer
OP01-092,2026-05-18,0.08,tcgplayer
OP01-092,2026-05-25,0.05,tcgplayer
OP01-092,2026-06-01,0.05,tcgplayer
OP01-092,2026-06-08,0.05,tcgplayer
OP01-092,2026-06-15,0.05,tcgplayer
OP01-092,2026-06-22,0.06,tcgplayer
OP01-092,2026-06-29,0.06,tcgplayer
OP01-092,2026-07-06,0.07,tcgplayer
OP01-092,2026-07-13,0.06,tcgplayer
OP01-092,2026-07-20,0.07,tcgplayer
OP01-092,2026-07-27,0.07,tcgplayer
OP01-092,2026-08-03,0.08,tcgplayer
OP01-092,2026-08-10,0.08,tcgplayer
OP01-092,2026-08-17,0.08,tcgplayer
OP01-092,2026-08-24,0.08,tcgplayer
OP01-092,2026-08-31,0.08,tcgplayer
OP01-092,2026-09-05,0.09,limitless
OP01-093,2025-09-08,0.26,tcgplayer
OP01-093,2025-09-15,0.32,tcgplayer
OP01-093,2025-09-22,0.28,tcgplayer
OP01-093,2025-09-29,0.24,tcgplayer
OP01-093,2025-10-06,0.28,tcgplayer
OP01-093,2025-10-13,0.25,tcgplayer
OP01-093,2025-10-20,0.25,tcgplayer
OP01-093,2025-10-27,0.24,tcgplayer
OP01-093,2025-11-03,0.32,tcgplayer
OP01-093,2025-11-10,0.35,tcgplayer
OP01-093,2025-11-17,0.26,tcgplayer
OP01-093,2025-11-24,0.22,tcgplayer
OP01-093,2025-12-01,0.24,tcgplayer
OP01-093,2025-12-08,0.27,tcgplayer
OP01-093,2025-12-15,0.26,tcgplayer
OP01-093,2025-12-22,0.29,tcgplayer
OP01-093,2025-12-29,0.24,tcgplayer
OP01-093,2026-01-05,0.26,tcgplayer
OP01-093,2026-01-12,0.32,tcgplayer
OP01-093,2026-01-19,0.28,tcgplayer
OP01-093,2026-01-26,0.27,tcgplayer
OP01-093,2026-02-02,0.32,tcgplayer
OP01-093,2026-02-09,0.39,tcgplayer
OP01-093,2026-02-16,0.29,tcgplayer
OP01-093,2026-02-23,0.28,tcgplayer
OP01-093,2026-03-02,0.32,tcgplayer
OP01-093,2026-03-09,0.34,tcgplayer
OP01-093,2026-03-16,0.32,tcgplayer
OP01-093,2026-03-23,0.37,tcgplayer
OP01-093,2026-03-30,0.37,tcgplayer
OP01-093,2026-04-06,0.32,tcgplayer
OP01-093,2026-04-13,0.30,tcgplayer
OP01-093,2026-04-20,0.31,tcgplayer
OP01-093,2026-04-27,0.32,tcgplayer
OP01-093,2026-05-04,0.30,tcgplayer
OP01-093,2026-05-11,0.29,tcgplayer
OP01-093,2026-05-18,0.28,tcgplayer
OP01-093,2026-05-25,0.30,tcgplayer
OP01-093,2026-06-01,0.29,tcgplayer
OP01-093,2026-06-08,0.28,tcgplayer
OP01-093,2026-06-15,0.28,tcgplayer
OP01-093,2026-06-22,0.29,tcgplayer
OP01-093,2026-06-29,0.30,tcgplayer
OP01-093,2026-07-06,0.27,tcgplayer
OP01-093,2026-07-13,0.28,tcgplayer
OP01-093,2026-07-20,0.28,tcgplayer
OP01-093,2026-07-27,0.32,tcgplayer
OP01-093,2026-08-03,0.30,tcgplayer
OP01-093,2026-08-10,0.38,tcgplayer
OP01-093,2026-08-17,0.36,tcgplayer
OP01-093,2026-08-24,0.36,tcgplayer
OP01-093,2026-08-31,0.28,tcgplayer
OP01-093,2026-09-05,0.29,limitless
OP01-093p1,2025-09-08,6.09,tcgplayer
OP01-093p1,2025-09-15,6.24,tcgplayer
OP01-093p1,2025-09-22,6.60,tcgplayer
OP01-093p1,2025-09-29,7.24,tcgplayer
OP01-093p1,2025-10-06,7.53,tcgplayer
OP01-093p1,2025-10-13,8.97,tcgplayer
OP01-093p1,2025-10-20,9.65,tcgplayer
OP01-093p1,2025-10-27,10.05,tcgplayer
OP01-093p1,2025-11-03,10.05,tcgplayer
OP01-093p1,2025-11-10,10.08,tcgplayer
OP01-093p1,2025-11-17,9.55,tcgplayer
OP01-093p1,2025-11-24,12.27,tcgplayer
OP01-093p1,2025-12-01,19.66,tcgplayer
OP01-093p1,2025-12-08,24.21,tcgplayer
OP01-093p1,2025-12-15,25.94,tcgplayer
OP01-093p1,2025-12-22,28.20,tcgplayer
OP01-093p1,2025-12-29,29.57,tcgplayer
OP01-093p1,2026-01-05,29.90,tcgplayer
OP01-093p1,2026-01-12,29.49,tcgplayer
OP01-093p1,2026-01-19,25.03,tcgplayer
OP01-093p1,2026-01-26,23.78,tcgplayer
OP01-093p1,2026-02-02,22.98,tcgplayer
OP01-093p1,2026-02-09,21.04,tcgplayer
OP01-093p1,2026-02-16,19.48,tcgplayer
OP01-093p1,2026-02-23,19.86,tcgplayer
OP01-093p1,2026-03-02,17.84,tcgplayer
OP01-093p1,2026-03-09,15.09,tcgplayer
OP01-093p1,2026-03-16,12.48,tcgplayer
OP01-093p1,2026-03-23,11.89,tcgplayer
OP01-093p1,2026-03-30,9.90,tcgplayer
OP01-093p1,2026-04-06,9.15,tcgplayer
OP01-093p1,2026-04-13,8.88,tcgplayer
OP01-093p1,2026-04-20,9.20,tcgplayer
OP01-093p1,2026-04-27,9.41,tcgplayer
OP01-093p1,2026-05-04,9.68,tcgplayer
OP01-093p1,2026-05-11,9.91,tcgplayer
OP01-093p1,2026-05-18,10.64,tcgplayer
OP01-093p1,2026-05-25,11.12,tcgplayer
OP01-093p1,2026-06-01,12.24,tcgplayer
OP01-093p1,2026-06-08,11.96,tcgplayer
OP01-093p1,2026-06-15,12.33,tcgplayer
OP01-093p1,2026-06-22,12.99,tcgplayer
OP01-093p1,2026-06-29,12.95,tcgplayer
OP01-093p1,2026-07-06,13.59,tcgplayer
OP01-093p1,2026-07-13,15.16,tcgplayer
OP01-093p1,2026-07-20,15.60,tcgplayer
OP01-093p1,2026-07-27,15.79,tcgplayer
OP01-093p1,2026-08-03,15.64,tcgplayer
OP01-093p1,2026-08-10,15.40,tcgplayer
OP01-093p1,2026-08-17,14.26,tcgplayer
OP01-093p1,2026-08-24,13.58,tcgplayer
OP01-093p1,2026-08-31,13.06,tcgplayer
OP01-093p1,2026-09-05,13.47,limitless
OP01-094,2025-09-08,0.68,tcgplayer
OP01-094,2025-09-15,0.67,tcgplayer
OP01-094,2025-09-22,0.71,tcgplayer
OP01-094,2025-09-29,0.73,tcgplayer
OP01-094,2025-10-06,0.80,tcgplayer
OP01-094,2025-10-13,0.70,tcgplayer
OP01-094,2025-10-20,0.86,tcgplayer
OP01-094,2025-10-27,0.87,tcgplayer
OP01-094,2025-11-03,0.98,tcgplayer
OP01-094,2025-11-10,0.96,tcgplayer
OP01-094,2025-11-17,0.83,tcgplayer
OP01-094,2025-11-24,0.96,tcgplayer
OP01-094,2025-12-01,1.11,tcgplayer
OP01-094,2025-12-08,1.26,tcgplayer
OP01-094,2025-12-15,3.29,tcgplayer
OP01-094,2025-12-22,8.71,tcgplayer
OP01-094,2025-12-29,8.90,tcgplayer
OP01-094,2026-01-05,9.79,tcgplayer
OP01-094,2026-01-12,11.17,tcgplayer
OP01-094,2026-01-19,10.02,tcgplayer
OP01-094,2026-01-26,8.03,tcgplayer
OP01-094,2026-02-02,8.54,tcgplayer
OP01-094,2026-02-09,7.21,tcgplayer
OP01-094,2026-02-16,5.47,tcgplayer
OP01-094,2026-02-23,4.97,tcgplayer
OP01-094,2026-03-02,4.27,tcgplayer
OP01-094,2026-03-09,4.18,tcgplayer
OP01-094,2026-03-16,4.10,tcgplayer
OP01-094,2026-03-23,3.98,tcgplayer
OP01-094,2026-03-30,3.81,tcgplayer
OP01-094,2026-04-06,3.43,tcgplayer
OP01-094,2026-04-13,3.06,tcgplayer
OP01-094,2026-04-20,3.02,tcgplayer
OP01-094,2026-04-27,2.69,tcgplayer
OP01-094,2026-05-04,2.43,tcgplayer
OP01-094,2026-05-11,2.51,tcgplayer
OP01-094,2026-05-18,2.38,tcgplayer
OP01-094,2026-05-25,1.82,tcgplayer
OP01-094,2026-06-01,1.85,tcgplayer
OP01-094,2026-06-08,2.05,tcgplayer
OP01-094,2026-06-15,1.86,tcgplayer
OP01-094,2026-06-22,1.80,tcgplayer
OP01-094,2026-06-29,1.75,tcgplayer
OP01-094,2026-07-06,1.58,tcgplayer
OP01-094,2026-07-13,1.66,tcgplayer
OP01-094,2026-07-20,1.53,tcgplayer
OP01-094,2026-07-27,1.33,tcgplayer
OP01-094,2026-08-03,1.43,tcgplayer
OP01-094,2026-08-10,1.70,tcgplayer
OP01-094,2026-08-17,1.74,tcgplayer
OP01-094,2026-08-24,1.92,tcgplayer
OP01-094,2026-08-31,1.79,tcgplayer
OP01-094,2026-09-05,1.86,limitless
OP01-094p1,2025-09-08,9.76,tcgplayer
OP01-094p1,2025-09-15,9.90,tcgplayer
OP01-094p1,2025-09-22,9.98,tcgplayer
OP01-094p1,2025-09-29,10.30,tcgplayer
OP01-094p1,2025-10-06,10.53,tcgplayer
OP01-094p1,2025-10-13,10.68,tcgplayer
OP01-094p1,2025-10-20,10.87,tcgplayer
OP01-094p1,2025-10-27,11.16,tcgplayer
OP01-094p1,2025-11-03,11.63,tcgplayer
OP01-094p1,2025-11-10,11.73,tcgplayer
OP01-094p1,2025-11-17,11.60,tcgplayer
OP01-094p1,2025-11-24,16.64,tcgplayer
OP01-094p1,2025-12-01,23.97,tcgplayer
OP01-094p1,2025-12-08,35.46,tcgplayer
OP01-094p1,2025-12-15,41.88,tcgplayer
OP01-094p1,2025-12-22,58.19,tcgplayer
OP01-094p1,2025-12-29,76.38,tcgplayer
OP01-094p1,2026-01-05,76.40,tcgplayer
OP01-094p1,2026-01-12,72.74,tcgplayer
OP01-094p1,2026-01-19,70.51,tcgplayer
OP01-094p1,2026-01-26,69.13,tcgplayer
OP01-094p1,2026-02-02,63.09,tcgplayer
OP01-094p1,2026-02-09,54.82,tcgplayer
OP01-094p1,2026-02-16,49.61,tcgplayer
OP01-094p1,2026-02-23,39.06,tcgplayer
OP01-094p1,2026-03-02,32.50,tcgplayer
OP01-094p1,2026-03-09,27.90,tcgplayer
OP01-094p1,2026-03-16,27.32,tcgplayer
OP01-094p1,2026-03-23,26.45,tcgplayer
OP01-094p1,2026-03-30,25.93,tcgplayer
OP01-094p1,2026-04-06,25.07,tcgplayer
OP01-094p1,2026-04-13,23.97,tcgplayer
OP01-094p1,2026-04-20,22.88,tcgplayer
OP01-094p1,2026-04-27,22.34,tcgplayer
OP01-094p1,2026-05-04,22.03,tcgplayer
OP01-094p1,2026-05-11,21.80,tcgplayer
OP01-094p1,2026-05-18,21.76,tcgplayer
OP01-094p1,2026-05-25,21.27,tcgplayer
OP01-094p1,2026-06-01,20.99,tcgplayer
OP01-094p1,2026-06-08,21.70,tcgplayer
OP01-094p1,2026-06-15,21.90,tcgplayer
OP01-094p1,2026-06-22,22.03,tcgplayer
OP01-094p1,2026-06-29,22.62,tcgplayer
OP01-094p1,2026-07-06,23.76,tcgplayer
OP01-094p1,2026-07-13,23.01,tcgplayer
OP01-094p1,2026-07-20,23.18,tcgplayer
OP01-094p1,2026-07-27,23.35,tcgplayer
OP01-094p1,2026-08-03,23.64,tcgplayer
OP01-094p1,2026-08-10,23.30,tcgplayer
OP01-094p1,2026-08-17,23.36,tcgplayer
OP01-094p1,2026-08-24,24.19,tcgplayer
OP01-094p1,2026-08-31,24.63,tcgplayer
OP01-094p1,2026-09-05,24.51,limitless
OP01-095,2025-09-08,0.10,tcgplayer
OP01-095,2025-09-15,0.09,tcgplayer
OP01-095,2025-09-22,0.10,tcgplayer
OP01-095,2025-09-29,0.09,tcgplayer
OP01-095,2025-10-06,0.09,tcgplayer
OP01-095,2025-10-13,0.10,tcgplayer
OP01-095,2025-10-20,0.10,tcgplayer
OP01-095,2025-10-27,0.11,tcgplayer
OP01-095,2025-11-03,0.14,tcgplayer
OP01-095,2025-11-10,0.12,tcgplayer
OP01-095,2025-11-17,0.12,tcgplayer
OP01-095,2025-11-24,0.14,tcgplayer
OP01-095,2025-12-01,0.11,tcgplayer
OP01-095,2025-12-08,0.11,tcgplayer
OP01-095,2025-12-15,0.11,tcgplayer
OP01-095,2025-12-22,0.09,tcgplayer
OP01-095,2025-12-29,0.07,tcgplayer
OP01-095,2026-01-05,0.08,tcgplayer
OP01-095,2026-01-12,0.10,tcgplayer
OP01-095,2026-01-19,0.10,tcgplayer
OP01-095,2026-01-26,0.09,tcgplayer
OP01-095,2026-02-02,0.10,tcgplayer
OP01-095,2026-02-09,0.10,tcgplayer
OP01-095,2026-02-16,0.10,tcgplayer
OP01-095,2026-02-23,0.10,tcgplayer
OP01-095,2026-03-02,0.12,tcgplayer
OP01-095,2026-03-09,0.12,tcgplayer
OP01-095,2026-03-16,0.12,tcgplayer
OP01-095,2026-03-23,0.14,tcgplayer
OP01-095,2026-03-30,0.15,tcgplayer
OP01-095,2026-04-06,0.14,tcgplayer
OP01-095,2026-04-13,0.12,tcgplayer
OP01-095,2026-04-20,0.13,tcgplayer
OP01-095,2026-04-27,0.13,tcgplayer
OP01-095,2026-05-04,0.12,tcgplayer
OP01-095,2026-05-11,0.11,tcgplayer
OP01-095,2026-05-18,0.11,tcgplayer
OP01-095,2026-05-25,0.09,tcgplayer
OP01-095,2026-06-01,0.08,tcgplayer
OP01-095,2026-06-08,0.09,tcgplayer
OP01-095,2026-06-15,0.08,tcgplayer
OP01-095,2026-06-22,0.08,tcgplayer
OP01-095,2026-06-29,0.08,tcgplayer
OP01-095,2026-07-06,0.09,tcgplayer
OP01-095,2026-07-13,0.09,tcgplayer
OP01-095,2026-07-20,0.12,tcgplayer
OP01-095,2026-07-27,0.12,tcgplayer
OP01-095,2026-08-03,0.11,tcgplayer
OP01-095,2026-08-10,0.11,tcgplayer
OP01-095,2026-08-17,0.12,tcgplayer
OP01-095,2026-08-24,0.12,tcgplayer
OP01-095,2026-08-31,0.10,tcgplayer
OP01-095,2026-09-05,0.11,limitless
OP01-096,2025-09-08,0.59,tcgplayer
OP01-096,2025-09-15,0.66,tcgplayer
OP01-096,2025-09-22,0.63,tcgplayer
OP01-096,2025-09-29,0.66,tcgplayer
OP01-096,2025-10-06,0.69,tcgplayer
OP01-096,2025-10-13,0.58,tcgplayer
OP01-096,2025-10-20,0.58,tcgplayer
OP01-096,2025-10-27,0.57,tcgplayer
OP01-096,2025-11-03,0.58,tcgplayer
OP01-096,2025-11-10,0.49,tcgplayer
OP01-096,2025-11-17,0.56,tcgplayer
OP01-096,2025-11-24,0.48,tcgplayer
OP01-096,2025-12-01,0.59,tcgplayer
OP01-096,2025-12-08,0.67,tcgplayer
OP01-096,2025-12-15,0.61,tcgplayer
OP01-096,2025-12-22,0.53,tcgplayer
OP01-096,2025-12-29,0.66,tcgplayer
OP01-096,2026-01-05,0.60,tcgplayer
OP01-096,2026-01-12,0.76,tcgplayer
OP01-096,2026-01-19,0.58,tcgplayer
OP01-096,2026-01-26,0.59,tcgplayer
OP01-096,2026-02-02,0.65,tcgplayer
OP01-096,2026-02-09,0.69,tcgplayer
OP01-096,2026-02-16,0.67,tcgplayer
OP01-096,2026-02-23,0.68,tcgplayer
OP01-096,2026-03-02,0.65,tcgplayer
OP01-096,2026-03-09,0.60,tcgplayer
OP01-096,2026-03-16,0.63,tcgplayer
OP01-096,2026-03-23,0.64,tcgplayer
OP01-096,2026-03-30,0.65,tcgplayer
OP01-096,2026-04-06,0.65,tcgplayer
OP01-096,2026-04-13,0.64,tcgplayer
OP01-096,2026-04-20,0.61,tcgplayer
OP01-096,2026-04-27,0.60,tcgplayer
OP01-096,2026-05-04,0.63,tcgplayer
OP01-096,2026-05-11,0.65,tcgplayer
OP01-096,2026-05-18,0.75,tcgplayer
OP01-096,2026-05-25,0.70,tcgplayer
OP01-096,2026-06-01,0.63,tcgplayer
OP01-096,2026-06-08,0.75,tcgplayer
OP01-096,2026-06-15,0.82,tcgplayer
OP01-096,2026-06-22,0.84,tcgplayer
OP01-096,2026-06-29,0.83,tcgplayer
OP01-096,2026-07-06,0.81,tcgplayer
OP01-096,2026-07-13,0.78,tcgplayer
OP01-096,2026-07-20,0.76,tcgplayer
OP01-096,2026-07-27,0.70,tcgplayer
OP01-096,2026-08-03,0.72,tcgplayer
OP01-096,2026-08-10,0.76,tcgplayer
OP01-096,2026-08-17,0.73,tcgplayer
OP01-096,2026-08-24,0.74,tcgplayer
OP01-096,2026-08-31,0.67,tcgplayer
OP01-096,2026-09-05,0.69,limitless
OP01-096p1,2025-09-08,4.27,tcgplayer
OP01-096p1,2025-09-15,4.27,tcgplayer
OP01-096p1,2025-09-22,4.82,tcgplayer
OP01-096p1,2025-09-29,4.98,tcgplayer
OP01-096p1,2025-10-06,5.25,tcgplayer
OP01-096p1,2025-10-13,5.64,tcgplayer
OP01-096p1,2025-10-20,6.89,tcgplayer
OP01-096p1,2025-10-27,7.14,tcgplayer
OP01-096p1,2025-11-03,7.06,tcgplayer
OP01-096p1,2025-11-10,7.24,tcgplayer
OP01-096p1,2025-11-17,6.83,tcgplayer
OP01-096p1,2025-11-24,8.31,tcgplayer
OP01-096p1,2025-12-01,10.91,tcgplayer
OP01-096p1,2025-12-08,18.29,tcgplayer
OP01-096p1,2025-12-15,19.67,tcgplayer
OP01-096p1,2025-12-22,21.93,tcgplayer
OP01-096p1,2025-12-29,18.09,tcgplayer
OP01-096p1,2026-01-05,15.81,tcgplayer
OP01-096p1,2026-01-12,15.72,tcgplayer
OP01-096p1,2026-01-19,14.71,tcgplayer
OP01-096p1,2026-01-26,13.43,tcgplayer
OP01-096p1,2026-02-02,13.24,tcgplayer
OP01-096p1,2026-02-09,12.90,tcgplayer
OP01-096p1,2026-02-16,12.78,tcgplayer
OP01-096p1,2026-02-23,12.75,tcgplayer
OP01-096p1,2026-03-02,12.63,tcgplayer
OP01-096p1,2026-03-09,11.96,tcgplayer
OP01-096p1,2026-03-16,11.70,tcgplayer
OP01-096p1,2026-03-23,11.25,tcgplayer
OP01-096p1,2026-03-30,10.80,tcgplayer
OP01-096p1,2026-04-06,9.90,tcgplayer
OP01-096p1,2026-04-13,9.90,tcgplayer
OP01-096p1,2026-04-20,9.93,tcgplayer
OP01-096p1,2026-04-27,9.70,tcgplayer
OP01-096p1,2026-05-04,9.04,tcgplayer
OP01-096p1,2026-05-11,8.83,tcgplayer
OP01-096p1,2026-05-18,8.73,tcgplayer
OP01-096p1,2026-05-25,8.77,tcgplayer
OP01-096p1,2026-06-01,9.47,tcgplayer
OP01-096p1,2026-06-08,9.51,tcgplayer
OP01-096p1,2026-06-15,9.61,tcgplayer
OP01-096p1,2026-06-22,9.64,tcgplayer
OP01-096p1,2026-06-29,9.82,tcgplayer
OP01-096p1,2026-07-06,12.71,tcgplayer
OP01-096p1,2026-07-13,12.89,tcgplayer
OP01-096p1,2026-07-20,13.19,tcgplayer
OP01-096p1,2026-07-27,12.81,tcgplayer
OP01-096p1,2026-08-03,12.62,tcgplayer
OP01-096p1,2026-08-10,12.41,tcgplayer
OP01-096p1,2026-08-17,11.83,tcgplayer
OP01-096p1,2026-08-24,11.14,tcgplayer
OP01-096p1,2026-08-31,10.97,tcgplayer
OP01-096p1,2026-09-05,10.97,limitless
OP01-097,2025-09-08,0.19,tcgplayer
OP01-097,2025-09-15,0.17,tcgplayer
OP01-097,2025-09-22,0.18,tcgplayer
OP01-097,2025-09-29,0.21,tcgplayer
OP01-097,2025-10-06,0.19,tcgplayer
OP01-097,2025-10-13,0.17,tcgplayer
OP01-097,2025-10-20,0.17,tcgplayer
OP01-097,2025-10-27,0.14,tcgplayer
OP01-097,2025-11-03,0.15,tcgplayer
OP01-097,2025-11-10,0.15,tcgplayer
OP01-097,2025-11-17,0.14,tcgplayer
OP01-097,2025-11-24,0.15,tcgplayer
OP01-097,2025-12-01,0.15,tcgplayer
OP01-097,2025-12-08,0.14,tcgplayer
OP01-097,2025-12-15,0.15,tcgplayer
OP01-097,2025-12-22,0.15,tcgplayer
OP01-097,2025-12-29,0.21,tcgplayer
OP01-097,2026-01-05,0.23,tcgplayer
OP01-097,2026-01-12,0.19,tcgplayer
OP01-097,2026-01-19,0.18,tcgplayer
OP01-097,2026-01-26,0.25,tcgplayer
OP01-097,2026-02-02,0.24,tcgplayer
OP01-097,2026-02-09,0.26,tcgplayer
OP01-097,2026-02-16,0.22,tcgplayer
OP01-097,2026-02-23,0.22,tcgplayer
OP01-097,2026-03-02,0.22,tcgplayer
OP01-097,2026-03-09,0.22,tcgplayer
OP01-097,2026-03-16,0.22,tcgplayer
OP01-097,2026-03-23,0.23,tcgplayer
OP01-097,2026-03-30,0.22,tcgplayer
OP01-097,2026-04-06,0.21,tcgplayer
OP01-097,2026-04-13,0.22,tcgplayer
OP01-097,2026-04-20,0.22,tcgplayer
OP01-097,2026-04-27,0.19,tcgplayer
OP01-097,2026-05-04,0.20,tcgplayer
OP01-097,2026-05-11,0.21,tcgplayer
OP01-097,2026-05-18,0.19,tcgplayer
OP01-097,2026-05-25,0.19,tcgplayer
OP01-097,2026-06-01,0.20,tcgplayer
OP01-097,2026-06-08,0.21,tcgplayer
OP01-097,2026-06-15,0.20,tcgplayer
OP01-097,2026-06-22,0.21,tcgplayer
OP01-097,2026-06-29,0.21,tcgplayer
OP01-097,2026-07-06,0.21,tcgplayer
OP01-097,2026-07-13,0.21,tcgplayer
OP01-097,2026-07-20,0.22,tcgplayer
OP01-097,2026-07-27,0.21,tcgplayer
OP01-097,2026-08-03,0.22,tcgplayer
OP01-097,2026-08-10,0.24,tcgplayer
OP01-097,2026-08-17,0.21,tcgplayer
OP01-097,2026-08-24,0.20,tcgplayer
OP01-097,2026-08-31,0.29,tcgplayer
OP01-097,2026-09-05,0.29,limitless
OP01-097p1,2025-09-08,2.76,tcgplayer
OP01-097p1,2025-09-15,2.82,tcgplayer
OP01-097p1,2025-09-22,3.14,tcgplayer
OP01-097p1,2025-09-29,3.20,tcgplayer
OP01-097p1,2025-10-06,3.35,tcgplayer
OP01-097p1,2025-10-13,3.50,tcgplayer
OP01-097p1,2025-10-20,3.79,tcgplayer
OP01-097p1,2025-10-27,3.90,tcgplayer
OP01-097p1,2025-11-03,4.13,tcgplayer
OP01-097p1,2025-11-10,4.40,tcgplayer
OP01-097p1,2025-11-17,4.61,tcgplayer
OP01-097p1,2025-11-24,5.46,tcgplayer
OP01-097p1,2025-12-01,7.28,tcgplayer
OP01-097p1,2025-12-08,8.61,tcgplayer
OP01-097p1,2025-12-15,9.05,tcgplayer
OP01-097p1,2025-12-22,9.75,tcgplayer
OP01-097p1,2025-12-29,10.66,tcgplayer
OP01-097p1,2026-01-05,10.19,tcgplayer
OP01-097p1,2026-01-12,9.97,tcgplayer
OP01-097p1,2026-01-19,9.28,tcgplayer
OP01-097p1,2026-01-26,9.14,tcgplayer
OP01-097p1,2026-02-02,9.02,tcgplayer
OP01-097p1,2026-02-09,9.02,tcgplayer
OP01-097p1,2026-02-16,8.74,tcgplayer
OP01-097p1,2026-02-23,8.77,tcgplayer
OP01-097p1,2026-03-02,8.70,tcgplayer
OP01-097p1,2026-03-09,8.27,tcgplayer
OP01-097p1,2026-03-16,7.72,tcgplayer
OP01-097p1,2026-03-23,6.62,tcgplayer
OP01-097p1,2026-03-30,5.96,tcgplayer
OP01-097p1,2026-04-06,5.23,tcgplayer
OP01-097p1,2026-04-13,4.70,tcgplayer
OP01-097p1,2026-04-20,4.58,tcgplayer
OP01-097p1,2026-04-27,4.38,tcgplayer
OP01-097p1,2026-05-04,4.38,tcgplayer
OP01-097p1,2026-05-11,4.86,tcgplayer
OP01-097p1,2026-05-18,4.91,tcgplayer
OP01-097p1,2026-05-25,5.17,tcgplayer
OP01-097p1,2026-06-01,5.18,tcgplayer
OP01-097p1,2026-06-08,5.13,tcgplayer
OP01-097p1,2026-06-15,5.04,tcgplayer
OP01-097p1,2026-06-22,5.02,tcgplayer
OP01-097p1,2026-06-29,5.34,tcgplayer
OP01-097p1,2026-07-06,5.76,tcgplayer
OP01-097p1,2026-07-13,5.71,tcgplayer
OP01-097p1,2026-07-20,5.73,tcgplayer
OP01-097p1,2026-07-27,5.83,tcgplayer
OP01-097p1,2026-08-03,5.84,tcgplayer
OP01-097p1,2026-08-10,5.85,tcgplayer
OP01-097p1,2026-08-17,5.81,tcgplayer
OP01-097p1,2026-08-24,5.75,tcgplayer
OP01-097p1,2026-08-31,5.70,tcgplayer
OP01-097p1,2026-09-05,5.71,limitless
OP01-098,2025-09-08,0.15,tcgplayer
OP01-098,2025-09-15,0.16,tcgplayer
OP01-098,2025-09-22,0.15,tcgplayer
OP01-098,2025-09-29,0.15,tcgplayer
OP01-098,2025-10-06,0.15,tcgplayer
OP01-098,2025-10-13,0.16,tcgplayer
OP01-098,2025-10-20,0.17,tcgplayer
OP01-098,2025-10-27,0.15,tcgplayer
OP01-098,2025-11-03,0.22,tcgplayer
OP01-098,2025-11-10,0.26,tcgplayer
OP01-098,2025-11-17,0.26,tcgplayer
OP01-098,2025-11-24,0.27,tcgplayer
OP01-098,2025-12-01,0.21,tcgplayer
OP01-098,2025-12-08,0.17,tcgplayer
OP01-098,2025-12-15,0.16,tcgplayer
OP01-098,2025-12-22,0.15,tcgplayer
OP01-098,2025-12-29,0.14,tcgplayer
OP01-098,2026-01-05,0.17,tcgplayer
OP01-098,2026-01-12,0.19,tcgplayer
OP01-098,2026-01-19,0.18,tcgplayer
OP01-098,2026-01-26,0.17,tcgplayer
OP01-098,2026-02-02,0.18,tcgplayer
OP01-098,2026-02-09,0.16,tcgplayer
OP01-098,2026-02-16,0.14,tcgplayer
OP01-098,2026-02-23,0.13,tcgplayer
OP01-098,2026-03-02,0.14,tcgplayer
OP01-098,2026-03-09,0.13,tcgplayer
OP01-098,2026-03-16,0.13,tcgplayer
OP01-098,2026-03-23,0.15,tcgplayer
OP01-098,2026-03-30,0.16,tcgplayer
OP01-098,2026-04-06,0.16,tcgplayer
OP01-098,2026-04-13,0.17,tcgplayer
OP01-098,2026-04-20,0.16,tcgplayer
OP01-098,2026-04-27,0.17,tcgplayer
OP01-098,2026-05-04,0.15,tcgplayer
OP01-098,2026-05-11,0.14,tcgplayer
OP01-098,2026-05-18,0.14,tcgplayer
OP01-098,2026-05-25,0.14,tcgplayer
OP01-098,2026-06-01,0.14,tcgplayer
OP01-098,2026-06-08,0.12,tcgplayer
OP01-098,2026-06-15,0.13,tcgplayer
OP01-098,2026-06-22,0.13,tcgplayer
OP01-098,2026-06-29,0.13,tcgplayer
OP01-098,2026-07-06,0.13,tcgplayer
OP01-098,2026-07-13,0.14,tcgplayer
OP01-098,2026-07-20,0.15,tcgplayer
OP01-098,2026-07-27,0.15,tcgplayer
OP01-098,2026-08-03,0.15,tcgplayer
OP01-098,2026-08-10,0.16,tcgplayer
OP01-098,2026-08-17,0.17,tcgplayer
OP01-098,2026-08-24,0.24,tcgplayer
OP01-098,2026-08-31,0.22,tcgplayer
OP01-098,2026-09-05,0.22,limitless
OP01-099,2025-09-08,0.06,tcgplayer
OP01-099,2025-09-15,0.06,tcgplayer
OP01-099,2025-09-22,0.07,tcgplayer
OP01-099,2025-09-29,0.07,tcgplayer
OP01-099,2025-10-06,0.07,tcgplayer
OP01-099,2025-10-13,0.06,tcgplayer
OP01-099,2025-10-20,0.06,tcgplayer
OP01-099,2025-10-27,0.06,tcgplayer
OP01-099,2025-11-03,0.08,tcgplayer
OP01-099,2025-11-10,0.08,tcgplayer
OP01-099,2025-11-17,0.07,tcgplayer
OP01-099,2025-11-24,0.08,tcgplayer
OP01-099,2025-12-01,0.09,tcgplayer
OP01-099,2025-12-08,0.08,tcgplayer
OP01-099,2025-12-15,0.06,tcgplayer
OP01-099,2025-12-22,0.05,tcgplayer
OP01-099,2025-12-29,0.10,tcgplayer
OP01-099,2026-01-05,0.10,tcgplayer
OP01-099,2026-01-12,0.11,tcgplayer
OP01-099,2026-01-19,0.11,tcgplayer
OP01-099,2026-01-26,0.07,tcgplayer
OP01-099,2026-02-02,0.07,tcgplayer
OP01-099,2026-02-09,0.08,tcgplayer
OP01-099,2026-02-16,0.06,tcgplayer
OP01-099,2026-02-23,0.06,tcgplayer
OP01-099,2026-03-02,0.04,tcgplayer
OP01-099,2026-03-09,0.04,tcgplayer
OP01-099,2026-03-16,0.04,tcgplayer
OP01-099,2026-03-23,0.07,tcgplayer
OP01-099,2026-03-30,0.07,tcgplayer
OP01-099,2026-04-06,0.08,tcgplayer
OP01-099,2026-04-13,0.07,tcgplayer
OP01-099,2026-04-20,0.09,tcgplayer
OP01-099,2026-04-27,0.08,tcgplayer
OP01-099,2026-05-04,0.07,tcgplayer
OP01-099,2026-05-11,0.05,tcgplayer
OP01-099,2026-05-18,0.06,tcgplayer
OP01-099,2026-05-25,0.05,tcgplayer
OP01-099,2026-06-01,0.05,tcgplayer
OP01-099,2026-06-08,0.05,tcgplayer
OP01-099,2026-06-15,0.06,tcgplayer
OP01-099,2026-06-22,0.06,tcgplayer
OP01-099,2026-06-29,0.06,tcgplayer
OP01-099,2026-07-06,0.06,tcgplayer
OP01-099,2026-07-13,0.05,tcgplayer
OP01-099,2026-07-20,0.06,tcgplayer
OP01-099,2026-07-27,0.06,tcgplayer
OP01-099,2026-08-03,0.07,tcgplayer
OP01-099,2026-08-10,0.07,tcgplayer
OP01-099,2026-08-17,0.06,tcgplayer
OP01-099,2026-08-24,0.06,tcgplayer
OP01-099,2026-08-31,0.08,tcgplayer
OP01-099,2026-09-05,0.08,limitless
OP01-100,2025-09-08,0.07,tcgplayer
OP01-100,2025-09-15,0.07,tcgplayer
OP01-100,2025-09-22,0.09,tcgplayer
OP01-100,2025-09-29,0.08,tcgplayer
OP01-100,2025-10-06,0.08,tcgplayer
OP01-100,2025-10-13,0.08,tcgplayer
OP01-100,2025-10-20,0.08,tcgplayer
OP01-100,2025-10-27,0.08,tcgplayer
OP01-100,2025-11-03,0.08,tcgplayer
OP01-100,2025-11-10,0.07,tcgplayer
OP01-100,2025-11-17,0.07,tcgplayer
OP01-100,2025-11-24,0.08,tcgplayer
OP01-100,2025-12-01,0.05,tcgplayer
OP01-100,2025-12-08,0.06,tcgplayer
OP01-100,2025-12-15,0.06,tcgplayer
OP01-100,2025-12-22,0.06,tcgplayer
OP01-100,2025-12-29,0.06,tcgplayer
OP01-100,2026-01-05,0.06,tcgplayer
OP01-100,2026-01-12,0.07,tcgplayer
OP01-100,2026-01-19,0.07,tcgplayer
OP01-100,2026-01-26,0.09,tcgplayer
OP01-100,2026-02-02,0.07,tcgplayer
OP01-100,2026-02-09,0.07,tcgplayer
OP01-100,2026-02-16,0.06,tcgplayer
OP01-100,2026-02-23,0.04,tcgplayer
OP01-100,2026-03-02,0.04,tcgplayer
OP01-100,2026-03-09,0.05,tcgplayer
OP01-100,2026-03-16,0.05,tcgplayer
OP01-100,2026-03-23,0.07,tcgplayer
OP01-100,2026-03-30,0.07,tcgplayer
OP01-100,2026-04-06,0.07,tcgplayer
OP01-100,2026-04-13,0.07,tcgplayer
OP01-100,2026-04-20,0.07,tcgplayer
OP01-100,2026-04-27,0.05,tcgplayer
OP01-100,2026-05-04,0.06,tcgplayer
OP01-100,2026-05-11,0.06,tcgplayer
OP01-100,2026-05-18,0.04,tcgplayer
OP01-100,2026-05-25,0.04,tcgplayer
OP01-100,2026-06-01,0.04,tcgplayer
OP01-100,2026-06-08,0.04,tcgplayer
OP01-100,2026-06-15,0.04,tcgplayer
OP01-100,2026-06-22,0.04,tcgplayer
OP01-100,2026-06-29,0.05,tcgplayer
OP01-100,2026-07-06,0.06,tcgplayer
OP01-100,2026-07-13,0.06,tcgplayer
OP01-100,2026-07-20,0.09,tcgplayer
OP01-100,2026-07-27,0.10,tcgplayer
OP01-100,2026-08-03,0.12,tcgplayer
OP01-100,2026-08-10,0.12,tcgplayer
OP01-100,2026-08-17,0.11,tcgplayer
OP01-100,2026-08-24,0.11,tcgplayer
OP01-100,2026-08-31,0.10,tcgplayer
OP01-100,2026-09-05,0.10,limitless
OP01-101,2025-09-08,0.31,tcgplayer
OP01-101,2025-09-15,0.28,tcgplayer
OP01-101,2025-09-22,0.27,tcgplayer
OP01-101,2025-09-29,0.24,tcgplayer
OP01-101,2025-10-06,0.20,tcgplayer
OP01-101,2025-10-13,0.18,tcgplayer
OP01-101,2025-10-20,0.21,tcgplayer
OP01-101,2025-10-27,0.22,tcgplayer
OP01-101,2025-11-03,0.25,tcgplayer
OP01-101,2025-11-10,0.24,tcgplayer
OP01-101,2025-11-17,0.25,tcgplayer
OP01-101,2025-11-24,0.23,tcgplayer
OP01-101,2025-12-01,0.25,tcgplayer
OP01-101,2025-12-08,0.23,tcgplayer
OP01-101,2025-12-15,0.20,tcgplayer
OP01-101,2025-12-22,0.23,tcgplayer
OP01-101,2025-12-29,0.24,tcgplayer
OP01-101,2026-01-05,0.36,tcgplayer
OP01-101,2026-01-12,0.37,tcgplayer
OP01-101,2026-01-19,0.41,tcgplayer
OP01-101,2026-01-26,0.45,tcgplayer
OP01-101,2026-02-02,0.46,tcgplayer
OP01-101,2026-02-09,0.45,tcgplayer
OP01-101,2026-02-16,0.45,tcgplayer
OP01-101,2026-02-23,0.44,tcgplayer
OP01-101,2026-03-02,0.38,tcgplayer
OP01-101,2026-03-09,0.34,tcgplayer
OP01-101,2026-03-16,0.33,tcgplayer
OP01-101,2026-03-23,0.33,tcgplayer
OP01-101,2026-03-30,0.33,tcgplayer
OP01-101,2026-04-06,0.32,tcgplayer
OP01-101,2026-04-13,0.31,tcgplayer
OP01-101,2026-04-20,0.32,tcgplayer
OP01-101,2026-04-27,0.30,tcgplayer
OP01-101,2026-05-04,0.26,tcgplayer
OP01-101,2026-05-11,0.27,tcgplayer
OP01-101,2026-05-18,0.27,tcgplayer
OP01-101,2026-05-25,0.24,tcgplayer
OP01-101,2026-06-01,0.24,tcgplayer
OP01-101,2026-06-08,0.23,tcgplayer
OP01-101,2026-06-15,0.22,tcgplayer
OP01-101,2026-06-22,0.22,tcgplayer
OP01-101,2026-06-29,0.24,tcgplayer
OP01-101,2026-07-06,0.25,tcgplayer
OP01-101,2026-07-13,0.24,tcgplayer
OP01-101,2026-07-20,0.26,tcgplayer
OP01-101,2026-07-27,0.25,tcgplayer
OP01-101,2026-08-03,0.22,tcgplayer
OP01-101,2026-08-10,0.21,tcgplayer
OP01-101,2026-08-17,0.23,tcgplayer
OP01-101,2026-08-24,0.23,tcgplayer
OP01-101,2026-08-31,0.22,tcgplayer
OP01-101,2026-09-05,0.22,limitless
OP01-102,2025-09-08,0.15,tcgplayer
OP01-102,2025-09-15,0.15,tcgplayer
OP01-102,2025-09-22,0.15,tcgplayer
OP01-102,2025-09-29,0.19,tcgplayer
OP01-102,2025-10-06,0.19,tcgplayer
OP01-102,2025-10-13,0.18,tcgplayer
OP01-102,2025-10-20,0.14,tcgplayer
OP01-102,2025-10-27,0.16,tcgplayer
OP01-102,2025-11-03,0.20,tcgplayer
OP01-102,2025-11-10,0.22,tcgplayer
OP01-102,2025-11-17,0.21,tcgplayer
OP01-102,2025-11-24,0.17,tcgplayer
OP01-102,2025-12-01,0.17,tcgplayer
OP01-102,2025-12-08,0.16,tcgplayer
OP01-102,2025-12-15,0.13,tcgplayer
OP01-102,2025-12-22,0.17,tcgplayer
OP01-102,2025-12-29,0.15,tcgplayer
OP01-102,2026-01-05,0.15,tcgplayer
OP01-102,2026-01-12,0.21,tcgplayer
OP01-102,2026-01-19,0.26,tcgplayer
OP01-102,2026-01-26,0.23,tcgplayer
OP01-102,2026-02-02,0.25,tcgplayer
OP01-102,2026-02-09,0.25,tcgplayer
OP01-102,2026-02-16,0.20,tcgplayer
OP01-102,2026-02-23,0.19,tcgplayer
OP01-102,2026-03-02,0.20,tcgplayer
OP01-102,2026-03-09,0.24,tcgplayer
OP01-102,2026-03-16,0.29,tcgplayer
OP01-102,2026-03-23,0.31,tcgplayer
OP01-102,2026-03-30,0.33,tcgplayer
OP01-102,2026-04-06,0.25,tcgplayer
OP01-102,2026-04-13,0.19,tcgplayer
OP01-102,2026-04-20,0.17,tcgplayer
OP01-102,2026-04-27,0.17,tcgplayer
OP01-102,2026-05-04,0.15,tcgplayer
OP01-102,2026-05-11,0.15,tcgplayer
OP01-102,2026-05-18,0.14,tcgplayer
OP01-102,2026-05-25,0.14,tcgplayer
OP01-102,2026-06-01,0.15,tcgplayer
OP01-102,2026-06-08,0.17,tcgplayer
OP01-102,2026-06-15,0.17,tcgplayer
OP01-102,2026-06-22,0.17,tcgplayer
OP01-102,2026-06-29,0.17,tcgplayer
OP01-102,2026-07-06,0.16,tcgplayer
OP01-102,2026-07-13,0.17,tcgplayer
OP01-102,2026-07-20,0.20,tcgplayer
OP01-102,2026-07-27,0.18,tcgplayer
OP01-102,2026-08-03,0.19,tcgplayer
OP01-102,2026-08-10,0.24,tcgplayer
OP01-102,2026-08-17,0.18,tcgplayer
OP01-102,2026-08-24,0.19,tcgplayer
OP01-102,2026-08-31,0.25,tcgplayer
OP01-102,2026-09-05,0.26,limitless
OP01-102p1,2025-09-08,3.30,tcgplayer
OP01-102p1,2025-09-15,3.10,tcgplayer
OP01-102p1,2025-09-22,3.08,tcgplayer
OP01-102p1,2025-09-29,3.01,tcgplayer
OP01-102p1,2025-10-06,2.99,tcgplayer
OP01-102p1,2025-10-13,2.95,tcgplayer
OP01-102p1,2025-10-20,2.97,tcgplayer
OP01-102p1,2025-10-27,2.89,tcgplayer
OP01-102p1,2025-11-03,2.73,tcgplayer
OP01-102p1,2025-11-10,3.07,tcgplayer
OP01-102p1,2025-11-17,3.19,tcgplayer
OP01-102p1,2025-11-24,3.23,tcgplayer
OP01-102p1,2025-12-01,4.75,tcgplayer
OP01-102p1,2025-12-08,6.00,tcgplayer
OP01-102p1,2025-12-15,6.95,tcgplayer
OP01-102p1,2025-12-22,8.29,tcgplayer
OP01-102p1,2025-12-29,8.96,tcgplayer
OP01-102p1,2026-01-05,8.86,tcgplayer
OP01-102p1,2026-01-12,8.32,tcgplayer
OP01-102p1,2026-01-19,7.80,tcgplayer
OP01-102p1,2026-01-26,7.58,tcgplayer
OP01-102p1,2026-02-02,7.63,tcgplayer
OP01-102p1,2026-02-09,7.62,tcgplayer
OP01-102p1,2026-02-16,7.47,tcgplayer
OP01-102p1,2026-02-23,7.37,tcgplayer
OP01-102p1,2026-03-02,7.29,tcgplayer
OP01-102p1,2026-03-09,7.20,tcgplayer
OP01-102p1,2026-03-16,7.24,tcgplayer
OP01-102p1,2026-03-23,6.65,tcgplayer
OP01-102p1,2026-03-30,6.38,tcgplayer
OP01-102p1,2026-04-06,5.77,tcgplayer
OP01-102p1,2026-04-13,5.48,tcgplayer
OP01-102p1,2026-04-20,5.57,tcgplayer
OP01-102p1,2026-04-27,5.72,tcgplayer
OP01-102p1,2026-05-04,5.76,tcgplayer
OP01-102p1,2026-05-11,5.77,tcgplayer
OP01-102p1,2026-05-18,6.00,tcgplayer
OP01-102p1,2026-05-25,5.93,tcgplayer
OP01-102p1,2026-06-01,5.83,tcgplayer
OP01-102p1,2026-06-08,5.68,tcgplayer
OP01-102p1,2026-06-15,5.76,tcgplayer
OP01-102p1,2026-06-22,5.84,tcgplayer
OP01-102p1,2026-06-29,5.97,tcgplayer
OP01-102p1,2026-07-06,6.14,tcgplayer
OP01-102p1,2026-07-13,6.13,tcgplayer
OP01-102p1,2026-07-20,6.16,tcgplayer
OP01-102p1,2026-07-27,6.19,tcgplayer
OP01-102p1,2026-08-03,6.08,tcgplayer
OP01-102p1,2026-08-10,6.01,tcgplayer
OP01-102p1,2026-08-17,5.98,tcgplayer
OP01-102p1,2026-08-24,5.93,tcgplayer
OP01-102p1,2026-08-31,5.92,tcgplayer
OP01-102p1,2026-09-05,5.92,limitless
OP01-103,2025-09-08,0.07,tcgplayer
OP01-103,2025-09-15,0.07,tcgplayer
OP01-103,2025-09-22,0.07,tcgplayer
OP01-103,2025-09-29,0.07,tcgplayer
OP01-103,2025-10-06,0.07,tcgplayer
OP01-103,2025-10-13,0.06,tcgplayer
OP01-103,2025-10-20,0.06,tcgplayer
OP01-103,2025-10-27,0.06,tcgplayer
OP01-103,2025-11-03,0.09,tcgplayer
OP01-103,2025-11-10,0.10,tcgplayer
OP01-103,2025-11-17,0.10,tcgplayer
OP01-103,2025-11-24,0.11,tcgplayer
OP01-103,2025-12-01,0.09,tcgplayer
OP01-103,2025-12-08,0.09,tcgplayer
OP01-103,2025-12-15,0.06,tcgplayer
OP01-103,2025-12-22,0.07,tcgplayer
OP01-103,2025-12-29,0.06,tcgplayer
OP01-103,2026-01-05,0.06,tcgplayer
OP01-103,2026-01-12,0.06,tcgplayer
OP01-103,2026-01-19,0.06,tcgplayer
OP01-103,2026-01-26,0.08,tcgplayer
OP01-103,2026-02-02,0.07,tcgplayer
OP01-103,2026-02-09,0.08,tcgplayer
OP01-103,2026-02-16,0.07,tcgplayer
OP01-103,2026-02-23,0.07,tcgplayer
OP01-103,2026-03-02,0.05,tcgplayer
OP01-103,2026-03-09,0.09,tcgplayer
OP01-103,2026-03-16,0.08,tcgplayer
OP01-103,2026-03-23,0.10,tcgplayer
OP01-103,2026-03-30,0.10,tcgplayer
OP01-103,2026-04-06,0.09,tcgplayer
OP01-103,2026-04-13,0.09,tcgplayer
OP01-103,2026-04-20,0.10,tcgplayer
OP01-103,2026-04-27,0.08,tcgplayer
OP01-103,2026-05-04,0.08,tcgplayer
OP01-103,2026-05-11,0.07,tcgplayer
OP01-103,2026-05-18,0.07,tcgplayer
OP01-103,2026-05-25,0.06,tcgplayer
OP01-103,2026-06-01,0.06,tcgplayer
OP01-103,2026-06-08,0.06,tcgplayer
OP01-103,2026-06-15,0.06,tcgplayer
OP01-103,2026-06-22,0.06,tcgplayer
OP01-103,2026-06-29,0.07,tcgplayer
OP01-103,2026-07-06,0.07,tcgplayer
OP01-103,2026-07-13,0.07,tcgplayer
OP01-103,2026-07-20,0.07,tcgplayer
OP01-103,2026-07-27,0.07,tcgplayer
OP01-103,2026-08-03,0.07,tcgplayer
OP01-103,2026-08-10,0.07,tcgplayer
OP01-103,2026-08-17,0.07,tcgplayer
OP01-103,2026-08-24,0.08,tcgplayer
OP01-103,2026-08-31,0.09,tcgplayer
OP01-103,2026-09-05,0.09,limitless
OP01-104,2025-09-08,0.10,tcgplayer
OP01-104,2025-09-15,0.11,tcgplayer
OP01-104,2025-09-22,0.11,tcgplayer
OP01-104,2025-09-29,0.11,tcgplayer
OP01-104,2025-10-06,0.10,tcgplayer
OP01-104,2025-10-13,0.10,tcgplayer
OP01-104,2025-10-20,0.09,tcgplayer
OP01-104,2025-10-27,0.09,tcgplayer
OP01-104,2025-11-03,0.11,tcgplayer
OP01-104,2025-11-10,0.11,tcgplayer
OP01-104,2025-11-17,0.16,tcgplayer
OP01-104,2025-11-24,0.16,tcgplayer
OP01-104,2025-12-01,0.15,tcgplayer
OP01-104,2025-12-08,0.16,tcgplayer
OP01-104,2025-12-15,0.09,tcgplayer
OP01-104,2025-12-22,0.09,tcgplayer
OP01-104,2025-12-29,0.07,tcgplayer
OP01-104,2026-01-05,0.09,tcgplayer
OP01-104,2026-01-12,0.10,tcgplayer
OP01-104,2026-01-19,0.10,tcgplayer
OP01-104,2026-01-26,0.11,tcgplayer
OP01-104,2026-02-02,0.11,tcgplayer
OP01-104,2026-02-09,0.11,tcgplayer
OP01-104,2026-02-16,0.08,tcgplayer
OP01-104,2026-02-23,0.06,tcgplayer
OP01-104,2026-03-02,0.06,tcgplayer
OP01-104,2026-03-09,0.07,tcgplayer
OP01-104,2026-03-16,0.07,tcgplayer
OP01-104,2026-03-23,0.08,tcgplayer
OP01-104,2026-03-30,0.10,tcgplayer
OP01-104,2026-04-06,0.09,tcgplayer
OP01-104,2026-04-13,0.09,tcgplayer
OP01-104,2026-04-20,0.09,tcgplayer
OP01-104,2026-04-27,0.10,tcgplayer
OP01-104,2026-05-04,0.08,tcgplayer
OP01-104,2026-05-11,0.09,tcgplayer
OP01-104,2026-05-18,0.07,tcgplayer
OP01-104,2026-05-25,0.07,tcgplayer
OP01-104,2026-06-01,0.07,tcgplayer
OP01-104,2026-06-08,0.07,tcgplayer
OP01-104,2026-06-15,0.08,tcgplayer
OP01-104,2026-06-22,0.08,tcgplayer
OP01-104,2026-06-29,0.08,tcgplayer
OP01-104,2026-07-06,0.09,tcgplayer
OP01-104,2026-07-13,0.09,tcgplayer
OP01-104,2026-07-20,0.09,tcgplayer
OP01-104,2026-07-27,0.11,tcgplayer
OP01-104,2026-08-03,0.09,tcgplayer
OP01-104,2026-08-10,0.10,tcgplayer
OP01-104,2026-08-17,0.09,tcgplayer
OP01-104,2026-08-24,0.09,tcgplayer
OP01-104,2026-08-31,0.09,tcgplayer
OP01-104,2026-09-05,0.11,limitless
OP01-105,2025-09-08,0.03,tcgplayer
OP01-105,2025-09-15,0.05,tcgplayer
OP01-105,2025-09-22,0.05,tcgplayer
OP01-105,2025-09-29,0.05,tcgplayer
OP01-105,2025-10-06,0.05,tcgplayer
OP01-105,2025-10-13,0.05,tcgplayer
OP01-105,2025-10-20,0.06,tcgplayer
OP01-105,2025-10-27,0.06,tcgplayer
OP01-105,2025-11-03,0.09,tcgplayer
OP01-105,2025-11-10,0.11,tcgplayer
OP01-105,2025-11-17,0.10,tcgplayer
OP01-105,2025-11-24,0.11,tcgplayer
OP01-105,2025-12-01,0.09,tcgplayer
OP01-105,2025-12-08,0.07,tcgplayer
OP01-105,2025-12-15,0.06,tcgplayer
OP01-105,2025-12-22,0.05,tcgplayer
OP01-105,2025-12-29,0.06,tcgplayer
OP01-105,2026-01-05,0.07,tcgplayer
OP01-105,2026-01-12,0.08,tcgplayer
OP01-105,2026-01-19,0.07,tcgplayer
OP01-105,2026-01-26,0.07,tcgplayer
OP01-105,2026-02-02,0.08,tcgplayer
OP01-105,2026-02-09,0.09,tcgplayer
OP01-105,2026-02-16,0.08,tcgplayer
OP01-105,2026-02-23,0.09,tcgplayer
OP01-105,2026-03-02,0.07,tcgplayer
OP01-105,2026-03-09,0.06,tcgplayer
OP01-105,2026-03-16,0.05,tcgplayer
OP01-105,2026-03-23,0.07,tcgplayer
OP01-105,2026-03-30,0.08,tcgplayer
OP01-105,2026-04-06,0.08,tcgplayer
OP01-105,2026-04-13,0.07,tcgplayer
OP01-105,2026-04-20,0.08,tcgplayer
OP01-105,2026-04-27,0.07,tcgplayer
OP01-105,2026-05-04,0.06,tcgplayer
OP01-105,2026-05-11,0.07,tcgplayer
OP01-105,2026-05-18,0.06,tcgplayer
OP01-105,2026-05-25,0.06,tcgplayer
OP01-105,2026-06-01,0.05,tcgplayer
OP01-105,2026-06-08,0.05,tcgplayer
OP01-105,2026-06-15,0.05,tcgplayer
OP01-105,2026-06-22,0.05,tcgplayer
OP01-105,2026-06-29,0.09,tcgplayer
OP01-105,2026-07-06,0.10,tcgplayer
OP01-105,2026-07-13,0.10,tcgplayer
OP01-105,2026-07-20,0.11,tcgplayer
OP01-105,2026-07-27,0.10,tcgplayer
OP01-105,2026-08-03,0.11,tcgplayer
OP01-105,2026-08-10,0.08,tcgplayer
OP01-105,2026-08-17,0.07,tcgplayer
OP01-105,2026-08-24,0.07,tcgplayer
OP01-105,2026-08-31,0.09,tcgplayer
OP01-105,2026-09-05,0.09,limitless
OP01-106,2025-09-08,0.41,tcgplayer
OP01-106,2025-09-15,0.38,tcgplayer
OP01-106,2025-09-22,0.36,tcgplayer
OP01-106,2025-09-29,0.38,tcgplayer
OP01-106,2025-10-06,0.35,tcgplayer
OP01-106,2025-10-13,0.37,tcgplayer
OP01-106,2025-10-20,0.37,tcgplayer
OP01-106,2025-10-27,0.37,tcgplayer
OP01-106,2025-11-03,0.39,tcgplayer
OP01-106,2025-11-10,0.36,tcgplayer
OP01-106,2025-11-17,0.30,tcgplayer
OP01-106,2025-11-24,0.21,tcgplayer
OP01-106,2025-12-01,0.24,tcgplayer
OP01-106,2025-12-08,0.26,tcgplayer
OP01-106,2025-12-15,0.25,tcgplayer
OP01-106,2025-12-22,0.25,tcgplayer
OP01-106,2025-12-29,0.27,tcgplayer
OP01-106,2026-01-05,0.34,tcgplayer
OP01-106,2026-01-12,0.32,tcgplayer
OP01-106,2026-01-19,0.33,tcgplayer
OP01-106,2026-01-26,0.32,tcgplayer
OP01-106,2026-02-02,0.35,tcgplayer
OP01-106,2026-02-09,0.34,tcgplayer
OP01-106,2026-02-16,0.35,tcgplayer
OP01-106,2026-02-23,0.33,tcgplayer
OP01-106,2026-03-02,0.31,tcgplayer
OP01-106,2026-03-09,0.29,tcgplayer
OP01-106,2026-03-16,0.27,tcgplayer
OP01-106,2026-03-23,0.26,tcgplayer
OP01-106,2026-03-30,0.27,tcgplayer
OP01-106,2026-04-06,0.27,tcgplayer
OP01-106,2026-04-13,0.28,tcgplayer
OP01-106,2026-04-20,0.27,tcgplayer
OP01-106,2026-04-27,0.27,tcgplayer
OP01-106,2026-05-04,0.29,tcgplayer
OP01-106,2026-05-11,0.29,tcgplayer
OP01-106,2026-05-18,0.28,tcgplayer
OP01-106,2026-05-25,0.26,tcgplayer
OP01-106,2026-06-01,0.27,tcgplayer
OP01-106,2026-06-08,0.25,tcgplayer
OP01-106,2026-06-15,0.25,tcgplayer
OP01-106,2026-06-22,0.25,tcgplayer
OP01-106,2026-06-29,0.24,tcgplayer
OP01-106,2026-07-06,0.24,tcgplayer
OP01-106,2026-07-13,0.24,tcgplayer
OP01-106,2026-07-20,0.24,tcgplayer
OP01-106,2026-07-27,0.24,tcgplayer
OP01-106,2026-08-03,0.24,tcgplayer
OP01-106,2026-08-10,0.23,tcgplayer
OP01-106,2026-08-17,0.24,tcgplayer
OP01-106,2026-08-24,0.24,tcgplayer
OP01-106,2026-08-31,0.21,tcgplayer
OP01-106,2026-09-05,0.22,limitless
OP01-107,2025-09-08,0.03,tcgplayer
OP01-107,2025-09-15,0.05,tcgplayer
OP01-107,2025-09-22,0.05,tcgplayer
OP01-107,2025-09-29,0.05,tcgplayer
OP01-107,2025-10-06,0.05,tcgplayer
OP01-107,2025-10-13,0.05,tcgplayer
OP01-107,2025-10-20,0.05,tcgplayer
OP01-107,2025-10-27,0.06,tcgplayer
OP01-107,2025-11-03,0.07,tcgplayer
OP01-107,2025-11-10,0.06,tcgplayer
OP01-107,2025-11-17,0.05,tcgplayer
OP01-107,2025-11-24,0.06,tcgplayer
OP01-107,2025-12-01,0.08,tcgplayer
OP01-107,2025-12-08,0.07,tcgplayer
OP01-107,2025-12-15,0.06,tcgplayer
OP01-107,2025-12-22,0.05,tcgplayer
OP01-107,2025-12-29,0.04,tcgplayer
OP01-107,2026-01-05,0.05,tcgplayer
OP01-107,2026-01-12,0.05,tcgplayer
OP01-107,2026-01-19,0.06,tcgplayer
OP01-107,2026-01-26,0.06,tcgplayer
OP01-107,2026-02-02,0.05,tcgplayer
OP01-107,2026-02-09,0.06,tcgplayer
OP01-107,2026-02-16,0.07,tcgplayer
OP01-107,2026-02-23,0.06,tcgplayer
OP01-107,2026-03-02,0.05,tcgplayer
OP01-107,2026-03-09,0.06,tcgplayer
OP01-107,2026-03-16,0.06,tcgplayer
OP01-107,2026-03-23,0.08,tcgplayer
OP01-107,2026-03-30,0.09,tcgplayer
OP01-107,2026-04-06,0.08,tcgplayer
OP01-107,2026-04-13,0.08,tcgplayer
OP01-107,2026-04-20,0.07,tcgplayer
OP01-107,2026-04-27,0.07,tcgplayer
OP01-107,2026-05-04,0.06,tcgplayer
OP01-107,2026-05-11,0.06,tcgplayer
OP01-107,2026-05-18,0.06,tcgplayer
OP01-107,2026-05-25,0.05,tcgplayer
OP01-107,2026-06-01,0.06,tcgplayer
OP01-107,2026-06-08,0.07,tcgplayer
OP01-107,2026-06-15,0.07,tcgplayer
OP01-107,2026-06-22,0.07,tcgplayer
OP01-107,2026-06-29,0.07,tcgplayer
OP01-107,2026-07-06,0.07,tcgplayer
OP01-107,2026-07-13,0.06,tcgplayer
OP01-107,2026-07-20,0.07,tcgplayer
OP01-107,2026-07-27,0.07,tcgplayer
OP01-107,2026-08-03,0.08,tcgplayer
OP01-107,2026-08-10,0.08,tcgplayer
OP01-107,2026-08-17,0.08,tcgplayer
OP01-107,2026-08-24,0.08,tcgplayer
OP01-107,2026-08-31,0.09,tcgplayer
OP01-107,2026-09-05,0.10,limitless
OP01-108,2025-09-08,0.13,tcgplayer
OP01-108,2025-09-15,0.12,tcgplayer
OP01-108,2025-09-22,0.13,tcgplayer
OP01-108,2025-09-29,0.14,tcgplayer
OP01-108,2025-10-06,0.13,tcgplayer
OP01-108,2025-10-13,0.13,tcgplayer
OP01-108,2025-10-20,0.13,tcgplayer
OP01-108,2025-10-27,0.14,tcgplayer
OP01-108,2025-11-03,0.15,tcgplayer
OP01-108,2025-11-10,0.15,tcgplayer
OP01-108,2025-11-17,0.15,tcgplayer
OP01-108,2025-11-24,0.16,tcgplayer
OP01-108,2025-12-01,0.14,tcgplayer
OP01-108,2025-12-08,0.13,tcgplayer
OP01-108,2025-12-15,0.13,tcgplayer
OP01-108,2025-12-22,0.13,tcgplayer
OP01-108,2025-12-29,0.12,tcgplayer
OP01-108,2026-01-05,0.14,tcgplayer
OP01-108,2026-01-12,0.13,tcgplayer
OP01-108,2026-01-19,0.14,tcgplayer
OP01-108,2026-01-26,0.12,tcgplayer
OP01-108,2026-02-02,0.13,tcgplayer
OP01-108,2026-02-09,0.13,tcgplayer
OP01-108,2026-02-16,0.13,tcgplayer
OP01-108,2026-02-23,0.13,tcgplayer
OP01-108,2026-03-02,0.14,tcgplayer
OP01-108,2026-03-09,0.13,tcgplayer
OP01-108,2026-03-16,0.12,tcgplayer
OP01-108,2026-03-23,0.14,tcgplayer
OP01-108,2026-03-30,0.14,tcgplayer
OP01-108,2026-04-06,0.16,tcgplayer
OP01-108,2026-04-13,0.17,tcgplayer
OP01-108,2026-04-20,0.15,tcgplayer
OP01-108,2026-04-27,0.16,tcgplayer
OP01-108,2026-05-04,0.15,tcgplayer
OP01-108,2026-05-11,0.13,tcgplayer
OP01-108,2026-05-18,0.13,tcgplayer
OP01-108,2026-05-25,0.19,tcgplayer
OP01-108,2026-06-01,0.20,tcgplayer
OP01-108,2026-06-08,0.19,tcgplayer
OP01-108,2026-06-15,0.13,tcgplayer
OP01-108,2026-06-22,0.14,tcgplayer
OP01-108,2026-06-29,0.14,tcgplayer
OP01-108,2026-07-06,0.14,tcgplayer
OP01-108,2026-07-13,0.14,tcgplayer
OP01-108,2026-07-20,0.15,tcgplayer
OP01-108,2026-07-27,0.14,tcgplayer
OP01-108,2026-08-03,0.14,tcgplayer
OP01-108,2026-08-10,0.14,tcgplayer
OP01-108,2026-08-17,0.15,tcgplayer
OP01-108,2026-08-24,0.15,tcgplayer
OP01-108,2026-08-31,0.16,tcgplayer
OP01-108,2026-09-05,0.16,limitless
OP01-109,2025-09-08,0.06,tcgplayer
OP01-109,2025-09-15,0.06,tcgplayer
OP01-109,2025-09-22,0.07,tcgplayer
OP01-109,2025-09-29,0.07,tcgplayer
OP01-109,2025-10-06,0.07,tcgplayer
OP01-109,2025-10-13,0.08,tcgplayer
OP01-109,2025-10-20,0.08,tcgplayer
OP01-109,2025-10-27,0.09,tcgplayer
OP01-109,2025-11-03,0.10,tcgplayer
OP01-109,2025-11-10,0.10,tcgplayer
OP01-109,2025-11-17,0.10,tcgplayer
OP01-109,2025-11-24,0.11,tcgplayer
OP01-109,2025-12-01,0.10,tcgplayer
OP01-109,2025-12-08,0.08,tcgplayer
OP01-109,2025-12-15,0.07,tcgplayer
OP01-109,2025-12-22,0.05,tcgplayer
OP01-109,2025-12-29,0.06,tcgplayer
OP01-109,2026-01-05,0.07,tcgplayer
OP01-109,2026-01-12,0.08,tcgplayer
OP01-109,2026-01-19,0.07,tcgplayer
OP01-109,2026-01-26,0.07,tcgplayer
OP01-109,2026-02-02,0.06,tcgplayer
OP01-109,2026-02-09,0.06,tcgplayer
OP01-109,2026-02-16,0.08,tcgplayer
OP01-109,2026-02-23,0.07,tcgplayer
OP01-109,2026-03-02,0.07,tcgplayer
OP01-109,2026-03-09,0.09,tcgplayer
OP01-109,2026-03-16,0.08,tcgplayer
OP01-109,2026-03-23,0.11,tcgplayer
OP01-109,2026-03-30,0.10,tcgplayer
OP01-109,2026-04-06,0.08,tcgplayer
OP01-109,2026-04-13,0.07,tcgplayer
OP01-109,2026-04-20,0.07,tcgplayer
OP01-109,2026-04-27,0.09,tcgplayer
OP01-109,2026-05-04,0.08,tcgplayer
OP01-109,2026-05-11,0.08,tcgplayer
OP01-109,2026-05-18,0.09,tcgplayer
OP01-109,2026-05-25,0.07,tcgplayer
OP01-109,2026-06-01,0.07,tcgplayer
OP01-109,2026-06-08,0.07,tcgplayer
OP01-109,2026-06-15,0.12,tcgplayer
OP01-109,2026-06-22,0.12,tcgplayer
OP01-109,2026-06-29,0.12,tcgplayer
OP01-109,2026-07-06,0.13,tcgplayer
OP01-109,2026-07-13,0.13,tcgplayer
OP01-109,2026-07-20,0.14,tcgplayer
OP01-109,2026-07-27,0.14,tcgplayer
OP01-109,2026-08-03,0.10,tcgplayer
OP01-109,2026-08-10,0.09,tcgplayer
OP01-109,2026-08-17,0.10,tcgplayer
OP01-109,2026-08-24,0.09,tcgplayer
OP01-109,2026-08-31,0.09,tcgplayer
OP01-109,2026-09-05,0.10,limitless
OP01-109p1,2025-09-08,1.02,tcgplayer
OP01-109p1,2025-09-15,1.11,tcgplayer
OP01-109p1,2025-09-22,1.22,tcgplayer
OP01-109p1,2025-09-29,1.27,tcgplayer
OP01-109p1,2025-10-06,1.64,tcgplayer
OP01-109p1,2025-10-13,1.56,tcgplayer
OP01-109p1,2025-10-20,1.55,tcgplayer
OP01-109p1,2025-10-27,1.32,tcgplayer
OP01-109p1,2025-11-03,1.34,tcgplayer
OP01-109p1,2025-11-10,1.39,tcgplayer
OP01-109p1,2025-11-17,1.30,tcgplayer
OP01-109p1,2025-11-24,1.33,tcgplayer
OP01-109p1,2025-12-01,1.67,tcgplayer
OP01-109p1,2025-12-08,4.18,tcgplayer
OP01-109p1,2025-12-15,5.89,tcgplayer
OP01-109p1,2025-12-22,5.00,tcgplayer
OP01-109p1,2025-12-29,4.28,tcgplayer
OP01-109p1,2026-01-05,4.07,tcgplayer
OP01-109p1,2026-01-12,3.84,tcgplayer
OP01-109p1,2026-01-19,3.79,tcgplayer
OP01-109p1,2026-01-26,3.66,tcgplayer
OP01-109p1,2026-02-02,3.60,tcgplayer
OP01-109p1,2026-02-09,3.53,tcgplayer
OP01-109p1,2026-02-16,3.11,tcgplayer
OP01-109p1,2026-02-23,2.68,tcgplayer
OP01-109p1,2026-03-02,2.42,tcgplayer
OP01-109p1,2026-03-09,2.36,tcgplayer
OP01-109p1,2026-03-16,2.19,tcgplayer
OP01-109p1,2026-03-23,2.16,tcgplayer
OP01-109p1,2026-03-30,2.13,tcgplayer
OP01-109p1,2026-04-06,2.06,tcgplayer
OP01-109p1,2026-04-13,2.00,tcgplayer
OP01-109p1,2026-04-20,2.01,tcgplayer
OP01-109p1,2026-04-27,2.06,tcgplayer
OP01-109p1,2026-05-04,2.06,tcgplayer
OP01-109p1,2026-05-11,2.08,tcgplayer
OP01-109p1,2026-05-18,2.17,tcgplayer
OP01-109p1,2026-05-25,2.13,tcgplayer
OP01-109p1,2026-06-01,2.13,tcgplayer
OP01-109p1,2026-06-08,2.54,tcgplayer
OP01-109p1,2026-06-15,2.57,tcgplayer
OP01-109p1,2026-06-22,3.81,tcgplayer
OP01-109p1,2026-06-29,4.19,tcgplayer
OP01-109p1,2026-07-06,4.27,tcgplayer
OP01-109p1,2026-07-13,4.08,tcgplayer
OP01-109p1,2026-07-20,3.89,tcgplayer
OP01-109p1,2026-07-27,3.78,tcgplayer
OP01-109p1,2026-08-03,3.78,tcgplayer
OP01-109p1,2026-08-10,3.64,tcgplayer
OP01-109p1,2026-08-17,3.64,tcgplayer
OP01-109p1,2026-08-24,3.60,tcgplayer
OP01-109p1,2026-08-31,3.51,tcgplayer
OP01-109p1,2026-09-05,3.56,limitless
OP01-110,2025-09-08,0.05,tcgplayer
OP01-110,2025-09-15,0.05,tcgplayer
OP01-110,2025-09-22,0.06,tcgplayer
OP01-110,2025-09-29,0.05,tcgplayer
OP01-110,2025-10-06,0.06,tcgplayer
OP01-110,2025-10-13,0.06,tcgplayer
OP01-110,2025-10-20,0.07,tcgplayer
OP01-110,2025-10-27,0.06,tcgplayer
OP01-110,2025-11-03,0.09,tcgplayer
OP01-110,2025-11-10,0.09,tcgplayer
OP01-110,2025-11-17,0.08,tcgplayer
OP01-110,2025-11-24,0.09,tcgplayer
OP01-110,2025-12-01,0.07,tcgplayer
OP01-110,2025-12-08,0.07,tcgplayer
OP01-110,2025-12-15,0.07,tcgplayer
OP01-110,2025-12-22,0.06,tcgplayer
OP01-110,2025-12-29,0.06,tcgplayer
OP01-110,2026-01-05,0.06,tcgplayer
OP01-110,2026-01-12,0.06,tcgplayer
OP01-110,2026-01-19,0.06,tcgplayer
OP01-110,2026-01-26,0.07,tcgplayer
OP01-110,2026-02-02,0.07,tcgplayer
OP01-110,2026-02-09,0.08,tcgplayer
OP01-110,2026-02-16,0.07,tcgplayer
OP01-110,2026-02-23,0.05,tcgplayer
OP01-110,2026-03-02,0.04,tcgplayer
OP01-110,2026-03-09,0.05,tcgplayer
OP01-110,2026-03-16,0.05,tcgplayer
OP01-110,2026-03-23,0.07,tcgplayer
OP01-110,2026-03-30,0.07,tcgplayer
OP01-110,2026-04-06,0.07,tcgplayer
OP01-110,2026-04-13,0.07,tcgplayer
OP01-110,2026-04-20,0.07,tcgplayer
OP01-110,2026-04-27,0.07,tcgplayer
OP01-110,2026-05-04,0.06,tcgplayer
OP01-110,2026-05-11,0.07,tcgplayer
OP01-110,2026-05-18,0.06,tcgplayer
OP01-110,2026-05-25,0.05,tcgplayer
OP01-110,2026-06-01,0.05,tcgplayer
OP01-110,2026-06-08,0.06,tcgplayer
OP01-110,2026-06-15,0.07,tcgplayer
OP01-110,2026-06-22,0.07,tcgplayer
OP01-110,2026-06-29,0.07,tcgplayer
OP01-110,2026-07-06,0.08,tcgplayer
OP01-110,2026-07-13,0.08,tcgplayer
OP01-110,2026-07-20,0.09,tcgplayer
OP01-110,2026-07-27,0.08,tcgplayer
OP01-110,2026-08-03,0.08,tcgplayer
OP01-110,2026-08-10,0.09,tcgplayer
OP01-110,2026-08-17,0.07,tcgplayer
OP01-110,2026-08-24,0.07,tcgplayer
OP01-110,2026-08-31,0.09,tcgplayer
OP01-110,2026-09-05,0.09,limitless
OP01-111,2025-09-08,0.15,tcgplayer
OP01-111,2025-09-15,0.16,tcgplayer
OP01-111,2025-09-22,0.25,tcgplayer
OP01-111,2025-09-29,0.32,tcgplayer
OP01-111,2025-10-06,0.32,tcgplayer
OP01-111,2025-10-13,0.27,tcgplayer
OP01-111,2025-10-20,0.27,tcgplayer
OP01-111,2025-10-27,0.21,tcgplayer
OP01-111,2025-11-03,0.24,tcgplayer
OP01-111,2025-11-10,0.25,tcgplayer
OP01-111,2025-11-17,0.23,tcgplayer
OP01-111,2025-11-24,0.17,tcgplayer
OP01-111,2025-12-01,0.16,tcgplayer
OP01-111,2025-12-08,0.16,tcgplayer
OP01-111,2025-12-15,0.16,tcgplayer
OP01-111,2025-12-22,0.16,tcgplayer
OP01-111,2025-12-29,0.17,tcgplayer
OP01-111,2026-01-05,0.19,tcgplayer
OP01-111,2026-01-12,0.18,tcgplayer
OP01-111,2026-01-19,0.25,tcgplayer
OP01-111,2026-01-26,0.22,tcgplayer
OP01-111,2026-02-02,0.20,tcgplayer
OP01-111,2026-02-09,0.25,tcgplayer
OP01-111,2026-02-16,0.24,tcgplayer
OP01-111,2026-02-23,0.18,tcgplayer
OP01-111,2026-03-02,0.21,tcgplayer
OP01-111,2026-03-09,0.25,tcgplayer
OP01-111,2026-03-16,0.26,tcgplayer
OP01-111,2026-03-23,0.28,tcgplayer
OP01-111,2026-03-30,0.28,tcgplayer
OP01-111,2026-04-06,0.24,tcgplayer
OP01-111,2026-04-13,0.21,tcgplayer
OP01-111,2026-04-20,0.22,tcgplayer
OP01-111,2026-04-27,0.21,tcgplayer
OP01-111,2026-05-04,0.21,tcgplayer
OP01-111,2026-05-11,0.20,tcgplayer
OP01-111,2026-05-18,0.20,tcgplayer
OP01-111,2026-05-25,0.20,tcgplayer
OP01-111,2026-06-01,0.22,tcgplayer
OP01-111,2026-06-08,0.22,tcgplayer
OP01-111,2026-06-15,0.24,tcgplayer
OP01-111,2026-06-22,0.22,tcgplayer
OP01-111,2026-06-29,0.21,tcgplayer
OP01-111,2026-07-06,0.19,tcgplayer
OP01-111,2026-07-13,0.19,tcgplayer
OP01-111,2026-07-20,0.25,tcgplayer
OP01-111,2026-07-27,0.25,tcgplayer
OP01-111,2026-08-03,0.21,tcgplayer
OP01-111,2026-08-10,0.23,tcgplayer
OP01-111,2026-08-17,0.22,tcgplayer
OP01-111,2026-08-24,0.21,tcgplayer
OP01-111,2026-08-31,0.21,tcgplayer
OP01-111,2026-09-05,0.21,limitless
OP01-112,2025-09-08,0.21,tcgplayer
OP01-112,2025-09-15,0.22,tcgplayer
OP01-112,2025-09-22,0.20,tcgplayer
OP01-112,2025-09-29,0.22,tcgplayer
OP01-112,2025-10-06,0.22,tcgplayer
OP01-112,2025-10-13,0.25,tcgplayer
OP01-112,2025-10-20,0.22,tcgplayer
OP01-112,2025-10-27,0.25,tcgplayer
OP01-112,2025-11-03,0.27,tcgplayer
OP01-112,2025-11-10,0.25,tcgplayer
OP01-112,2025-11-17,0.21,tcgplayer
OP01-112,2025-11-24,0.18,tcgplayer
OP01-112,2025-12-01,0.19,tcgplayer
OP01-112,2025-12-08,0.18,tcgplayer
OP01-112,2025-12-15,0.17,tcgplayer
OP01-112,2025-12-22,0.20,tcgplayer
OP01-112,2025-12-29,0.21,tcgplayer
OP01-112,2026-01-05,0.20,tcgplayer
OP01-112,2026-01-12,0.20,tcgplayer
OP01-112,2026-01-19,0.21,tcgplayer
OP01-112,2026-01-26,0.22,tcgplayer
OP01-112,2026-02-02,0.23,tcgplayer
OP01-112,2026-02-09,0.25,tcgplayer
OP01-112,2026-02-16,0.22,tcgplayer
OP01-112,2026-02-23,0.22,tcgplayer
OP01-112,2026-03-02,0.21,tcgplayer
OP01-112,2026-03-09,0.24,tcgplayer
OP01-112,2026-03-16,0.24,tcgplayer
OP01-112,2026-03-23,0.31,tcgplayer
OP01-112,2026-03-30,0.32,tcgplayer
OP01-112,2026-04-06,0.27,tcgplayer
OP01-112,2026-04-13,0.26,tcgplayer
OP01-112,2026-04-20,0.25,tcgplayer
OP01-112,2026-04-27,0.23,tcgplayer
OP01-112,2026-05-04,0.21,tcgplayer
OP01-112,2026-05-11,0.23,tcgplayer
OP01-112,2026-05-18,0.24,tcgplayer
OP01-112,2026-05-25,0.21,tcgplayer
OP01-112,2026-06-01,0.22,tcgplayer
OP01-112,2026-06-08,0.18,tcgplayer
OP01-112,2026-06-15,0.25,tcgplayer
OP01-112,2026-06-22,0.25,tcgplayer
OP01-112,2026-06-29,0.23,tcgplayer
OP01-112,2026-07-06,0.23,tcgplayer
OP01-112,2026-07-13,0.24,tcgplayer
OP01-112,2026-07-20,0.25,tcgplayer
OP01-112,2026-07-27,0.20,tcgplayer
OP01-112,2026-08-03,0.19,tcgplayer
OP01-112,2026-08-10,0.20,tcgplayer
OP01-112,2026-08-17,0.21,tcgplayer
OP01-112,2026-08-24,0.24,tcgplayer
OP01-112,2026-08-31,0.25,tcgplayer
OP01-112,2026-09-05,0.24,limitless
OP01-113,2025-09-08,0.06,tcgplayer
OP01-113,2025-09-15,0.05,tcgplayer
OP01-113,2025-09-22,0.06,tcgplayer
OP01-113,2025-09-29,0.05,tcgplayer
OP01-113,2025-10-06,0.05,tcgplayer
OP01-113,2025-10-13,0.05,tcgplayer
OP01-113,2025-10-20,0.05,tcgplayer
OP01-113,2025-10-27,0.05,tcgplayer
OP01-113,2025-11-03,0.08,tcgplayer
OP01-113,2025-11-10,0.09,tcgplayer
OP01-113,2025-11-17,0.08,tcgplayer
OP01-113,2025-11-24,0.09,tcgplayer
OP01-113,2025-12-01,0.07,tcgplayer
OP01-113,2025-12-08,0.07,tcgplayer
OP01-113,2025-12-15,0.08,tcgplayer
OP01-113,2025-12-22,0.06,tcgplayer
OP01-113,2025-12-29,0.06,tcgplayer
OP01-113,2026-01-05,0.06,tcgplayer
OP01-113,2026-01-12,0.06,tcgplayer
OP01-113,2026-01-19,0.06,tcgplayer
OP01-113,2026-01-26,0.08,tcgplayer
OP01-113,2026-02-02,0.08,tcgplayer
OP01-113,2026-02-09,0.07,tcgplayer
OP01-113,2026-02-16,0.07,tcgplayer
OP01-113,2026-02-23,0.07,tcgplayer
OP01-113,2026-03-02,0.07,tcgplayer
OP01-113,2026-03-09,0.06,tcgplayer
OP01-113,2026-03-16,0.05,tcgplayer
OP01-113,2026-03-23,0.07,tcgplayer
OP01-113,2026-03-30,0.08,tcgplayer
OP01-113,2026-04-06,0.07,tcgplayer
OP01-113,2026-04-13,0.07,tcgplayer
OP01-113,2026-04-20,0.07,tcgplayer
OP01-113,2026-04-27,0.06,tcgplayer
OP01-113,2026-05-04,0.06,tcgplayer
OP01-113,2026-05-11,0.07,tcgplayer
OP01-113,2026-05-18,0.07,tcgplayer
OP01-113,2026-05-25,0.05,tcgplayer
OP01-113,2026-06-01,0.05,tcgplayer
OP01-113,2026-06-08,0.05,tcgplayer
OP01-113,2026-06-15,0.05,tcgplayer
OP01-113,2026-06-22,0.06,tcgplayer
OP01-113,2026-06-29,0.07,tcgplayer
OP01-113,2026-07-06,0.07,tcgplayer
OP01-113,2026-07-13,0.08,tcgplayer
OP01-113,2026-07-20,0.09,tcgplayer
OP01-113,2026-07-27,0.09,tcgplayer
OP01-113,2026-08-03,0.09,tcgplayer
OP01-113,2026-08-10,0.10,tcgplayer
OP01-113,2026-08-17,0.10,tcgplayer
OP01-113,2026-08-24,0.10,tcgplayer
OP01-113,2026-08-31,0.11,tcgplayer
OP01-113,2026-09-05,0.11,limitless
OP01-114,2025-09-08,0.28,tcgplayer
OP01-114,2025-09-15,0.27,tcgplayer
OP01-114,2025-09-22,0.29,tcgplayer
OP01-114,2025-09-29,0.29,tcgplayer
OP01-114,2025-10-06,0.26,tcgplayer
OP01-114,2025-10-13,0.23,tcgplayer
OP01-114,2025-10-20,0.23,tcgplayer
OP01-114,2025-10-27,0.23,tcgplayer
OP01-114,2025-11-03,0.26,tcgplayer
OP01-114,2025-11-10,0.29,tcgplayer
OP01-114,2025-11-17,0.25,tcgplayer
OP01-114,2025-11-24,0.19,tcgplayer
OP01-114,2025-12-01,0.19,tcgplayer
OP01-114,2025-12-08,0.21,tcgplayer
OP01-114,2025-12-15,0.23,tcgplayer
OP01-114,2025-12-22,0.21,tcgplayer
OP01-114,2025-12-29,0.23,tcgplayer
OP01-114,2026-01-05,0.22,tcgplayer
OP01-114,2026-01-12,0.27,tcgplayer
OP01-114,2026-01-19,0.31,tcgplayer
OP01-114,2026-01-26,0.30,tcgplayer
OP01-114,2026-02-02,0.28,tcgplayer
OP01-114,2026-02-09,0.27,tcgplayer
OP01-114,2026-02-16,0.28,tcgplayer
OP01-114,2026-02-23,0.28,tcgplayer
OP01-114,2026-03-02,0.28,tcgplayer
OP01-114,2026-03-09,0.32,tcgplayer
OP01-114,2026-03-16,0.33,tcgplayer
OP01-114,2026-03-23,0.39,tcgplayer
OP01-114,2026-03-30,0.40,tcgplayer
OP01-114,2026-04-06,0.36,tcgplayer
OP01-114,2026-04-13,0.31,tcgplayer
OP01-114,2026-04-20,0.28,tcgplayer
OP01-114,2026-04-27,0.26,tcgplayer
OP01-114,2026-05-04,0.26,tcgplayer
OP01-114,2026-05-11,0.26,tcgplayer
OP01-114,2026-05-18,0.26,tcgplayer
OP01-114,2026-05-25,0.25,tcgplayer
OP01-114,2026-06-01,0.24,tcgplayer
OP01-114,2026-06-08,0.23,tcgplayer
OP01-114,2026-06-15,0.23,tcgplayer
OP01-114,2026-06-22,0.24,tcgplayer
OP01-114,2026-06-29,0.26,tcgplayer
OP01-114,2026-07-06,0.27,tcgplayer
OP01-114,2026-07-13,0.27,tcgplayer
OP01-114,2026-07-20,0.28,tcgplayer
OP01-114,2026-07-27,0.25,tcgplayer
OP01-114,2026-08-03,0.24,tcgplayer
OP01-114,2026-08-10,0.24,tcgplayer
OP01-114,2026-08-17,0.21,tcgplayer
OP01-114,2026-08-24,0.21,tcgplayer
OP01-114,2026-08-31,0.22,tcgplayer
OP01-114,2026-09-05,0.22,limitless
OP01-115,2025-09-08,0.06,tcgplayer
OP01-115,2025-09-15,0.06,tcgplayer
OP01-115,2025-09-22,0.06,tcgplayer
OP01-115,2025-09-29,0.05,tcgplayer
OP01-115,2025-10-06,0.05,tcgplayer
OP01-115,2025-10-13,0.05,tcgplayer
OP01-115,2025-10-20,0.05,tcgplayer
OP01-115,2025-10-27,0.05,tcgplayer
OP01-115,2025-11-03,0.08,tcgplayer
OP01-115,2025-11-10,0.09,tcgplayer
OP01-115,2025-11-17,0.09,tcgplayer
OP01-115,2025-11-24,0.10,tcgplayer
OP01-115,2025-12-01,0.08,tcgplayer
OP01-115,2025-12-08,0.07,tcgplayer
OP01-115,2025-12-15,0.07,tcgplayer
OP01-115,2025-12-22,0.05,tcgplayer
OP01-115,2025-12-29,0.05,tcgplayer
OP01-115,2026-01-05,0.06,tcgplayer
OP01-115,2026-01-12,0.07,tcgplayer
OP01-115,2026-01-19,0.07,tcgplayer
OP01-115,2026-01-26,0.09,tcgplayer
OP01-115,2026-02-02,0.10,tcgplayer
OP01-115,2026-02-09,0.10,tcgplayer
OP01-115,2026-02-16,0.10,tcgplayer
OP01-115,2026-02-23,0.09,tcgplayer
OP01-115,2026-03-02,0.08,tcgplayer
OP01-115,2026-03-09,0.05,tcgplayer
OP01-115,2026-03-16,0.06,tcgplayer
OP01-115,2026-03-23,0.07,tcgplayer
OP01-115,2026-03-30,0.07,tcgplayer
OP01-115,2026-04-06,0.07,tcgplayer
OP01-115,2026-04-13,0.06,tcgplayer
OP01-115,2026-04-20,0.07,tcgplayer
OP01-115,2026-04-27,0.06,tcgplayer
OP01-115,2026-05-04,0.06,tcgplayer
OP01-115,2026-05-11,0.06,tcgplayer
OP01-115,2026-05-18,0.05,tcgplayer
OP01-115,2026-05-25,0.04,tcgplayer
OP01-115,2026-06-01,0.04,tcgplayer
OP01-115,2026-06-08,0.04,tcgplayer
OP01-115,2026-06-15,0.05,tcgplayer
OP01-115,2026-06-22,0.05,tcgplayer
OP01-115,2026-06-29,0.07,tcgplayer
OP01-115,2026-07-06,0.06,tcgplayer
OP01-115,2026-07-13,0.07,tcgplayer
OP01-115,2026-07-20,0.08,tcgplayer
OP01-115,2026-07-27,0.07,tcgplayer
OP01-115,2026-08-03,0.07,tcgplayer
OP01-115,2026-08-10,0.07,tcgplayer
OP01-115,2026-08-17,0.07,tcgplayer
OP01-115,2026-08-24,0.07,tcgplayer
OP01-115,2026-08-31,0.09,tcgplayer
OP01-115,2026-09-05,0.10,limitless
OP01-116,2025-09-08,0.12,tcgplayer
OP01-116,2025-09-15,0.13,tcgplayer
OP01-116,2025-09-22,0.13,tcgplayer
OP01-116,2025-09-29,0.14,tcgplayer
OP01-116,2025-10-06,0.13,tcgplayer
OP01-116,2025-10-13,0.19,tcgplayer
OP01-116,2025-10-20,0.19,tcgplayer
OP01-116,2025-10-27,0.18,tcgplayer
OP01-116,2025-11-03,0.15,tcgplayer
OP01-116,2025-11-10,0.16,tcgplayer
OP01-116,2025-11-17,0.16,tcgplayer
OP01-116,2025-11-24,0.14,tcgplayer
OP01-116,2025-12-01,0.12,tcgplayer
OP01-116,2025-12-08,0.13,tcgplayer
OP01-116,2025-12-15,0.12,tcgplayer
OP01-116,2025-12-22,0.11,tcgplayer
OP01-116,2025-12-29,0.14,tcgplayer
OP01-116,2026-01-05,0.16,tcgplayer
OP01-116,2026-01-12,0.17,tcgplayer
OP01-116,2026-01-19,0.19,tcgplayer
OP01-116,2026-01-26,0.12,tcgplayer
OP01-116,2026-02-02,0.12,tcgplayer
OP01-116,2026-02-09,0.13,tcgplayer
OP01-116,2026-02-16,0.08,tcgplayer
OP01-116,2026-02-23,0.08,tcgplayer
OP01-116,2026-03-02,0.10,tcgplayer
OP01-116,2026-03-09,0.08,tcgplayer
OP01-116,2026-03-16,0.11,tcgplayer
OP01-116,2026-03-23,0.13,tcgplayer
OP01-116,2026-03-30,0.13,tcgplayer
OP01-116,2026-04-06,0.13,tcgplayer
OP01-116,2026-04-13,0.13,tcgplayer
OP01-116,2026-04-20,0.11,tcgplayer
OP01-116,2026-04-27,0.11,tcgplayer
OP01-116,2026-05-04,0.14,tcgplayer
OP01-116,2026-05-11,0.15,tcgplayer
OP01-116,2026-05-18,0.15,tcgplayer
OP01-116,2026-05-25,0.15,tcgplayer
OP01-116,2026-06-01,0.12,tcgplayer
OP01-116,2026-06-08,0.11,tcgplayer
OP01-116,2026-06-15,0.10,tcgplayer
OP01-116,2026-06-22,0.10,tcgplayer
OP01-116,2026-06-29,0.10,tcgplayer
OP01-116,2026-07-06,0.10,tcgplayer
OP01-116,2026-07-13,0.10,tcgplayer
OP01-116,2026-07-20,0.11,tcgplayer
OP01-116,2026-07-27,0.10,tcgplayer
OP01-116,2026-08-03,0.10,tcgplayer
OP01-116,2026-08-10,0.11,tcgplayer
OP01-116,2026-08-17,0.11,tcgplayer
OP01-116,2026-08-24,0.11,tcgplayer
OP01-116,2026-08-31,0.12,tcgplayer
OP01-116,2026-09-05,0.13,limitless
OP01-117,2025-09-08,0.09,tcgplayer
OP01-117,2025-09-15,0.09,tcgplayer
OP01-117,2025-09-22,0.12,tcgplayer
OP01-117,2025-09-29,0.12,tcgplayer
OP01-117,2025-10-06,0.12,tcgplayer
OP01-117,2025-10-13,0.13,tcgplayer
OP01-117,2025-10-20,0.13,tcgplayer
OP01-117,2025-10-27,0.13,tcgplayer
OP01-117,2025-11-03,0.13,tcgplayer
OP01-117,2025-11-10,0.12,tcgplayer
OP01-117,2025-11-17,0.11,tcgplayer
OP01-117,2025-11-24,0.11,tcgplayer
OP01-117,2025-12-01,0.08,tcgplayer
OP01-117,2025-12-08,0.08,tcgplayer
OP01-117,2025-12-15,0.08,tcgplayer
OP01-117,2025-12-22,0.08,tcgplayer
OP01-117,2025-12-29,0.09,tcgplayer
OP01-117,2026-01-05,0.10,tcgplayer
OP01-117,2026-01-12,0.10,tcgplayer
OP01-117,2026-01-19,0.11,tcgplayer
OP01-117,2026-01-26,0.09,tcgplayer
OP01-117,2026-02-02,0.10,tcgplayer
OP01-117,2026-02-09,0.10,tcgplayer
OP01-117,2026-02-16,0.09,tcgplayer
OP01-117,2026-02-23,0.08,tcgplayer
OP01-117,2026-03-02,0.08,tcgplayer
OP01-117,2026-03-09,0.08,tcgplayer
OP01-117,2026-03-16,0.10,tcgplayer
OP01-117,2026-03-23,0.12,tcgplayer
OP01-117,2026-03-30,0.11,tcgplayer
OP01-117,2026-04-06,0.10,tcgplayer
OP01-117,2026-04-13,0.09,tcgplayer
OP01-117,2026-04-20,0.11,tcgplayer
OP01-117,2026-04-27,0.11,tcgplayer
OP01-117,2026-05-04,0.12,tcgplayer
OP01-117,2026-05-11,0.11,tcgplayer
OP01-117,2026-05-18,0.10,tcgplayer
OP01-117,2026-05-25,0.08,tcgplayer
OP01-117,2026-06-01,0.09,tcgplayer
OP01-117,2026-06-08,0.08,tcgplayer
OP01-117,2026-06-15,0.08,tcgplayer
OP01-117,2026-06-22,0.08,tcgplayer
OP01-117,2026-06-29,0.08,tcgplayer
OP01-117,2026-07-06,0.07,tcgplayer
OP01-117,2026-07-13,0.08,tcgplayer
OP01-117,2026-07-20,0.09,tcgplayer
OP01-117,2026-07-27,0.09,tcgplayer
OP01-117,2026-08-03,0.10,tcgplayer
OP01-117,2026-08-10,0.10,tcgplayer
OP01-117,2026-08-17,0.11,tcgplayer
OP01-117,2026-08-24,0.11,tcgplayer
OP01-117,2026-08-31,0.11,tcgplayer
OP01-117,2026-09-05,0.11,limitless
OP01-118,2025-09-08,0.13,tcgplayer
OP01-118,2025-09-15,0.12,tcgplayer
OP01-118,2025-09-22,0.12,tcgplayer
OP01-118,2025-09-29,0.12,tcgplayer
OP01-118,2025-10-06,0.13,tcgplayer
OP01-118,2025-10-13,0.12,tcgplayer
OP01-118,2025-10-20,0.12,tcgplayer
OP01-118,2025-10-27,0.11,tcgplayer
OP01-118,2025-11-03,0.15,tcgplayer
OP01-118,2025-11-10,0.16,tcgplayer
OP01-118,2025-11-17,0.17,tcgplayer
OP01-118,2025-11-24,0.18,tcgplayer
OP01-118,2025-12-01,0.16,tcgplayer
OP01-118,2025-12-08,0.15,tcgplayer
OP01-118,2025-12-15,0.17,tcgplayer
OP01-118,2025-12-22,0.17,tcgplayer
OP01-118,2025-12-29,0.16,tcgplayer
OP01-118,2026-01-05,0.15,tcgplayer
OP01-118,2026-01-12,0.15,tcgplayer
OP01-118,2026-01-19,0.15,tcgplayer
OP01-118,2026-01-26,0.14,tcgplayer
OP01-118,2026-02-02,0.14,tcgplayer
OP01-118,2026-02-09,0.14,tcgplayer
OP01-118,2026-02-16,0.14,tcgplayer
OP01-118,2026-02-23,0.14,tcgplayer
OP01-118,2026-03-02,0.16,tcgplayer
OP01-118,2026-03-09,0.15,tcgplayer
OP01-118,2026-03-16,0.17,tcgplayer
OP01-118,2026-03-23,0.21,tcgplayer
OP01-118,2026-03-30,0.22,tcgplayer
OP01-118,2026-04-06,0.21,tcgplayer
OP01-118,2026-04-13,0.19,tcgplayer
OP01-118,2026-04-20,0.17,tcgplayer
OP01-118,2026-04-27,0.17,tcgplayer
OP01-118,2026-05-04,0.17,tcgplayer
OP01-118,2026-05-11,0.17,tcgplayer
OP01-118,2026-05-18,0.16,tcgplayer
OP01-118,2026-05-25,0.17,tcgplayer
OP01-118,2026-06-01,0.18,tcgplayer
OP01-118,2026-06-08,0.16,tcgplayer
OP01-118,2026-06-15,0.16,tcgplayer
OP01-118,2026-06-22,0.16,tcgplayer
OP01-118,2026-06-29,0.16,tcgplayer
OP01-118,2026-07-06,0.16,tcgplayer
OP01-118,2026-07-13,0.15,tcgplayer
OP01-118,2026-07-20,0.15,tcgplayer
OP01-118,2026-07-27,0.15,tcgplayer
OP01-118,2026-08-03,0.15,tcgplayer
OP01-118,2026-08-10,0.16,tcgplayer
OP01-118,2026-08-17,0.16,tcgplayer
OP01-118,2026-08-24,0.16,tcgplayer
OP01-118,2026-08-31,0.18,tcgplayer
OP01-118,2026-09-05,0.19,limitless
OP01-119,2025-09-08,4.30,tcgplayer
OP01-119,2025-09-15,5.70,tcgplayer
OP01-119,2025-09-22,6.30,tcgplayer
OP01-119,2025-09-29,6.37,tcgplayer
OP01-119,2025-10-06,9.62,tcgplayer
OP01-119,2025-10-13,9.80,tcgplayer
OP01-119,2025-10-20,9.17,tcgplayer
OP01-119,2025-10-27,8.42,tcgplayer
OP01-119,2025-11-03,6.39,tcgplayer
OP01-119,2025-11-10,5.83,tcgplayer
OP01-119,2025-11-17,3.91,tcgplayer
OP01-119,2025-11-24,3.81,tcgplayer
OP01-119,2025-12-01,4.07,tcgplayer
OP01-119,2025-12-08,4.21,tcgplayer
OP01-119,2025-12-15,4.11,tcgplayer
OP01-119,2025-12-22,4.23,tcgplayer
OP01-119,2025-12-29,4.03,tcgplayer
OP01-119,2026-01-05,3.25,tcgplayer
OP01-119,2026-01-12,3.59,tcgplayer
OP01-119,2026-01-19,3.33,tcgplayer
OP01-119,2026-01-26,3.41,tcgplayer
OP01-119,2026-02-02,2.65,tcgplayer
OP01-119,2026-02-09,2.53,tcgplayer
OP01-119,2026-02-16,2.43,tcgplayer
OP01-119,2026-02-23,2.09,tcgplayer
OP01-119,2026-03-02,2.06,tcgplayer
OP01-119,2026-03-09,1.91,tcgplayer
OP01-119,2026-03-16,1.65,tcgplayer
OP01-119,2026-03-23,1.52,tcgplayer
OP01-119,2026-03-30,1.56,tcgplayer
OP01-119,2026-04-06,1.01,tcgplayer
OP01-119,2026-04-13,0.81,tcgplayer
OP01-119,2026-04-20,0.87,tcgplayer
OP01-119,2026-04-27,0.70,tcgplayer
OP01-119,2026-05-04,0.67,tcgplayer
OP01-119,2026-05-11,0.69,tcgplayer
OP01-119,2026-05-18,0.70,tcgplayer
OP01-119,2026-05-25,0.70,tcgplayer
OP01-119,2026-06-01,0.59,tcgplayer
OP01-119,2026-06-08,0.62,tcgplayer
OP01-119,2026-06-15,0.57,tcgplayer
OP01-119,2026-06-22,0.56,tcgplayer
OP01-119,2026-06-29,0.55,tcgplayer
OP01-119,2026-07-06,0.53,tcgplayer
OP01-119,2026-07-13,0.54,tcgplayer
OP01-119,2026-07-20,0.50,tcgplayer
OP01-119,2026-07-27,0.48,tcgplayer
OP01-119,2026-08-03,0.46,tcgplayer
OP01-119,2026-08-10,0.41,tcgplayer
OP01-119,2026-08-17,0.44,tcgplayer
OP01-119,2026-08-24,0.47,tcgplayer
OP01-119,2026-08-31,0.41,tcgplayer
OP01-119,2026-09-05,0.42,limitless
OP01-120,2025-09-08,2.32,tcgplayer
OP01-120,2025-09-15,2.08,tcgplayer
OP01-120,2025-09-22,2.04,tcgplayer
OP01-120,2025-09-29,2.49,tcgplayer
OP01-120,2025-10-06,2.59,tcgplayer
OP01-120,2025-10-13,3.04,tcgplayer
OP01-120,2025-10-20,2.72,tcgplayer
OP01-120,2025-10-27,2.85,tcgplayer
OP01-120,2025-11-03,2.78,tcgplayer
OP01-120,2025-11-10,2.71,tcgplayer
OP01-120,2025-11-17,2.30,tcgplayer
OP01-120,2025-11-24,3.06,tcgplayer
OP01-120,2025-12-01,4.29,tcgplayer
OP01-120,2025-12-08,6.44,tcgplayer
OP01-120,2025-12-15,7.78,tcgplayer
OP01-120,2025-12-22,7.63,tcgplayer
OP01-120,2025-12-29,7.98,tcgplayer
OP01-120,2026-01-05,10.01,tcgplayer
OP01-120,2026-01-12,14.75,tcgplayer
OP01-120,2026-01-19,13.11,tcgplayer
OP01-120,2026-01-26,10.88,tcgplayer
OP01-120,2026-02-02,9.74,tcgplayer
OP01-120,2026-02-09,8.64,tcgplayer
OP01-120,2026-02-16,8.31,tcgplayer
OP01-120,2026-02-23,8.11,tcgplayer
OP01-120,2026-03-02,7.87,tcgplayer
OP01-120,2026-03-09,7.41,tcgplayer
OP01-120,2026-03-16,6.47,tcgplayer
OP01-120,2026-03-23,6.61,tcgplayer
OP01-120,2026-03-30,6.71,tcgplayer
OP01-120,2026-04-06,5.85,tcgplayer
OP01-120,2026-04-13,4.72,tcgplayer
OP01-120,2026-04-20,5.29,tcgplayer
OP01-120,2026-04-27,5.81,tcgplayer
OP01-120,2026-05-04,6.31,tcgplayer
OP01-120,2026-05-11,6.50,tcgplayer
OP01-120,2026-05-18,6.35,tcgplayer
OP01-120,2026-05-25,6.58,tcgplayer
OP01-120,2026-06-01,7.94,tcgplayer
OP01-120,2026-06-08,8.84,tcgplayer
OP01-120,2026-06-15,8.90,tcgplayer
OP01-120,2026-06-22,9.75,tcgplayer
OP01-120,2026-06-29,9.25,tcgplayer
OP01-120,2026-07-06,9.74,tcgplayer
OP01-120,2026-07-13,10.18,tcgplayer
OP01-120,2026-07-20,9.89,tcgplayer
OP01-120,2026-07-27,8.89,tcgplayer
OP01-120,2026-08-03,8.18,tcgplayer
OP01-120,2026-08-10,6.28,tcgplayer
OP01-120,2026-08-17,7.87,tcgplayer
OP01-120,2026-08-24,7.88,tcgplayer
OP01-120,2026-08-31,8.38,tcgplayer
OP01-120,2026-09-05,7.86,limitless
OP01-120p1,2025-09-08,20.06,tcgplayer
OP01-120p1,2025-09-15,19.17,tcgplayer
OP01-120p1,2025-09-22,19.36,tcgplayer
OP01-120p1,2025-09-29,22.85,tcgplayer
OP01-120p1,2025-10-06,24.08,tcgplayer
OP01-120p1,2025-10-13,25.60,tcgplayer
OP01-120p1,2025-10-20,27.85,tcgplayer
OP01-120p1,2025-10-27,29.65,tcgplayer
OP01-120p1,2025-11-03,30.36,tcgplayer
OP01-120p1,2025-11-10,60.60,tcgplayer
OP01-120p1,2025-11-17,69.11,tcgplayer
OP01-120p1,2025-11-24,83.22,tcgplayer
OP01-120p1,2025-12-01,89.42,tcgplayer
OP01-120p1,2025-12-08,108.43,tcgplayer
OP01-120p1,2025-12-15,105.86,tcgplayer
OP01-120p1,2025-12-22,88.30,tcgplayer
OP01-120p1,2025-12-29,81.44,tcgplayer
OP01-120p1,2026-01-05,99.07,tcgplayer
OP01-120p1,2026-01-12,108.01,tcgplayer
OP01-120p1,2026-01-19,113.98,tcgplayer
OP01-120p1,2026-01-26,116.48,tcgplayer
OP01-120p1,2026-02-02,117.16,tcgplayer
OP01-120p1,2026-02-09,112.88,tcgplayer
OP01-120p1,2026-02-16,108.96,tcgplayer
OP01-120p1,2026-02-23,102.37,tcgplayer
OP01-120p1,2026-03-02,91.98,tcgplayer
OP01-120p1,2026-03-09,82.61,tcgplayer
OP01-120p1,2026-03-16,76.43,tcgplayer
OP01-120p1,2026-03-23,74.24,tcgplayer
OP01-120p1,2026-03-30,73.79,tcgplayer
OP01-120p1,2026-04-06,72.01,tcgplayer
OP01-120p1,2026-04-13,72.98,tcgplayer
OP01-120p1,2026-04-20,72.39,tcgplayer
OP01-120p1,2026-04-27,71.16,tcgplayer
OP01-120p1,2026-05-04,75.93,tcgplayer
OP01-120p1,2026-05-11,77.64,tcgplayer
OP01-120p1,2026-05-18,83.30,tcgplayer
OP01-120p1,2026-05-25,88.54,tcgplayer
OP01-120p1,2026-06-01,89.72,tcgplayer
OP01-120p1,2026-06-08,102.32,tcgplayer
OP01-120p1,2026-06-15,107.56,tcgplayer
OP01-120p1,2026-06-22,109.44,tcgplayer
OP01-120p1,2026-06-29,110.62,tcgplayer
OP01-120p1,2026-07-06,110.41,tcgplayer
OP01-120p1,2026-07-13,110.88,tcgplayer
OP01-120p1,2026-07-20,110.88,tcgplayer
OP01-120p1,2026-07-27,110.88,tcgplayer
OP01-120p1,2026-08-03,110.88,tcgplayer
OP01-120p1,2026-08-10,103.42,tcgplayer
OP01-120p1,2026-08-17,97.53,tcgplayer
OP01-120p1,2026-08-24,96.03,tcgplayer
OP01-120p1,2026-08-31,92.56,tcgplayer
OP01-120p1,2026-09-05,92.56,limitless
OP01-120p2,2025-09-08,789.49,tcgplayer
OP01-120p2,2025-09-15,807.62,tcgplayer
OP01-120p2,2025-09-22,849.62,tcgplayer
OP01-120p2,2025-09-29,845.73,tcgplayer
OP01-120p2,2025-10-06,890.93,tcgplayer
OP01-120p2,2025-10-13,889.20,tcgplayer
OP01-120p2,2025-10-20,897.28,tcgplayer
OP01-120p2,2025-10-27,944.79,tcgplayer
OP01-120p2,2025-11-03,944.79,tcgplayer
OP01-120p2,2025-11-10,956.34,tcgplayer
OP01-120p2,2025-11-17,956.34,tcgplayer
OP01-120p2,2025-11-24,996.96,tcgplayer
OP01-120p2,2025-12-01,1291.13,tcgplayer
OP01-120p2,2025-12-08,1291.13,tcgplayer
OP01-120p2,2025-12-15,1291.13,tcgplayer
OP01-120p2,2025-12-22,1401.01,tcgplayer
OP01-120p2,2025-12-29,1380.60,tcgplayer
OP01-120p2,2026-01-05,1413.01,tcgplayer
OP01-120p2,2026-01-12,1441.16,tcgplayer
OP01-120p2,2026-01-19,1441.16,tcgplayer
OP01-120p2,2026-01-26,1523.51,tcgplayer
OP01-120p2,2026-02-02,1523.51,tcgplayer
OP01-120p2,2026-02-09,1571.49,tcgplayer
OP01-120p2,2026-02-16,1571.49,tcgplayer
OP01-120p2,2026-02-23,1677.42,tcgplayer
OP01-120p2,2026-03-02,1945.99,tcgplayer
OP01-120p2,2026-03-09,1945.99,tcgplayer
OP01-120p2,2026-03-16,2020.59,tcgplayer
OP01-120p2,2026-03-23,2033.99,tcgplayer
OP01-120p2,2026-03-30,2038.87,tcgplayer
OP01-120p2,2026-04-06,2038.87,tcgplayer
OP01-120p2,2026-04-13,2038.87,tcgplayer
OP01-120p2,2026-04-20,2045.85,tcgplayer
OP01-120p2,2026-04-27,2045.85,tcgplayer
OP01-120p2,2026-05-04,2045.85,tcgplayer
OP01-120p2,2026-05-11,2045.85,tcgplayer
OP01-120p2,2026-05-18,2045.85,tcgplayer
OP01-120p2,2026-05-25,2157.74,tcgplayer
OP01-120p2,2026-06-01,1950.00,tcgplayer
OP01-120p2,2026-06-08,1950.00,tcgplayer
OP01-120p2,2026-06-15,1950.00,tcgplayer
OP01-120p2,2026-06-22,3999.47,tcgplayer
OP01-120p2,2026-06-29,3999.48,tcgplayer
OP01-120p2,2026-07-06,3999.48,tcgplayer
OP01-120p2,2026-07-13,3999.74,tcgplayer
OP01-120p2,2026-07-20,3999.47,tcgplayer
OP01-120p2,2026-07-27,3999.47,tcgplayer
OP01-120p2,2026-08-03,3999.47,tcgplayer
OP01-120p2,2026-08-10,3999.47,tcgplayer
OP01-120p2,2026-08-17,3999.47,tcgplayer
OP01-120p2,2026-08-24,3999.47,tcgplayer
OP01-120p2,2026-08-31,3999.47,tcgplayer
OP01-120p2,2026-09-05,3999.47,limitless
OP01-121,2025-09-08,5.96,tcgplayer
OP01-121,2025-09-15,5.31,tcgplayer
OP01-121,2025-09-22,5.51,tcgplayer
OP01-121,2025-09-29,6.02,tcgplayer
OP01-121,2025-10-06,6.61,tcgplayer
OP01-121,2025-10-13,6.41,tcgplayer
OP01-121,2025-10-20,5.92,tcgplayer
OP01-121,2025-10-27,5.87,tcgplayer
OP01-121,2025-11-03,5.40,tcgplayer
OP01-121,2025-11-10,4.56,tcgplayer
OP01-121,2025-11-17,4.98,tcgplayer
OP01-121,2025-11-24,4.74,tcgplayer
OP01-121,2025-12-01,5.37,tcgplayer
OP01-121,2025-12-08,6.53,tcgplayer
OP01-121,2025-12-15,13.38,tcgplayer
OP01-121,2025-12-22,16.46,tcgplayer
OP01-121,2025-12-29,13.10,tcgplayer
OP01-121,2026-01-05,13.32,tcgplayer
OP01-121,2026-01-12,12.14,tcgplayer
OP01-121,2026-01-19,10.81,tcgplayer
OP01-121,2026-01-26,9.18,tcgplayer
OP01-121,2026-02-02,8.36,tcgplayer
OP01-121,2026-02-09,7.92,tcgplayer
OP01-121,2026-02-16,7.71,tcgplayer
OP01-121,2026-02-23,7.81,tcgplayer
OP01-121,2026-03-02,7.47,tcgplayer
OP01-121,2026-03-09,6.17,tcgplayer
OP01-121,2026-03-16,5.71,tcgplayer
OP01-121,2026-03-23,5.52,tcgplayer
OP01-121,2026-03-30,5.36,tcgplayer
OP01-121,2026-04-06,5.22,tcgplayer
OP01-121,2026-04-13,5.88,tcgplayer
OP01-121,2026-04-20,6.67,tcgplayer
OP01-121,2026-04-27,7.55,tcgplayer
OP01-121,2026-05-04,7.80,tcgplayer
OP01-121,2026-05-11,7.94,tcgplayer
OP01-121,2026-05-18,8.15,tcgplayer
OP01-121,2026-05-25,7.24,tcgplayer
OP01-121,2026-06-01,7.47,tcgplayer
OP01-121,2026-06-08,7.92,tcgplayer
OP01-121,2026-06-15,9.38,tcgplayer
OP01-121,2026-06-22,9.21,tcgplayer
OP01-121,2026-06-29,9.74,tcgplayer
OP01-121,2026-07-06,8.62,tcgplayer
OP01-121,2026-07-13,8.30,tcgplayer
OP01-121,2026-07-20,8.27,tcgplayer
OP01-121,2026-07-27,6.95,tcgplayer
OP01-121,2026-08-03,5.93,tcgplayer
OP01-121,2026-08-10,5.40,tcgplayer
OP01-121,2026-08-17,5.79,tcgplayer
OP01-121,2026-08-24,5.80,tcgplayer
OP01-121,2026-08-31,5.84,tcgplayer
OP01-121,2026-09-05,5.68,limitless
OP01-121p1,2025-09-08,40.46,tcgplayer
OP01-121p1,2025-09-15,40.31,tcgplayer
OP01-121p1,2025-09-22,39.91,tcgplayer
OP01-121p1,2025-09-29,40.78,tcgplayer
OP01-121p1,2025-10-06,41.49,tcgplayer
OP01-121p1,2025-10-13,43.56,tcgplayer
OP01-121p1,2025-10-20,49.65,tcgplayer
OP01-121p1,2025-10-27,56.39,tcgplayer
OP01-121p1,2025-11-03,57.66,tcgplayer
OP01-121p1,2025-11-10,57.62,tcgplayer
OP01-121p1,2025-11-17,63.42,tcgplayer
OP01-121p1,2025-11-24,67.86,tcgplayer
OP01-121p1,2025-12-01,80.29,tcgplayer
OP01-121p1,2025-12-08,103.08,tcgplayer
OP01-121p1,2025-12-15,104.60,tcgplayer
OP01-121p1,2025-12-22,107.14,tcgplayer
OP01-121p1,2025-12-29,100.98,tcgplayer
OP01-121p1,2026-01-05,96.27,tcgplayer
OP01-121p1,2026-01-12,96.94,tcgplayer
OP01-121p1,2026-01-19,97.73,tcgplayer
OP01-121p1,2026-01-26,105.51,tcgplayer
OP01-121p1,2026-02-02,106.79,tcgplayer
OP01-121p1,2026-02-09,107.89,tcgplayer
OP01-121p1,2026-02-16,110.82,tcgplayer
OP01-121p1,2026-02-23,111.27,tcgplayer
OP01-121p1,2026-03-02,110.88,tcgplayer
OP01-121p1,2026-03-09,107.56,tcgplayer
OP01-121p1,2026-03-16,107.43,tcgplayer
OP01-121p1,2026-03-23,105.55,tcgplayer
OP01-121p1,2026-03-30,102.83,tcgplayer
OP01-121p1,2026-04-06,101.70,tcgplayer
OP01-121p1,2026-04-13,98.40,tcgplayer
OP01-121p1,2026-04-20,95.47,tcgplayer
OP01-121p1,2026-04-27,94.61,tcgplayer
OP01-121p1,2026-05-04,94.13,tcgplayer
OP01-121p1,2026-05-11,92.89,tcgplayer
OP01-121p1,2026-05-18,92.45,tcgplayer
OP01-121p1,2026-05-25,92.50,tcgplayer
OP01-121p1,2026-06-01,92.48,tcgplayer
OP01-121p1,2026-06-08,94.33,tcgplayer
OP01-121p1,2026-06-15,104.92,tcgplayer
OP01-121p1,2026-06-22,104.92,tcgplayer
OP01-121p1,2026-06-29,111.14,tcgplayer
OP01-121p1,2026-07-06,111.35,tcgplayer
OP01-121p1,2026-07-13,119.15,tcgplayer
OP01-121p1,2026-07-20,120.40,tcgplayer
OP01-121p1,2026-07-27,120.40,tcgplayer
OP01-121p1,2026-08-03,131.18,tcgplayer
OP01-121p1,2026-08-10,134.55,tcgplayer
OP01-121p1,2026-08-17,139.08,tcgplayer
OP01-121p1,2026-08-24,139.76,tcgplayer
OP01-121p1,2026-08-31,136.92,tcgplayer
OP01-121p1,2026-09-05,137.92,limitless
