card_number,as_of,market_usd,source
OP07-001,2025-09-08,0.08,tcgplayer
OP07-001,2025-09-15,0.07,tcgplayer
OP07-001,2025-09-22,0.08,tcgplayer
OP07-001,2025-09-29,0.08,tcgplayer
OP07-001,2025-10-06,0.10,tcgplayer
OP07-001,2025-10-13,0.13,tcgplayer
OP07-001,2025-10-20,0.13,tcgplayer
OP07-001,2025-10-27,0.10,tcgplayer
OP07-001,2025-11-03,0.11,tcgplayer
OP07-001,2025-11-10,0.12,tcgplayer
OP07-001,2025-11-17,0.13,tcgplayer
OP07-001,2025-11-24,0.10,tcgplayer
OP07-001,2025-12-01,0.11,tcgplayer
OP07-001,2025-12-08,0.11,tcgplayer
OP07-001,2025-12-15,0.11,tcgplayer
OP07-001,2025-12-22,0.08,tcgplayer
OP07-001,2025-12-29,0.09,tcgplayer
OP07-001,2026-01-05,0.09,tcgplayer
OP07-001,2026-01-12,0.11,tcgplayer
OP07-001,2026-01-19,0.12,tcgplayer
OP07-001,2026-01-26,0.14,tcgplayer
OP07-001,2026-02-02,0.13,tcgplayer
OP07-001,2026-02-09,0.16,tcgplayer
OP07-001,2026-02-16,0.15,tcgplayer
OP07-001,2026-02-23,0.11,tcgplayer
OP07-001,2026-03-02,0.11,tcgplayer
OP07-001,2026-03-09,0.14,tcgplayer
OP07-001,2026-03-16,0.21,tcgplayer
OP07-001,2026-03-23,0.22,tcgplayer
OP07-001,2026-03-30,0.15,tcgplayer
OP07-001,2026-04-06,0.14,tcgplayer
OP07-001,2026-04-13,0.14,tcgplayer
OP07-001,2026-04-20,0.11,tcgplayer
OP07-001,2026-04-27,0.15,tcgplayer
OP07-001,2026-05-04,0.18,tcgplayer
OP07-001,2026-05-11,0.16,tcgplayer
OP07-001,2026-05-18,0.13,tcgplayer
OP07-001,2026-05-25,0.12,tcgplayer
OP07-001,2026-06-01,0.13,tcgplayer
OP07-001,2026-06-08,0.13,tcgplayer
OP07-001,2026-06-15,0.16,tcgplayer
OP07-001,2026-06-22,0.14,tcgplayer
OP07-001,2026-06-29,0.18,tcgplayer
OP07-001,2026-07-06,0.18,tcgplayer
OP07-001,2026-07-13,0.18,tcgplayer
OP07-001,2026-07-20,0.14,tcgplayer
OP07-001,2026-07-27,0.14,tcgplayer
OP07-001,2026-08-03,0.14,tcgplayer
OP07-001,2026-08-10,0.16,tcgplayer
OP07-001,2026-08-17,0.16,tcgplayer
OP07-001,2026-08-24,0.15,tcgplayer
OP07-001,2026-08-31,0.17,tcgplayer
OP07-001,2026-09-05,0.17,limitless
OP07-001p1,2025-09-08,12.96,tcgplayer
OP07-001p1,2025-09-15,12.73,tcgplayer
OP07-001p1,2025-09-22,12.41,tcgplayer
OP07-001p1,2025-09-29,12.53,tcgplayer
OP07-001p1,2025-10-06,12.52,tcgplayer
OP07-001p1,2025-10-13,12.56,tcgplayer
OP07-001p1,2025-10-20,13.42,tcgplayer
OP07-001p1,2025-10-27,13.69,tcgplayer
OP07-001p1,2025-11-03,14.36,tcgplayer
OP07-001p1,2025-11-10,14.38,tcgplayer
OP07-001p1,2025-11-17,14.41,tcgplayer
OP07-001p1,2025-11-24,13.29,tcgplayer
OP07-001p1,2025-12-01,13.94,tcgplayer
OP07-001p1,2025-12-08,19.29,tcgplayer
OP07-001p1,2025-12-15,22.00,tcgplayer
OP07-001p1,2025-12-22,24.70,tcgplayer
OP07-001p1,2025-12-29,26.93,tcgplayer
OP07-001p1,2026-01-05,28.54,tcgplayer
OP07-001p1,2026-01-12,27.49,tcgplayer
OP07-001p1,2026-01-19,25.42,tcgplayer
OP07-001p1,2026-01-26,24.13,tcgplayer
OP07-001p1,2026-02-02,24.22,tcgplayer
OP07-001p1,2026-02-09,24.43,tcgplayer
OP07-001p1,2026-02-16,24.21,tcgplayer
OP07-001p1,2026-02-23,23.63,tcgplayer
OP07-001p1,2026-03-02,22.61,tcgplayer
OP07-001p1,2026-03-09,21.24,tcgplayer
OP07-001p1,2026-03-16,20.74,tcgplayer
OP07-001p1,2026-03-23,20.39,tcgplayer
OP07-001p1,2026-03-30,20.01,tcgplayer
OP07-001p1,2026-04-06,19.65,tcgplayer
OP07-001p1,2026-04-13,19.53,tcgplayer
OP07-001p1,2026-04-20,19.24,tcgplayer
OP07-001p1,2026-04-27,18.78,tcgplayer
OP07-001p1,2026-05-04,18.57,tcgplayer
OP07-001p1,2026-05-11,18.56,tcgplayer
OP07-001p1,2026-05-18,18.46,tcgplayer
OP07-001p1,2026-05-25,19.05,tcgplayer
OP07-001p1,2026-06-01,19.93,tcgplayer
OP07-001p1,2026-06-08,20.06,tcgplayer
OP07-001p1,2026-06-15,20.75,tcgplayer
OP07-001p1,2026-06-22,21.54,tcgplayer
OP07-001p1,2026-06-29,21.93,tcgplayer
OP07-001p1,2026-07-06,21.19,tcgplayer
OP07-001p1,2026-07-13,20.53,tcgplayer
OP07-001p1,2026-07-20,20.07,tcgplayer
OP07-001p1,2026-07-27,20.97,tcgplayer
OP07-001p1,2026-08-03,21.38,tcgplayer
OP07-001p1,2026-08-10,21.25,tcgplayer
OP07-001p1,2026-08-17,21.10,tcgplayer
OP07-001p1,2026-08-24,20.73,tcgplayer
OP07-001p1,2026-08-31,20.42,tcgplayer
OP07-001p1,2026-09-05,20.45,limitless
OP07-002,2025-09-08,0.12,tcgplayer
OP07-002,2025-09-15,0.14,tcgplayer
OP07-002,2025-09-22,0.13,tcgplayer
OP07-002,2025-09-29,0.17,tcgplayer
OP07-002,2025-10-06,0.17,tcgplayer
OP07-002,2025-10-13,0.17,tcgplayer
OP07-002,2025-10-20,0.13,tcgplayer
OP07-002,2025-10-27,0.14,tcgplayer
OP07-002,2025-11-03,0.13,tcgplayer
OP07-002,2025-11-10,0.14,tcgplayer
OP07-002,2025-11-17,0.12,tcgplayer
OP07-002,2025-11-24,0.13,tcgplayer
OP07-002,2025-12-01,0.13,tcgplayer
OP07-002,2025-12-08,0.10,tcgplayer
OP07-002,2025-12-15,0.11,tcgplayer
OP07-002,2025-12-22,0.12,tcgplayer
OP07-002,2025-12-29,0.10,tcgplayer
OP07-002,2026-01-05,0.15,tcgplayer
OP07-002,2026-01-12,0.15,tcgplayer
OP07-002,2026-01-19,0.18,tcgplayer
OP07-002,2026-01-26,0.15,tcgplayer
OP07-002,2026-02-02,0.21,tcgplayer
OP07-002,2026-02-09,0.19,tcgplayer
OP07-002,2026-02-16,0.20,tcgplayer
OP07-002,2026-02-23,0.22,tcgplayer
OP07-002,2026-03-02,0.18,tcgplayer
OP07-002,2026-03-09,0.16,tcgplayer
OP07-002,2026-03-16,0.20,tcgplayer
OP07-002,2026-03-23,0.25,tcgplayer
OP07-002,2026-03-30,0.21,tcgplayer
OP07-002,2026-04-06,0.21,tcgplayer
OP07-002,2026-04-13,0.23,tcgplayer
OP07-002,2026-04-20,0.21,tcgplayer
OP07-002,2026-04-27,0.23,tcgplayer
OP07-002,2026-05-04,0.28,tcgplayer
OP07-002,2026-05-11,0.28,tcgplayer
OP07-002,2026-05-18,0.27,tcgplayer
OP07-002,2026-05-25,0.30,tcgplayer
OP07-002,2026-06-01,0.28,tcgplayer
OP07-002,2026-06-08,0.28,tcgplayer
OP07-002,2026-06-15,0.25,tcgplayer
OP07-002,2026-06-22,0.27,tcgplayer
OP07-002,2026-06-29,0.26,tcgplayer
OP07-002,2026-07-06,0.26,tcgplayer
OP07-002,2026-07-13,0.26,tcgplayer
OP07-002,2026-07-20,0.27,tcgplayer
OP07-002,2026-07-27,0.28,tcgplayer
OP07-002,2026-08-03,0.23,tcgplayer
OP07-002,2026-08-10,0.25,tcgplayer
OP07-002,2026-08-17,0.26,tcgplayer
OP07-002,2026-08-24,0.21,tcgplayer
OP07-002,2026-08-31,0.23,tcgplayer
OP07-002,2026-09-05,0.24,limitless
OP07-003,2025-09-08,0.09,tcgplayer
OP07-003,2025-09-15,0.10,tcgplayer
OP07-003,2025-09-22,0.10,tcgplayer
OP07-003,2025-09-29,0.10,tcgplayer
OP07-003,2025-10-06,0.09,tcgplayer
OP07-003,2025-10-13,0.09,tcgplayer
OP07-003,2025-10-20,0.10,tcgplayer
OP07-003,2025-10-27,0.09,tcgplayer
OP07-003,2025-11-03,0.10,tcgplayer
OP07-003,2025-11-10,0.09,tcgplayer
OP07-003,2025-11-17,0.08,tcgplayer
OP07-003,2025-11-24,0.09,tcgplayer
OP07-003,2025-12-01,0.09,tcgplayer
OP07-003,2025-12-08,0.07,tcgplayer
OP07-003,2025-12-15,0.07,tcgplayer
OP07-003,2025-12-22,0.06,tcgplayer
OP07-003,2025-12-29,0.04,tcgplayer
OP07-003,2026-01-05,0.05,tcgplayer
OP07-003,2026-01-12,0.05,tcgplayer
OP07-003,2026-01-19,0.06,tcgplayer
OP07-003,2026-01-26,0.06,tcgplayer
OP07-003,2026-02-02,0.07,tcgplayer
OP07-003,2026-02-09,0.10,tcgplayer
OP07-003,2026-02-16,0.09,tcgplayer
OP07-003,2026-02-23,0.09,tcgplayer
OP07-003,2026-03-02,0.09,tcgplayer
OP07-003,2026-03-09,0.09,tcgplayer
OP07-003,2026-03-16,0.07,tcgplayer
OP07-003,2026-03-23,0.06,tcgplayer
OP07-003,2026-03-30,0.06,tcgplayer
OP07-003,2026-04-06,0.07,tcgplayer
OP07-003,2026-04-13,0.07,tcgplayer
OP07-003,2026-04-20,0.06,tcgplayer
OP07-003,2026-04-27,0.07,tcgplayer
OP07-003,2026-05-04,0.06,tcgplayer
OP07-003,2026-05-11,0.06,tcgplayer
OP07-003,2026-05-18,0.06,tcgplayer
OP07-003,2026-05-25,0.07,tcgplayer
OP07-003,2026-06-01,0.07,tcgplayer
OP07-003,2026-06-08,0.08,tcgplayer
OP07-003,2026-06-15,0.09,tcgplayer
OP07-003,2026-06-22,0.10,tcgplayer
OP07-003,2026-06-29,0.09,tcgplayer
OP07-003,2026-07-06,0.09,tcgplayer
OP07-003,2026-07-13,0.09,tcgplayer
OP07-003,2026-07-20,0.09,tcgplayer
OP07-003,2026-07-27,0.10,tcgplayer
OP07-003,2026-08-03,0.10,tcgplayer
OP07-003,2026-08-10,0.09,tcgplayer
OP07-003,2026-08-17,0.09,tcgplayer
OP07-003,2026-08-24,0.09,tcgplayer
OP07-003,2026-08-31,0.09,tcgplayer
OP07-003,2026-09-05,0.09,limitless
OP07-004,2025-09-08,0.09,tcgplayer
OP07-004,2025-09-15,0.10,tcgplayer
OP07-004,2025-09-22,0.09,tcgplayer
OP07-004,2025-09-29,0.08,tcgplayer
OP07-004,2025-10-06,0.09,tcgplayer
OP07-004,2025-10-13,0.09,tcgplayer
OP07-004,2025-10-20,0.08,tcgplayer
OP07-004,2025-10-27,0.08,tcgplayer
OP07-004,2025-11-03,0.07,tcgplayer
OP07-004,2025-11-10,0.07,tcgplayer
OP07-004,2025-11-17,0.05,tcgplayer
OP07-004,2025-11-24,0.06,tcgplayer
OP07-004,2025-12-01,0.06,tcgplayer
OP07-004,2025-12-08,0.06,tcgplayer
OP07-004,2025-12-15,0.05,tcgplayer
OP07-004,2025-12-22,0.05,tcgplayer
OP07-004,2025-12-29,0.04,tcgplayer
OP07-004,2026-01-05,0.06,tcgplayer
OP07-004,2026-01-12,0.10,tcgplayer
OP07-004,2026-01-19,0.10,tcgplayer
OP07-004,2026-01-26,0.11,tcgplayer
OP07-004,2026-02-02,0.12,tcgplayer
OP07-004,2026-02-09,0.10,tcgplayer
OP07-004,2026-02-16,0.09,tcgplayer
OP07-004,2026-02-23,0.09,tcgplayer
OP07-004,2026-03-02,0.09,tcgplayer
OP07-004,2026-03-09,0.08,tcgplayer
OP07-004,2026-03-16,0.08,tcgplayer
OP07-004,2026-03-23,0.08,tcgplayer
OP07-004,2026-03-30,0.08,tcgplayer
OP07-004,2026-04-06,0.08,tcgplayer
OP07-004,2026-04-13,0.08,tcgplayer
OP07-004,2026-04-20,0.09,tcgplayer
OP07-004,2026-04-27,0.08,tcgplayer
OP07-004,2026-05-04,0.10,tcgplayer
OP07-004,2026-05-11,0.12,tcgplayer
OP07-004,2026-05-18,0.11,tcgplayer
OP07-004,2026-05-25,0.08,tcgplayer
OP07-004,2026-06-01,0.08,tcgplayer
OP07-004,2026-06-08,0.10,tcgplayer
OP07-004,2026-06-15,0.10,tcgplayer
OP07-004,2026-06-22,0.11,tcgplayer
OP07-004,2026-06-29,0.11,tcgplayer
OP07-004,2026-07-06,0.11,tcgplayer
OP07-004,2026-07-13,0.11,tcgplayer
OP07-004,2026-07-20,0.10,tcgplayer
OP07-004,2026-07-27,0.11,tcgplayer
OP07-004,2026-08-03,0.11,tcgplayer
OP07-004,2026-08-10,0.12,tcgplayer
OP07-004,2026-08-17,0.13,tcgplayer
OP07-004,2026-08-24,0.12,tcgplayer
OP07-004,2026-08-31,0.11,tcgplayer
OP07-004,2026-09-05,0.11,limitless
OP07-005,2025-09-08,0.21,tcgplayer
OP07-005,2025-09-15,0.19,tcgplayer
OP07-005,2025-09-22,0.18,tcgplayer
OP07-005,2025-09-29,0.17,tcgplayer
OP07-005,2025-10-06,0.15,tcgplayer
OP07-005,2025-10-13,0.13,tcgplayer
OP07-005,2025-10-20,0.14,tcgplayer
OP07-005,2025-10-27,0.15,tcgplayer
OP07-005,2025-11-03,0.17,tcgplayer
OP07-005,2025-11-10,0.19,tcgplayer
OP07-005,2025-11-17,0.17,tcgplayer
OP07-005,2025-11-24,0.13,tcgplayer
OP07-005,2025-12-01,0.16,tcgplayer
OP07-005,2025-12-08,0.16,tcgplayer
OP07-005,2025-12-15,0.17,tcgplayer
OP07-005,2025-12-22,0.16,tcgplayer
OP07-005,2025-12-29,0.14,tcgplayer
OP07-005,2026-01-05,0.16,tcgplayer
OP07-005,2026-01-12,0.14,tcgplayer
OP07-005,2026-01-19,0.14,tcgplayer
OP07-005,2026-01-26,0.15,tcgplayer
OP07-005,2026-02-02,0.20,tcgplayer
OP07-005,2026-02-09,0.15,tcgplayer
OP07-005,2026-02-16,0.13,tcgplayer
OP07-005,2026-02-23,0.13,tcgplayer
OP07-005,2026-03-02,0.12,tcgplayer
OP07-005,2026-03-09,0.12,tcgplayer
OP07-005,2026-03-16,0.12,tcgplayer
OP07-005,2026-03-23,0.12,tcgplayer
OP07-005,2026-03-30,0.13,tcgplayer
OP07-005,2026-04-06,0.16,tcgplayer
OP07-005,2026-04-13,0.17,tcgplayer
OP07-005,2026-04-20,0.16,tcgplayer
OP07-005,2026-04-27,0.16,tcgplayer
OP07-005,2026-05-04,0.20,tcgplayer
OP07-005,2026-05-11,0.22,tcgplayer
OP07-005,2026-05-18,0.20,tcgplayer
OP07-005,2026-05-25,0.16,tcgplayer
OP07-005,2026-06-01,0.14,tcgplayer
OP07-005,2026-06-08,0.14,tcgplayer
OP07-005,2026-06-15,0.14,tcgplayer
OP07-005,2026-06-22,0.15,tcgplayer
OP07-005,2026-06-29,0.17,tcgplayer
OP07-005,2026-07-06,0.18,tcgplayer
OP07-005,2026-07-13,0.20,tcgplayer
OP07-005,2026-07-20,0.19,tcgplayer
OP07-005,2026-07-27,0.18,tcgplayer
OP07-005,2026-08-03,0.16,tcgplayer
OP07-005,2026-08-10,0.15,tcgplayer
OP07-005,2026-08-17,0.17,tcgplayer
OP07-005,2026-08-24,0.16,tcgplayer
OP07-005,2026-08-31,0.17,tcgplayer
OP07-005,2026-09-05,0.16,limitless
OP07-005p1,2025-09-08,4.71,tcgplayer
OP07-005p1,2025-09-15,4.72,tcgplayer
OP07-005p1,2025-09-22,4.69,tcgplayer
OP07-005p1,2025-09-29,4.60,tcgplayer
OP07-005p1,2025-10-06,4.27,tcgplayer
OP07-005p1,2025-10-13,4.54,tcgplayer
OP07-005p1,2025-10-20,4.71,tcgplayer
OP07-005p1,2025-10-27,4.78,tcgplayer
OP07-005p1,2025-11-03,4.73,tcgplayer
OP07-005p1,2025-11-10,4.39,tcgplayer
OP07-005p1,2025-11-17,3.94,tcgplayer
OP07-005p1,2025-11-24,4.00,tcgplayer
OP07-005p1,2025-12-01,4.35,tcgplayer
OP07-005p1,2025-12-08,5.64,tcgplayer
OP07-005p1,2025-12-15,7.36,tcgplayer
OP07-005p1,2025-12-22,11.36,tcgplayer
OP07-005p1,2025-12-29,14.31,tcgplayer
OP07-005p1,2026-01-05,13.32,tcgplayer
OP07-005p1,2026-01-12,11.98,tcgplayer
OP07-005p1,2026-01-19,9.46,tcgplayer
OP07-005p1,2026-01-26,9.50,tcgplayer
OP07-005p1,2026-02-02,8.47,tcgplayer
OP07-005p1,2026-02-09,7.84,tcgplayer
OP07-005p1,2026-02-16,6.34,tcgplayer
OP07-005p1,2026-02-23,5.96,tcgplayer
OP07-005p1,2026-03-02,5.89,tcgplayer
OP07-005p1,2026-03-09,5.39,tcgplayer
OP07-005p1,2026-03-16,5.04,tcgplayer
OP07-005p1,2026-03-23,4.74,tcgplayer
OP07-005p1,2026-03-30,5.05,tcgplayer
OP07-005p1,2026-04-06,5.21,tcgplayer
OP07-005p1,2026-04-13,5.54,tcgplayer
OP07-005p1,2026-04-20,5.46,tcgplayer
OP07-005p1,2026-04-27,5.16,tcgplayer
OP07-005p1,2026-05-04,5.24,tcgplayer
OP07-005p1,2026-05-11,5.41,tcgplayer
OP07-005p1,2026-05-18,5.59,tcgplayer
OP07-005p1,2026-05-25,5.48,tcgplayer
OP07-005p1,2026-06-01,5.44,tcgplayer
OP07-005p1,2026-06-08,5.83,tcgplayer
OP07-005p1,2026-06-15,6.05,tcgplayer
OP07-005p1,2026-06-22,5.99,tcgplayer
OP07-005p1,2026-06-29,5.82,tcgplayer
OP07-005p1,2026-07-06,5.82,tcgplayer
OP07-005p1,2026-07-13,5.77,tcgplayer
OP07-005p1,2026-07-20,5.85,tcgplayer
OP07-005p1,2026-07-27,5.80,tcgplayer
OP07-005p1,2026-08-03,5.64,tcgplayer
OP07-005p1,2026-08-10,5.31,tcgplayer
OP07-005p1,2026-08-17,5.13,tcgplayer
OP07-005p1,2026-08-24,4.52,tcgplayer
OP07-005p1,2026-08-31,4.69,tcgplayer
OP07-005p1,2026-09-05,4.68,limitless
OP07-006,2025-09-08,0.04,tcgplayer
OP07-006,2025-09-15,0.04,tcgplayer
OP07-006,2025-09-22,0.04,tcgplayer
OP07-006,2025-09-29,0.03,tcgplayer
OP07-006,2025-10-06,0.03,tcgplayer
OP07-006,2025-10-13,0.03,tcgplayer
OP07-006,2025-10-20,0.03,tcgplayer
OP07-006,2025-10-27,0.03,tcgplayer
OP07-006,2025-11-03,0.02,tcgplayer
OP07-006,2025-11-10,0.02,tcgplayer
OP07-006,2025-11-17,0.02,tcgplayer
OP07-006,2025-11-24,0.07,tcgplayer
OP07-006,2025-12-01,0.07,tcgplayer
OP07-006,2025-12-08,0.06,tcgplayer
OP07-006,2025-12-15,0.06,tcgplayer
OP07-006,2025-12-22,0.06,tcgplayer
OP07-006,2025-12-29,0.07,tcgplayer
OP07-006,2026-01-05,0.07,tcgplayer
OP07-006,2026-01-12,0.07,tcgplayer
OP07-006,2026-01-19,0.07,tcgplayer
OP07-006,2026-01-26,0.07,tcgplayer
OP07-006,2026-02-02,0.07,tcgplayer
OP07-006,2026-02-09,0.08,tcgplayer
OP07-006,2026-02-16,0.03,tcgplayer
OP07-006,2026-02-23,0.03,tcgplayer
OP07-006,2026-03-02,0.03,tcgplayer
OP07-006,2026-03-09,0.03,tcgplayer
OP07-006,2026-03-16,0.03,tcgplayer
OP07-006,2026-03-23,0.03,tcgplayer
OP07-006,2026-03-30,0.03,tcgplayer
OP07-006,2026-04-06,0.03,tcgplayer
OP07-006,2026-04-13,0.02,tcgplayer
OP07-006,2026-04-20,0.01,tcgplayer
OP07-006,2026-04-27,0.02,tcgplayer
OP07-006,2026-05-04,0.02,tcgplayer
OP07-006,2026-05-11,0.02,tcgplayer
OP07-006,2026-05-18,0.02,tcgplayer
OP07-006,2026-05-25,0.02,tcgplayer
OP07-006,2026-06-01,0.02,tcgplayer
OP07-006,2026-06-08,0.03,tcgplayer
OP07-006,2026-06-15,0.03,tcgplayer
OP07-006,2026-06-22,0.03,tcgplayer
OP07-006,2026-06-29,0.03,tcgplayer
OP07-006,2026-07-06,0.03,tcgplayer
OP07-006,2026-07-13,0.04,tcgplayer
OP07-006,2026-07-20,0.04,tcgplayer
OP07-006,2026-07-27,0.04,tcgplayer
OP07-006,2026-08-03,0.05,tcgplayer
OP07-006,2026-08-10,0.05,tcgplayer
OP07-006,2026-08-17,0.05,tcgplayer
OP07-006,2026-08-24,0.05,tcgplayer
OP07-006,2026-08-31,0.04,tcgplayer
OP07-006,2026-09-05,0.04,limitless
OP07-007,2025-09-08,0.03,tcgplayer
OP07-007,2025-09-15,0.03,tcgplayer
OP07-007,2025-09-22,0.04,tcgplayer
OP07-007,2025-09-29,0.04,tcgplayer
OP07-007,2025-10-06,0.04,tcgplayer
OP07-007,2025-10-13,0.04,tcgplayer
OP07-007,2025-10-20,0.04,tcgplayer
OP07-007,2025-10-27,0.04,tcgplayer
OP07-007,2025-11-03,0.04,tcgplayer
OP07-007,2025-11-10,0.04,tcgplayer
OP07-007,2025-11-17,0.04,tcgplayer
OP07-007,2025-11-24,0.04,tcgplayer
OP07-007,2025-12-01,0.04,tcgplayer
OP07-007,2025-12-08,0.03,tcgplayer
OP07-007,2025-12-15,0.03,tcgplayer
OP07-007,2025-12-22,0.04,tcgplayer
OP07-007,2025-12-29,0.03,tcgplayer
OP07-007,2026-01-05,0.03,tcgplayer
OP07-007,2026-01-12,0.03,tcgplayer
OP07-007,2026-01-19,0.03,tcgplayer
OP07-007,2026-01-26,0.03,tcgplayer
OP07-007,2026-02-02,0.03,tcgplayer
OP07-007,2026-02-09,0.04,tcgplayer
OP07-007,2026-02-16,0.05,tcgplayer
OP07-007,2026-02-23,0.06,tcgplayer
OP07-007,2026-03-02,0.05,tcgplayer
OP07-007,2026-03-09,0.05,tcgplayer
OP07-007,2026-03-16,0.05,tcgplayer
OP07-007,2026-03-23,0.05,tcgplayer
OP07-007,2026-03-30,0.06,tcgplayer
OP07-007,2026-04-06,0.07,tcgplayer
OP07-007,2026-04-13,0.05,tcgplayer
OP07-007,2026-04-20,0.05,tcgplayer
OP07-007,2026-04-27,0.06,tcgplayer
OP07-007,2026-05-04,0.06,tcgplayer
OP07-007,2026-05-11,0.06,tcgplayer
OP07-007,2026-05-18,0.06,tcgplayer
OP07-007,2026-05-25,0.06,tcgplayer
OP07-007,2026-06-01,0.05,tcgplayer
OP07-007,2026-06-08,0.05,tcgplayer
OP07-007,2026-06-15,0.05,tcgplayer
OP07-007,2026-06-22,0.09,tcgplayer
OP07-007,2026-06-29,0.08,tcgplayer
OP07-007,2026-07-06,0.08,tcgplayer
OP07-007,2026-07-13,0.08,tcgplayer
OP07-007,2026-07-20,0.07,tcgplayer
OP07-007,2026-07-27,0.07,tcgplayer
OP07-007,2026-08-03,0.07,tcgplayer
OP07-007,2026-08-10,0.07,tcgplayer
OP07-007,2026-08-17,0.07,tcgplayer
OP07-007,2026-08-24,0.07,tcgplayer
OP07-007,2026-08-31,0.07,tcgplayer
OP07-007,2026-09-05,0.07,limitless
OP07-008,2025-09-08,0.09,tcgplayer
OP07-008,2025-09-15,0.07,tcgplayer
OP07-008,2025-09-22,0.08,tcgplayer
OP07-008,2025-09-29,0.08,tcgplayer
OP07-008,2025-10-06,0.06,tcgplayer
OP07-008,2025-10-13,0.06,tcgplayer
OP07-008,2025-10-20,0.05,tcgplayer
OP07-008,2025-10-27,0.05,tcgplayer
OP07-008,2025-11-03,0.05,tcgplayer
OP07-008,2025-11-10,0.05,tcgplayer
OP07-008,2025-11-17,0.05,tcgplayer
OP07-008,2025-11-24,0.04,tcgplayer
OP07-008,2025-12-01,0.04,tcgplayer
OP07-008,2025-12-08,0.05,tcgplayer
OP07-008,2025-12-15,0.05,tcgplayer
OP07-008,2025-12-22,0.05,tcgplayer
OP07-008,2025-12-29,0.07,tcgplayer
OP07-008,2026-01-05,0.06,tcgplayer
OP07-008,2026-01-12,0.06,tcgplayer
OP07-008,2026-01-19,0.06,tcgplayer
OP07-008,2026-01-26,0.06,tcgplayer
OP07-008,2026-02-02,0.06,tcgplayer
OP07-008,2026-02-09,0.05,tcgplayer
OP07-008,2026-02-16,0.04,tcgplayer
OP07-008,2026-02-23,0.04,tcgplayer
OP07-008,2026-03-02,0.04,tcgplayer
OP07-008,2026-03-09,0.03,tcgplayer
OP07-008,2026-03-16,0.04,tcgplayer
OP07-008,2026-03-23,0.05,tcgplayer
OP07-008,2026-03-30,0.06,tcgplayer
OP07-008,2026-04-06,0.08,tcgplayer
OP07-008,2026-04-13,0.09,tcgplayer
OP07-008,2026-04-20,0.10,tcgplayer
OP07-008,2026-04-27,0.10,tcgplayer
OP07-008,2026-05-04,0.08,tcgplayer
OP07-008,2026-05-11,0.08,tcgplayer
OP07-008,2026-05-18,0.07,tcgplayer
OP07-008,2026-05-25,0.06,tcgplayer
OP07-008,2026-06-01,0.06,tcgplayer
OP07-008,2026-06-08,0.05,tcgplayer
OP07-008,2026-06-15,0.05,tcgplayer
OP07-008,2026-06-22,0.06,tcgplayer
OP07-008,2026-06-29,0.06,tcgplayer
OP07-008,2026-07-06,0.06,tcgplayer
OP07-008,2026-07-13,0.05,tcgplayer
OP07-008,2026-07-20,0.05,tcgplayer
OP07-008,2026-07-27,0.05,tcgplayer
OP07-008,2026-08-03,0.06,tcgplayer
OP07-008,2026-08-10,0.06,tcgplayer
OP07-008,2026-08-17,0.05,tcgplayer
OP07-008,2026-08-24,0.06,tcgplayer
OP07-008,2026-08-31,0.06,tcgplayer
OP07-008,2026-09-05,0.06,limitless
OP07-009,2025-09-08,0.06,tcgplayer
OP07-009,2025-09-15,0.06,tcgplayer
OP07-009,2025-09-22,0.06,tcgplayer
OP07-009,2025-09-29,0.04,tcgplayer
OP07-009,2025-10-06,0.04,tcgplayer
OP07-009,2025-10-13,0.04,tcgplayer
OP07-009,2025-10-20,0.04,tcgplayer
OP07-009,2025-10-27,0.03,tcgplayer
OP07-009,2025-11-03,0.03,tcgplayer
OP07-009,2025-11-10,0.03,tcgplayer
OP07-009,2025-11-17,0.03,tcgplayer
OP07-009,2025-11-24,0.03,tcgplayer
OP07-009,2025-12-01,0.04,tcgplayer
OP07-009,2025-12-08,0.04,tcgplayer
OP07-009,2025-12-15,0.04,tcgplayer
OP07-009,2025-12-22,0.04,tcgplayer
OP07-009,2025-12-29,0.04,tcgplayer
OP07-009,2026-01-05,0.03,tcgplayer
OP07-009,2026-01-12,0.04,tcgplayer
OP07-009,2026-01-19,0.03,tcgplayer
OP07-009,2026-01-26,0.03,tcgplayer
OP07-009,2026-02-02,0.03,tcgplayer
OP07-009,2026-02-09,0.04,tcgplayer
OP07-009,2026-02-16,0.04,tcgplayer
OP07-009,2026-02-23,0.04,tcgplayer
OP07-009,2026-03-02,0.05,tcgplayer
OP07-009,2026-03-09,0.04,tcgplayer
OP07-009,2026-03-16,0.05,tcgplayer
OP07-009,2026-03-23,0.05,tcgplayer
OP07-009,2026-03-30,0.06,tcgplayer
OP07-009,2026-04-06,0.06,tcgplayer
OP07-009,2026-04-13,0.06,tcgplayer
OP07-009,2026-04-20,0.06,tcgplayer
OP07-009,2026-04-27,0.06,tcgplayer
OP07-009,2026-05-04,0.05,tcgplayer
OP07-009,2026-05-11,0.05,tcgplayer
OP07-009,2026-05-18,0.05,tcgplayer
OP07-009,2026-05-25,0.05,tcgplayer
OP07-009,2026-06-01,0.05,tcgplayer
OP07-009,2026-06-08,0.05,tcgplayer
OP07-009,2026-06-15,0.05,tcgplayer
OP07-009,2026-06-22,0.04,tcgplayer
OP07-009,2026-06-29,0.05,tcgplayer
OP07-009,2026-07-06,0.05,tcgplayer
OP07-009,2026-07-13,0.05,tcgplayer
OP07-009,2026-07-20,0.05,tcgplayer
OP07-009,2026-07-27,0.07,tcgplayer
OP07-009,2026-08-03,0.07,tcgplayer
OP07-009,2026-08-10,0.07,tcgplayer
OP07-009,2026-08-17,0.07,tcgplayer
OP07-009,2026-08-24,0.07,tcgplayer
OP07-009,2026-08-31,0.07,tcgplayer
OP07-009,2026-09-05,0.07,limitless
OP07-010,2025-09-08,0.29,tcgplayer
OP07-010,2025-09-15,0.27,tcgplayer
OP07-010,2025-09-22,0.25,tcgplayer
OP07-010,2025-09-29,0.27,tcgplayer
OP07-010,2025-10-06,0.24,tcgplayer
OP07-010,2025-10-13,0.24,tcgplayer
OP07-010,2025-10-20,0.22,tcgplayer
OP07-010,2025-10-27,0.23,tcgplayer
OP07-010,2025-11-03,0.21,tcgplayer
OP07-010,2025-11-10,0.24,tcgplayer
OP07-010,2025-11-17,0.22,tcgplayer
OP07-010,2025-11-24,0.22,tcgplayer
OP07-010,2025-12-01,0.17,tcgplayer
OP07-010,2025-12-08,0.17,tcgplayer
OP07-010,2025-12-15,0.19,tcgplayer
OP07-010,2025-12-22,0.18,tcgplayer
OP07-010,2025-12-29,0.22,tcgplayer
OP07-010,2026-01-05,0.19,tcgplayer
OP07-010,2026-01-12,0.22,tcgplayer
OP07-010,2026-01-19,0.21,tcgplayer
OP07-010,2026-01-26,0.19,tcgplayer
OP07-010,2026-02-02,0.25,tcgplayer
OP07-010,2026-02-09,0.20,tcgplayer
OP07-010,2026-02-16,0.18,tcgplayer
OP07-010,2026-02-23,0.18,tcgplayer
OP07-010,2026-03-02,0.21,tcgplayer
OP07-010,2026-03-09,0.18,tcgplayer
OP07-010,2026-03-16,0.18,tcgplayer
OP07-010,2026-03-23,0.18,tcgplayer
OP07-010,2026-03-30,0.21,tcgplayer
OP07-010,2026-04-06,0.22,tcgplayer
OP07-010,2026-04-13,0.23,tcgplayer
OP07-010,2026-04-20,0.19,tcgplayer
OP07-010,2026-04-27,0.20,tcgplayer
OP07-010,2026-05-04,0.24,tcgplayer
OP07-010,2026-05-11,0.24,tcgplayer
OP07-010,2026-05-18,0.23,tcgplayer
OP07-010,2026-05-25,0.22,tcgplayer
OP07-010,2026-06-01,0.26,tcgplayer
OP07-010,2026-06-08,0.24,tcgplayer
OP07-010,2026-06-15,0.22,tcgplayer
OP07-010,2026-06-22,0.25,tcgplayer
OP07-010,2026-06-29,0.26,tcgplayer
OP07-010,2026-07-06,0.18,tcgplayer
OP07-010,2026-07-13,0.19,tcgplayer
OP07-010,2026-07-20,0.18,tcgplayer
OP07-010,2026-07-27,0.20,tcgplayer
OP07-010,2026-08-03,0.20,tcgplayer
OP07-010,2026-08-10,0.19,tcgplayer
OP07-010,2026-08-17,0.20,tcgplayer
OP07-010,2026-08-24,0.19,tcgplayer
OP07-010,2026-08-31,0.20,tcgplayer
OP07-010,2026-09-05,0.20,limitless
OP07-011,2025-09-08,0.08,tcgplayer
OP07-011,2025-09-15,0.07,tcgplayer
OP07-011,2025-09-22,0.08,tcgplayer
OP07-011,2025-09-29,0.07,tcgplayer
OP07-011,2025-10-06,0.07,tcgplayer
OP07-011,2025-10-13,0.05,tcgplayer
OP07-011,2025-10-20,0.05,tcgplayer
OP07-011,2025-10-27,0.05,tcgplayer
OP07-011,2025-11-03,0.05,tcgplayer
OP07-011,2025-11-10,0.03,tcgplayer
OP07-011,2025-11-17,0.03,tcgplayer
OP07-011,2025-11-24,0.03,tcgplayer
OP07-011,2025-12-01,0.03,tcgplayer
OP07-011,2025-12-08,0.02,tcgplayer
OP07-011,2025-12-15,0.03,tcgplayer
OP07-011,2025-12-22,0.03,tcgplayer
OP07-011,2025-12-29,0.03,tcgplayer
OP07-011,2026-01-05,0.03,tcgplayer
OP07-011,2026-01-12,0.03,tcgplayer
OP07-011,2026-01-19,0.03,tcgplayer
OP07-011,2026-01-26,0.03,tcgplayer
OP07-011,2026-02-02,0.03,tcgplayer
OP07-011,2026-02-09,0.03,tcgplayer
OP07-011,2026-02-16,0.03,tcgplayer
OP07-011,2026-02-23,0.03,tcgplayer
OP07-011,2026-03-02,0.03,tcgplayer
OP07-011,2026-03-09,0.02,tcgplayer
OP07-011,2026-03-16,0.02,tcgplayer
OP07-011,2026-03-23,0.03,tcgplayer
OP07-011,2026-03-30,0.02,tcgplayer
OP07-011,2026-04-06,0.03,tcgplayer
OP07-011,2026-04-13,0.02,tcgplayer
OP07-011,2026-04-20,0.03,tcgplayer
OP07-011,2026-04-27,0.03,tcgplayer
OP07-011,2026-05-04,0.05,tcgplayer
OP07-011,2026-05-11,0.05,tcgplayer
OP07-011,2026-05-18,0.05,tcgplayer
OP07-011,2026-05-25,0.04,tcgplayer
OP07-011,2026-06-01,0.04,tcgplayer
OP07-011,2026-06-08,0.04,tcgplayer
OP07-011,2026-06-15,0.04,tcgplayer
OP07-011,2026-06-22,0.04,tcgplayer
OP07-011,2026-06-29,0.05,tcgplayer
OP07-011,2026-07-06,0.05,tcgplayer
OP07-011,2026-07-13,0.05,tcgplayer
OP07-011,2026-07-20,0.04,tcgplayer
OP07-011,2026-07-27,0.04,tcgplayer
OP07-011,2026-08-03,0.04,tcgplayer
OP07-011,2026-08-10,0.04,tcgplayer
OP07-011,2026-08-17,0.04,tcgplayer
OP07-011,2026-08-24,0.04,tcgplayer
OP07-011,2026-08-31,0.04,tcgplayer
OP07-011,2026-09-05,0.04,limitless
OP07-012,2025-09-08,0.04,tcgplayer
OP07-012,2025-09-15,0.04,tcgplayer
OP07-012,2025-09-22,0.04,tcgplayer
OP07-012,2025-09-29,0.04,tcgplayer
OP07-012,2025-10-06,0.04,tcgplayer
OP07-012,2025-10-13,0.03,tcgplayer
OP07-012,2025-10-20,0.03,tcgplayer
OP07-012,2025-10-27,0.04,tcgplayer
OP07-012,2025-11-03,0.05,tcgplayer
OP07-012,2025-11-10,0.04,tcgplayer
OP07-012,2025-11-17,0.04,tcgplayer
OP07-012,2025-11-24,0.03,tcgplayer
OP07-012,2025-12-01,0.03,tcgplayer
OP07-012,2025-12-08,0.03,tcgplayer
OP07-012,2025-12-15,0.03,tcgplayer
OP07-012,2025-12-22,0.03,tcgplayer
OP07-012,2025-12-29,0.03,tcgplayer
OP07-012,2026-01-05,0.02,tcgplayer
OP07-012,2026-01-12,0.03,tcgplayer
OP07-012,2026-01-19,0.03,tcgplayer
OP07-012,2026-01-26,0.03,tcgplayer
OP07-012,2026-02-02,0.03,tcgplayer
OP07-012,2026-02-09,0.03,tcgplayer
OP07-012,2026-02-16,0.03,tcgplayer
OP07-012,2026-02-23,0.03,tcgplayer
OP07-012,2026-03-02,0.03,tcgplayer
OP07-012,2026-03-09,0.03,tcgplayer
OP07-012,2026-03-16,0.03,tcgplayer
OP07-012,2026-03-23,0.03,tcgplayer
OP07-012,2026-03-30,0.03,tcgplayer
OP07-012,2026-04-06,0.03,tcgplayer
OP07-012,2026-04-13,0.03,tcgplayer
OP07-012,2026-04-20,0.02,tcgplayer
OP07-012,2026-04-27,0.02,tcgplayer
OP07-012,2026-05-04,0.02,tcgplayer
OP07-012,2026-05-11,0.02,tcgplayer
OP07-012,2026-05-18,0.02,tcgplayer
OP07-012,2026-05-25,0.03,tcgplayer
OP07-012,2026-06-01,0.03,tcgplayer
OP07-012,2026-06-08,0.03,tcgplayer
OP07-012,2026-06-15,0.03,tcgplayer
OP07-012,2026-06-22,0.03,tcgplayer
OP07-012,2026-06-29,0.03,tcgplayer
OP07-012,2026-07-06,0.03,tcgplayer
OP07-012,2026-07-13,0.04,tcgplayer
OP07-012,2026-07-20,0.04,tcgplayer
OP07-012,2026-07-27,0.04,tcgplayer
OP07-012,2026-08-03,0.05,tcgplayer
OP07-012,2026-08-10,0.05,tcgplayer
OP07-012,2026-08-17,0.05,tcgplayer
OP07-012,2026-08-24,0.05,tcgplayer
OP07-012,2026-08-31,0.05,tcgplayer
OP07-012,2026-09-05,0.05,limitless
OP07-013,2025-09-08,0.05,tcgplayer
OP07-013,2025-09-15,0.05,tcgplayer
OP07-013,2025-09-22,0.05,tcgplayer
OP07-013,2025-09-29,0.05,tcgplayer
OP07-013,2025-10-06,0.05,tcgplayer
OP07-013,2025-10-13,0.04,tcgplayer
OP07-013,2025-10-20,0.04,tcgplayer
OP07-013,2025-10-27,0.04,tcgplayer
OP07-013,2025-11-03,0.04,tcgplayer
OP07-013,2025-11-10,0.05,tcgplayer
OP07-013,2025-11-17,0.05,tcgplayer
OP07-013,2025-11-24,0.04,tcgplayer
OP07-013,2025-12-01,0.05,tcgplayer
OP07-013,2025-12-08,0.05,tcgplayer
OP07-013,2025-12-15,0.06,tcgplayer
OP07-013,2025-12-22,0.05,tcgplayer
OP07-013,2025-12-29,0.05,tcgplayer
OP07-013,2026-01-05,0.05,tcgplayer
OP07-013,2026-01-12,0.06,tcgplayer
OP07-013,2026-01-19,0.06,tcgplayer
OP07-013,2026-01-26,0.05,tcgplayer
OP07-013,2026-02-02,0.07,tcgplayer
OP07-013,2026-02-09,0.07,tcgplayer
OP07-013,2026-02-16,0.07,tcgplayer
OP07-013,2026-02-23,0.07,tcgplayer
OP07-013,2026-03-02,0.07,tcgplayer
OP07-013,2026-03-09,0.08,tcgplayer
OP07-013,2026-03-16,0.07,tcgplayer
OP07-013,2026-03-23,0.07,tcgplayer
OP07-013,2026-03-30,0.08,tcgplayer
OP07-013,2026-04-06,0.08,tcgplayer
OP07-013,2026-04-13,0.08,tcgplayer
OP07-013,2026-04-20,0.08,tcgplayer
OP07-013,2026-04-27,0.08,tcgplayer
OP07-013,2026-05-04,0.08,tcgplayer
OP07-013,2026-05-11,0.07,tcgplayer
OP07-013,2026-05-18,0.07,tcgplayer
OP07-013,2026-05-25,0.08,tcgplayer
OP07-013,2026-06-01,0.06,tcgplayer
OP07-013,2026-06-08,0.06,tcgplayer
OP07-013,2026-06-15,0.06,tcgplayer
OP07-013,2026-06-22,0.07,tcgplayer
OP07-013,2026-06-29,0.06,tcgplayer
OP07-013,2026-07-06,0.06,tcgplayer
OP07-013,2026-07-13,0.06,tcgplayer
OP07-013,2026-07-20,0.07,tcgplayer
OP07-013,2026-07-27,0.06,tcgplayer
OP07-013,2026-08-03,0.05,tcgplayer
OP07-013,2026-08-10,0.06,tcgplayer
OP07-013,2026-08-17,0.05,tcgplayer
OP07-013,2026-08-24,0.05,tcgplayer
OP07-013,2026-08-31,0.06,tcgplayer
OP07-013,2026-09-05,0.06,limitless
OP07-014,2025-09-08,0.05,tcgplayer
OP07-014,2025-09-15,0.05,tcgplayer
OP07-014,2025-09-22,0.05,tcgplayer
OP07-014,2025-09-29,0.05,tcgplayer
OP07-014,2025-10-06,0.05,tcgplayer
OP07-014,2025-10-13,0.05,tcgplayer
OP07-014,2025-10-20,0.05,tcgplayer
OP07-014,2025-10-27,0.05,tcgplayer
OP07-014,2025-11-03,0.04,tcgplayer
OP07-014,2025-11-10,0.04,tcgplayer
OP07-014,2025-11-17,0.04,tcgplayer
OP07-014,2025-11-24,0.04,tcgplayer
OP07-014,2025-12-01,0.04,tcgplayer
OP07-014,2025-12-08,0.04,tcgplayer
OP07-014,2025-12-15,0.05,tcgplayer
OP07-014,2025-12-22,0.05,tcgplayer
OP07-014,2025-12-29,0.05,tcgplayer
OP07-014,2026-01-05,0.06,tcgplayer
OP07-014,2026-01-12,0.06,tcgplayer
OP07-014,2026-01-19,0.06,tcgplayer
OP07-014,2026-01-26,0.06,tcgplayer
OP07-014,2026-02-02,0.06,tcgplayer
OP07-014,2026-02-09,0.07,tcgplayer
OP07-014,2026-02-16,0.08,tcgplayer
OP07-014,2026-02-23,0.08,tcgplayer
OP07-014,2026-03-02,0.08,tcgplayer
OP07-014,2026-03-09,0.07,tcgplayer
OP07-014,2026-03-16,0.07,tcgplayer
OP07-014,2026-03-23,0.07,tcgplayer
OP07-014,2026-03-30,0.07,tcgplayer
OP07-014,2026-04-06,0.07,tcgplayer
OP07-014,2026-04-13,0.07,tcgplayer
OP07-014,2026-04-20,0.08,tcgplayer
OP07-014,2026-04-27,0.08,tcgplayer
OP07-014,2026-05-04,0.09,tcgplayer
OP07-014,2026-05-11,0.09,tcgplayer
OP07-014,2026-05-18,0.09,tcgplayer
OP07-014,2026-05-25,0.08,tcgplayer
OP07-014,2026-06-01,0.08,tcgplayer
OP07-014,2026-06-08,0.08,tcgplayer
OP07-014,2026-06-15,0.08,tcgplayer
OP07-014,2026-06-22,0.07,tcgplayer
OP07-014,2026-06-29,0.06,tcgplayer
OP07-014,2026-07-06,0.06,tcgplayer
OP07-014,2026-07-13,0.06,tcgplayer
OP07-014,2026-07-20,0.06,tcgplayer
OP07-014,2026-07-27,0.06,tcgplayer
OP07-014,2026-08-03,0.06,tcgplayer
OP07-014,2026-08-10,0.06,tcgplayer
OP07-014,2026-08-17,0.06,tcgplayer
OP07-014,2026-08-24,0.06,tcgplayer
OP07-014,2026-08-31,0.07,tcgplayer
OP07-014,2026-09-05,0.07,limitless
OP07-015,2025-09-08,3.47,tcgplayer
OP07-015,2025-09-15,2.77,tcgplayer
OP07-015,2025-09-22,2.33,tcgplayer
OP07-015,2025-09-29,1.49,tcgplayer
OP07-015,2025-10-06,1.45,tcgplayer
OP07-015,2025-10-13,1.06,tcgplayer
OP07-015,2025-10-20,1.06,tcgplayer
OP07-015,2025-10-27,1.10,tcgplayer
OP07-015,2025-11-03,0.90,tcgplayer
OP07-015,2025-11-10,0.76,tcgplayer
OP07-015,2025-11-17,0.58,tcgplayer
OP07-015,2025-11-24,0.66,tcgplayer
OP07-015,2025-12-01,0.80,tcgplayer
OP07-015,2025-12-08,0.76,tcgplayer
OP07-015,2025-12-15,0.76,tcgplayer
OP07-015,2025-12-22,0.80,tcgplayer
OP07-015,2025-12-29,0.84,tcgplayer
OP07-015,2026-01-05,0.73,tcgplayer
OP07-015,2026-01-12,0.71,tcgplayer
OP07-015,2026-01-19,0.59,tcgplayer
OP07-015,2026-01-26,0.62,tcgplayer
OP07-015,2026-02-02,0.70,tcgplayer
OP07-015,2026-02-09,0.63,tcgplayer
OP07-015,2026-02-16,0.50,tcgplayer
OP07-015,2026-02-23,0.55,tcgplayer
OP07-015,2026-03-02,0.54,tcgplayer
OP07-015,2026-03-09,0.55,tcgplayer
OP07-015,2026-03-16,0.52,tcgplayer
OP07-015,2026-03-23,0.63,tcgplayer
OP07-015,2026-03-30,0.61,tcgplayer
OP07-015,2026-04-06,0.63,tcgplayer
OP07-015,2026-04-13,0.41,tcgplayer
OP07-015,2026-04-20,0.40,tcgplayer
OP07-015,2026-04-27,0.50,tcgplayer
OP07-015,2026-05-04,0.56,tcgplayer
OP07-015,2026-05-11,0.42,tcgplayer
OP07-015,2026-05-18,0.54,tcgplayer
OP07-015,2026-05-25,0.61,tcgplayer
OP07-015,2026-06-01,0.52,tcgplayer
OP07-015,2026-06-08,0.50,tcgplayer
OP07-015,2026-06-15,0.48,tcgplayer
OP07-015,2026-06-22,0.46,tcgplayer
OP07-015,2026-06-29,0.41,tcgplayer
OP07-015,2026-07-06,0.37,tcgplayer
OP07-015,2026-07-13,0.42,tcgplayer
OP07-015,2026-07-20,0.41,tcgplayer
OP07-015,2026-07-27,0.50,tcgplayer
OP07-015,2026-08-03,0.44,tcgplayer
OP07-015,2026-08-10,0.37,tcgplayer
OP07-015,2026-08-17,0.38,tcgplayer
OP07-015,2026-08-24,0.50,tcgplayer
OP07-015,2026-08-31,0.48,tcgplayer
OP07-015,2026-09-05,0.51,limitless
OP07-015p1,2025-09-08,13.62,tcgplayer
OP07-015p1,2025-09-15,14.01,tcgplayer
OP07-015p1,2025-09-22,13.54,tcgplayer
OP07-015p1,2025-09-29,13.81,tcgplayer
OP07-015p1,2025-10-06,14.45,tcgplayer
OP07-015p1,2025-10-13,15.76,tcgplayer
OP07-015p1,2025-10-20,16.52,tcgplayer
OP07-015p1,2025-10-27,16.58,tcgplayer
OP07-015p1,2025-11-03,17.10,tcgplayer
OP07-015p1,2025-11-10,16.08,tcgplayer
OP07-015p1,2025-11-17,15.70,tcgplayer
OP07-015p1,2025-11-24,16.44,tcgplayer
OP07-015p1,2025-12-01,16.04,tcgplayer
OP07-015p1,2025-12-08,16.69,tcgplayer
OP07-015p1,2025-12-15,17.46,tcgplayer
OP07-015p1,2025-12-22,18.92,tcgplayer
OP07-015p1,2025-12-29,19.64,tcgplayer
OP07-015p1,2026-01-05,19.47,tcgplayer
OP07-015p1,2026-01-12,18.69,tcgplayer
OP07-015p1,2026-01-19,18.50,tcgplayer
OP07-015p1,2026-01-26,18.52,tcgplayer
OP07-015p1,2026-02-02,18.10,tcgplayer
OP07-015p1,2026-02-09,18.12,tcgplayer
OP07-015p1,2026-02-16,17.61,tcgplayer
OP07-015p1,2026-02-23,17.77,tcgplayer
OP07-015p1,2026-03-02,18.43,tcgplayer
OP07-015p1,2026-03-09,18.09,tcgplayer
OP07-015p1,2026-03-16,17.77,tcgplayer
OP07-015p1,2026-03-23,17.00,tcgplayer
OP07-015p1,2026-03-30,16.10,tcgplayer
OP07-015p1,2026-04-06,16.01,tcgplayer
OP07-015p1,2026-04-13,15.79,tcgplayer
OP07-015p1,2026-04-20,15.85,tcgplayer
OP07-015p1,2026-04-27,15.91,tcgplayer
OP07-015p1,2026-05-04,15.76,tcgplayer
OP07-015p1,2026-05-11,15.59,tcgplayer
OP07-015p1,2026-05-18,15.49,tcgplayer
OP07-015p1,2026-05-25,15.00,tcgplayer
OP07-015p1,2026-06-01,14.23,tcgplayer
OP07-015p1,2026-06-08,13.54,tcgplayer
OP07-015p1,2026-06-15,13.28,tcgplayer
OP07-015p1,2026-06-22,12.72,tcgplayer
OP07-015p1,2026-06-29,12.60,tcgplayer
OP07-015p1,2026-07-06,12.04,tcgplayer
OP07-015p1,2026-07-13,11.75,tcgplayer
OP07-015p1,2026-07-20,11.49,tcgplayer
OP07-015p1,2026-07-27,11.47,tcgplayer
OP07-015p1,2026-08-03,11.52,tcgplayer
OP07-015p1,2026-08-10,11.37,tcgplayer
OP07-015p1,2026-08-17,10.93,tcgplayer
OP07-015p1,2026-08-24,10.81,tcgplayer
OP07-015p1,2026-08-31,10.45,tcgplayer
OP07-015p1,2026-09-05,10.45,limitless
OP07-016,2025-09-08,0.08,tcgplayer
OP07-016,2025-09-15,0.09,tcgplayer
OP07-016,2025-09-22,0.10,tcgplayer
OP07-016,2025-09-29,0.09,tcgplayer
OP07-016,2025-10-06,0.08,tcgplayer
OP07-016,2025-10-13,0.08,tcgplayer
OP07-016,2025-10-20,0.14,tcgplayer
OP07-016,2025-10-27,0.15,tcgplayer
OP07-016,2025-11-03,0.16,tcgplayer
OP07-016,2025-11-10,0.17,tcgplayer
OP07-016,2025-11-17,0.14,tcgplayer
OP07-016,2025-11-24,0.10,tcgplayer
OP07-016,2025-12-01,0.08,tcgplayer
OP07-016,2025-12-08,0.07,tcgplayer
OP07-016,2025-12-15,0.08,tcgplayer
OP07-016,2025-12-22,0.08,tcgplayer
OP07-016,2025-12-29,0.09,tcgplayer
OP07-016,2026-01-05,0.08,tcgplayer
OP07-016,2026-01-12,0.08,tcgplayer
OP07-016,2026-01-19,0.09,tcgplayer
OP07-016,2026-01-26,0.09,tcgplayer
OP07-016,2026-02-02,0.10,tcgplayer
OP07-016,2026-02-09,0.13,tcgplayer
OP07-016,2026-02-16,0.12,tcgplayer
OP07-016,2026-02-23,0.11,tcgplayer
OP07-016,2026-03-02,0.10,tcgplayer
OP07-016,2026-03-09,0.11,tcgplayer
OP07-016,2026-03-16,0.11,tcgplayer
OP07-016,2026-03-23,0.11,tcgplayer
OP07-016,2026-03-30,0.11,tcgplayer
OP07-016,2026-04-06,0.11,tcgplayer
OP07-016,2026-04-13,0.11,tcgplayer
OP07-016,2026-04-20,0.13,tcgplayer
OP07-016,2026-04-27,0.17,tcgplayer
OP07-016,2026-05-04,0.17,tcgplayer
OP07-016,2026-05-11,0.13,tcgplayer
OP07-016,2026-05-18,0.14,tcgplayer
OP07-016,2026-05-25,0.15,tcgplayer
OP07-016,2026-06-01,0.14,tcgplayer
OP07-016,2026-06-08,0.19,tcgplayer
OP07-016,2026-06-15,0.19,tcgplayer
OP07-016,2026-06-22,0.19,tcgplayer
OP07-016,2026-06-29,0.17,tcgplayer
OP07-016,2026-07-06,0.17,tcgplayer
OP07-016,2026-07-13,0.13,tcgplayer
OP07-016,2026-07-20,0.15,tcgplayer
OP07-016,2026-07-27,0.17,tcgplayer
OP07-016,2026-08-03,0.17,tcgplayer
OP07-016,2026-08-10,0.17,tcgplayer
OP07-016,2026-08-17,0.16,tcgplayer
OP07-016,2026-08-24,0.15,tcgplayer
OP07-016,2026-08-31,0.13,tcgplayer
OP07-016,2026-09-05,0.14,limitless
OP07-017,2025-09-08,0.07,tcgplayer
OP07-017,2025-09-15,0.07,tcgplayer
OP07-017,2025-09-22,0.07,tcgplayer
OP07-017,2025-09-29,0.08,tcgplayer
OP07-017,2025-10-06,0.08,tcgplayer
OP07-017,2025-10-13,0.07,tcgplayer
OP07-017,2025-10-20,0.07,tcgplayer
OP07-017,2025-10-27,0.09,tcgplayer
OP07-017,2025-11-03,0.10,tcgplayer
OP07-017,2025-11-10,0.10,tcgplayer
OP07-017,2025-11-17,0.09,tcgplayer
OP07-017,2025-11-24,0.10,tcgplayer
OP07-017,2025-12-01,0.10,tcgplayer
OP07-017,2025-12-08,0.09,tcgplayer
OP07-017,2025-12-15,0.09,tcgplayer
OP07-017,2025-12-22,0.10,tcgplayer
OP07-017,2025-12-29,0.07,tcgplayer
OP07-017,2026-01-05,0.08,tcgplayer
OP07-017,2026-01-12,0.07,tcgplayer
OP07-017,2026-01-19,0.07,tcgplayer
OP07-017,2026-01-26,0.07,tcgplayer
OP07-017,2026-02-02,0.06,tcgplayer
OP07-017,2026-02-09,0.07,tcgplayer
OP07-017,2026-02-16,0.08,tcgplayer
OP07-017,2026-02-23,0.08,tcgplayer
OP07-017,2026-03-02,0.08,tcgplayer
OP07-017,2026-03-09,0.13,tcgplayer
OP07-017,2026-03-16,0.14,tcgplayer
OP07-017,2026-03-23,0.14,tcgplayer
OP07-017,2026-03-30,0.14,tcgplayer
OP07-017,2026-04-06,0.14,tcgplayer
OP07-017,2026-04-13,0.10,tcgplayer
OP07-017,2026-04-20,0.10,tcgplayer
OP07-017,2026-04-27,0.09,tcgplayer
OP07-017,2026-05-04,0.08,tcgplayer
OP07-017,2026-05-11,0.08,tcgplayer
OP07-017,2026-05-18,0.07,tcgplayer
OP07-017,2026-05-25,0.07,tcgplayer
OP07-017,2026-06-01,0.07,tcgplayer
OP07-017,2026-06-08,0.06,tcgplayer
OP07-017,2026-06-15,0.08,tcgplayer
OP07-017,2026-06-22,0.08,tcgplayer
OP07-017,2026-06-29,0.08,tcgplayer
OP07-017,2026-07-06,0.09,tcgplayer
OP07-017,2026-07-13,0.08,tcgplayer
OP07-017,2026-07-20,0.08,tcgplayer
OP07-017,2026-07-27,0.09,tcgplayer
OP07-017,2026-08-03,0.09,tcgplayer
OP07-017,2026-08-10,0.09,tcgplayer
OP07-017,2026-08-17,0.09,tcgplayer
OP07-017,2026-08-24,0.08,tcgplayer
OP07-017,2026-08-31,0.08,tcgplayer
OP07-017,2026-09-05,0.08,limitless
OP07-018,2025-09-08,0.05,tcgplayer
OP07-018,2025-09-15,0.05,tcgplayer
OP07-018,2025-09-22,0.05,tcgplayer
OP07-018,2025-09-29,0.06,tcgplayer
OP07-018,2025-10-06,0.06,tcgplayer
OP07-018,2025-10-13,0.06,tcgplayer
OP07-018,2025-10-20,0.07,tcgplayer
OP07-018,2025-10-27,0.07,tcgplayer
OP07-018,2025-11-03,0.07,tcgplayer
OP07-018,2025-11-10,0.10,tcgplayer
OP07-018,2025-11-17,0.09,tcgplayer
OP07-018,2025-11-24,0.11,tcgplayer
OP07-018,2025-12-01,0.08,tcgplayer
OP07-018,2025-12-08,0.10,tcgplayer
OP07-018,2025-12-15,0.10,tcgplayer
OP07-018,2025-12-22,0.08,tcgplayer
OP07-018,2025-12-29,0.07,tcgplayer
OP07-018,2026-01-05,0.06,tcgplayer
OP07-018,2026-01-12,0.06,tcgplayer
OP07-018,2026-01-19,0.06,tcgplayer
OP07-018,2026-01-26,0.05,tcgplayer
OP07-018,2026-02-02,0.04,tcgplayer
OP07-018,2026-02-09,0.06,tcgplayer
OP07-018,2026-02-16,0.06,tcgplayer
OP07-018,2026-02-23,0.07,tcgplayer
OP07-018,2026-03-02,0.05,tcgplayer
OP07-018,2026-03-09,0.05,tcgplayer
OP07-018,2026-03-16,0.05,tcgplayer
OP07-018,2026-03-23,0.06,tcgplayer
OP07-018,2026-03-30,0.06,tcgplayer
OP07-018,2026-04-06,0.07,tcgplayer
OP07-018,2026-04-13,0.08,tcgplayer
OP07-018,2026-04-20,0.07,tcgplayer
OP07-018,2026-04-27,0.07,tcgplayer
OP07-018,2026-05-04,0.07,tcgplayer
OP07-018,2026-05-11,0.07,tcgplayer
OP07-018,2026-05-18,0.07,tcgplayer
OP07-018,2026-05-25,0.07,tcgplayer
OP07-018,2026-06-01,0.07,tcgplayer
OP07-018,2026-06-08,0.07,tcgplayer
OP07-018,2026-06-15,0.07,tcgplayer
OP07-018,2026-06-22,0.07,tcgplayer
OP07-018,2026-06-29,0.08,tcgplayer
OP07-018,2026-07-06,0.08,tcgplayer
OP07-018,2026-07-13,0.07,tcgplayer
OP07-018,2026-07-20,0.07,tcgplayer
OP07-018,2026-07-27,0.07,tcgplayer
OP07-018,2026-08-03,0.07,tcgplayer
OP07-018,2026-08-10,0.06,tcgplayer
OP07-018,2026-08-17,0.06,tcgplayer
OP07-018,2026-08-24,0.06,tcgplayer
OP07-018,2026-08-31,0.05,tcgplayer
OP07-018,2026-09-05,0.05,limitless
OP07-019,2025-09-08,0.14,tcgplayer
OP07-019,2025-09-15,0.13,tcgplayer
OP07-019,2025-09-22,0.12,tcgplayer
OP07-019,2025-09-29,0.12,tcgplayer
OP07-019,2025-10-06,0.14,tcgplayer
OP07-019,2025-10-13,0.17,tcgplayer
OP07-019,2025-10-20,0.16,tcgplayer
OP07-019,2025-10-27,0.16,tcgplayer
OP07-019,2025-11-03,0.17,tcgplayer
OP07-019,2025-11-10,0.15,tcgplayer
OP07-019,2025-11-17,0.14,tcgplayer
OP07-019,2025-11-24,0.16,tcgplayer
OP07-019,2025-12-01,0.13,tcgplayer
OP07-019,2025-12-08,0.12,tcgplayer
OP07-019,2025-12-15,0.12,tcgplayer
OP07-019,2025-12-22,0.11,tcgplayer
OP07-019,2025-12-29,0.12,tcgplayer
OP07-019,2026-01-05,0.15,tcgplayer
OP07-019,2026-01-12,0.15,tcgplayer
OP07-019,2026-01-19,0.14,tcgplayer
OP07-019,2026-01-26,0.20,tcgplayer
OP07-019,2026-02-02,0.14,tcgplayer
OP07-019,2026-02-09,0.15,tcgplayer
OP07-019,2026-02-16,0.12,tcgplayer
OP07-019,2026-02-23,0.15,tcgplayer
OP07-019,2026-03-02,0.15,tcgplayer
OP07-019,2026-03-09,0.13,tcgplayer
OP07-019,2026-03-16,0.20,tcgplayer
OP07-019,2026-03-23,0.21,tcgplayer
OP07-019,2026-03-30,0.16,tcgplayer
OP07-019,2026-04-06,0.15,tcgplayer
OP07-019,2026-04-13,0.15,tcgplayer
OP07-019,2026-04-20,0.13,tcgplayer
OP07-019,2026-04-27,0.13,tcgplayer
OP07-019,2026-05-04,0.13,tcgplayer
OP07-019,2026-05-11,0.14,tcgplayer
OP07-019,2026-05-18,0.16,tcgplayer
OP07-019,2026-05-25,0.16,tcgplayer
OP07-019,2026-06-01,0.15,tcgplayer
OP07-019,2026-06-08,0.15,tcgplayer
OP07-019,2026-06-15,0.14,tcgplayer
OP07-019,2026-06-22,0.17,tcgplayer
OP07-019,2026-06-29,0.19,tcgplayer
OP07-019,2026-07-06,0.17,tcgplayer
OP07-019,2026-07-13,0.18,tcgplayer
OP07-019,2026-07-20,0.17,tcgplayer
OP07-019,2026-07-27,0.18,tcgplayer
OP07-019,2026-08-03,0.19,tcgplayer
OP07-019,2026-08-10,0.18,tcgplayer
OP07-019,2026-08-17,0.17,tcgplayer
OP07-019,2026-08-24,0.18,tcgplayer
OP07-019,2026-08-31,0.19,tcgplayer
OP07-019,2026-09-05,0.19,limitless
OP07-019p1,2025-09-08,48.04,tcgplayer
OP07-019p1,2025-09-15,48.49,tcgplayer
OP07-019p1,2025-09-22,49.67,tcgplayer
OP07-019p1,2025-09-29,51.98,tcgplayer
OP07-019p1,2025-10-06,53.13,tcgplayer
OP07-019p1,2025-10-13,54.58,tcgplayer
OP07-019p1,2025-10-20,54.54,tcgplayer
OP07-019p1,2025-10-27,55.60,tcgplayer
OP07-019p1,2025-11-03,56.76,tcgplayer
OP07-019p1,2025-11-10,56.87,tcgplayer
OP07-019p1,2025-11-17,55.41,tcgplayer
OP07-019p1,2025-11-24,49.71,tcgplayer
OP07-019p1,2025-12-01,52.94,tcgplayer
OP07-019p1,2025-12-08,62.51,tcgplayer
OP07-019p1,2025-12-15,67.13,tcgplayer
OP07-019p1,2025-12-22,68.30,tcgplayer
OP07-019p1,2025-12-29,69.06,tcgplayer
OP07-019p1,2026-01-05,68.70,tcgplayer
OP07-019p1,2026-01-12,67.56,tcgplayer
OP07-019p1,2026-01-19,67.08,tcgplayer
OP07-019p1,2026-01-26,66.29,tcgplayer
OP07-019p1,2026-02-02,66.47,tcgplayer
OP07-019p1,2026-02-09,67.74,tcgplayer
OP07-019p1,2026-02-16,69.57,tcgplayer
OP07-019p1,2026-02-23,70.29,tcgplayer
OP07-019p1,2026-03-02,70.12,tcgplayer
OP07-019p1,2026-03-09,70.06,tcgplayer
OP07-019p1,2026-03-16,70.13,tcgplayer
OP07-019p1,2026-03-23,70.51,tcgplayer
OP07-019p1,2026-03-30,70.37,tcgplayer
OP07-019p1,2026-04-06,70.37,tcgplayer
OP07-019p1,2026-04-13,70.08,tcgplayer
OP07-019p1,2026-04-20,69.63,tcgplayer
OP07-019p1,2026-04-27,68.79,tcgplayer
OP07-019p1,2026-05-04,68.14,tcgplayer
OP07-019p1,2026-05-11,66.05,tcgplayer
OP07-019p1,2026-05-18,65.08,tcgplayer
OP07-019p1,2026-05-25,63.01,tcgplayer
OP07-019p1,2026-06-01,62.32,tcgplayer
OP07-019p1,2026-06-08,61.34,tcgplayer
OP07-019p1,2026-06-15,59.17,tcgplayer
OP07-019p1,2026-06-22,58.53,tcgplayer
OP07-019p1,2026-06-29,58.24,tcgplayer
OP07-019p1,2026-07-06,53.18,tcgplayer
OP07-019p1,2026-07-13,51.28,tcgplayer
OP07-019p1,2026-07-20,49.72,tcgplayer
OP07-019p1,2026-07-27,48.41,tcgplayer
OP07-019p1,2026-08-03,44.44,tcgplayer
OP07-019p1,2026-08-10,43.35,tcgplayer
OP07-019p1,2026-08-17,41.26,tcgplayer
OP07-019p1,2026-08-24,40.55,tcgplayer
OP07-019p1,2026-08-31,40.41,tcgplayer
OP07-019p1,2026-09-05,40.55,limitless
OP07-020,2025-09-08,0.08,tcgplayer
OP07-020,2025-09-15,0.09,tcgplayer
OP07-020,2025-09-22,0.08,tcgplayer
OP07-020,2025-09-29,0.09,tcgplayer
OP07-020,2025-10-06,0.09,tcgplayer
OP07-020,2025-10-13,0.09,tcgplayer
OP07-020,2025-10-20,0.05,tcgplayer
OP07-020,2025-10-27,0.04,tcgplayer
OP07-020,2025-11-03,0.04,tcgplayer
OP07-020,2025-11-10,0.04,tcgplayer
OP07-020,2025-11-17,0.04,tcgplayer
OP07-020,2025-11-24,0.05,tcgplayer
OP07-020,2025-12-01,0.04,tcgplayer
OP07-020,2025-12-08,0.04,tcgplayer
OP07-020,2025-12-15,0.04,tcgplayer
OP07-020,2025-12-22,0.04,tcgplayer
OP07-020,2025-12-29,0.04,tcgplayer
OP07-020,2026-01-05,0.04,tcgplayer
OP07-020,2026-01-12,0.09,tcgplayer
OP07-020,2026-01-19,0.09,tcgplayer
OP07-020,2026-01-26,0.08,tcgplayer
OP07-020,2026-02-02,0.08,tcgplayer
OP07-020,2026-02-09,0.05,tcgplayer
OP07-020,2026-02-16,0.04,tcgplayer
OP07-020,2026-02-23,0.04,tcgplayer
OP07-020,2026-03-02,0.05,tcgplayer
OP07-020,2026-03-09,0.05,tcgplayer
OP07-020,2026-03-16,0.05,tcgplayer
OP07-020,2026-03-23,0.04,tcgplayer
OP07-020,2026-03-30,0.05,tcgplayer
OP07-020,2026-04-06,0.07,tcgplayer
OP07-020,2026-04-13,0.07,tcgplayer
OP07-020,2026-04-20,0.07,tcgplayer
OP07-020,2026-04-27,0.07,tcgplayer
OP07-020,2026-05-04,0.07,tcgplayer
OP07-020,2026-05-11,0.07,tcgplayer
OP07-020,2026-05-18,0.07,tcgplayer
OP07-020,2026-05-25,0.09,tcgplayer
OP07-020,2026-06-01,0.09,tcgplayer
OP07-020,2026-06-08,0.08,tcgplayer
OP07-020,2026-06-15,0.07,tcgplayer
OP07-020,2026-06-22,0.08,tcgplayer
OP07-020,2026-06-29,0.07,tcgplayer
OP07-020,2026-07-06,0.07,tcgplayer
OP07-020,2026-07-13,0.07,tcgplayer
OP07-020,2026-07-20,0.07,tcgplayer
OP07-020,2026-07-27,0.07,tcgplayer
OP07-020,2026-08-03,0.07,tcgplayer
OP07-020,2026-08-10,0.06,tcgplayer
OP07-020,2026-08-17,0.06,tcgplayer
OP07-020,2026-08-24,0.05,tcgplayer
OP07-020,2026-08-31,0.05,tcgplayer
OP07-020,2026-09-05,0.05,limitless
OP07-021,2025-09-08,0.17,tcgplayer
OP07-021,2025-09-15,0.14,tcgplayer
OP07-021,2025-09-22,0.12,tcgplayer
OP07-021,2025-09-29,0.15,tcgplayer
OP07-021,2025-10-06,0.14,tcgplayer
OP07-021,2025-10-13,0.13,tcgplayer
OP07-021,2025-10-20,0.15,tcgplayer
OP07-021,2025-10-27,0.14,tcgplayer
OP07-021,2025-11-03,0.15,tcgplayer
OP07-021,2025-11-10,0.15,tcgplayer
OP07-021,2025-11-17,0.13,tcgplayer
OP07-021,2025-11-24,0.13,tcgplayer
OP07-021,2025-12-01,0.12,tcgplayer
OP07-021,2025-12-08,0.13,tcgplayer
OP07-021,2025-12-15,0.13,tcgplayer
OP07-021,2025-12-22,0.14,tcgplayer
OP07-021,2025-12-29,0.11,tcgplayer
OP07-021,2026-01-05,0.11,tcgplayer
OP07-021,2026-01-12,0.08,tcgplayer
OP07-021,2026-01-19,0.13,tcgplayer
OP07-021,2026-01-26,0.13,tcgplayer
OP07-021,2026-02-02,0.13,tcgplayer
OP07-021,2026-02-09,0.14,tcgplayer
OP07-021,2026-02-16,0.13,tcgplayer
OP07-021,2026-02-23,0.13,tcgplayer
OP07-021,2026-03-02,0.08,tcgplayer
OP07-021,2026-03-09,0.08,tcgplayer
OP07-021,2026-03-16,0.08,tcgplayer
OP07-021,2026-03-23,0.10,tcgplayer
OP07-021,2026-03-30,0.11,tcgplayer
OP07-021,2026-04-06,0.11,tcgplayer
OP07-021,2026-04-13,0.10,tcgplayer
OP07-021,2026-04-20,0.10,tcgplayer
OP07-021,2026-04-27,0.12,tcgplayer
OP07-021,2026-05-04,0.13,tcgplayer
OP07-021,2026-05-11,0.14,tcgplayer
OP07-021,2026-05-18,0.12,tcgplayer
OP07-021,2026-05-25,0.09,tcgplayer
OP07-021,2026-06-01,0.08,tcgplayer
OP07-021,2026-06-08,0.09,tcgplayer
OP07-021,2026-06-15,0.08,tcgplayer
OP07-021,2026-06-22,0.09,tcgplayer
OP07-021,2026-06-29,0.10,tcgplayer
OP07-021,2026-07-06,0.09,tcgplayer
OP07-021,2026-07-13,0.09,tcgplayer
OP07-021,2026-07-20,0.09,tcgplayer
OP07-021,2026-07-27,0.11,tcgplayer
OP07-021,2026-08-03,0.12,tcgplayer
OP07-021,2026-08-10,0.11,tcgplayer
OP07-021,2026-08-17,0.10,tcgplayer
OP07-021,2026-08-24,0.10,tcgplayer
OP07-021,2026-08-31,0.10,tcgplayer
OP07-021,2026-09-05,0.10,limitless
OP07-022,2025-09-08,0.21,tcgplayer
OP07-022,2025-09-15,0.24,tcgplayer
OP07-022,2025-09-22,0.22,tcgplayer
OP07-022,2025-09-29,0.22,tcgplayer
OP07-022,2025-10-06,0.27,tcgplayer
OP07-022,2025-10-13,0.21,tcgplayer
OP07-022,2025-10-20,0.20,tcgplayer
OP07-022,2025-10-27,0.23,tcgplayer
OP07-022,2025-11-03,0.24,tcgplayer
OP07-022,2025-11-10,0.23,tcgplayer
OP07-022,2025-11-17,0.20,tcgplayer
OP07-022,2025-11-24,0.20,tcgplayer
OP07-022,2025-12-01,0.21,tcgplayer
OP07-022,2025-12-08,0.21,tcgplayer
OP07-022,2025-12-15,0.23,tcgplayer
OP07-022,2025-12-22,0.21,tcgplayer
OP07-022,2025-12-29,0.20,tcgplayer
OP07-022,2026-01-05,0.28,tcgplayer
OP07-022,2026-01-12,0.22,tcgplayer
OP07-022,2026-01-19,0.25,tcgplayer
OP07-022,2026-01-26,0.30,tcgplayer
OP07-022,2026-02-02,0.27,tcgplayer
OP07-022,2026-02-09,0.27,tcgplayer
OP07-022,2026-02-16,0.29,tcgplayer
OP07-022,2026-02-23,0.26,tcgplayer
OP07-022,2026-03-02,0.24,tcgplayer
OP07-022,2026-03-09,0.25,tcgplayer
OP07-022,2026-03-16,0.20,tcgplayer
OP07-022,2026-03-23,0.22,tcgplayer
OP07-022,2026-03-30,0.24,tcgplayer
OP07-022,2026-04-06,0.23,tcgplayer
OP07-022,2026-04-13,0.23,tcgplayer
OP07-022,2026-04-20,0.21,tcgplayer
OP07-022,2026-04-27,0.25,tcgplayer
OP07-022,2026-05-04,0.26,tcgplayer
OP07-022,2026-05-11,0.25,tcgplayer
OP07-022,2026-05-18,0.23,tcgplayer
OP07-022,2026-05-25,0.22,tcgplayer
OP07-022,2026-06-01,0.21,tcgplayer
OP07-022,2026-06-08,0.23,tcgplayer
OP07-022,2026-06-15,0.22,tcgplayer
OP07-022,2026-06-22,0.22,tcgplayer
OP07-022,2026-06-29,0.22,tcgplayer
OP07-022,2026-07-06,0.23,tcgplayer
OP07-022,2026-07-13,0.44,tcgplayer
OP07-022,2026-07-20,3.82,tcgplayer
OP07-022,2026-07-27,3.42,tcgplayer
OP07-022,2026-08-03,3.95,tcgplayer
OP07-022,2026-08-10,4.84,tcgplayer
OP07-022,2026-08-17,4.50,tcgplayer
OP07-022,2026-08-24,4.59,tcgplayer
OP07-022,2026-08-31,4.65,tcgplayer
OP07-022,2026-09-05,4.84,limitless
OP07-022p1,2025-09-08,4.78,tcgplayer
OP07-022p1,2025-09-15,4.77,tcgplayer
OP07-022p1,2025-09-22,4.39,tcgplayer
OP07-022p1,2025-09-29,4.18,tcgplayer
OP07-022p1,2025-10-06,4.57,tcgplayer
OP07-022p1,2025-10-13,4.73,tcgplayer
OP07-022p1,2025-10-20,4.87,tcgplayer
OP07-022p1,2025-10-27,4.71,tcgplayer
OP07-022p1,2025-11-03,4.61,tcgplayer
OP07-022p1,2025-11-10,4.19,tcgplayer
OP07-022p1,2025-11-17,3.26,tcgplayer
OP07-022p1,2025-11-24,2.89,tcgplayer
OP07-022p1,2025-12-01,3.31,tcgplayer
OP07-022p1,2025-12-08,4.65,tcgplayer
OP07-022p1,2025-12-15,6.09,tcgplayer
OP07-022p1,2025-12-22,6.83,tcgplayer
OP07-022p1,2025-12-29,8.71,tcgplayer
OP07-022p1,2026-01-05,9.29,tcgplayer
OP07-022p1,2026-01-12,9.84,tcgplayer
OP07-022p1,2026-01-19,9.68,tcgplayer
OP07-022p1,2026-01-26,9.41,tcgplayer
OP07-022p1,2026-02-02,9.29,tcgplayer
OP07-022p1,2026-02-09,8.48,tcgplayer
OP07-022p1,2026-02-16,7.51,tcgplayer
OP07-022p1,2026-02-23,7.72,tcgplayer
OP07-022p1,2026-03-02,7.80,tcgplayer
OP07-022p1,2026-03-09,7.88,tcgplayer
OP07-022p1,2026-03-16,7.96,tcgplayer
OP07-022p1,2026-03-23,8.09,tcgplayer
OP07-022p1,2026-03-30,8.05,tcgplayer
OP07-022p1,2026-04-06,7.69,tcgplayer
OP07-022p1,2026-04-13,6.87,tcgplayer
OP07-022p1,2026-04-20,5.43,tcgplayer
OP07-022p1,2026-04-27,4.89,tcgplayer
OP07-022p1,2026-05-04,5.07,tcgplayer
OP07-022p1,2026-05-11,5.01,tcgplayer
OP07-022p1,2026-05-18,4.98,tcgplayer
OP07-022p1,2026-05-25,5.09,tcgplayer
OP07-022p1,2026-06-01,4.95,tcgplayer
OP07-022p1,2026-06-08,6.09,tcgplayer
OP07-022p1,2026-06-15,8.70,tcgplayer
OP07-022p1,2026-06-22,7.99,tcgplayer
OP07-022p1,2026-06-29,8.37,tcgplayer
OP07-022p1,2026-07-06,12.26,tcgplayer
OP07-022p1,2026-07-13,31.54,tcgplayer
OP07-022p1,2026-07-20,31.97,tcgplayer
OP07-022p1,2026-07-27,29.95,tcgplayer
OP07-022p1,2026-08-03,28.53,tcgplayer
OP07-022p1,2026-08-10,27.63,tcgplayer
OP07-022p1,2026-08-17,27.51,tcgplayer
OP07-022p1,2026-08-24,30.53,tcgplayer
OP07-022p1,2026-08-31,31.40,tcgplayer
OP07-022p1,2026-09-05,30.84,limitless
OP07-023,2025-09-08,0.07,tcgplayer
OP07-023,2025-09-15,0.08,tcgplayer
OP07-023,2025-09-22,0.08,tcgplayer
OP07-023,2025-09-29,0.08,tcgplayer
OP07-023,2025-10-06,0.08,tcgplayer
OP07-023,2025-10-13,0.08,tcgplayer
OP07-023,2025-10-20,0.07,tcgplayer
OP07-023,2025-10-27,0.06,tcgplayer
OP07-023,2025-11-03,0.06,tcgplayer
OP07-023,2025-11-10,0.06,tcgplayer
OP07-023,2025-11-17,0.06,tcgplayer
OP07-023,2025-11-24,0.06,tcgplayer
OP07-023,2025-12-01,0.06,tcgplayer
OP07-023,2025-12-08,0.05,tcgplayer
OP07-023,2025-12-15,0.07,tcgplayer
OP07-023,2025-12-22,0.07,tcgplayer
OP07-023,2025-12-29,0.07,tcgplayer
OP07-023,2026-01-05,0.07,tcgplayer
OP07-023,2026-01-12,0.08,tcgplayer
OP07-023,2026-01-19,0.07,tcgplayer
OP07-023,2026-01-26,0.06,tcgplayer
OP07-023,2026-02-02,0.05,tcgplayer
OP07-023,2026-02-09,0.06,tcgplayer
OP07-023,2026-02-16,0.04,tcgplayer
OP07-023,2026-02-23,0.05,tcgplayer
OP07-023,2026-03-02,0.04,tcgplayer
OP07-023,2026-03-09,0.04,tcgplayer
OP07-023,2026-03-16,0.04,tcgplayer
OP07-023,2026-03-23,0.04,tcgplayer
OP07-023,2026-03-30,0.04,tcgplayer
OP07-023,2026-04-06,0.04,tcgplayer
OP07-023,2026-04-13,0.04,tcgplayer
OP07-023,2026-04-20,0.05,tcgplayer
OP07-023,2026-04-27,0.06,tcgplayer
OP07-023,2026-05-04,0.05,tcgplayer
OP07-023,2026-05-11,0.05,tcgplayer
OP07-023,2026-05-18,0.06,tcgplayer
OP07-023,2026-05-25,0.06,tcgplayer
OP07-023,2026-06-01,0.06,tcgplayer
OP07-023,2026-06-08,0.07,tcgplayer
OP07-023,2026-06-15,0.07,tcgplayer
OP07-023,2026-06-22,0.07,tcgplayer
OP07-023,2026-06-29,0.06,tcgplayer
OP07-023,2026-07-06,0.06,tcgplayer
OP07-023,2026-07-13,0.06,tcgplayer
OP07-023,2026-07-20,0.06,tcgplayer
OP07-023,2026-07-27,0.06,tcgplayer
OP07-023,2026-08-03,0.07,tcgplayer
OP07-023,2026-08-10,0.06,tcgplayer
OP07-023,2026-08-17,0.07,tcgplayer
OP07-023,2026-08-24,0.07,tcgplayer
OP07-023,2026-08-31,0.07,tcgplayer
OP07-023,2026-09-05,0.07,limitless
OP07-024,2025-09-08,0.09,tcgplayer
OP07-024,2025-09-15,0.11,tcgplayer
OP07-024,2025-09-22,0.08,tcgplayer
OP07-024,2025-09-29,0.08,tcgplayer
OP07-024,2025-10-06,0.08,tcgplayer
OP07-024,2025-10-13,0.07,tcgplayer
OP07-024,2025-10-20,0.07,tcgplayer
OP07-024,2025-10-27,0.06,tcgplayer
OP07-024,2025-11-03,0.06,tcgplayer
OP07-024,2025-11-10,0.05,tcgplayer
OP07-024,2025-11-17,0.05,tcgplayer
OP07-024,2025-11-24,0.04,tcgplayer
OP07-024,2025-12-01,0.04,tcgplayer
OP07-024,2025-12-08,0.05,tcgplayer
OP07-024,2025-12-15,0.05,tcgplayer
OP07-024,2025-12-22,0.05,tcgplayer
OP07-024,2025-12-29,0.06,tcgplayer
OP07-024,2026-01-05,0.06,tcgplayer
OP07-024,2026-01-12,0.06,tcgplayer
OP07-024,2026-01-19,0.06,tcgplayer
OP07-024,2026-01-26,0.05,tcgplayer
OP07-024,2026-02-02,0.05,tcgplayer
OP07-024,2026-02-09,0.06,tcgplayer
OP07-024,2026-02-16,0.05,tcgplayer
OP07-024,2026-02-23,0.07,tcgplayer
OP07-024,2026-03-02,0.06,tcgplayer
OP07-024,2026-03-09,0.06,tcgplayer
OP07-024,2026-03-16,0.06,tcgplayer
OP07-024,2026-03-23,0.06,tcgplayer
OP07-024,2026-03-30,0.08,tcgplayer
OP07-024,2026-04-06,0.08,tcgplayer
OP07-024,2026-04-13,0.06,tcgplayer
OP07-024,2026-04-20,0.07,tcgplayer
OP07-024,2026-04-27,0.07,tcgplayer
OP07-024,2026-05-04,0.05,tcgplayer
OP07-024,2026-05-11,0.04,tcgplayer
OP07-024,2026-05-18,0.04,tcgplayer
OP07-024,2026-05-25,0.04,tcgplayer
OP07-024,2026-06-01,0.04,tcgplayer
OP07-024,2026-06-08,0.04,tcgplayer
OP07-024,2026-06-15,0.04,tcgplayer
OP07-024,2026-06-22,0.06,tcgplayer
OP07-024,2026-06-29,0.05,tcgplayer
OP07-024,2026-07-06,0.06,tcgplayer
OP07-024,2026-07-13,0.05,tcgplayer
OP07-024,2026-07-20,0.05,tcgplayer
OP07-024,2026-07-27,0.06,tcgplayer
OP07-024,2026-08-03,0.07,tcgplayer
OP07-024,2026-08-10,0.06,tcgplayer
OP07-024,2026-08-17,0.06,tcgplayer
OP07-024,2026-08-24,0.06,tcgplayer
OP07-024,2026-08-31,0.06,tcgplayer
OP07-024,2026-09-05,0.06,limitless
OP07-025,2025-09-08,0.06,tcgplayer
OP07-025,2025-09-15,0.06,tcgplayer
OP07-025,2025-09-22,0.06,tcgplayer
OP07-025,2025-09-29,0.06,tcgplayer
OP07-025,2025-10-06,0.06,tcgplayer
OP07-025,2025-10-13,0.06,tcgplayer
OP07-025,2025-10-20,0.05,tcgplayer
OP07-025,2025-10-27,0.05,tcgplayer
OP07-025,2025-11-03,0.04,tcgplayer
OP07-025,2025-11-10,0.03,tcgplayer
OP07-025,2025-11-17,0.03,tcgplayer
OP07-025,2025-11-24,0.04,tcgplayer
OP07-025,2025-12-01,0.04,tcgplayer
OP07-025,2025-12-08,0.04,tcgplayer
OP07-025,2025-12-15,0.03,tcgplayer
OP07-025,2025-12-22,0.03,tcgplayer
OP07-025,2025-12-29,0.03,tcgplayer
OP07-025,2026-01-05,0.03,tcgplayer
OP07-025,2026-01-12,0.03,tcgplayer
OP07-025,2026-01-19,0.03,tcgplayer
OP07-025,2026-01-26,0.02,tcgplayer
OP07-025,2026-02-02,0.02,tcgplayer
OP07-025,2026-02-09,0.03,tcgplayer
OP07-025,2026-02-16,0.02,tcgplayer
OP07-025,2026-02-23,0.02,tcgplayer
OP07-025,2026-03-02,0.02,tcgplayer
OP07-025,2026-03-09,0.02,tcgplayer
OP07-025,2026-03-16,0.02,tcgplayer
OP07-025,2026-03-23,0.02,tcgplayer
OP07-025,2026-03-30,0.02,tcgplayer
OP07-025,2026-04-06,0.02,tcgplayer
OP07-025,2026-04-13,0.02,tcgplayer
OP07-025,2026-04-20,0.02,tcgplayer
OP07-025,2026-04-27,0.02,tcgplayer
OP07-025,2026-05-04,0.02,tcgplayer
OP07-025,2026-05-11,0.02,tcgplayer
OP07-025,2026-05-18,0.02,tcgplayer
OP07-025,2026-05-25,0.02,tcgplayer
OP07-025,2026-06-01,0.02,tcgplayer
OP07-025,2026-06-08,0.02,tcgplayer
OP07-025,2026-06-15,0.02,tcgplayer
OP07-025,2026-06-22,0.02,tcgplayer
OP07-025,2026-06-29,0.03,tcgplayer
OP07-025,2026-07-06,0.02,tcgplayer
OP07-025,2026-07-13,0.03,tcgplayer
OP07-025,2026-07-20,0.03,tcgplayer
OP07-025,2026-07-27,0.03,tcgplayer
OP07-025,2026-08-03,0.04,tcgplayer
OP07-025,2026-08-10,0.04,tcgplayer
OP07-025,2026-08-17,0.04,tcgplayer
OP07-025,2026-08-24,0.04,tcgplayer
OP07-025,2026-08-31,0.04,tcgplayer
OP07-025,2026-09-05,0.04,limitless
OP07-026,2025-09-08,0.95,tcgplayer
OP07-026,2025-09-15,0.84,tcgplayer
OP07-026,2025-09-22,0.81,tcgplayer
OP07-026,2025-09-29,0.57,tcgplayer
OP07-026,2025-10-06,0.60,tcgplayer
OP07-026,2025-10-13,0.51,tcgplayer
OP07-026,2025-10-20,0.58,tcgplayer
OP07-026,2025-10-27,0.51,tcgplayer
OP07-026,2025-11-03,0.43,tcgplayer
OP07-026,2025-11-10,0.43,tcgplayer
OP07-026,2025-11-17,0.35,tcgplayer
OP07-026,2025-11-24,0.50,tcgplayer
OP07-026,2025-12-01,0.55,tcgplayer
OP07-026,2025-12-08,0.68,tcgplayer
OP07-026,2025-12-15,0.70,tcgplayer
OP07-026,2025-12-22,0.76,tcgplayer
OP07-026,2025-12-29,1.02,tcgplayer
OP07-026,2026-01-05,1.06,tcgplayer
OP07-026,2026-01-12,1.48,tcgplayer
OP07-026,2026-01-19,1.44,tcgplayer
OP07-026,2026-01-26,1.54,tcgplayer
OP07-026,2026-02-02,2.10,tcgplayer
OP07-026,2026-02-09,2.19,tcgplayer
OP07-026,2026-02-16,1.74,tcgplayer
OP07-026,2026-02-23,1.29,tcgplayer
OP07-026,2026-03-02,1.08,tcgplayer
OP07-026,2026-03-09,1.01,tcgplayer
OP07-026,2026-03-16,0.96,tcgplayer
OP07-026,2026-03-23,0.97,tcgplayer
OP07-026,2026-03-30,1.04,tcgplayer
OP07-026,2026-04-06,0.84,tcgplayer
OP07-026,2026-04-13,0.74,tcgplayer
OP07-026,2026-04-20,0.82,tcgplayer
OP07-026,2026-04-27,0.81,tcgplayer
OP07-026,2026-05-04,0.91,tcgplayer
OP07-026,2026-05-11,1.03,tcgplayer
OP07-026,2026-05-18,1.09,tcgplayer
OP07-026,2026-05-25,0.84,tcgplayer
OP07-026,2026-06-01,0.97,tcgplayer
OP07-026,2026-06-08,1.20,tcgplayer
OP07-026,2026-06-15,1.37,tcgplayer
OP07-026,2026-06-22,1.24,tcgplayer
OP07-026,2026-06-29,1.51,tcgplayer
OP07-026,2026-07-06,1.43,tcgplayer
OP07-026,2026-07-13,1.85,tcgplayer
OP07-026,2026-07-20,2.20,tcgplayer
OP07-026,2026-07-27,2.06,tcgplayer
OP07-026,2026-08-03,1.83,tcgplayer
OP07-026,2026-08-10,2.07,tcgplayer
OP07-026,2026-08-17,1.85,tcgplayer
OP07-026,2026-08-24,1.56,tcgplayer
OP07-026,2026-08-31,2.32,tcgplayer
OP07-026,2026-09-05,1.86,limitless
OP07-026p1,2025-09-08,9.35,tcgplayer
OP07-026p1,2025-09-15,9.28,tcgplayer
OP07-026p1,2025-09-22,9.30,tcgplayer
OP07-026p1,2025-09-29,8.32,tcgplayer
OP07-026p1,2025-10-06,8.82,tcgplayer
OP07-026p1,2025-10-13,9.12,tcgplayer
OP07-026p1,2025-10-20,8.70,tcgplayer
OP07-026p1,2025-10-27,9.38,tcgplayer
OP07-026p1,2025-11-03,9.58,tcgplayer
OP07-026p1,2025-11-10,8.72,tcgplayer
OP07-026p1,2025-11-17,8.76,tcgplayer
OP07-026p1,2025-11-24,11.09,tcgplayer
OP07-026p1,2025-12-01,16.01,tcgplayer
OP07-026p1,2025-12-08,20.48,tcgplayer
OP07-026p1,2025-12-15,22.90,tcgplayer
OP07-026p1,2025-12-22,24.04,tcgplayer
OP07-026p1,2025-12-29,28.21,tcgplayer
OP07-026p1,2026-01-05,28.72,tcgplayer
OP07-026p1,2026-01-12,29.99,tcgplayer
OP07-026p1,2026-01-19,30.66,tcgplayer
OP07-026p1,2026-01-26,30.02,tcgplayer
OP07-026p1,2026-02-02,30.66,tcgplayer
OP07-026p1,2026-02-09,31.45,tcgplayer
OP07-026p1,2026-02-16,31.04,tcgplayer
OP07-026p1,2026-02-23,28.46,tcgplayer
OP07-026p1,2026-03-02,26.53,tcgplayer
OP07-026p1,2026-03-09,25.01,tcgplayer
OP07-026p1,2026-03-16,22.52,tcgplayer
OP07-026p1,2026-03-23,21.76,tcgplayer
OP07-026p1,2026-03-30,21.39,tcgplayer
OP07-026p1,2026-04-06,20.37,tcgplayer
OP07-026p1,2026-04-13,18.69,tcgplayer
OP07-026p1,2026-04-20,18.42,tcgplayer
OP07-026p1,2026-04-27,18.36,tcgplayer
OP07-026p1,2026-05-04,18.16,tcgplayer
OP07-026p1,2026-05-11,18.61,tcgplayer
OP07-026p1,2026-05-18,19.21,tcgplayer
OP07-026p1,2026-05-25,19.36,tcgplayer
OP07-026p1,2026-06-01,20.20,tcgplayer
OP07-026p1,2026-06-08,20.22,tcgplayer
OP07-026p1,2026-06-15,19.93,tcgplayer
OP07-026p1,2026-06-22,20.91,tcgplayer
OP07-026p1,2026-06-29,22.26,tcgplayer
OP07-026p1,2026-07-06,22.69,tcgplayer
OP07-026p1,2026-07-13,23.68,tcgplayer
OP07-026p1,2026-07-20,26.13,tcgplayer
OP07-026p1,2026-07-27,25.66,tcgplayer
OP07-026p1,2026-08-03,25.73,tcgplayer
OP07-026p1,2026-08-10,23.79,tcgplayer
OP07-026p1,2026-08-17,22.38,tcgplayer
OP07-026p1,2026-08-24,21.92,tcgplayer
OP07-026p1,2026-08-31,24.22,tcgplayer
OP07-026p1,2026-09-05,23.24,limitless
OP07-027,2025-09-08,0.07,tcgplayer
OP07-027,2025-09-15,0.06,tcgplayer
OP07-027,2025-09-22,0.07,tcgplayer
OP07-027,2025-09-29,0.06,tcgplayer
OP07-027,2025-10-06,0.06,tcgplayer
OP07-027,2025-10-13,0.06,tcgplayer
OP07-027,2025-10-20,0.06,tcgplayer
OP07-027,2025-10-27,0.07,tcgplayer
OP07-027,2025-11-03,0.07,tcgplayer
OP07-027,2025-11-10,0.07,tcgplayer
OP07-027,2025-11-17,0.07,tcgplayer
OP07-027,2025-11-24,0.05,tcgplayer
OP07-027,2025-12-01,0.05,tcgplayer
OP07-027,2025-12-08,0.05,tcgplayer
OP07-027,2025-12-15,0.04,tcgplayer
OP07-027,2025-12-22,0.03,tcgplayer
OP07-027,2025-12-29,0.03,tcgplayer
OP07-027,2026-01-05,0.03,tcgplayer
OP07-027,2026-01-12,0.04,tcgplayer
OP07-027,2026-01-19,0.05,tcgplayer
OP07-027,2026-01-26,0.05,tcgplayer
OP07-027,2026-02-02,0.05,tcgplayer
OP07-027,2026-02-09,0.05,tcgplayer
OP07-027,2026-02-16,0.06,tcgplayer
OP07-027,2026-02-23,0.07,tcgplayer
OP07-027,2026-03-02,0.05,tcgplayer
OP07-027,2026-03-09,0.06,tcgplayer
OP07-027,2026-03-16,0.07,tcgplayer
OP07-027,2026-03-23,0.08,tcgplayer
OP07-027,2026-03-30,0.07,tcgplayer
OP07-027,2026-04-06,0.06,tcgplayer
OP07-027,2026-04-13,0.06,tcgplayer
OP07-027,2026-04-20,0.06,tcgplayer
OP07-027,2026-04-27,0.07,tcgplayer
OP07-027,2026-05-04,0.06,tcgplayer
OP07-027,2026-05-11,0.06,tcgplayer
OP07-027,2026-05-18,0.06,tcgplayer
OP07-027,2026-05-25,0.06,tcgplayer
OP07-027,2026-06-01,0.05,tcgplayer
OP07-027,2026-06-08,0.07,tcgplayer
OP07-027,2026-06-15,0.07,tcgplayer
OP07-027,2026-06-22,0.07,tcgplayer
OP07-027,2026-06-29,0.07,tcgplayer
OP07-027,2026-07-06,0.07,tcgplayer
OP07-027,2026-07-13,0.11,tcgplayer
OP07-027,2026-07-20,0.11,tcgplayer
OP07-027,2026-07-27,0.11,tcgplayer
OP07-027,2026-08-03,0.11,tcgplayer
OP07-027,2026-08-10,0.12,tcgplayer
OP07-027,2026-08-17,0.12,tcgplayer
OP07-027,2026-08-24,0.09,tcgplayer
OP07-027,2026-08-31,0.09,tcgplayer
OP07-027,2026-09-05,0.09,limitless
OP07-028,2025-09-08,0.26,tcgplayer
OP07-028,2025-09-15,0.26,tcgplayer
OP07-028,2025-09-22,0.26,tcgplayer
OP07-028,2025-09-29,0.26,tcgplayer
OP07-028,2025-10-06,0.26,tcgplayer
OP07-028,2025-10-13,0.06,tcgplayer
OP07-028,2025-10-20,0.05,tcgplayer
OP07-028,2025-10-27,0.04,tcgplayer
OP07-028,2025-11-03,0.04,tcgplayer
OP07-028,2025-11-10,0.04,tcgplayer
OP07-028,2025-11-17,0.04,tcgplayer
OP07-028,2025-11-24,0.05,tcgplayer
OP07-028,2025-12-01,0.05,tcgplayer
OP07-028,2025-12-08,0.06,tcgplayer
OP07-028,2025-12-15,0.05,tcgplayer
OP07-028,2025-12-22,0.05,tcgplayer
OP07-028,2025-12-29,0.05,tcgplayer
OP07-028,2026-01-05,0.05,tcgplayer
OP07-028,2026-01-12,0.06,tcgplayer
OP07-028,2026-01-19,0.06,tcgplayer
OP07-028,2026-01-26,0.06,tcgplayer
OP07-028,2026-02-02,0.04,tcgplayer
OP07-028,2026-02-09,0.05,tcgplayer
OP07-028,2026-02-16,0.05,tcgplayer
OP07-028,2026-02-23,0.05,tcgplayer
OP07-028,2026-03-02,0.05,tcgplayer
OP07-028,2026-03-09,0.05,tcgplayer
OP07-028,2026-03-16,0.05,tcgplayer
OP07-028,2026-03-23,0.05,tcgplayer
OP07-028,2026-03-30,0.04,tcgplayer
OP07-028,2026-04-06,0.05,tcgplayer
OP07-028,2026-04-13,0.05,tcgplayer
OP07-028,2026-04-20,0.04,tcgplayer
OP07-028,2026-04-27,0.04,tcgplayer
OP07-028,2026-05-04,0.04,tcgplayer
OP07-028,2026-05-11,0.05,tcgplayer
OP07-028,2026-05-18,0.04,tcgplayer
OP07-028,2026-05-25,0.05,tcgplayer
OP07-028,2026-06-01,0.05,tcgplayer
OP07-028,2026-06-08,0.05,tcgplayer
OP07-028,2026-06-15,0.04,tcgplayer
OP07-028,2026-06-22,0.04,tcgplayer
OP07-028,2026-06-29,0.04,tcgplayer
OP07-028,2026-07-06,0.04,tcgplayer
OP07-028,2026-07-13,0.05,tcgplayer
OP07-028,2026-07-20,0.05,tcgplayer
OP07-028,2026-07-27,0.05,tcgplayer
OP07-028,2026-08-03,0.06,tcgplayer
OP07-028,2026-08-10,0.05,tcgplayer
OP07-028,2026-08-17,0.06,tcgplayer
OP07-028,2026-08-24,0.05,tcgplayer
OP07-028,2026-08-31,0.06,tcgplayer
OP07-028,2026-09-05,0.06,limitless
OP07-029,2025-09-08,0.34,tcgplayer
OP07-029,2025-09-15,0.43,tcgplayer
OP07-029,2025-09-22,0.42,tcgplayer
OP07-029,2025-09-29,0.41,tcgplayer
OP07-029,2025-10-06,0.42,tcgplayer
OP07-029,2025-10-13,0.28,tcgplayer
OP07-029,2025-10-20,0.25,tcgplayer
OP07-029,2025-10-27,0.25,tcgplayer
OP07-029,2025-11-03,0.29,tcgplayer
OP07-029,2025-11-10,0.26,tcgplayer
OP07-029,2025-11-17,0.23,tcgplayer
OP07-029,2025-11-24,0.33,tcgplayer
OP07-029,2025-12-01,0.28,tcgplayer
OP07-029,2025-12-08,0.28,tcgplayer
OP07-029,2025-12-15,0.30,tcgplayer
OP07-029,2025-12-22,0.32,tcgplayer
OP07-029,2025-12-29,0.28,tcgplayer
OP07-029,2026-01-05,0.25,tcgplayer
OP07-029,2026-01-12,0.30,tcgplayer
OP07-029,2026-01-19,0.25,tcgplayer
OP07-029,2026-01-26,0.30,tcgplayer
OP07-029,2026-02-02,0.32,tcgplayer
OP07-029,2026-02-09,0.27,tcgplayer
OP07-029,2026-02-16,0.26,tcgplayer
OP07-029,2026-02-23,0.28,tcgplayer
OP07-029,2026-03-02,0.23,tcgplayer
OP07-029,2026-03-09,0.23,tcgplayer
OP07-029,2026-03-16,0.26,tcgplayer
OP07-029,2026-03-23,0.26,tcgplayer
OP07-029,2026-03-30,0.23,tcgplayer
OP07-029,2026-04-06,0.31,tcgplayer
OP07-029,2026-04-13,0.26,tcgplayer
OP07-029,2026-04-20,0.24,tcgplayer
OP07-029,2026-04-27,0.27,tcgplayer
OP07-029,2026-05-04,0.22,tcgplayer
OP07-029,2026-05-11,0.17,tcgplayer
OP07-029,2026-05-18,0.26,tcgplayer
OP07-029,2026-05-25,0.41,tcgplayer
OP07-029,2026-06-01,0.34,tcgplayer
OP07-029,2026-06-08,0.25,tcgplayer
OP07-029,2026-06-15,0.34,tcgplayer
OP07-029,2026-06-22,0.30,tcgplayer
OP07-029,2026-06-29,0.25,tcgplayer
OP07-029,2026-07-06,0.23,tcgplayer
OP07-029,2026-07-13,0.27,tcgplayer
OP07-029,2026-07-20,0.25,tcgplayer
OP07-029,2026-07-27,0.23,tcgplayer
OP07-029,2026-08-03,0.23,tcgplayer
OP07-029,2026-08-10,0.28,tcgplayer
OP07-029,2026-08-17,0.29,tcgplayer
OP07-029,2026-08-24,0.23,tcgplayer
OP07-029,2026-08-31,0.27,tcgplayer
OP07-029,2026-09-05,0.28,limitless
OP07-029p1,2025-09-08,4.06,tcgplayer
OP07-029p1,2025-09-15,4.60,tcgplayer
OP07-029p1,2025-09-22,4.37,tcgplayer
OP07-029p1,2025-09-29,4.05,tcgplayer
OP07-029p1,2025-10-06,3.92,tcgplayer
OP07-029p1,2025-10-13,3.79,tcgplayer
OP07-029p1,2025-10-20,3.62,tcgplayer
OP07-029p1,2025-10-27,3.66,tcgplayer
OP07-029p1,2025-11-03,3.58,tcgplayer
OP07-029p1,2025-11-10,3.46,tcgplayer
OP07-029p1,2025-11-17,2.83,tcgplayer
OP07-029p1,2025-11-24,2.70,tcgplayer
OP07-029p1,2025-12-01,2.70,tcgplayer
OP07-029p1,2025-12-08,3.16,tcgplayer
OP07-029p1,2025-12-15,3.28,tcgplayer
OP07-029p1,2025-12-22,3.19,tcgplayer
OP07-029p1,2025-12-29,3.38,tcgplayer
OP07-029p1,2026-01-05,3.32,tcgplayer
OP07-029p1,2026-01-12,3.58,tcgplayer
OP07-029p1,2026-01-19,3.83,tcgplayer
OP07-029p1,2026-01-26,4.07,tcgplayer
OP07-029p1,2026-02-02,3.92,tcgplayer
OP07-029p1,2026-02-09,3.83,tcgplayer
OP07-029p1,2026-02-16,3.72,tcgplayer
OP07-029p1,2026-02-23,3.62,tcgplayer
OP07-029p1,2026-03-02,3.46,tcgplayer
OP07-029p1,2026-03-09,3.66,tcgplayer
OP07-029p1,2026-03-16,3.59,tcgplayer
OP07-029p1,2026-03-23,3.48,tcgplayer
OP07-029p1,2026-03-30,3.23,tcgplayer
OP07-029p1,2026-04-06,3.23,tcgplayer
OP07-029p1,2026-04-13,3.17,tcgplayer
OP07-029p1,2026-04-20,3.17,tcgplayer
OP07-029p1,2026-04-27,3.06,tcgplayer
OP07-029p1,2026-05-04,3.01,tcgplayer
OP07-029p1,2026-05-11,2.99,tcgplayer
OP07-029p1,2026-05-18,3.07,tcgplayer
OP07-029p1,2026-05-25,3.00,tcgplayer
OP07-029p1,2026-06-01,3.03,tcgplayer
OP07-029p1,2026-06-08,3.07,tcgplayer
OP07-029p1,2026-06-15,3.20,tcgplayer
OP07-029p1,2026-06-22,3.31,tcgplayer
OP07-029p1,2026-06-29,3.33,tcgplayer
OP07-029p1,2026-07-06,3.14,tcgplayer
OP07-029p1,2026-07-13,3.18,tcgplayer
OP07-029p1,2026-07-20,3.11,tcgplayer
OP07-029p1,2026-07-27,2.92,tcgplayer
OP07-029p1,2026-08-03,2.87,tcgplayer
OP07-029p1,2026-08-10,2.88,tcgplayer
OP07-029p1,2026-08-17,2.96,tcgplayer
OP07-029p1,2026-08-24,2.84,tcgplayer
OP07-029p1,2026-08-31,2.66,tcgplayer
OP07-029p1,2026-09-05,2.74,limitless
OP07-030,2025-09-08,0.05,tcgplayer
OP07-030,2025-09-15,0.06,tcgplayer
OP07-030,2025-09-22,0.06,tcgplayer
OP07-030,2025-09-29,0.06,tcgplayer
OP07-030,2025-10-06,0.05,tcgplayer
OP07-030,2025-10-13,0.05,tcgplayer
OP07-030,2025-10-20,0.05,tcgplayer
OP07-030,2025-10-27,0.04,tcgplayer
OP07-030,2025-11-03,0.04,tcgplayer
OP07-030,2025-11-10,0.04,tcgplayer
OP07-030,2025-11-17,0.03,tcgplayer
OP07-030,2025-11-24,0.03,tcgplayer
OP07-030,2025-12-01,0.03,tcgplayer
OP07-030,2025-12-08,0.04,tcgplayer
OP07-030,2025-12-15,0.04,tcgplayer
OP07-030,2025-12-22,0.04,tcgplayer
OP07-030,2025-12-29,0.04,tcgplayer
OP07-030,2026-01-05,0.04,tcgplayer
OP07-030,2026-01-12,0.05,tcgplayer
OP07-030,2026-01-19,0.05,tcgplayer
OP07-030,2026-01-26,0.06,tcgplayer
OP07-030,2026-02-02,0.05,tcgplayer
OP07-030,2026-02-09,0.06,tcgplayer
OP07-030,2026-02-16,0.06,tcgplayer
OP07-030,2026-02-23,0.05,tcgplayer
OP07-030,2026-03-02,0.06,tcgplayer
OP07-030,2026-03-09,0.06,tcgplayer
OP07-030,2026-03-16,0.04,tcgplayer
OP07-030,2026-03-23,0.04,tcgplayer
OP07-030,2026-03-30,0.04,tcgplayer
OP07-030,2026-04-06,0.03,tcgplayer
OP07-030,2026-04-13,0.04,tcgplayer
OP07-030,2026-04-20,0.04,tcgplayer
OP07-030,2026-04-27,0.04,tcgplayer
OP07-030,2026-05-04,0.04,tcgplayer
OP07-030,2026-05-11,0.04,tcgplayer
OP07-030,2026-05-18,0.04,tcgplayer
OP07-030,2026-05-25,0.03,tcgplayer
OP07-030,2026-06-01,0.04,tcgplayer
OP07-030,2026-06-08,0.03,tcgplayer
OP07-030,2026-06-15,0.04,tcgplayer
OP07-030,2026-06-22,0.05,tcgplayer
OP07-030,2026-06-29,0.05,tcgplayer
OP07-030,2026-07-06,0.05,tcgplayer
OP07-030,2026-07-13,0.05,tcgplayer
OP07-030,2026-07-20,0.05,tcgplayer
OP07-030,2026-07-27,0.06,tcgplayer
OP07-030,2026-08-03,0.07,tcgplayer
OP07-030,2026-08-10,0.06,tcgplayer
OP07-030,2026-08-17,0.08,tcgplayer
OP07-030,2026-08-24,0.08,tcgplayer
OP07-030,2026-08-31,0.08,tcgplayer
OP07-030,2026-09-05,0.08,limitless
OP07-031,2025-09-08,0.14,tcgplayer
OP07-031,2025-09-15,0.17,tcgplayer
OP07-031,2025-09-22,0.17,tcgplayer
OP07-031,2025-09-29,0.17,tcgplayer
OP07-031,2025-10-06,0.14,tcgplayer
OP07-031,2025-10-13,0.13,tcgplayer
OP07-031,2025-10-20,0.10,tcgplayer
OP07-031,2025-10-27,0.11,tcgplayer
OP07-031,2025-11-03,0.12,tcgplayer
OP07-031,2025-11-10,0.11,tcgplayer
OP07-031,2025-11-17,0.11,tcgplayer
OP07-031,2025-11-24,0.10,tcgplayer
OP07-031,2025-12-01,0.10,tcgplayer
OP07-031,2025-12-08,0.10,tcgplayer
OP07-031,2025-12-15,0.10,tcgplayer
OP07-031,2025-12-22,0.10,tcgplayer
OP07-031,2025-12-29,0.10,tcgplayer
OP07-031,2026-01-05,0.07,tcgplayer
OP07-031,2026-01-12,0.08,tcgplayer
OP07-031,2026-01-19,0.09,tcgplayer
OP07-031,2026-01-26,0.11,tcgplayer
OP07-031,2026-02-02,0.10,tcgplayer
OP07-031,2026-02-09,0.13,tcgplayer
OP07-031,2026-02-16,0.11,tcgplayer
OP07-031,2026-02-23,0.11,tcgplayer
OP07-031,2026-03-02,0.12,tcgplayer
OP07-031,2026-03-09,0.14,tcgplayer
OP07-031,2026-03-16,0.14,tcgplayer
OP07-031,2026-03-23,0.12,tcgplayer
OP07-031,2026-03-30,0.12,tcgplayer
OP07-031,2026-04-06,0.10,tcgplayer
OP07-031,2026-04-13,0.10,tcgplayer
OP07-031,2026-04-20,0.09,tcgplayer
OP07-031,2026-04-27,0.09,tcgplayer
OP07-031,2026-05-04,0.08,tcgplayer
OP07-031,2026-05-11,0.08,tcgplayer
OP07-031,2026-05-18,0.09,tcgplayer
OP07-031,2026-05-25,0.09,tcgplayer
OP07-031,2026-06-01,0.08,tcgplayer
OP07-031,2026-06-08,0.08,tcgplayer
OP07-031,2026-06-15,0.08,tcgplayer
OP07-031,2026-06-22,0.08,tcgplayer
OP07-031,2026-06-29,0.08,tcgplayer
OP07-031,2026-07-06,0.07,tcgplayer
OP07-031,2026-07-13,0.06,tcgplayer
OP07-031,2026-07-20,0.07,tcgplayer
OP07-031,2026-07-27,0.07,tcgplayer
OP07-031,2026-08-03,0.08,tcgplayer
OP07-031,2026-08-10,0.09,tcgplayer
OP07-031,2026-08-17,0.09,tcgplayer
OP07-031,2026-08-24,0.09,tcgplayer
OP07-031,2026-08-31,0.08,tcgplayer
OP07-031,2026-09-05,0.08,limitless
OP07-032,2025-09-08,0.11,tcgplayer
OP07-032,2025-09-15,0.15,tcgplayer
OP07-032,2025-09-22,0.15,tcgplayer
OP07-032,2025-09-29,0.15,tcgplayer
OP07-032,2025-10-06,0.12,tcgplayer
OP07-032,2025-10-13,0.16,tcgplayer
OP07-032,2025-10-20,0.16,tcgplayer
OP07-032,2025-10-27,0.17,tcgplayer
OP07-032,2025-11-03,0.13,tcgplayer
OP07-032,2025-11-10,0.11,tcgplayer
OP07-032,2025-11-17,0.12,tcgplayer
OP07-032,2025-11-24,0.09,tcgplayer
OP07-032,2025-12-01,0.09,tcgplayer
OP07-032,2025-12-08,0.09,tcgplayer
OP07-032,2025-12-15,0.10,tcgplayer
OP07-032,2025-12-22,0.11,tcgplayer
OP07-032,2025-12-29,0.11,tcgplayer
OP07-032,2026-01-05,0.11,tcgplayer
OP07-032,2026-01-12,0.10,tcgplayer
OP07-032,2026-01-19,0.15,tcgplayer
OP07-032,2026-01-26,0.15,tcgplayer
OP07-032,2026-02-02,0.11,tcgplayer
OP07-032,2026-02-09,0.12,tcgplayer
OP07-032,2026-02-16,0.10,tcgplayer
OP07-032,2026-02-23,0.09,tcgplayer
OP07-032,2026-03-02,0.12,tcgplayer
OP07-032,2026-03-09,0.11,tcgplayer
OP07-032,2026-03-16,0.07,tcgplayer
OP07-032,2026-03-23,0.07,tcgplayer
OP07-032,2026-03-30,0.07,tcgplayer
OP07-032,2026-04-06,0.10,tcgplayer
OP07-032,2026-04-13,0.10,tcgplayer
OP07-032,2026-04-20,0.10,tcgplayer
OP07-032,2026-04-27,0.09,tcgplayer
OP07-032,2026-05-04,0.10,tcgplayer
OP07-032,2026-05-11,0.12,tcgplayer
OP07-032,2026-05-18,0.13,tcgplayer
OP07-032,2026-05-25,0.11,tcgplayer
OP07-032,2026-06-01,0.11,tcgplayer
OP07-032,2026-06-08,0.12,tcgplayer
OP07-032,2026-06-15,0.12,tcgplayer
OP07-032,2026-06-22,0.12,tcgplayer
OP07-032,2026-06-29,0.14,tcgplayer
OP07-032,2026-07-06,0.13,tcgplayer
OP07-032,2026-07-13,0.13,tcgplayer
OP07-032,2026-07-20,0.13,tcgplayer
OP07-032,2026-07-27,0.12,tcgplayer
OP07-032,2026-08-03,0.11,tcgplayer
OP07-032,2026-08-10,0.11,tcgplayer
OP07-032,2026-08-17,0.12,tcgplayer
OP07-032,2026-08-24,0.12,tcgplayer
OP07-032,2026-08-31,0.14,tcgplayer
OP07-032,2026-09-05,0.13,limitless
OP07-033,2025-09-08,0.12,tcgplayer
OP07-033,2025-09-15,0.14,tcgplayer
OP07-033,2025-09-22,0.14,tcgplayer
OP07-033,2025-09-29,0.12,tcgplayer
OP07-033,2025-10-06,0.10,tcgplayer
OP07-033,2025-10-13,0.11,tcgplayer
OP07-033,2025-10-20,0.08,tcgplayer
OP07-033,2025-10-27,0.07,tcgplayer
OP07-033,2025-11-03,0.08,tcgplayer
OP07-033,2025-11-10,0.08,tcgplayer
OP07-033,2025-11-17,0.09,tcgplayer
OP07-033,2025-11-24,0.08,tcgplayer
OP07-033,2025-12-01,0.08,tcgplayer
OP07-033,2025-12-08,0.08,tcgplayer
OP07-033,2025-12-15,0.08,tcgplayer
OP07-033,2025-12-22,0.09,tcgplayer
OP07-033,2025-12-29,0.12,tcgplayer
OP07-033,2026-01-05,0.12,tcgplayer
OP07-033,2026-01-12,0.12,tcgplayer
OP07-033,2026-01-19,0.14,tcgplayer
OP07-033,2026-01-26,0.14,tcgplayer
OP07-033,2026-02-02,0.15,tcgplayer
OP07-033,2026-02-09,0.17,tcgplayer
OP07-033,2026-02-16,0.16,tcgplayer
OP07-033,2026-02-23,0.14,tcgplayer
OP07-033,2026-03-02,0.13,tcgplayer
OP07-033,2026-03-09,0.15,tcgplayer
OP07-033,2026-03-16,0.14,tcgplayer
OP07-033,2026-03-23,0.14,tcgplayer
OP07-033,2026-03-30,0.11,tcgplayer
OP07-033,2026-04-06,0.11,tcgplayer
OP07-033,2026-04-13,0.10,tcgplayer
OP07-033,2026-04-20,0.10,tcgplayer
OP07-033,2026-04-27,0.13,tcgplayer
OP07-033,2026-05-04,0.22,tcgplayer
OP07-033,2026-05-11,0.21,tcgplayer
OP07-033,2026-05-18,0.25,tcgplayer
OP07-033,2026-05-25,0.19,tcgplayer
OP07-033,2026-06-01,0.15,tcgplayer
OP07-033,2026-06-08,0.16,tcgplayer
OP07-033,2026-06-15,0.25,tcgplayer
OP07-033,2026-06-22,0.15,tcgplayer
OP07-033,2026-06-29,0.14,tcgplayer
OP07-033,2026-07-06,0.11,tcgplayer
OP07-033,2026-07-13,0.11,tcgplayer
OP07-033,2026-07-20,0.18,tcgplayer
OP07-033,2026-07-27,0.19,tcgplayer
OP07-033,2026-08-03,0.16,tcgplayer
OP07-033,2026-08-10,0.13,tcgplayer
OP07-033,2026-08-17,0.14,tcgplayer
OP07-033,2026-08-24,0.12,tcgplayer
OP07-033,2026-08-31,0.13,tcgplayer
OP07-033,2026-09-05,0.13,limitless
OP07-034,2025-09-08,0.08,tcgplayer
OP07-034,2025-09-15,0.09,tcgplayer
OP07-034,2025-09-22,0.10,tcgplayer
OP07-034,2025-09-29,0.10,tcgplayer
OP07-034,2025-10-06,0.09,tcgplayer
OP07-034,2025-10-13,0.09,tcgplayer
OP07-034,2025-10-20,0.09,tcgplayer
OP07-034,2025-10-27,0.09,tcgplayer
OP07-034,2025-11-03,0.10,tcgplayer
OP07-034,2025-11-10,0.09,tcgplayer
OP07-034,2025-11-17,0.10,tcgplayer
OP07-034,2025-11-24,0.10,tcgplayer
OP07-034,2025-12-01,0.11,tcgplayer
OP07-034,2025-12-08,0.11,tcgplayer
OP07-034,2025-12-15,0.10,tcgplayer
OP07-034,2025-12-22,0.12,tcgplayer
OP07-034,2025-12-29,0.11,tcgplayer
OP07-034,2026-01-05,0.10,tcgplayer
OP07-034,2026-01-12,0.08,tcgplayer
OP07-034,2026-01-19,0.09,tcgplayer
OP07-034,2026-01-26,0.08,tcgplayer
OP07-034,2026-02-02,0.08,tcgplayer
OP07-034,2026-02-09,0.09,tcgplayer
OP07-034,2026-02-16,0.11,tcgplayer
OP07-034,2026-02-23,0.13,tcgplayer
OP07-034,2026-03-02,0.11,tcgplayer
OP07-034,2026-03-09,0.11,tcgplayer
OP07-034,2026-03-16,0.11,tcgplayer
OP07-034,2026-03-23,0.16,tcgplayer
OP07-034,2026-03-30,0.18,tcgplayer
OP07-034,2026-04-06,0.13,tcgplayer
OP07-034,2026-04-13,0.13,tcgplayer
OP07-034,2026-04-20,0.13,tcgplayer
OP07-034,2026-04-27,0.11,tcgplayer
OP07-034,2026-05-04,0.09,tcgplayer
OP07-034,2026-05-11,0.08,tcgplayer
OP07-034,2026-05-18,0.10,tcgplayer
OP07-034,2026-05-25,0.11,tcgplayer
OP07-034,2026-06-01,0.10,tcgplayer
OP07-034,2026-06-08,0.10,tcgplayer
OP07-034,2026-06-15,0.10,tcgplayer
OP07-034,2026-06-22,0.10,tcgplayer
OP07-034,2026-06-29,0.10,tcgplayer
OP07-034,2026-07-06,0.10,tcgplayer
OP07-034,2026-07-13,0.10,tcgplayer
OP07-034,2026-07-20,0.12,tcgplayer
OP07-034,2026-07-27,0.13,tcgplayer
OP07-034,2026-08-03,0.12,tcgplayer
OP07-034,2026-08-10,0.15,tcgplayer
OP07-034,2026-08-17,0.14,tcgplayer
OP07-034,2026-08-24,0.12,tcgplayer
OP07-034,2026-08-31,0.13,tcgplayer
OP07-034,2026-09-05,0.13,limitless
OP07-035,2025-09-08,0.05,tcgplayer
OP07-035,2025-09-15,0.05,tcgplayer
OP07-035,2025-09-22,0.05,tcgplayer
OP07-035,2025-09-29,0.05,tcgplayer
OP07-035,2025-10-06,0.04,tcgplayer
OP07-035,2025-10-13,0.04,tcgplayer
OP07-035,2025-10-20,0.04,tcgplayer
OP07-035,2025-10-27,0.03,tcgplayer
OP07-035,2025-11-03,0.04,tcgplayer
OP07-035,2025-11-10,0.03,tcgplayer
OP07-035,2025-11-17,0.03,tcgplayer
OP07-035,2025-11-24,0.03,tcgplayer
OP07-035,2025-12-01,0.11,tcgplayer
OP07-035,2025-12-08,0.10,tcgplayer
OP07-035,2025-12-15,0.09,tcgplayer
OP07-035,2025-12-22,0.09,tcgplayer
OP07-035,2025-12-29,0.05,tcgplayer
OP07-035,2026-01-05,0.05,tcgplayer
OP07-035,2026-01-12,0.07,tcgplayer
OP07-035,2026-01-19,0.04,tcgplayer
OP07-035,2026-01-26,0.06,tcgplayer
OP07-035,2026-02-02,0.10,tcgplayer
OP07-035,2026-02-09,0.06,tcgplayer
OP07-035,2026-02-16,0.07,tcgplayer
OP07-035,2026-02-23,0.10,tcgplayer
OP07-035,2026-03-02,0.10,tcgplayer
OP07-035,2026-03-09,0.07,tcgplayer
OP07-035,2026-03-16,0.08,tcgplayer
OP07-035,2026-03-23,0.08,tcgplayer
OP07-035,2026-03-30,0.08,tcgplayer
OP07-035,2026-04-06,0.10,tcgplayer
OP07-035,2026-04-13,0.09,tcgplayer
OP07-035,2026-04-20,0.09,tcgplayer
OP07-035,2026-04-27,0.09,tcgplayer
OP07-035,2026-05-04,0.11,tcgplayer
OP07-035,2026-05-11,0.10,tcgplayer
OP07-035,2026-05-18,0.10,tcgplayer
OP07-035,2026-05-25,0.09,tcgplayer
OP07-035,2026-06-01,0.08,tcgplayer
OP07-035,2026-06-08,0.07,tcgplayer
OP07-035,2026-06-15,0.07,tcgplayer
OP07-035,2026-06-22,0.07,tcgplayer
OP07-035,2026-06-29,0.07,tcgplayer
OP07-035,2026-07-06,0.07,tcgplayer
OP07-035,2026-07-13,0.07,tcgplayer
OP07-035,2026-07-20,0.08,tcgplayer
OP07-035,2026-07-27,0.07,tcgplayer
OP07-035,2026-08-03,0.08,tcgplayer
OP07-035,2026-08-10,0.08,tcgplayer
OP07-035,2026-08-17,0.08,tcgplayer
OP07-035,2026-08-24,0.09,tcgplayer
OP07-035,2026-08-31,0.08,tcgplayer
OP07-035,2026-09-05,0.08,limitless
OP07-036,2025-09-08,0.27,tcgplayer
OP07-036,2025-09-15,0.28,tcgplayer
OP07-036,2025-09-22,0.28,tcgplayer
OP07-036,2025-09-29,0.27,tcgplayer
OP07-036,2025-10-06,0.24,tcgplayer
OP07-036,2025-10-13,0.21,tcgplayer
OP07-036,2025-10-20,0.21,tcgplayer
OP07-036,2025-10-27,0.28,tcgplayer
OP07-036,2025-11-03,0.26,tcgplayer
OP07-036,2025-11-10,0.28,tcgplayer
OP07-036,2025-11-17,0.29,tcgplayer
OP07-036,2025-11-24,0.29,tcgplayer
OP07-036,2025-12-01,0.26,tcgplayer
OP07-036,2025-12-08,0.21,tcgplayer
OP07-036,2025-12-15,0.21,tcgplayer
OP07-036,2025-12-22,0.23,tcgplayer
OP07-036,2025-12-29,0.21,tcgplayer
OP07-036,2026-01-05,0.20,tcgplayer
OP07-036,2026-01-12,0.20,tcgplayer
OP07-036,2026-01-19,0.15,tcgplayer
OP07-036,2026-01-26,0.22,tcgplayer
OP07-036,2026-02-02,0.29,tcgplayer
OP07-036,2026-02-09,0.24,tcgplayer
OP07-036,2026-02-16,0.20,tcgplayer
OP07-036,2026-02-23,0.20,tcgplayer
OP07-036,2026-03-02,0.23,tcgplayer
OP07-036,2026-03-09,0.22,tcgplayer
OP07-036,2026-03-16,0.20,tcgplayer
OP07-036,2026-03-23,0.22,tcgplayer
OP07-036,2026-03-30,0.24,tcgplayer
OP07-036,2026-04-06,0.24,tcgplayer
OP07-036,2026-04-13,0.24,tcgplayer
OP07-036,2026-04-20,0.25,tcgplayer
OP07-036,2026-04-27,0.24,tcgplayer
OP07-036,2026-05-04,0.18,tcgplayer
OP07-036,2026-05-11,0.14,tcgplayer
OP07-036,2026-05-18,0.17,tcgplayer
OP07-036,2026-05-25,0.19,tcgplayer
OP07-036,2026-06-01,0.20,tcgplayer
OP07-036,2026-06-08,0.25,tcgplayer
OP07-036,2026-06-15,0.23,tcgplayer
OP07-036,2026-06-22,0.22,tcgplayer
OP07-036,2026-06-29,0.21,tcgplayer
OP07-036,2026-07-06,0.20,tcgplayer
OP07-036,2026-07-13,0.22,tcgplayer
OP07-036,2026-07-20,0.23,tcgplayer
OP07-036,2026-07-27,0.30,tcgplayer
OP07-036,2026-08-03,0.32,tcgplayer
OP07-036,2026-08-10,0.26,tcgplayer
OP07-036,2026-08-17,0.27,tcgplayer
OP07-036,2026-08-24,0.24,tcgplayer
OP07-036,2026-08-31,0.22,tcgplayer
OP07-036,2026-09-05,0.22,limitless
OP07-037,2025-09-08,0.08,tcgplayer
OP07-037,2025-09-15,0.07,tcgplayer
OP07-037,2025-09-22,0.07,tcgplayer
OP07-037,2025-09-29,0.07,tcgplayer
OP07-037,2025-10-06,0.07,tcgplayer
OP07-037,2025-10-13,0.06,tcgplayer
OP07-037,2025-10-20,0.05,tcgplayer
OP07-037,2025-10-27,0.05,tcgplayer
OP07-037,2025-11-03,0.05,tcgplayer
OP07-037,2025-11-10,0.06,tcgplayer
OP07-037,2025-11-17,0.06,tcgplayer
OP07-037,2025-11-24,0.07,tcgplayer
OP07-037,2025-12-01,0.06,tcgplayer
OP07-037,2025-12-08,0.09,tcgplayer
OP07-037,2025-12-15,0.08,tcgplayer
OP07-037,2025-12-22,0.07,tcgplayer
OP07-037,2025-12-29,0.08,tcgplayer
OP07-037,2026-01-05,0.08,tcgplayer
OP07-037,2026-01-12,0.08,tcgplayer
OP07-037,2026-01-19,0.06,tcgplayer
OP07-037,2026-01-26,0.06,tcgplayer
OP07-037,2026-02-02,0.08,tcgplayer
OP07-037,2026-02-09,0.08,tcgplayer
OP07-037,2026-02-16,0.08,tcgplayer
OP07-037,2026-02-23,0.09,tcgplayer
OP07-037,2026-03-02,0.08,tcgplayer
OP07-037,2026-03-09,0.08,tcgplayer
OP07-037,2026-03-16,0.07,tcgplayer
OP07-037,2026-03-23,0.10,tcgplayer
OP07-037,2026-03-30,0.11,tcgplayer
OP07-037,2026-04-06,0.11,tcgplayer
OP07-037,2026-04-13,0.11,tcgplayer
OP07-037,2026-04-20,0.09,tcgplayer
OP07-037,2026-04-27,0.08,tcgplayer
OP07-037,2026-05-04,0.09,tcgplayer
OP07-037,2026-05-11,0.09,tcgplayer
OP07-037,2026-05-18,0.09,tcgplayer
OP07-037,2026-05-25,0.10,tcgplayer
OP07-037,2026-06-01,0.10,tcgplayer
OP07-037,2026-06-08,0.10,tcgplayer
OP07-037,2026-06-15,0.07,tcgplayer
OP07-037,2026-06-22,0.06,tcgplayer
OP07-037,2026-06-29,0.07,tcgplayer
OP07-037,2026-07-06,0.06,tcgplayer
OP07-037,2026-07-13,0.07,tcgplayer
OP07-037,2026-07-20,0.07,tcgplayer
OP07-037,2026-07-27,0.08,tcgplayer
OP07-037,2026-08-03,0.09,tcgplayer
OP07-037,2026-08-10,0.09,tcgplayer
OP07-037,2026-08-17,0.09,tcgplayer
OP07-037,2026-08-24,0.10,tcgplayer
OP07-037,2026-08-31,0.10,tcgplayer
OP07-037,2026-09-05,0.10,limitless
OP07-038,2025-09-08,0.16,tcgplayer
OP07-038,2025-09-15,0.18,tcgplayer
OP07-038,2025-09-22,0.16,tcgplayer
OP07-038,2025-09-29,0.15,tcgplayer
OP07-038,2025-10-06,0.19,tcgplayer
OP07-038,2025-10-13,0.18,tcgplayer
OP07-038,2025-10-20,0.18,tcgplayer
OP07-038,2025-10-27,0.14,tcgplayer
OP07-038,2025-11-03,0.13,tcgplayer
OP07-038,2025-11-10,0.18,tcgplayer
OP07-038,2025-11-17,0.19,tcgplayer
OP07-038,2025-11-24,0.15,tcgplayer
OP07-038,2025-12-01,0.13,tcgplayer
OP07-038,2025-12-08,0.16,tcgplayer
OP07-038,2025-12-15,0.23,tcgplayer
OP07-038,2025-12-22,0.18,tcgplayer
OP07-038,2025-12-29,0.19,tcgplayer
OP07-038,2026-01-05,0.20,tcgplayer
OP07-038,2026-01-12,0.30,tcgplayer
OP07-038,2026-01-19,0.24,tcgplayer
OP07-038,2026-01-26,0.24,tcgplayer
OP07-038,2026-02-02,0.22,tcgplayer
OP07-038,2026-02-09,0.20,tcgplayer
OP07-038,2026-02-16,0.24,tcgplayer
OP07-038,2026-02-23,0.21,tcgplayer
OP07-038,2026-03-02,0.23,tcgplayer
OP07-038,2026-03-09,0.19,tcgplayer
OP07-038,2026-03-16,0.26,tcgplayer
OP07-038,2026-03-23,0.21,tcgplayer
OP07-038,2026-03-30,0.24,tcgplayer
OP07-038,2026-04-06,0.22,tcgplayer
OP07-038,2026-04-13,0.28,tcgplayer
OP07-038,2026-04-20,0.20,tcgplayer
OP07-038,2026-04-27,0.21,tcgplayer
OP07-038,2026-05-04,0.23,tcgplayer
OP07-038,2026-05-11,0.26,tcgplayer
OP07-038,2026-05-18,0.23,tcgplayer
OP07-038,2026-05-25,0.24,tcgplayer
OP07-038,2026-06-01,0.24,tcgplayer
OP07-038,2026-06-08,0.19,tcgplayer
OP07-038,2026-06-15,0.20,tcgplayer
OP07-038,2026-06-22,0.25,tcgplayer
OP07-038,2026-06-29,0.25,tcgplayer
OP07-038,2026-07-06,0.26,tcgplayer
OP07-038,2026-07-13,0.25,tcgplayer
OP07-038,2026-07-20,0.26,tcgplayer
OP07-038,2026-07-27,0.25,tcgplayer
OP07-038,2026-08-03,0.20,tcgplayer
OP07-038,2026-08-10,0.21,tcgplayer
OP07-038,2026-08-17,0.26,tcgplayer
OP07-038,2026-08-24,0.27,tcgplayer
OP07-038,2026-08-31,0.28,tcgplayer
OP07-038,2026-09-05,0.28,limitless
OP07-038p1,2025-09-08,40.34,tcgplayer
OP07-038p1,2025-09-15,40.33,tcgplayer
OP07-038p1,2025-09-22,40.41,tcgplayer
OP07-038p1,2025-09-29,44.15,tcgplayer
OP07-038p1,2025-10-06,47.10,tcgplayer
OP07-038p1,2025-10-13,55.26,tcgplayer
OP07-038p1,2025-10-20,63.31,tcgplayer
OP07-038p1,2025-10-27,71.15,tcgplayer
OP07-038p1,2025-11-03,72.35,tcgplayer
OP07-038p1,2025-11-10,71.95,tcgplayer
OP07-038p1,2025-11-17,68.68,tcgplayer
OP07-038p1,2025-11-24,66.91,tcgplayer
OP07-038p1,2025-12-01,106.67,tcgplayer
OP07-038p1,2025-12-08,112.87,tcgplayer
OP07-038p1,2025-12-15,129.24,tcgplayer
OP07-038p1,2025-12-22,100.74,tcgplayer
OP07-038p1,2025-12-29,95.31,tcgplayer
OP07-038p1,2026-01-05,99.78,tcgplayer
OP07-038p1,2026-01-12,114.70,tcgplayer
OP07-038p1,2026-01-19,117.20,tcgplayer
OP07-038p1,2026-01-26,119.13,tcgplayer
OP07-038p1,2026-02-02,118.95,tcgplayer
OP07-038p1,2026-02-09,117.32,tcgplayer
OP07-038p1,2026-02-16,113.46,tcgplayer
OP07-038p1,2026-02-23,105.28,tcgplayer
OP07-038p1,2026-03-02,99.65,tcgplayer
OP07-038p1,2026-03-09,96.55,tcgplayer
OP07-038p1,2026-03-16,92.60,tcgplayer
OP07-038p1,2026-03-23,89.65,tcgplayer
OP07-038p1,2026-03-30,88.44,tcgplayer
OP07-038p1,2026-04-06,87.00,tcgplayer
OP07-038p1,2026-04-13,86.52,tcgplayer
OP07-038p1,2026-04-20,84.73,tcgplayer
OP07-038p1,2026-04-27,81.99,tcgplayer
OP07-038p1,2026-05-04,85.66,tcgplayer
OP07-038p1,2026-05-11,90.02,tcgplayer
OP07-038p1,2026-05-18,92.52,tcgplayer
OP07-038p1,2026-05-25,98.17,tcgplayer
OP07-038p1,2026-06-01,98.71,tcgplayer
OP07-038p1,2026-06-08,109.36,tcgplayer
OP07-038p1,2026-06-15,115.89,tcgplayer
OP07-038p1,2026-06-22,121.39,tcgplayer
OP07-038p1,2026-06-29,129.34,tcgplayer
OP07-038p1,2026-07-06,127.80,tcgplayer
OP07-038p1,2026-07-13,127.85,tcgplayer
OP07-038p1,2026-07-20,122.33,tcgplayer
OP07-038p1,2026-07-27,122.81,tcgplayer
OP07-038p1,2026-08-03,120.63,tcgplayer
OP07-038p1,2026-08-10,120.63,tcgplayer
OP07-038p1,2026-08-17,116.37,tcgplayer
OP07-038p1,2026-08-24,113.60,tcgplayer
OP07-038p1,2026-08-31,113.12,tcgplayer
OP07-038p1,2026-09-05,113.12,limitless
OP07-039,2025-09-08,0.07,tcgplayer
OP07-039,2025-09-15,0.07,tcgplayer
OP07-039,2025-09-22,0.07,tcgplayer
OP07-039,2025-09-29,0.08,tcgplayer
OP07-039,2025-10-06,0.08,tcgplayer
OP07-039,2025-10-13,0.08,tcgplayer
OP07-039,2025-10-20,0.07,tcgplayer
OP07-039,2025-10-27,0.07,tcgplayer
OP07-039,2025-11-03,0.07,tcgplayer
OP07-039,2025-11-10,0.06,tcgplayer
OP07-039,2025-11-17,0.06,tcgplayer
OP07-039,2025-11-24,0.06,tcgplayer
OP07-039,2025-12-01,0.05,tcgplayer
OP07-039,2025-12-08,0.04,tcgplayer
OP07-039,2025-12-15,0.04,tcgplayer
OP07-039,2025-12-22,0.04,tcgplayer
OP07-039,2025-12-29,0.04,tcgplayer
OP07-039,2026-01-05,0.05,tcgplayer
OP07-039,2026-01-12,0.05,tcgplayer
OP07-039,2026-01-19,0.05,tcgplayer
OP07-039,2026-01-26,0.05,tcgplayer
OP07-039,2026-02-02,0.04,tcgplayer
OP07-039,2026-02-09,0.05,tcgplayer
OP07-039,2026-02-16,0.05,tcgplayer
OP07-039,2026-02-23,0.05,tcgplayer
OP07-039,2026-03-02,0.05,tcgplayer
OP07-039,2026-03-09,0.05,tcgplayer
OP07-039,2026-03-16,0.05,tcgplayer
OP07-039,2026-03-23,0.05,tcgplayer
OP07-039,2026-03-30,0.05,tcgplayer
OP07-039,2026-04-06,0.05,tcgplayer
OP07-039,2026-04-13,0.04,tcgplayer
OP07-039,2026-04-20,0.06,tcgplayer
OP07-039,2026-04-27,0.06,tcgplayer
OP07-039,2026-05-04,0.06,tcgplayer
OP07-039,2026-05-11,0.06,tcgplayer
OP07-039,2026-05-18,0.06,tcgplayer
OP07-039,2026-05-25,0.06,tcgplayer
OP07-039,2026-06-01,0.06,tcgplayer
OP07-039,2026-06-08,0.06,tcgplayer
OP07-039,2026-06-15,0.05,tcgplayer
OP07-039,2026-06-22,0.05,tcgplayer
OP07-039,2026-06-29,0.06,tcgplayer
OP07-039,2026-07-06,0.05,tcgplayer
OP07-039,2026-07-13,0.05,tcgplayer
OP07-039,2026-07-20,0.05,tcgplayer
OP07-039,2026-07-27,0.04,tcgplayer
OP07-039,2026-08-03,0.04,tcgplayer
OP07-039,2026-08-10,0.04,tcgplayer
OP07-039,2026-08-17,0.04,tcgplayer
OP07-039,2026-08-24,0.04,tcgplayer
OP07-039,2026-08-31,0.06,tcgplayer
OP07-039,2026-09-05,0.06,limitless
OP07-040,2025-09-08,0.28,tcgplayer
OP07-040,2025-09-15,0.22,tcgplayer
OP07-040,2025-09-22,0.23,tcgplayer
OP07-040,2025-09-29,0.18,tcgplayer
OP07-040,2025-10-06,0.16,tcgplayer
OP07-040,2025-10-13,0.15,tcgplayer
OP07-040,2025-10-20,0.15,tcgplayer
OP07-040,2025-10-27,0.12,tcgplayer
OP07-040,2025-11-03,0.11,tcgplayer
OP07-040,2025-11-10,0.10,tcgplayer
OP07-040,2025-11-17,0.08,tcgplayer
OP07-040,2025-11-24,0.09,tcgplayer
OP07-040,2025-12-01,0.09,tcgplayer
OP07-040,2025-12-08,0.11,tcgplayer
OP07-040,2025-12-15,0.11,tcgplayer
OP07-040,2025-12-22,0.11,tcgplayer
OP07-040,2025-12-29,0.11,tcgplayer
OP07-040,2026-01-05,0.10,tcgplayer
OP07-040,2026-01-12,0.09,tcgplayer
OP07-040,2026-01-19,0.08,tcgplayer
OP07-040,2026-01-26,0.08,tcgplayer
OP07-040,2026-02-02,0.10,tcgplayer
OP07-040,2026-02-09,0.11,tcgplayer
OP07-040,2026-02-16,0.11,tcgplayer
OP07-040,2026-02-23,0.13,tcgplayer
OP07-040,2026-03-02,0.13,tcgplayer
OP07-040,2026-03-09,0.17,tcgplayer
OP07-040,2026-03-16,0.19,tcgplayer
OP07-040,2026-03-23,0.17,tcgplayer
OP07-040,2026-03-30,0.16,tcgplayer
OP07-040,2026-04-06,0.13,tcgplayer
OP07-040,2026-04-13,0.12,tcgplayer
OP07-040,2026-04-20,0.12,tcgplayer
OP07-040,2026-04-27,0.12,tcgplayer
OP07-040,2026-05-04,0.14,tcgplayer
OP07-040,2026-05-11,0.14,tcgplayer
OP07-040,2026-05-18,0.12,tcgplayer
OP07-040,2026-05-25,0.13,tcgplayer
OP07-040,2026-06-01,0.13,tcgplayer
OP07-040,2026-06-08,0.16,tcgplayer
OP07-040,2026-06-15,0.15,tcgplayer
OP07-040,2026-06-22,0.12,tcgplayer
OP07-040,2026-06-29,0.11,tcgplayer
OP07-040,2026-07-06,0.11,tcgplayer
OP07-040,2026-07-13,0.10,tcgplayer
OP07-040,2026-07-20,0.11,tcgplayer
OP07-040,2026-07-27,0.10,tcgplayer
OP07-040,2026-08-03,0.10,tcgplayer
OP07-040,2026-08-10,0.10,tcgplayer
OP07-040,2026-08-17,0.11,tcgplayer
OP07-040,2026-08-24,0.10,tcgplayer
OP07-040,2026-08-31,0.16,tcgplayer
OP07-040,2026-09-05,0.16,limitless
OP07-041,2025-09-08,0.11,tcgplayer
OP07-041,2025-09-15,0.11,tcgplayer
OP07-041,2025-09-22,0.11,tcgplayer
OP07-041,2025-09-29,0.12,tcgplayer
OP07-041,2025-10-06,0.09,tcgplayer
OP07-041,2025-10-13,0.08,tcgplayer
OP07-041,2025-10-20,0.09,tcgplayer
OP07-041,2025-10-27,0.10,tcgplayer
OP07-041,2025-11-03,0.09,tcgplayer
OP07-041,2025-11-10,0.10,tcgplayer
OP07-041,2025-11-17,0.11,tcgplayer
OP07-041,2025-11-24,0.16,tcgplayer
OP07-041,2025-12-01,0.15,tcgplayer
OP07-041,2025-12-08,0.16,tcgplayer
OP07-041,2025-12-15,0.13,tcgplayer
OP07-041,2025-12-22,0.10,tcgplayer
OP07-041,2025-12-29,0.15,tcgplayer
OP07-041,2026-01-05,0.17,tcgplayer
OP07-041,2026-01-12,0.13,tcgplayer
OP07-041,2026-01-19,0.14,tcgplayer
OP07-041,2026-01-26,0.14,tcgplayer
OP07-041,2026-02-02,0.14,tcgplayer
OP07-041,2026-02-09,0.15,tcgplayer
OP07-041,2026-02-16,0.15,tcgplayer
OP07-041,2026-02-23,0.13,tcgplayer
OP07-041,2026-03-02,0.13,tcgplayer
OP07-041,2026-03-09,0.13,tcgplayer
OP07-041,2026-03-16,0.14,tcgplayer
OP07-041,2026-03-23,0.13,tcgplayer
OP07-041,2026-03-30,0.15,tcgplayer
OP07-041,2026-04-06,0.14,tcgplayer
OP07-041,2026-04-13,0.14,tcgplayer
OP07-041,2026-04-20,0.14,tcgplayer
OP07-041,2026-04-27,0.14,tcgplayer
OP07-041,2026-05-04,0.13,tcgplayer
OP07-041,2026-05-11,0.13,tcgplayer
OP07-041,2026-05-18,0.14,tcgplayer
OP07-041,2026-05-25,0.14,tcgplayer
OP07-041,2026-06-01,0.15,tcgplayer
OP07-041,2026-06-08,0.14,tcgplayer
OP07-041,2026-06-15,0.11,tcgplayer
OP07-041,2026-06-22,0.11,tcgplayer
OP07-041,2026-06-29,0.11,tcgplayer
OP07-041,2026-07-06,0.11,tcgplayer
OP07-041,2026-07-13,0.11,tcgplayer
OP07-041,2026-07-20,0.11,tcgplayer
OP07-041,2026-07-27,0.11,tcgplayer
OP07-041,2026-08-03,0.12,tcgplayer
OP07-041,2026-08-10,0.12,tcgplayer
OP07-041,2026-08-17,0.12,tcgplayer
OP07-041,2026-08-24,0.11,tcgplayer
OP07-041,2026-08-31,0.11,tcgplayer
OP07-041,2026-09-05,0.11,limitless
OP07-042,2025-09-08,0.04,tcgplayer
OP07-042,2025-09-15,0.04,tcgplayer
OP07-042,2025-09-22,0.04,tcgplayer
OP07-042,2025-09-29,0.04,tcgplayer
OP07-042,2025-10-06,0.04,tcgplayer
OP07-042,2025-10-13,0.04,tcgplayer
OP07-042,2025-10-20,0.04,tcgplayer
OP07-042,2025-10-27,0.03,tcgplayer
OP07-042,2025-11-03,0.04,tcgplayer
OP07-042,2025-11-10,0.04,tcgplayer
OP07-042,2025-11-17,0.04,tcgplayer
OP07-042,2025-11-24,0.06,tcgplayer
OP07-042,2025-12-01,0.06,tcgplayer
OP07-042,2025-12-08,0.06,tcgplayer
OP07-042,2025-12-15,0.05,tcgplayer
OP07-042,2025-12-22,0.04,tcgplayer
OP07-042,2025-12-29,0.04,tcgplayer
OP07-042,2026-01-05,0.04,tcgplayer
OP07-042,2026-01-12,0.04,tcgplayer
OP07-042,2026-01-19,0.04,tcgplayer
OP07-042,2026-01-26,0.04,tcgplayer
OP07-042,2026-02-02,0.04,tcgplayer
OP07-042,2026-02-09,0.05,tcgplayer
OP07-042,2026-02-16,0.04,tcgplayer
OP07-042,2026-02-23,0.04,tcgplayer
OP07-042,2026-03-02,0.04,tcgplayer
OP07-042,2026-03-09,0.04,tcgplayer
OP07-042,2026-03-16,0.04,tcgplayer
OP07-042,2026-03-23,0.05,tcgplayer
OP07-042,2026-03-30,0.05,tcgplayer
OP07-042,2026-04-06,0.05,tcgplayer
OP07-042,2026-04-13,0.06,tcgplayer
OP07-042,2026-04-20,0.06,tcgplayer
OP07-042,2026-04-27,0.06,tcgplayer
OP07-042,2026-05-04,0.05,tcgplayer
OP07-042,2026-05-11,0.05,tcgplayer
OP07-042,2026-05-18,0.05,tcgplayer
OP07-042,2026-05-25,0.05,tcgplayer
OP07-042,2026-06-01,0.05,tcgplayer
OP07-042,2026-06-08,0.05,tcgplayer
OP07-042,2026-06-15,0.05,tcgplayer
OP07-042,2026-06-22,0.05,tcgplayer
OP07-042,2026-06-29,0.06,tcgplayer
OP07-042,2026-07-06,0.05,tcgplayer
OP07-042,2026-07-13,0.05,tcgplayer
OP07-042,2026-07-20,0.05,tcgplayer
OP07-042,2026-07-27,0.06,tcgplayer
OP07-042,2026-08-03,0.06,tcgplayer
OP07-042,2026-08-10,0.06,tcgplayer
OP07-042,2026-08-17,0.07,tcgplayer
OP07-042,2026-08-24,0.07,tcgplayer
OP07-042,2026-08-31,0.07,tcgplayer
OP07-042,2026-09-05,0.07,limitless
OP07-043,2025-09-08,0.07,tcgplayer
OP07-043,2025-09-15,0.08,tcgplayer
OP07-043,2025-09-22,0.08,tcgplayer
OP07-043,2025-09-29,0.08,tcgplayer
OP07-043,2025-10-06,0.10,tcgplayer
OP07-043,2025-10-13,0.10,tcgplayer
OP07-043,2025-10-20,0.11,tcgplayer
OP07-043,2025-10-27,0.11,tcgplayer
OP07-043,2025-11-03,0.09,tcgplayer
OP07-043,2025-11-10,0.08,tcgplayer
OP07-043,2025-11-17,0.05,tcgplayer
OP07-043,2025-11-24,0.05,tcgplayer
OP07-043,2025-12-01,0.06,tcgplayer
OP07-043,2025-12-08,0.06,tcgplayer
OP07-043,2025-12-15,0.06,tcgplayer
OP07-043,2025-12-22,0.08,tcgplayer
OP07-043,2025-12-29,0.08,tcgplayer
OP07-043,2026-01-05,0.08,tcgplayer
OP07-043,2026-01-12,0.09,tcgplayer
OP07-043,2026-01-19,0.10,tcgplayer
OP07-043,2026-01-26,0.11,tcgplayer
OP07-043,2026-02-02,0.11,tcgplayer
OP07-043,2026-02-09,0.11,tcgplayer
OP07-043,2026-02-16,0.11,tcgplayer
OP07-043,2026-02-23,0.09,tcgplayer
OP07-043,2026-03-02,0.09,tcgplayer
OP07-043,2026-03-09,0.08,tcgplayer
OP07-043,2026-03-16,0.09,tcgplayer
OP07-043,2026-03-23,0.09,tcgplayer
OP07-043,2026-03-30,0.09,tcgplayer
OP07-043,2026-04-06,0.09,tcgplayer
OP07-043,2026-04-13,0.09,tcgplayer
OP07-043,2026-04-20,0.10,tcgplayer
OP07-043,2026-04-27,0.09,tcgplayer
OP07-043,2026-05-04,0.09,tcgplayer
OP07-043,2026-05-11,0.09,tcgplayer
OP07-043,2026-05-18,0.08,tcgplayer
OP07-043,2026-05-25,0.09,tcgplayer
OP07-043,2026-06-01,0.08,tcgplayer
OP07-043,2026-06-08,0.08,tcgplayer
OP07-043,2026-06-15,0.09,tcgplayer
OP07-043,2026-06-22,0.08,tcgplayer
OP07-043,2026-06-29,0.07,tcgplayer
OP07-043,2026-07-06,0.08,tcgplayer
OP07-043,2026-07-13,0.08,tcgplayer
OP07-043,2026-07-20,0.08,tcgplayer
OP07-043,2026-07-27,0.08,tcgplayer
OP07-043,2026-08-03,0.07,tcgplayer
OP07-043,2026-08-10,0.08,tcgplayer
OP07-043,2026-08-17,0.08,tcgplayer
OP07-043,2026-08-24,0.09,tcgplayer
OP07-043,2026-08-31,0.10,tcgplayer
OP07-043,2026-09-05,0.10,limitless
OP07-044,2025-09-08,0.06,tcgplayer
OP07-044,2025-09-15,0.06,tcgplayer
OP07-044,2025-09-22,0.05,tcgplayer
OP07-044,2025-09-29,0.05,tcgplayer
OP07-044,2025-10-06,0.05,tcgplayer
OP07-044,2025-10-13,0.05,tcgplayer
OP07-044,2025-10-20,0.06,tcgplayer
OP07-044,2025-10-27,0.06,tcgplayer
OP07-044,2025-11-03,0.06,tcgplayer
OP07-044,2025-11-10,0.07,tcgplayer
OP07-044,2025-11-17,0.07,tcgplayer
OP07-044,2025-11-24,0.09,tcgplayer
OP07-044,2025-12-01,0.08,tcgplayer
OP07-044,2025-12-08,0.08,tcgplayer
OP07-044,2025-12-15,0.08,tcgplayer
OP07-044,2025-12-22,0.07,tcgplayer
OP07-044,2025-12-29,0.06,tcgplayer
OP07-044,2026-01-05,0.07,tcgplayer
OP07-044,2026-01-12,0.07,tcgplayer
OP07-044,2026-01-19,0.09,tcgplayer
OP07-044,2026-01-26,0.09,tcgplayer
OP07-044,2026-02-02,0.10,tcgplayer
OP07-044,2026-02-09,0.12,tcgplayer
OP07-044,2026-02-16,0.09,tcgplayer
OP07-044,2026-02-23,0.11,tcgplayer
OP07-044,2026-03-02,0.09,tcgplayer
OP07-044,2026-03-09,0.09,tcgplayer
OP07-044,2026-03-16,0.08,tcgplayer
OP07-044,2026-03-23,0.12,tcgplayer
OP07-044,2026-03-30,0.13,tcgplayer
OP07-044,2026-04-06,0.12,tcgplayer
OP07-044,2026-04-13,0.12,tcgplayer
OP07-044,2026-04-20,0.13,tcgplayer
OP07-044,2026-04-27,0.12,tcgplayer
OP07-044,2026-05-04,0.11,tcgplayer
OP07-044,2026-05-11,0.12,tcgplayer
OP07-044,2026-05-18,0.08,tcgplayer
OP07-044,2026-05-25,0.07,tcgplayer
OP07-044,2026-06-01,0.07,tcgplayer
OP07-044,2026-06-08,0.07,tcgplayer
OP07-044,2026-06-15,0.05,tcgplayer
OP07-044,2026-06-22,0.06,tcgplayer
OP07-044,2026-06-29,0.07,tcgplayer
OP07-044,2026-07-06,0.08,tcgplayer
OP07-044,2026-07-13,0.08,tcgplayer
OP07-044,2026-07-20,0.08,tcgplayer
OP07-044,2026-07-27,0.08,tcgplayer
OP07-044,2026-08-03,0.08,tcgplayer
OP07-044,2026-08-10,0.07,tcgplayer
OP07-044,2026-08-17,0.08,tcgplayer
OP07-044,2026-08-24,0.08,tcgplayer
OP07-044,2026-08-31,0.08,tcgplayer
OP07-044,2026-09-05,0.08,limitless
OP07-045,2025-09-08,0.41,tcgplayer
OP07-045,2025-09-15,0.45,tcgplayer
OP07-045,2025-09-22,0.58,tcgplayer
OP07-045,2025-09-29,0.54,tcgplayer
OP07-045,2025-10-06,0.49,tcgplayer
OP07-045,2025-10-13,0.56,tcgplayer
OP07-045,2025-10-20,0.56,tcgplayer
OP07-045,2025-10-27,0.50,tcgplayer
OP07-045,2025-11-03,0.48,tcgplayer
OP07-045,2025-11-10,0.55,tcgplayer
OP07-045,2025-11-17,0.45,tcgplayer
OP07-045,2025-11-24,0.37,tcgplayer
OP07-045,2025-12-01,0.46,tcgplayer
OP07-045,2025-12-08,0.52,tcgplayer
OP07-045,2025-12-15,0.46,tcgplayer
OP07-045,2025-12-22,0.47,tcgplayer
OP07-045,2025-12-29,0.63,tcgplayer
OP07-045,2026-01-05,0.53,tcgplayer
OP07-045,2026-01-12,0.65,tcgplayer
OP07-045,2026-01-19,0.79,tcgplayer
OP07-045,2026-01-26,0.58,tcgplayer
OP07-045,2026-02-02,0.56,tcgplayer
OP07-045,2026-02-09,0.53,tcgplayer
OP07-045,2026-02-16,0.65,tcgplayer
OP07-045,2026-02-23,0.65,tcgplayer
OP07-045,2026-03-02,0.65,tcgplayer
OP07-045,2026-03-09,0.71,tcgplayer
OP07-045,2026-03-16,4.51,tcgplayer
OP07-045,2026-03-23,3.41,tcgplayer
OP07-045,2026-03-30,2.77,tcgplayer
OP07-045,2026-04-06,2.43,tcgplayer
OP07-045,2026-04-13,2.38,tcgplayer
OP07-045,2026-04-20,2.62,tcgplayer
OP07-045,2026-04-27,2.36,tcgplayer
OP07-045,2026-05-04,2.45,tcgplayer
OP07-045,2026-05-11,2.38,tcgplayer
OP07-045,2026-05-18,2.35,tcgplayer
OP07-045,2026-05-25,2.06,tcgplayer
OP07-045,2026-06-01,1.94,tcgplayer
OP07-045,2026-06-08,2.15,tcgplayer
OP07-045,2026-06-15,1.81,tcgplayer
OP07-045,2026-06-22,1.63,tcgplayer
OP07-045,2026-06-29,1.65,tcgplayer
OP07-045,2026-07-06,1.30,tcgplayer
OP07-045,2026-07-13,1.13,tcgplayer
OP07-045,2026-07-20,1.02,tcgplayer
OP07-045,2026-07-27,0.75,tcgplayer
OP07-045,2026-08-03,0.78,tcgplayer
OP07-045,2026-08-10,0.75,tcgplayer
OP07-045,2026-08-17,0.73,tcgplayer
OP07-045,2026-08-24,0.75,tcgplayer
OP07-045,2026-08-31,0.60,tcgplayer
OP07-045,2026-09-05,0.61,limitless
OP07-045p1,2025-09-08,4.69,tcgplayer
OP07-045p1,2025-09-15,4.94,tcgplayer
OP07-045p1,2025-09-22,5.34,tcgplayer
OP07-045p1,2025-09-29,5.51,tcgplayer
OP07-045p1,2025-10-06,5.51,tcgplayer
OP07-045p1,2025-10-13,6.24,tcgplayer
OP07-045p1,2025-10-20,6.80,tcgplayer
OP07-045p1,2025-10-27,6.26,tcgplayer
OP07-045p1,2025-11-03,6.14,tcgplayer
OP07-045p1,2025-11-10,6.06,tcgplayer
OP07-045p1,2025-11-17,5.48,tcgplayer
OP07-045p1,2025-11-24,4.97,tcgplayer
OP07-045p1,2025-12-01,5.20,tcgplayer
OP07-045p1,2025-12-08,5.09,tcgplayer
OP07-045p1,2025-12-15,5.14,tcgplayer
OP07-045p1,2025-12-22,5.16,tcgplayer
OP07-045p1,2025-12-29,5.36,tcgplayer
OP07-045p1,2026-01-05,6.66,tcgplayer
OP07-045p1,2026-01-12,7.85,tcgplayer
OP07-045p1,2026-01-19,6.83,tcgplayer
OP07-045p1,2026-01-26,7.01,tcgplayer
OP07-045p1,2026-02-02,7.03,tcgplayer
OP07-045p1,2026-02-09,7.61,tcgplayer
OP07-045p1,2026-02-16,9.67,tcgplayer
OP07-045p1,2026-02-23,10.01,tcgplayer
OP07-045p1,2026-03-02,9.92,tcgplayer
OP07-045p1,2026-03-09,10.25,tcgplayer
OP07-045p1,2026-03-16,15.32,tcgplayer
OP07-045p1,2026-03-23,15.56,tcgplayer
OP07-045p1,2026-03-30,13.25,tcgplayer
OP07-045p1,2026-04-06,9.43,tcgplayer
OP07-045p1,2026-04-13,8.26,tcgplayer
OP07-045p1,2026-04-20,8.86,tcgplayer
OP07-045p1,2026-04-27,9.55,tcgplayer
OP07-045p1,2026-05-04,9.03,tcgplayer
OP07-045p1,2026-05-11,8.60,tcgplayer
OP07-045p1,2026-05-18,9.30,tcgplayer
OP07-045p1,2026-05-25,8.48,tcgplayer
OP07-045p1,2026-06-01,8.26,tcgplayer
OP07-045p1,2026-06-08,7.68,tcgplayer
OP07-045p1,2026-06-15,7.95,tcgplayer
OP07-045p1,2026-06-22,7.36,tcgplayer
OP07-045p1,2026-06-29,7.13,tcgplayer
OP07-045p1,2026-07-06,6.63,tcgplayer
OP07-045p1,2026-07-13,6.35,tcgplayer
OP07-045p1,2026-07-20,6.28,tcgplayer
OP07-045p1,2026-07-27,6.22,tcgplayer
OP07-045p1,2026-08-03,5.91,tcgplayer
OP07-045p1,2026-08-10,5.44,tcgplayer
OP07-045p1,2026-08-17,5.51,tcgplayer
OP07-045p1,2026-08-24,5.37,tcgplayer
OP07-045p1,2026-08-31,5.35,tcgplayer
OP07-045p1,2026-09-05,5.35,limitless
OP07-046,2025-09-08,0.41,tcgplayer
OP07-046,2025-09-15,0.39,tcgplayer
OP07-046,2025-09-22,0.40,tcgplayer
OP07-046,2025-09-29,0.40,tcgplayer
OP07-046,2025-10-06,0.50,tcgplayer
OP07-046,2025-10-13,0.44,tcgplayer
OP07-046,2025-10-20,0.47,tcgplayer
OP07-046,2025-10-27,0.48,tcgplayer
OP07-046,2025-11-03,0.44,tcgplayer
OP07-046,2025-11-10,0.47,tcgplayer
OP07-046,2025-11-17,0.44,tcgplayer
OP07-046,2025-11-24,0.60,tcgplayer
OP07-046,2025-12-01,0.66,tcgplayer
OP07-046,2025-12-08,0.88,tcgplayer
OP07-046,2025-12-15,1.59,tcgplayer
OP07-046,2025-12-22,2.02,tcgplayer
OP07-046,2025-12-29,2.21,tcgplayer
OP07-046,2026-01-05,2.88,tcgplayer
OP07-046,2026-01-12,4.45,tcgplayer
OP07-046,2026-01-19,3.87,tcgplayer
OP07-046,2026-01-26,1.89,tcgplayer
OP07-046,2026-02-02,1.85,tcgplayer
OP07-046,2026-02-09,1.77,tcgplayer
OP07-046,2026-02-16,1.52,tcgplayer
OP07-046,2026-02-23,1.71,tcgplayer
OP07-046,2026-03-02,1.03,tcgplayer
OP07-046,2026-03-09,1.14,tcgplayer
OP07-046,2026-03-16,1.16,tcgplayer
OP07-046,2026-03-23,1.17,tcgplayer
OP07-046,2026-03-30,1.57,tcgplayer
OP07-046,2026-04-06,1.84,tcgplayer
OP07-046,2026-04-13,1.85,tcgplayer
OP07-046,2026-04-20,1.70,tcgplayer
OP07-046,2026-04-27,2.04,tcgplayer
OP07-046,2026-05-04,1.89,tcgplayer
OP07-046,2026-05-11,1.96,tcgplayer
OP07-046,2026-05-18,1.69,tcgplayer
OP07-046,2026-05-25,1.43,tcgplayer
OP07-046,2026-06-01,1.33,tcgplayer
OP07-046,2026-06-08,1.34,tcgplayer
OP07-046,2026-06-15,1.30,tcgplayer
OP07-046,2026-06-22,1.09,tcgplayer
OP07-046,2026-06-29,1.04,tcgplayer
OP07-046,2026-07-06,1.21,tcgplayer
OP07-046,2026-07-13,1.03,tcgplayer
OP07-046,2026-07-20,0.95,tcgplayer
OP07-046,2026-07-27,0.92,tcgplayer
OP07-046,2026-08-03,0.90,tcgplayer
OP07-046,2026-08-10,0.84,tcgplayer
OP07-046,2026-08-17,0.81,tcgplayer
OP07-046,2026-08-24,0.81,tcgplayer
OP07-046,2026-08-31,0.69,tcgplayer
OP07-046,2026-09-05,0.74,limitless
OP07-046p1,2025-09-08,5.63,tcgplayer
OP07-046p1,2025-09-15,7.31,tcgplayer
OP07-046p1,2025-09-22,8.61,tcgplayer
OP07-046p1,2025-09-29,8.40,tcgplayer
OP07-046p1,2025-10-06,9.73,tcgplayer
OP07-046p1,2025-10-13,10.08,tcgplayer
OP07-046p1,2025-10-20,9.98,tcgplayer
OP07-046p1,2025-10-27,8.57,tcgplayer
OP07-046p1,2025-11-03,7.83,tcgplayer
OP07-046p1,2025-11-10,7.87,tcgplayer
OP07-046p1,2025-11-17,7.56,tcgplayer
OP07-046p1,2025-11-24,9.61,tcgplayer
OP07-046p1,2025-12-01,17.57,tcgplayer
OP07-046p1,2025-12-08,19.74,tcgplayer
OP07-046p1,2025-12-15,25.90,tcgplayer
OP07-046p1,2025-12-22,26.67,tcgplayer
OP07-046p1,2025-12-29,24.09,tcgplayer
OP07-046p1,2026-01-05,23.67,tcgplayer
OP07-046p1,2026-01-12,21.82,tcgplayer
OP07-046p1,2026-01-19,15.26,tcgplayer
OP07-046p1,2026-01-26,14.21,tcgplayer
OP07-046p1,2026-02-02,14.27,tcgplayer
OP07-046p1,2026-02-09,14.14,tcgplayer
OP07-046p1,2026-02-16,13.30,tcgplayer
OP07-046p1,2026-02-23,11.16,tcgplayer
OP07-046p1,2026-03-02,10.89,tcgplayer
OP07-046p1,2026-03-09,8.96,tcgplayer
OP07-046p1,2026-03-16,6.73,tcgplayer
OP07-046p1,2026-03-23,6.55,tcgplayer
OP07-046p1,2026-03-30,5.79,tcgplayer
OP07-046p1,2026-04-06,6.02,tcgplayer
OP07-046p1,2026-04-13,6.79,tcgplayer
OP07-046p1,2026-04-20,8.35,tcgplayer
OP07-046p1,2026-04-27,9.02,tcgplayer
OP07-046p1,2026-05-04,8.67,tcgplayer
OP07-046p1,2026-05-11,8.91,tcgplayer
OP07-046p1,2026-05-18,8.63,tcgplayer
OP07-046p1,2026-05-25,6.16,tcgplayer
OP07-046p1,2026-06-01,8.11,tcgplayer
OP07-046p1,2026-06-08,8.35,tcgplayer
OP07-046p1,2026-06-15,8.17,tcgplayer
OP07-046p1,2026-06-22,8.18,tcgplayer
OP07-046p1,2026-06-29,8.00,tcgplayer
OP07-046p1,2026-07-06,7.56,tcgplayer
OP07-046p1,2026-07-13,6.26,tcgplayer
OP07-046p1,2026-07-20,5.09,tcgplayer
OP07-046p1,2026-07-27,4.66,tcgplayer
OP07-046p1,2026-08-03,4.86,tcgplayer
OP07-046p1,2026-08-10,5.00,tcgplayer
OP07-046p1,2026-08-17,4.92,tcgplayer
OP07-046p1,2026-08-24,4.63,tcgplayer
OP07-046p1,2026-08-31,4.38,tcgplayer
OP07-046p1,2026-09-05,4.49,limitless
OP07-047,2025-09-08,0.28,tcgplayer
OP07-047,2025-09-15,0.31,tcgplayer
OP07-047,2025-09-22,0.21,tcgplayer
OP07-047,2025-09-29,0.24,tcgplayer
OP07-047,2025-10-06,0.21,tcgplayer
OP07-047,2025-10-13,0.18,tcgplayer
OP07-047,2025-10-20,0.21,tcgplayer
OP07-047,2025-10-27,0.20,tcgplayer
OP07-047,2025-11-03,0.20,tcgplayer
OP07-047,2025-11-10,0.22,tcgplayer
OP07-047,2025-11-17,0.24,tcgplayer
OP07-047,2025-11-24,0.20,tcgplayer
OP07-047,2025-12-01,0.24,tcgplayer
OP07-047,2025-12-08,0.28,tcgplayer
OP07-047,2025-12-15,0.25,tcgplayer
OP07-047,2025-12-22,0.23,tcgplayer
OP07-047,2025-12-29,0.32,tcgplayer
OP07-047,2026-01-05,0.22,tcgplayer
OP07-047,2026-01-12,0.30,tcgplayer
OP07-047,2026-01-19,0.28,tcgplayer
OP07-047,2026-01-26,0.28,tcgplayer
OP07-047,2026-02-02,0.30,tcgplayer
OP07-047,2026-02-09,0.27,tcgplayer
OP07-047,2026-02-16,0.28,tcgplayer
OP07-047,2026-02-23,0.29,tcgplayer
OP07-047,2026-03-02,0.32,tcgplayer
OP07-047,2026-03-09,0.26,tcgplayer
OP07-047,2026-03-16,0.20,tcgplayer
OP07-047,2026-03-23,0.21,tcgplayer
OP07-047,2026-03-30,0.29,tcgplayer
OP07-047,2026-04-06,0.21,tcgplayer
OP07-047,2026-04-13,0.22,tcgplayer
OP07-047,2026-04-20,0.26,tcgplayer
OP07-047,2026-04-27,0.25,tcgplayer
OP07-047,2026-05-04,0.33,tcgplayer
OP07-047,2026-05-11,0.43,tcgplayer
OP07-047,2026-05-18,0.32,tcgplayer
OP07-047,2026-05-25,0.30,tcgplayer
OP07-047,2026-06-01,0.29,tcgplayer
OP07-047,2026-06-08,0.29,tcgplayer
OP07-047,2026-06-15,0.28,tcgplayer
OP07-047,2026-06-22,0.26,tcgplayer
OP07-047,2026-06-29,0.27,tcgplayer
OP07-047,2026-07-06,0.29,tcgplayer
OP07-047,2026-07-13,0.32,tcgplayer
OP07-047,2026-07-20,0.33,tcgplayer
OP07-047,2026-07-27,0.36,tcgplayer
OP07-047,2026-08-03,0.39,tcgplayer
OP07-047,2026-08-10,0.40,tcgplayer
OP07-047,2026-08-17,0.28,tcgplayer
OP07-047,2026-08-24,0.25,tcgplayer
OP07-047,2026-08-31,0.24,tcgplayer
OP07-047,2026-09-05,0.24,limitless
OP07-047p1,2025-09-08,2.83,tcgplayer
OP07-047p1,2025-09-15,3.44,tcgplayer
OP07-047p1,2025-09-22,3.54,tcgplayer
OP07-047p1,2025-09-29,3.58,tcgplayer
OP07-047p1,2025-10-06,3.75,tcgplayer
OP07-047p1,2025-10-13,3.68,tcgplayer
OP07-047p1,2025-10-20,3.74,tcgplayer
OP07-047p1,2025-10-27,3.80,tcgplayer
OP07-047p1,2025-11-03,3.90,tcgplayer
OP07-047p1,2025-11-10,3.69,tcgplayer
OP07-047p1,2025-11-17,3.50,tcgplayer
OP07-047p1,2025-11-24,3.54,tcgplayer
OP07-047p1,2025-12-01,4.03,tcgplayer
OP07-047p1,2025-12-08,4.52,tcgplayer
OP07-047p1,2025-12-15,5.03,tcgplayer
OP07-047p1,2025-12-22,5.41,tcgplayer
OP07-047p1,2025-12-29,5.66,tcgplayer
OP07-047p1,2026-01-05,6.95,tcgplayer
OP07-047p1,2026-01-12,7.57,tcgplayer
OP07-047p1,2026-01-19,7.81,tcgplayer
OP07-047p1,2026-01-26,7.86,tcgplayer
OP07-047p1,2026-02-02,7.19,tcgplayer
OP07-047p1,2026-02-09,6.67,tcgplayer
OP07-047p1,2026-02-16,6.63,tcgplayer
OP07-047p1,2026-02-23,6.27,tcgplayer
OP07-047p1,2026-03-02,5.99,tcgplayer
OP07-047p1,2026-03-09,5.75,tcgplayer
OP07-047p1,2026-03-16,5.52,tcgplayer
OP07-047p1,2026-03-23,5.44,tcgplayer
OP07-047p1,2026-03-30,5.66,tcgplayer
OP07-047p1,2026-04-06,5.36,tcgplayer
OP07-047p1,2026-04-13,5.61,tcgplayer
OP07-047p1,2026-04-20,6.04,tcgplayer
OP07-047p1,2026-04-27,5.85,tcgplayer
OP07-047p1,2026-05-04,5.49,tcgplayer
OP07-047p1,2026-05-11,5.39,tcgplayer
OP07-047p1,2026-05-18,5.33,tcgplayer
OP07-047p1,2026-05-25,5.56,tcgplayer
OP07-047p1,2026-06-01,5.65,tcgplayer
OP07-047p1,2026-06-08,5.87,tcgplayer
OP07-047p1,2026-06-15,5.99,tcgplayer
OP07-047p1,2026-06-22,6.07,tcgplayer
OP07-047p1,2026-06-29,5.81,tcgplayer
OP07-047p1,2026-07-06,5.57,tcgplayer
OP07-047p1,2026-07-13,5.14,tcgplayer
OP07-047p1,2026-07-20,4.96,tcgplayer
OP07-047p1,2026-07-27,5.01,tcgplayer
OP07-047p1,2026-08-03,5.37,tcgplayer
OP07-047p1,2026-08-10,5.51,tcgplayer
OP07-047p1,2026-08-17,5.58,tcgplayer
OP07-047p1,2026-08-24,5.56,tcgplayer
OP07-047p1,2026-08-31,5.54,tcgplayer
OP07-047p1,2026-09-05,5.59,limitless
OP07-048,2025-09-08,0.08,tcgplayer
OP07-048,2025-09-15,0.08,tcgplayer
OP07-048,2025-09-22,0.07,tcgplayer
OP07-048,2025-09-29,0.10,tcgplayer
OP07-048,2025-10-06,0.11,tcgplayer
OP07-048,2025-10-13,0.13,tcgplayer
OP07-048,2025-10-20,0.13,tcgplayer
OP07-048,2025-10-27,0.12,tcgplayer
OP07-048,2025-11-03,0.10,tcgplayer
OP07-048,2025-11-10,0.09,tcgplayer
OP07-048,2025-11-17,0.10,tcgplayer
OP07-048,2025-11-24,0.08,tcgplayer
OP07-048,2025-12-01,0.08,tcgplayer
OP07-048,2025-12-08,0.07,tcgplayer
OP07-048,2025-12-15,0.07,tcgplayer
OP07-048,2025-12-22,0.07,tcgplayer
OP07-048,2025-12-29,0.07,tcgplayer
OP07-048,2026-01-05,0.06,tcgplayer
OP07-048,2026-01-12,0.06,tcgplayer
OP07-048,2026-01-19,0.06,tcgplayer
OP07-048,2026-01-26,0.06,tcgplayer
OP07-048,2026-02-02,0.07,tcgplayer
OP07-048,2026-02-09,0.08,tcgplayer
OP07-048,2026-02-16,0.08,tcgplayer
OP07-048,2026-02-23,0.10,tcgplayer
OP07-048,2026-03-02,0.08,tcgplayer
OP07-048,2026-03-09,0.08,tcgplayer
OP07-048,2026-03-16,0.11,tcgplayer
OP07-048,2026-03-23,0.11,tcgplayer
OP07-048,2026-03-30,0.12,tcgplayer
OP07-048,2026-04-06,0.12,tcgplayer
OP07-048,2026-04-13,0.12,tcgplayer
OP07-048,2026-04-20,0.10,tcgplayer
OP07-048,2026-04-27,0.09,tcgplayer
OP07-048,2026-05-04,0.10,tcgplayer
OP07-048,2026-05-11,0.11,tcgplayer
OP07-048,2026-05-18,0.10,tcgplayer
OP07-048,2026-05-25,0.11,tcgplayer
OP07-048,2026-06-01,0.11,tcgplayer
OP07-048,2026-06-08,0.11,tcgplayer
OP07-048,2026-06-15,0.10,tcgplayer
OP07-048,2026-06-22,0.10,tcgplayer
OP07-048,2026-06-29,0.11,tcgplayer
OP07-048,2026-07-06,0.11,tcgplayer
OP07-048,2026-07-13,0.11,tcgplayer
OP07-048,2026-07-20,0.11,tcgplayer
OP07-048,2026-07-27,0.12,tcgplayer
OP07-048,2026-08-03,0.13,tcgplayer
OP07-048,2026-08-10,0.13,tcgplayer
OP07-048,2026-08-17,0.12,tcgplayer
OP07-048,2026-08-24,0.12,tcgplayer
OP07-048,2026-08-31,0.13,tcgplayer
OP07-048,2026-09-05,0.13,limitless
OP07-049,2025-09-08,0.08,tcgplayer
OP07-049,2025-09-15,0.08,tcgplayer
OP07-049,2025-09-22,0.08,tcgplayer
OP07-049,2025-09-29,0.08,tcgplayer
OP07-049,2025-10-06,0.08,tcgplayer
OP07-049,2025-10-13,0.08,tcgplayer
OP07-049,2025-10-20,0.07,tcgplayer
OP07-049,2025-10-27,0.06,tcgplayer
OP07-049,2025-11-03,0.05,tcgplayer
OP07-049,2025-11-10,0.05,tcgplayer
OP07-049,2025-11-17,0.04,tcgplayer
OP07-049,2025-11-24,0.04,tcgplayer
OP07-049,2025-12-01,0.04,tcgplayer
OP07-049,2025-12-08,0.04,tcgplayer
OP07-049,2025-12-15,0.04,tcgplayer
OP07-049,2025-12-22,0.03,tcgplayer
OP07-049,2025-12-29,0.04,tcgplayer
OP07-049,2026-01-05,0.03,tcgplayer
OP07-049,2026-01-12,0.03,tcgplayer
OP07-049,2026-01-19,0.03,tcgplayer
OP07-049,2026-01-26,0.04,tcgplayer
OP07-049,2026-02-02,0.03,tcgplayer
OP07-049,2026-02-09,0.04,tcgplayer
OP07-049,2026-02-16,0.04,tcgplayer
OP07-049,2026-02-23,0.04,tcgplayer
OP07-049,2026-03-02,0.04,tcgplayer
OP07-049,2026-03-09,0.04,tcgplayer
OP07-049,2026-03-16,0.04,tcgplayer
OP07-049,2026-03-23,0.05,tcgplayer
OP07-049,2026-03-30,0.04,tcgplayer
OP07-049,2026-04-06,0.04,tcgplayer
OP07-049,2026-04-13,0.04,tcgplayer
OP07-049,2026-04-20,0.04,tcgplayer
OP07-049,2026-04-27,0.04,tcgplayer
OP07-049,2026-05-04,0.04,tcgplayer
OP07-049,2026-05-11,0.04,tcgplayer
OP07-049,2026-05-18,0.03,tcgplayer
OP07-049,2026-05-25,0.03,tcgplayer
OP07-049,2026-06-01,0.03,tcgplayer
OP07-049,2026-06-08,0.04,tcgplayer
OP07-049,2026-06-15,0.03,tcgplayer
OP07-049,2026-06-22,0.03,tcgplayer
OP07-049,2026-06-29,0.03,tcgplayer
OP07-049,2026-07-06,0.03,tcgplayer
OP07-049,2026-07-13,0.06,tcgplayer
OP07-049,2026-07-20,0.06,tcgplayer
OP07-049,2026-07-27,0.06,tcgplayer
OP07-049,2026-08-03,0.07,tcgplayer
OP07-049,2026-08-10,0.07,tcgplayer
OP07-049,2026-08-17,0.07,tcgplayer
OP07-049,2026-08-24,0.09,tcgplayer
OP07-049,2026-08-31,0.11,tcgplayer
OP07-049,2026-09-05,0.11,limitless
OP07-050,2025-09-08,0.05,tcgplayer
OP07-050,2025-09-15,0.07,tcgplayer
OP07-050,2025-09-22,0.07,tcgplayer
OP07-050,2025-09-29,0.09,tcgplayer
OP07-050,2025-10-06,0.08,tcgplayer
OP07-050,2025-10-13,0.08,tcgplayer
OP07-050,2025-10-20,0.07,tcgplayer
OP07-050,2025-10-27,0.06,tcgplayer
OP07-050,2025-11-03,0.06,tcgplayer
OP07-050,2025-11-10,0.05,tcgplayer
OP07-050,2025-11-17,0.06,tcgplayer
OP07-050,2025-11-24,0.05,tcgplayer
OP07-050,2025-12-01,0.04,tcgplayer
OP07-050,2025-12-08,0.04,tcgplayer
OP07-050,2025-12-15,0.05,tcgplayer
OP07-050,2025-12-22,0.05,tcgplayer
OP07-050,2025-12-29,0.06,tcgplayer
OP07-050,2026-01-05,0.05,tcgplayer
OP07-050,2026-01-12,0.05,tcgplayer
OP07-050,2026-01-19,0.07,tcgplayer
OP07-050,2026-01-26,0.08,tcgplayer
OP07-050,2026-02-02,0.09,tcgplayer
OP07-050,2026-02-09,0.09,tcgplayer
OP07-050,2026-02-16,0.10,tcgplayer
OP07-050,2026-02-23,0.10,tcgplayer
OP07-050,2026-03-02,0.12,tcgplayer
OP07-050,2026-03-09,0.12,tcgplayer
OP07-050,2026-03-16,0.12,tcgplayer
OP07-050,2026-03-23,0.12,tcgplayer
OP07-050,2026-03-30,0.11,tcgplayer
OP07-050,2026-04-06,0.10,tcgplayer
OP07-050,2026-04-13,0.10,tcgplayer
OP07-050,2026-04-20,0.10,tcgplayer
OP07-050,2026-04-27,0.09,tcgplayer
OP07-050,2026-05-04,0.07,tcgplayer
OP07-050,2026-05-11,0.06,tcgplayer
OP07-050,2026-05-18,0.07,tcgplayer
OP07-050,2026-05-25,0.06,tcgplayer
OP07-050,2026-06-01,0.10,tcgplayer
OP07-050,2026-06-08,0.11,tcgplayer
OP07-050,2026-06-15,0.10,tcgplayer
OP07-050,2026-06-22,0.07,tcgplayer
OP07-050,2026-06-29,0.07,tcgplayer
OP07-050,2026-07-06,0.07,tcgplayer
OP07-050,2026-07-13,0.07,tcgplayer
OP07-050,2026-07-20,0.08,tcgplayer
OP07-050,2026-07-27,0.09,tcgplayer
OP07-050,2026-08-03,0.09,tcgplayer
OP07-050,2026-08-10,0.08,tcgplayer
OP07-050,2026-08-17,0.09,tcgplayer
OP07-050,2026-08-24,0.07,tcgplayer
OP07-050,2026-08-31,0.07,tcgplayer
OP07-050,2026-09-05,0.07,limitless
OP07-051,2025-09-08,1.28,tcgplayer
OP07-051,2025-09-15,1.62,tcgplayer
OP07-051,2025-09-22,1.52,tcgplayer
OP07-051,2025-09-29,1.37,tcgplayer
OP07-051,2025-10-06,1.79,tcgplayer
OP07-051,2025-10-13,2.65,tcgplayer
OP07-051,2025-10-20,2.56,tcgplayer
OP07-051,2025-10-27,2.06,tcgplayer
OP07-051,2025-11-03,2.31,tcgplayer
OP07-051,2025-11-10,1.83,tcgplayer
OP07-051,2025-11-17,2.10,tcgplayer
OP07-051,2025-11-24,2.97,tcgplayer
OP07-051,2025-12-01,3.78,tcgplayer
OP07-051,2025-12-08,3.60,tcgplayer
OP07-051,2025-12-15,3.30,tcgplayer
OP07-051,2025-12-22,3.05,tcgplayer
OP07-051,2025-12-29,3.39,tcgplayer
OP07-051,2026-01-05,2.82,tcgplayer
OP07-051,2026-01-12,2.96,tcgplayer
OP07-051,2026-01-19,3.14,tcgplayer
OP07-051,2026-01-26,3.00,tcgplayer
OP07-051,2026-02-02,2.70,tcgplayer
OP07-051,2026-02-09,2.50,tcgplayer
OP07-051,2026-02-16,2.67,tcgplayer
OP07-051,2026-02-23,2.82,tcgplayer
OP07-051,2026-03-02,3.88,tcgplayer
OP07-051,2026-03-09,8.67,tcgplayer
OP07-051,2026-03-16,9.86,tcgplayer
OP07-051,2026-03-23,9.31,tcgplayer
OP07-051,2026-03-30,13.32,tcgplayer
OP07-051,2026-04-06,8.48,tcgplayer
OP07-051,2026-04-13,10.73,tcgplayer
OP07-051,2026-04-20,12.34,tcgplayer
OP07-051,2026-04-27,12.40,tcgplayer
OP07-051,2026-05-04,12.52,tcgplayer
OP07-051,2026-05-11,12.81,tcgplayer
OP07-051,2026-05-18,13.24,tcgplayer
OP07-051,2026-05-25,13.23,tcgplayer
OP07-051,2026-06-01,13.28,tcgplayer
OP07-051,2026-06-08,13.20,tcgplayer
OP07-051,2026-06-15,12.35,tcgplayer
OP07-051,2026-06-22,13.36,tcgplayer
OP07-051,2026-06-29,12.23,tcgplayer
OP07-051,2026-07-06,11.33,tcgplayer
OP07-051,2026-07-13,9.89,tcgplayer
OP07-051,2026-07-20,8.03,tcgplayer
OP07-051,2026-07-27,5.92,tcgplayer
OP07-051,2026-08-03,5.73,tcgplayer
OP07-051,2026-08-10,5.27,tcgplayer
OP07-051,2026-08-17,4.38,tcgplayer
OP07-051,2026-08-24,4.48,tcgplayer
OP07-051,2026-08-31,4.31,tcgplayer
OP07-051,2026-09-05,4.41,limitless
OP07-051p1,2025-09-08,25.41,tcgplayer
OP07-051p1,2025-09-15,28.06,tcgplayer
OP07-051p1,2025-09-22,26.88,tcgplayer
OP07-051p1,2025-09-29,27.13,tcgplayer
OP07-051p1,2025-10-06,27.68,tcgplayer
OP07-051p1,2025-10-13,26.03,tcgplayer
OP07-051p1,2025-10-20,26.58,tcgplayer
OP07-051p1,2025-10-27,26.54,tcgplayer
OP07-051p1,2025-11-03,26.51,tcgplayer
OP07-051p1,2025-11-10,26.58,tcgplayer
OP07-051p1,2025-11-17,27.83,tcgplayer
OP07-051p1,2025-11-24,32.68,tcgplayer
OP07-051p1,2025-12-01,35.13,tcgplayer
OP07-051p1,2025-12-08,39.52,tcgplayer
OP07-051p1,2025-12-15,39.91,tcgplayer
OP07-051p1,2025-12-22,37.88,tcgplayer
OP07-051p1,2025-12-29,37.48,tcgplayer
OP07-051p1,2026-01-05,37.06,tcgplayer
OP07-051p1,2026-01-12,35.33,tcgplayer
OP07-051p1,2026-01-19,35.24,tcgplayer
OP07-051p1,2026-01-26,34.65,tcgplayer
OP07-051p1,2026-02-02,35.09,tcgplayer
OP07-051p1,2026-02-09,35.40,tcgplayer
OP07-051p1,2026-02-16,34.82,tcgplayer
OP07-051p1,2026-02-23,33.85,tcgplayer
OP07-051p1,2026-03-02,33.43,tcgplayer
OP07-051p1,2026-03-09,49.18,tcgplayer
OP07-051p1,2026-03-16,57.01,tcgplayer
OP07-051p1,2026-03-23,57.71,tcgplayer
OP07-051p1,2026-03-30,54.49,tcgplayer
OP07-051p1,2026-04-06,55.60,tcgplayer
OP07-051p1,2026-04-13,55.04,tcgplayer
OP07-051p1,2026-04-20,54.70,tcgplayer
OP07-051p1,2026-04-27,56.90,tcgplayer
OP07-051p1,2026-05-04,61.82,tcgplayer
OP07-051p1,2026-05-11,63.44,tcgplayer
OP07-051p1,2026-05-18,64.96,tcgplayer
OP07-051p1,2026-05-25,64.77,tcgplayer
OP07-051p1,2026-06-01,63.21,tcgplayer
OP07-051p1,2026-06-08,62.73,tcgplayer
OP07-051p1,2026-06-15,61.90,tcgplayer
OP07-051p1,2026-06-22,60.49,tcgplayer
OP07-051p1,2026-06-29,59.67,tcgplayer
OP07-051p1,2026-07-06,55.11,tcgplayer
OP07-051p1,2026-07-13,53.47,tcgplayer
OP07-051p1,2026-07-20,50.07,tcgplayer
OP07-051p1,2026-07-27,49.03,tcgplayer
OP07-051p1,2026-08-03,49.01,tcgplayer
OP07-051p1,2026-08-10,48.73,tcgplayer
OP07-051p1,2026-08-17,47.80,tcgplayer
OP07-051p1,2026-08-24,46.78,tcgplayer
OP07-051p1,2026-08-31,45.53,tcgplayer
OP07-051p1,2026-09-05,45.71,limitless
OP07-051p2,2025-09-08,620.65,tcgplayer
OP07-051p2,2025-09-15,627.71,tcgplayer
OP07-051p2,2025-09-22,635.87,tcgplayer
OP07-051p2,2025-09-29,635.87,tcgplayer
OP07-051p2,2025-10-06,695.87,tcgplayer
OP07-051p2,2025-10-13,730.38,tcgplayer
OP07-051p2,2025-10-20,766.84,tcgplayer
OP07-051p2,2025-10-27,809.74,tcgplayer
OP07-051p2,2025-11-03,809.74,tcgplayer
OP07-051p2,2025-11-10,843.06,tcgplayer
OP07-051p2,2025-11-17,843.06,tcgplayer
OP07-051p2,2025-11-24,892.82,tcgplayer
OP07-051p2,2025-12-01,1014.21,tcgplayer
OP07-051p2,2025-12-08,1014.21,tcgplayer
OP07-051p2,2025-12-15,1082.67,tcgplayer
OP07-051p2,2025-12-22,1131.22,tcgplayer
OP07-051p2,2025-12-29,1250.81,tcgplayer
OP07-051p2,2026-01-05,1440.94,tcgplayer
OP07-051p2,2026-01-12,1397.74,tcgplayer
OP07-051p2,2026-01-19,1460.01,tcgplayer
OP07-051p2,2026-01-26,1631.57,tcgplayer
OP07-051p2,2026-02-02,1687.53,tcgplayer
OP07-051p2,2026-02-09,1750.09,tcgplayer
OP07-051p2,2026-02-16,1686.26,tcgplayer
OP07-051p2,2026-02-23,1686.26,tcgplayer
OP07-051p2,2026-03-02,1738.30,tcgplayer
OP07-051p2,2026-03-09,1729.58,tcgplayer
OP07-051p2,2026-03-16,1729.58,tcgplayer
OP07-051p2,2026-03-23,1729.58,tcgplayer
OP07-051p2,2026-03-30,1729.58,tcgplayer
OP07-051p2,2026-04-06,1675.54,tcgplayer
OP07-051p2,2026-04-13,1722.73,tcgplayer
OP07-051p2,2026-04-20,1794.77,tcgplayer
OP07-051p2,2026-04-27,1913.35,tcgplayer
OP07-051p2,2026-05-04,1959.07,tcgplayer
OP07-051p2,2026-05-11,2016.24,tcgplayer
OP07-051p2,2026-05-18,2016.24,tcgplayer
OP07-051p2,2026-05-25,2114.96,tcgplayer
OP07-051p2,2026-06-01,2199.13,tcgplayer
OP07-051p2,2026-06-08,2199.13,tcgplayer
OP07-051p2,2026-06-15,2283.03,tcgplayer
OP07-051p2,2026-06-22,2276.43,tcgplayer
OP07-051p2,2026-06-29,2292.50,tcgplayer
OP07-051p2,2026-07-06,2257.79,tcgplayer
OP07-051p2,2026-07-13,2210.57,tcgplayer
OP07-051p2,2026-07-20,2202.31,tcgplayer
OP07-051p2,2026-07-27,2192.97,tcgplayer
OP07-051p2,2026-08-03,2168.35,tcgplayer
OP07-051p2,2026-08-10,1955.75,tcgplayer
OP07-051p2,2026-08-17,2025.29,tcgplayer
OP07-051p2,2026-08-24,2081.54,tcgplayer
OP07-051p2,2026-08-31,2150.33,tcgplayer
OP07-051p2,2026-09-05,2150.33,limitless
OP07-052,2025-09-08,0.04,tcgplayer
OP07-052,2025-09-15,0.04,tcgplayer
OP07-052,2025-09-22,0.04,tcgplayer
OP07-052,2025-09-29,0.05,tcgplayer
OP07-052,2025-10-06,0.04,tcgplayer
OP07-052,2025-10-13,0.04,tcgplayer
OP07-052,2025-10-20,0.05,tcgplayer
OP07-052,2025-10-27,0.05,tcgplayer
OP07-052,2025-11-03,0.06,tcgplayer
OP07-052,2025-11-10,0.05,tcgplayer
OP07-052,2025-11-17,0.07,tcgplayer
OP07-052,2025-11-24,0.07,tcgplayer
OP07-052,2025-12-01,0.07,tcgplayer
OP07-052,2025-12-08,0.07,tcgplayer
OP07-052,2025-12-15,0.07,tcgplayer
OP07-052,2025-12-22,0.06,tcgplayer
OP07-052,2025-12-29,0.06,tcgplayer
OP07-052,2026-01-05,0.05,tcgplayer
OP07-052,2026-01-12,0.04,tcgplayer
OP07-052,2026-01-19,0.04,tcgplayer
OP07-052,2026-01-26,0.05,tcgplayer
OP07-052,2026-02-02,0.05,tcgplayer
OP07-052,2026-02-09,0.06,tcgplayer
OP07-052,2026-02-16,0.05,tcgplayer
OP07-052,2026-02-23,0.05,tcgplayer
OP07-052,2026-03-02,0.05,tcgplayer
OP07-052,2026-03-09,0.09,tcgplayer
OP07-052,2026-03-16,0.10,tcgplayer
OP07-052,2026-03-23,0.10,tcgplayer
OP07-052,2026-03-30,0.09,tcgplayer
OP07-052,2026-04-06,0.10,tcgplayer
OP07-052,2026-04-13,0.11,tcgplayer
OP07-052,2026-04-20,0.11,tcgplayer
OP07-052,2026-04-27,0.11,tcgplayer
OP07-052,2026-05-04,0.07,tcgplayer
OP07-052,2026-05-11,0.07,tcgplayer
OP07-052,2026-05-18,0.07,tcgplayer
OP07-052,2026-05-25,0.07,tcgplayer
OP07-052,2026-06-01,0.07,tcgplayer
OP07-052,2026-06-08,0.06,tcgplayer
OP07-052,2026-06-15,0.07,tcgplayer
OP07-052,2026-06-22,0.07,tcgplayer
OP07-052,2026-06-29,0.07,tcgplayer
OP07-052,2026-07-06,0.06,tcgplayer
OP07-052,2026-07-13,0.06,tcgplayer
OP07-052,2026-07-20,0.06,tcgplayer
OP07-052,2026-07-27,0.06,tcgplayer
OP07-052,2026-08-03,0.07,tcgplayer
OP07-052,2026-08-10,0.07,tcgplayer
OP07-052,2026-08-17,0.06,tcgplayer
OP07-052,2026-08-24,0.06,tcgplayer
OP07-052,2026-08-31,0.06,tcgplayer
OP07-052,2026-09-05,0.06,limitless
OP07-053,2025-09-08,0.18,tcgplayer
OP07-053,2025-09-15,0.20,tcgplayer
OP07-053,2025-09-22,0.23,tcgplayer
OP07-053,2025-09-29,0.28,tcgplayer
OP07-053,2025-10-06,0.21,tcgplayer
OP07-053,2025-10-13,0.17,tcgplayer
OP07-053,2025-10-20,0.20,tcgplayer
OP07-053,2025-10-27,0.26,tcgplayer
OP07-053,2025-11-03,0.22,tcgplayer
OP07-053,2025-11-10,0.24,tcgplayer
OP07-053,2025-11-17,0.16,tcgplayer
OP07-053,2025-11-24,0.21,tcgplayer
OP07-053,2025-12-01,0.20,tcgplayer
OP07-053,2025-12-08,0.16,tcgplayer
OP07-053,2025-12-15,0.17,tcgplayer
OP07-053,2025-12-22,0.19,tcgplayer
OP07-053,2025-12-29,0.16,tcgplayer
OP07-053,2026-01-05,0.16,tcgplayer
OP07-053,2026-01-12,0.16,tcgplayer
OP07-053,2026-01-19,0.22,tcgplayer
OP07-053,2026-01-26,0.19,tcgplayer
OP07-053,2026-02-02,0.20,tcgplayer
OP07-053,2026-02-09,0.22,tcgplayer
OP07-053,2026-02-16,0.23,tcgplayer
OP07-053,2026-02-23,0.19,tcgplayer
OP07-053,2026-03-02,0.19,tcgplayer
OP07-053,2026-03-09,0.17,tcgplayer
OP07-053,2026-03-16,0.16,tcgplayer
OP07-053,2026-03-23,0.19,tcgplayer
OP07-053,2026-03-30,0.23,tcgplayer
OP07-053,2026-04-06,0.22,tcgplayer
OP07-053,2026-04-13,0.18,tcgplayer
OP07-053,2026-04-20,0.18,tcgplayer
OP07-053,2026-04-27,0.22,tcgplayer
OP07-053,2026-05-04,0.20,tcgplayer
OP07-053,2026-05-11,0.28,tcgplayer
OP07-053,2026-05-18,0.19,tcgplayer
OP07-053,2026-05-25,0.22,tcgplayer
OP07-053,2026-06-01,0.25,tcgplayer
OP07-053,2026-06-08,0.24,tcgplayer
OP07-053,2026-06-15,0.20,tcgplayer
OP07-053,2026-06-22,0.21,tcgplayer
OP07-053,2026-06-29,0.22,tcgplayer
OP07-053,2026-07-06,0.23,tcgplayer
OP07-053,2026-07-13,0.24,tcgplayer
OP07-053,2026-07-20,0.22,tcgplayer
OP07-053,2026-07-27,0.22,tcgplayer
OP07-053,2026-08-03,0.19,tcgplayer
OP07-053,2026-08-10,0.22,tcgplayer
OP07-053,2026-08-17,0.23,tcgplayer
OP07-053,2026-08-24,0.24,tcgplayer
OP07-053,2026-08-31,0.21,tcgplayer
OP07-053,2026-09-05,0.21,limitless
OP07-054,2025-09-08,0.22,tcgplayer
OP07-054,2025-09-15,0.21,tcgplayer
OP07-054,2025-09-22,0.21,tcgplayer
OP07-054,2025-09-29,0.23,tcgplayer
OP07-054,2025-10-06,0.21,tcgplayer
OP07-054,2025-10-13,0.22,tcgplayer
OP07-054,2025-10-20,0.18,tcgplayer
OP07-054,2025-10-27,0.17,tcgplayer
OP07-054,2025-11-03,0.21,tcgplayer
OP07-054,2025-11-10,0.22,tcgplayer
OP07-054,2025-11-17,0.19,tcgplayer
OP07-054,2025-11-24,0.16,tcgplayer
OP07-054,2025-12-01,0.14,tcgplayer
OP07-054,2025-12-08,0.15,tcgplayer
OP07-054,2025-12-15,0.17,tcgplayer
OP07-054,2025-12-22,0.17,tcgplayer
OP07-054,2025-12-29,0.16,tcgplayer
OP07-054,2026-01-05,0.15,tcgplayer
OP07-054,2026-01-12,0.14,tcgplayer
OP07-054,2026-01-19,0.17,tcgplayer
OP07-054,2026-01-26,0.19,tcgplayer
OP07-054,2026-02-02,0.26,tcgplayer
OP07-054,2026-02-09,0.24,tcgplayer
OP07-054,2026-02-16,0.21,tcgplayer
OP07-054,2026-02-23,0.21,tcgplayer
OP07-054,2026-03-02,0.17,tcgplayer
OP07-054,2026-03-09,0.16,tcgplayer
OP07-054,2026-03-16,0.15,tcgplayer
OP07-054,2026-03-23,0.16,tcgplayer
OP07-054,2026-03-30,0.18,tcgplayer
OP07-054,2026-04-06,0.19,tcgplayer
OP07-054,2026-04-13,0.17,tcgplayer
OP07-054,2026-04-20,0.18,tcgplayer
OP07-054,2026-04-27,0.18,tcgplayer
OP07-054,2026-05-04,0.21,tcgplayer
OP07-054,2026-05-11,0.21,tcgplayer
OP07-054,2026-05-18,0.29,tcgplayer
OP07-054,2026-05-25,0.26,tcgplayer
OP07-054,2026-06-01,0.21,tcgplayer
OP07-054,2026-06-08,0.18,tcgplayer
OP07-054,2026-06-15,0.18,tcgplayer
OP07-054,2026-06-22,0.20,tcgplayer
OP07-054,2026-06-29,0.22,tcgplayer
OP07-054,2026-07-06,0.22,tcgplayer
OP07-054,2026-07-13,0.21,tcgplayer
OP07-054,2026-07-20,0.22,tcgplayer
OP07-054,2026-07-27,0.22,tcgplayer
OP07-054,2026-08-03,0.23,tcgplayer
OP07-054,2026-08-10,0.21,tcgplayer
OP07-054,2026-08-17,0.19,tcgplayer
OP07-054,2026-08-24,0.20,tcgplayer
OP07-054,2026-08-31,0.19,tcgplayer
OP07-054,2026-09-05,0.19,limitless
OP07-055,2025-09-08,0.08,tcgplayer
OP07-055,2025-09-15,0.09,tcgplayer
OP07-055,2025-09-22,0.08,tcgplayer
OP07-055,2025-09-29,0.09,tcgplayer
OP07-055,2025-10-06,0.09,tcgplayer
OP07-055,2025-10-13,0.09,tcgplayer
OP07-055,2025-10-20,0.07,tcgplayer
OP07-055,2025-10-27,0.06,tcgplayer
OP07-055,2025-11-03,0.05,tcgplayer
OP07-055,2025-11-10,0.06,tcgplayer
OP07-055,2025-11-17,0.10,tcgplayer
OP07-055,2025-11-24,0.12,tcgplayer
OP07-055,2025-12-01,0.12,tcgplayer
OP07-055,2025-12-08,0.11,tcgplayer
OP07-055,2025-12-15,0.07,tcgplayer
OP07-055,2025-12-22,0.10,tcgplayer
OP07-055,2025-12-29,0.09,tcgplayer
OP07-055,2026-01-05,0.08,tcgplayer
OP07-055,2026-01-12,0.08,tcgplayer
OP07-055,2026-01-19,0.10,tcgplayer
OP07-055,2026-01-26,0.10,tcgplayer
OP07-055,2026-02-02,0.10,tcgplayer
OP07-055,2026-02-09,0.12,tcgplayer
OP07-055,2026-02-16,0.11,tcgplayer
OP07-055,2026-02-23,0.13,tcgplayer
OP07-055,2026-03-02,0.13,tcgplayer
OP07-055,2026-03-09,0.14,tcgplayer
OP07-055,2026-03-16,0.12,tcgplayer
OP07-055,2026-03-23,0.12,tcgplayer
OP07-055,2026-03-30,0.13,tcgplayer
OP07-055,2026-04-06,0.13,tcgplayer
OP07-055,2026-04-13,0.12,tcgplayer
OP07-055,2026-04-20,0.11,tcgplayer
OP07-055,2026-04-27,0.09,tcgplayer
OP07-055,2026-05-04,0.11,tcgplayer
OP07-055,2026-05-11,0.11,tcgplayer
OP07-055,2026-05-18,0.11,tcgplayer
OP07-055,2026-05-25,0.10,tcgplayer
OP07-055,2026-06-01,0.10,tcgplayer
OP07-055,2026-06-08,0.09,tcgplayer
OP07-055,2026-06-15,0.10,tcgplayer
OP07-055,2026-06-22,0.11,tcgplayer
OP07-055,2026-06-29,0.11,tcgplayer
OP07-055,2026-07-06,0.12,tcgplayer
OP07-055,2026-07-13,0.13,tcgplayer
OP07-055,2026-07-20,0.11,tcgplayer
OP07-055,2026-07-27,0.11,tcgplayer
OP07-055,2026-08-03,0.10,tcgplayer
OP07-055,2026-08-10,0.09,tcgplayer
OP07-055,2026-08-17,0.09,tcgplayer
OP07-055,2026-08-24,0.08,tcgplayer
OP07-055,2026-08-31,0.08,tcgplayer
OP07-055,2026-09-05,0.08,limitless
OP07-056,2025-09-08,0.21,tcgplayer
OP07-056,2025-09-15,0.24,tcgplayer
OP07-056,2025-09-22,0.23,tcgplayer
OP07-056,2025-09-29,0.18,tcgplayer
OP07-056,2025-10-06,0.20,tcgplayer
OP07-056,2025-10-13,0.20,tcgplayer
OP07-056,2025-10-20,0.19,tcgplayer
OP07-056,2025-10-27,0.16,tcgplayer
OP07-056,2025-11-03,0.18,tcgplayer
OP07-056,2025-11-10,0.19,tcgplayer
OP07-056,2025-11-17,0.18,tcgplayer
OP07-056,2025-11-24,0.17,tcgplayer
OP07-056,2025-12-01,0.25,tcgplayer
OP07-056,2025-12-08,0.19,tcgplayer
OP07-056,2025-12-15,0.17,tcgplayer
OP07-056,2025-12-22,0.20,tcgplayer
OP07-056,2025-12-29,0.20,tcgplayer
OP07-056,2026-01-05,0.25,tcgplayer
OP07-056,2026-01-12,0.23,tcgplayer
OP07-056,2026-01-19,0.21,tcgplayer
OP07-056,2026-01-26,0.24,tcgplayer
OP07-056,2026-02-02,0.24,tcgplayer
OP07-056,2026-02-09,0.23,tcgplayer
OP07-056,2026-02-16,0.23,tcgplayer
OP07-056,2026-02-23,0.29,tcgplayer
OP07-056,2026-03-02,0.23,tcgplayer
OP07-056,2026-03-09,0.25,tcgplayer
OP07-056,2026-03-16,0.24,tcgplayer
OP07-056,2026-03-23,0.23,tcgplayer
OP07-056,2026-03-30,0.24,tcgplayer
OP07-056,2026-04-06,0.22,tcgplayer
OP07-056,2026-04-13,0.21,tcgplayer
OP07-056,2026-04-20,0.22,tcgplayer
OP07-056,2026-04-27,0.23,tcgplayer
OP07-056,2026-05-04,0.22,tcgplayer
OP07-056,2026-05-11,0.23,tcgplayer
OP07-056,2026-05-18,0.22,tcgplayer
OP07-056,2026-05-25,0.23,tcgplayer
OP07-056,2026-06-01,0.27,tcgplayer
OP07-056,2026-06-08,0.35,tcgplayer
OP07-056,2026-06-15,0.25,tcgplayer
OP07-056,2026-06-22,0.24,tcgplayer
OP07-056,2026-06-29,0.29,tcgplayer
OP07-056,2026-07-06,0.24,tcgplayer
OP07-056,2026-07-13,0.25,tcgplayer
OP07-056,2026-07-20,0.23,tcgplayer
OP07-056,2026-07-27,0.24,tcgplayer
OP07-056,2026-08-03,0.23,tcgplayer
OP07-056,2026-08-10,0.30,tcgplayer
OP07-056,2026-08-17,0.26,tcgplayer
OP07-056,2026-08-24,0.26,tcgplayer
OP07-056,2026-08-31,0.25,tcgplayer
OP07-056,2026-09-05,0.25,limitless
OP07-057,2025-09-08,0.25,tcgplayer
OP07-057,2025-09-15,0.28,tcgplayer
OP07-057,2025-09-22,0.33,tcgplayer
OP07-057,2025-09-29,0.28,tcgplayer
OP07-057,2025-10-06,0.24,tcgplayer
OP07-057,2025-10-13,0.29,tcgplayer
OP07-057,2025-10-20,0.24,tcgplayer
OP07-057,2025-10-27,0.28,tcgplayer
OP07-057,2025-11-03,0.27,tcgplayer
OP07-057,2025-11-10,0.28,tcgplayer
OP07-057,2025-11-17,0.31,tcgplayer
OP07-057,2025-11-24,0.63,tcgplayer
OP07-057,2025-12-01,0.81,tcgplayer
OP07-057,2025-12-08,1.35,tcgplayer
OP07-057,2025-12-15,3.18,tcgplayer
OP07-057,2025-12-22,3.52,tcgplayer
OP07-057,2025-12-29,3.03,tcgplayer
OP07-057,2026-01-05,3.41,tcgplayer
OP07-057,2026-01-12,3.99,tcgplayer
OP07-057,2026-01-19,3.78,tcgplayer
OP07-057,2026-01-26,3.20,tcgplayer
OP07-057,2026-02-02,2.77,tcgplayer
OP07-057,2026-02-09,2.93,tcgplayer
OP07-057,2026-02-16,3.03,tcgplayer
OP07-057,2026-02-23,2.62,tcgplayer
OP07-057,2026-03-02,1.96,tcgplayer
OP07-057,2026-03-09,1.90,tcgplayer
OP07-057,2026-03-16,1.93,tcgplayer
OP07-057,2026-03-23,1.47,tcgplayer
OP07-057,2026-03-30,1.76,tcgplayer
OP07-057,2026-04-06,1.66,tcgplayer
OP07-057,2026-04-13,1.56,tcgplayer
OP07-057,2026-04-20,1.56,tcgplayer
OP07-057,2026-04-27,1.75,tcgplayer
OP07-057,2026-05-04,1.45,tcgplayer
OP07-057,2026-05-11,1.69,tcgplayer
OP07-057,2026-05-18,1.47,tcgplayer
OP07-057,2026-05-25,1.45,tcgplayer
OP07-057,2026-06-01,1.25,tcgplayer
OP07-057,2026-06-08,1.33,tcgplayer
OP07-057,2026-06-15,1.27,tcgplayer
OP07-057,2026-06-22,1.29,tcgplayer
OP07-057,2026-06-29,1.25,tcgplayer
OP07-057,2026-07-06,1.14,tcgplayer
OP07-057,2026-07-13,1.18,tcgplayer
OP07-057,2026-07-20,1.15,tcgplayer
OP07-057,2026-07-27,1.34,tcgplayer
OP07-057,2026-08-03,1.02,tcgplayer
OP07-057,2026-08-10,1.07,tcgplayer
OP07-057,2026-08-17,0.87,tcgplayer
OP07-057,2026-08-24,0.98,tcgplayer
OP07-057,2026-08-31,0.91,tcgplayer
OP07-057,2026-09-05,0.94,limitless
OP07-058,2025-09-08,0.05,tcgplayer
OP07-058,2025-09-15,0.05,tcgplayer
OP07-058,2025-09-22,0.05,tcgplayer
OP07-058,2025-09-29,0.07,tcgplayer
OP07-058,2025-10-06,0.06,tcgplayer
OP07-058,2025-10-13,0.06,tcgplayer
OP07-058,2025-10-20,0.05,tcgplayer
OP07-058,2025-10-27,0.05,tcgplayer
OP07-058,2025-11-03,0.06,tcgplayer
OP07-058,2025-11-10,0.07,tcgplayer
OP07-058,2025-11-17,0.04,tcgplayer
OP07-058,2025-11-24,0.05,tcgplayer
OP07-058,2025-12-01,0.05,tcgplayer
OP07-058,2025-12-08,0.05,tcgplayer
OP07-058,2025-12-15,0.04,tcgplayer
OP07-058,2025-12-22,0.04,tcgplayer
OP07-058,2025-12-29,0.05,tcgplayer
OP07-058,2026-01-05,0.05,tcgplayer
OP07-058,2026-01-12,0.06,tcgplayer
OP07-058,2026-01-19,0.08,tcgplayer
OP07-058,2026-01-26,0.08,tcgplayer
OP07-058,2026-02-02,0.07,tcgplayer
OP07-058,2026-02-09,0.08,tcgplayer
OP07-058,2026-02-16,0.08,tcgplayer
OP07-058,2026-02-23,0.07,tcgplayer
OP07-058,2026-03-02,0.08,tcgplayer
OP07-058,2026-03-09,0.05,tcgplayer
OP07-058,2026-03-16,0.05,tcgplayer
OP07-058,2026-03-23,0.04,tcgplayer
OP07-058,2026-03-30,0.04,tcgplayer
OP07-058,2026-04-06,0.04,tcgplayer
OP07-058,2026-04-13,0.04,tcgplayer
OP07-058,2026-04-20,0.05,tcgplayer
OP07-058,2026-04-27,0.05,tcgplayer
OP07-058,2026-05-04,0.05,tcgplayer
OP07-058,2026-05-11,0.05,tcgplayer
OP07-058,2026-05-18,0.05,tcgplayer
OP07-058,2026-05-25,0.06,tcgplayer
OP07-058,2026-06-01,0.07,tcgplayer
OP07-058,2026-06-08,0.07,tcgplayer
OP07-058,2026-06-15,0.07,tcgplayer
OP07-058,2026-06-22,0.07,tcgplayer
OP07-058,2026-06-29,0.07,tcgplayer
OP07-058,2026-07-06,0.06,tcgplayer
OP07-058,2026-07-13,0.06,tcgplayer
OP07-058,2026-07-20,0.06,tcgplayer
OP07-058,2026-07-27,0.05,tcgplayer
OP07-058,2026-08-03,0.05,tcgplayer
OP07-058,2026-08-10,0.07,tcgplayer
OP07-058,2026-08-17,0.07,tcgplayer
OP07-058,2026-08-24,0.07,tcgplayer
OP07-058,2026-08-31,0.09,tcgplayer
OP07-058,2026-09-05,0.08,limitless
OP07-059,2025-09-08,0.08,tcgplayer
OP07-059,2025-09-15,0.08,tcgplayer
OP07-059,2025-09-22,0.09,tcgplayer
OP07-059,2025-09-29,0.09,tcgplayer
OP07-059,2025-10-06,0.14,tcgplayer
OP07-059,2025-10-13,0.17,tcgplayer
OP07-059,2025-10-20,0.13,tcgplayer
OP07-059,2025-10-27,0.14,tcgplayer
OP07-059,2025-11-03,0.13,tcgplayer
OP07-059,2025-11-10,0.12,tcgplayer
OP07-059,2025-11-17,0.12,tcgplayer
OP07-059,2025-11-24,0.13,tcgplayer
OP07-059,2025-12-01,0.12,tcgplayer
OP07-059,2025-12-08,0.12,tcgplayer
OP07-059,2025-12-15,0.16,tcgplayer
OP07-059,2025-12-22,0.09,tcgplayer
OP07-059,2025-12-29,0.10,tcgplayer
OP07-059,2026-01-05,0.09,tcgplayer
OP07-059,2026-01-12,0.12,tcgplayer
OP07-059,2026-01-19,0.12,tcgplayer
OP07-059,2026-01-26,0.12,tcgplayer
OP07-059,2026-02-02,0.12,tcgplayer
OP07-059,2026-02-09,0.14,tcgplayer
OP07-059,2026-02-16,0.13,tcgplayer
OP07-059,2026-02-23,0.15,tcgplayer
OP07-059,2026-03-02,0.11,tcgplayer
OP07-059,2026-03-09,0.12,tcgplayer
OP07-059,2026-03-16,0.18,tcgplayer
OP07-059,2026-03-23,0.19,tcgplayer
OP07-059,2026-03-30,0.13,tcgplayer
OP07-059,2026-04-06,0.11,tcgplayer
OP07-059,2026-04-13,0.12,tcgplayer
OP07-059,2026-04-20,0.11,tcgplayer
OP07-059,2026-04-27,0.12,tcgplayer
OP07-059,2026-05-04,0.11,tcgplayer
OP07-059,2026-05-11,0.11,tcgplayer
OP07-059,2026-05-18,0.17,tcgplayer
OP07-059,2026-05-25,0.18,tcgplayer
OP07-059,2026-06-01,0.14,tcgplayer
OP07-059,2026-06-08,0.14,tcgplayer
OP07-059,2026-06-15,0.11,tcgplayer
OP07-059,2026-06-22,0.14,tcgplayer
OP07-059,2026-06-29,0.17,tcgplayer
OP07-059,2026-07-06,0.16,tcgplayer
OP07-059,2026-07-13,0.16,tcgplayer
OP07-059,2026-07-20,0.13,tcgplayer
OP07-059,2026-07-27,0.14,tcgplayer
OP07-059,2026-08-03,0.14,tcgplayer
OP07-059,2026-08-10,0.16,tcgplayer
OP07-059,2026-08-17,0.20,tcgplayer
OP07-059,2026-08-24,0.17,tcgplayer
OP07-059,2026-08-31,0.15,tcgplayer
OP07-059,2026-09-05,0.15,limitless
OP07-059p1,2025-09-08,11.43,tcgplayer
OP07-059p1,2025-09-15,12.23,tcgplayer
OP07-059p1,2025-09-22,12.33,tcgplayer
OP07-059p1,2025-09-29,12.22,tcgplayer
OP07-059p1,2025-10-06,12.55,tcgplayer
OP07-059p1,2025-10-13,12.63,tcgplayer
OP07-059p1,2025-10-20,13.10,tcgplayer
OP07-059p1,2025-10-27,13.38,tcgplayer
OP07-059p1,2025-11-03,13.60,tcgplayer
OP07-059p1,2025-11-10,13.65,tcgplayer
OP07-059p1,2025-11-17,13.53,tcgplayer
OP07-059p1,2025-11-24,12.85,tcgplayer
OP07-059p1,2025-12-01,12.64,tcgplayer
OP07-059p1,2025-12-08,14.94,tcgplayer
OP07-059p1,2025-12-15,29.31,tcgplayer
OP07-059p1,2025-12-22,33.72,tcgplayer
OP07-059p1,2025-12-29,29.59,tcgplayer
OP07-059p1,2026-01-05,28.75,tcgplayer
OP07-059p1,2026-01-12,28.08,tcgplayer
OP07-059p1,2026-01-19,28.37,tcgplayer
OP07-059p1,2026-01-26,29.11,tcgplayer
OP07-059p1,2026-02-02,31.54,tcgplayer
OP07-059p1,2026-02-09,31.92,tcgplayer
OP07-059p1,2026-02-16,32.93,tcgplayer
OP07-059p1,2026-02-23,32.92,tcgplayer
OP07-059p1,2026-03-02,32.50,tcgplayer
OP07-059p1,2026-03-09,31.33,tcgplayer
OP07-059p1,2026-03-16,29.17,tcgplayer
OP07-059p1,2026-03-23,26.88,tcgplayer
OP07-059p1,2026-03-30,23.39,tcgplayer
OP07-059p1,2026-04-06,21.38,tcgplayer
OP07-059p1,2026-04-13,20.59,tcgplayer
OP07-059p1,2026-04-20,21.68,tcgplayer
OP07-059p1,2026-04-27,21.11,tcgplayer
OP07-059p1,2026-05-04,20.35,tcgplayer
OP07-059p1,2026-05-11,20.17,tcgplayer
OP07-059p1,2026-05-18,20.22,tcgplayer
OP07-059p1,2026-05-25,20.36,tcgplayer
OP07-059p1,2026-06-01,20.52,tcgplayer
OP07-059p1,2026-06-08,20.58,tcgplayer
OP07-059p1,2026-06-15,20.40,tcgplayer
OP07-059p1,2026-06-22,20.11,tcgplayer
OP07-059p1,2026-06-29,19.55,tcgplayer
OP07-059p1,2026-07-06,19.71,tcgplayer
OP07-059p1,2026-07-13,19.44,tcgplayer
OP07-059p1,2026-07-20,19.28,tcgplayer
OP07-059p1,2026-07-27,19.78,tcgplayer
OP07-059p1,2026-08-03,20.94,tcgplayer
OP07-059p1,2026-08-10,24.17,tcgplayer
OP07-059p1,2026-08-17,26.78,tcgplayer
OP07-059p1,2026-08-24,29.86,tcgplayer
OP07-059p1,2026-08-31,31.30,tcgplayer
OP07-059p1,2026-09-05,31.30,limitless
OP07-060,2025-09-08,0.05,tcgplayer
OP07-060,2025-09-15,0.05,tcgplayer
OP07-060,2025-09-22,0.06,tcgplayer
OP07-060,2025-09-29,0.05,tcgplayer
OP07-060,2025-10-06,0.07,tcgplayer
OP07-060,2025-10-13,0.06,tcgplayer
OP07-060,2025-10-20,0.07,tcgplayer
OP07-060,2025-10-27,0.07,tcgplayer
OP07-060,2025-11-03,0.08,tcgplayer
OP07-060,2025-11-10,0.07,tcgplayer
OP07-060,2025-11-17,0.07,tcgplayer
OP07-060,2025-11-24,0.07,tcgplayer
OP07-060,2025-12-01,0.07,tcgplayer
OP07-060,2025-12-08,0.06,tcgplayer
OP07-060,2025-12-15,0.12,tcgplayer
OP07-060,2025-12-22,0.09,tcgplayer
OP07-060,2025-12-29,0.09,tcgplayer
OP07-060,2026-01-05,0.10,tcgplayer
OP07-060,2026-01-12,0.08,tcgplayer
OP07-060,2026-01-19,0.09,tcgplayer
OP07-060,2026-01-26,0.10,tcgplayer
OP07-060,2026-02-02,0.10,tcgplayer
OP07-060,2026-02-09,0.11,tcgplayer
OP07-060,2026-02-16,0.11,tcgplayer
OP07-060,2026-02-23,0.12,tcgplayer
OP07-060,2026-03-02,0.11,tcgplayer
OP07-060,2026-03-09,0.17,tcgplayer
OP07-060,2026-03-16,0.15,tcgplayer
OP07-060,2026-03-23,0.13,tcgplayer
OP07-060,2026-03-30,0.14,tcgplayer
OP07-060,2026-04-06,0.14,tcgplayer
OP07-060,2026-04-13,0.11,tcgplayer
OP07-060,2026-04-20,0.10,tcgplayer
OP07-060,2026-04-27,0.11,tcgplayer
OP07-060,2026-05-04,0.12,tcgplayer
OP07-060,2026-05-11,0.12,tcgplayer
OP07-060,2026-05-18,0.12,tcgplayer
OP07-060,2026-05-25,0.11,tcgplayer
OP07-060,2026-06-01,0.11,tcgplayer
OP07-060,2026-06-08,0.11,tcgplayer
OP07-060,2026-06-15,0.10,tcgplayer
OP07-060,2026-06-22,0.10,tcgplayer
OP07-060,2026-06-29,0.10,tcgplayer
OP07-060,2026-07-06,0.11,tcgplayer
OP07-060,2026-07-13,0.12,tcgplayer
OP07-060,2026-07-20,0.14,tcgplayer
OP07-060,2026-07-27,0.14,tcgplayer
OP07-060,2026-08-03,0.13,tcgplayer
OP07-060,2026-08-10,0.14,tcgplayer
OP07-060,2026-08-17,0.17,tcgplayer
OP07-060,2026-08-24,0.21,tcgplayer
OP07-060,2026-08-31,0.14,tcgplayer
OP07-060,2026-09-05,0.15,limitless
OP07-061,2025-09-08,0.11,tcgplayer
OP07-061,2025-09-15,0.11,tcgplayer
OP07-061,2025-09-22,0.11,tcgplayer
OP07-061,2025-09-29,0.11,tcgplayer
OP07-061,2025-10-06,0.09,tcgplayer
OP07-061,2025-10-13,0.09,tcgplayer
OP07-061,2025-10-20,0.08,tcgplayer
OP07-061,2025-10-27,0.07,tcgplayer
OP07-061,2025-11-03,0.06,tcgplayer
OP07-061,2025-11-10,0.06,tcgplayer
OP07-061,2025-11-17,0.10,tcgplayer
OP07-061,2025-11-24,0.14,tcgplayer
OP07-061,2025-12-01,0.14,tcgplayer
OP07-061,2025-12-08,0.14,tcgplayer
OP07-061,2025-12-15,0.10,tcgplayer
OP07-061,2025-12-22,0.10,tcgplayer
OP07-061,2025-12-29,0.07,tcgplayer
OP07-061,2026-01-05,0.07,tcgplayer
OP07-061,2026-01-12,0.07,tcgplayer
OP07-061,2026-01-19,0.06,tcgplayer
OP07-061,2026-01-26,0.06,tcgplayer
OP07-061,2026-02-02,0.07,tcgplayer
OP07-061,2026-02-09,0.08,tcgplayer
OP07-061,2026-02-16,0.10,tcgplayer
OP07-061,2026-02-23,0.11,tcgplayer
OP07-061,2026-03-02,0.12,tcgplayer
OP07-061,2026-03-09,0.09,tcgplayer
OP07-061,2026-03-16,0.09,tcgplayer
OP07-061,2026-03-23,0.10,tcgplayer
OP07-061,2026-03-30,0.11,tcgplayer
OP07-061,2026-04-06,0.10,tcgplayer
OP07-061,2026-04-13,0.11,tcgplayer
OP07-061,2026-04-20,0.13,tcgplayer
OP07-061,2026-04-27,0.11,tcgplayer
OP07-061,2026-05-04,0.10,tcgplayer
OP07-061,2026-05-11,0.08,tcgplayer
OP07-061,2026-05-18,0.11,tcgplayer
OP07-061,2026-05-25,0.12,tcgplayer
OP07-061,2026-06-01,0.13,tcgplayer
OP07-061,2026-06-08,0.13,tcgplayer
OP07-061,2026-06-15,0.09,tcgplayer
OP07-061,2026-06-22,0.08,tcgplayer
OP07-061,2026-06-29,0.07,tcgplayer
OP07-061,2026-07-06,0.08,tcgplayer
OP07-061,2026-07-13,0.08,tcgplayer
OP07-061,2026-07-20,0.07,tcgplayer
OP07-061,2026-07-27,0.07,tcgplayer
OP07-061,2026-08-03,0.12,tcgplayer
OP07-061,2026-08-10,0.13,tcgplayer
OP07-061,2026-08-17,0.13,tcgplayer
OP07-061,2026-08-24,0.12,tcgplayer
OP07-061,2026-08-31,0.11,tcgplayer
OP07-061,2026-09-05,0.11,limitless
OP07-062,2025-09-08,0.07,tcgplayer
OP07-062,2025-09-15,0.07,tcgplayer
OP07-062,2025-09-22,0.08,tcgplayer
OP07-062,2025-09-29,0.08,tcgplayer
OP07-062,2025-10-06,0.08,tcgplayer
OP07-062,2025-10-13,0.08,tcgplayer
OP07-062,2025-10-20,0.08,tcgplayer
OP07-062,2025-10-27,0.09,tcgplayer
OP07-062,2025-11-03,0.07,tcgplayer
OP07-062,2025-11-10,0.07,tcgplayer
OP07-062,2025-11-17,0.07,tcgplayer
OP07-062,2025-11-24,0.07,tcgplayer
OP07-062,2025-12-01,0.08,tcgplayer
OP07-062,2025-12-08,0.06,tcgplayer
OP07-062,2025-12-15,0.06,tcgplayer
OP07-062,2025-12-22,0.05,tcgplayer
OP07-062,2025-12-29,0.05,tcgplayer
OP07-062,2026-01-05,0.04,tcgplayer
OP07-062,2026-01-12,0.05,tcgplayer
OP07-062,2026-01-19,0.06,tcgplayer
OP07-062,2026-01-26,0.06,tcgplayer
OP07-062,2026-02-02,0.06,tcgplayer
OP07-062,2026-02-09,0.07,tcgplayer
OP07-062,2026-02-16,0.06,tcgplayer
OP07-062,2026-02-23,0.08,tcgplayer
OP07-062,2026-03-02,0.07,tcgplayer
OP07-062,2026-03-09,0.06,tcgplayer
OP07-062,2026-03-16,0.08,tcgplayer
OP07-062,2026-03-23,0.08,tcgplayer
OP07-062,2026-03-30,0.09,tcgplayer
OP07-062,2026-04-06,0.09,tcgplayer
OP07-062,2026-04-13,0.09,tcgplayer
OP07-062,2026-04-20,0.08,tcgplayer
OP07-062,2026-04-27,0.08,tcgplayer
OP07-062,2026-05-04,0.06,tcgplayer
OP07-062,2026-05-11,0.06,tcgplayer
OP07-062,2026-05-18,0.05,tcgplayer
OP07-062,2026-05-25,0.05,tcgplayer
OP07-062,2026-06-01,0.06,tcgplayer
OP07-062,2026-06-08,0.08,tcgplayer
OP07-062,2026-06-15,0.07,tcgplayer
OP07-062,2026-06-22,0.09,tcgplayer
OP07-062,2026-06-29,0.08,tcgplayer
OP07-062,2026-07-06,0.07,tcgplayer
OP07-062,2026-07-13,0.07,tcgplayer
OP07-062,2026-07-20,0.07,tcgplayer
OP07-062,2026-07-27,0.06,tcgplayer
OP07-062,2026-08-03,0.06,tcgplayer
OP07-062,2026-08-10,0.07,tcgplayer
OP07-062,2026-08-17,0.06,tcgplayer
OP07-062,2026-08-24,0.06,tcgplayer
OP07-062,2026-08-31,0.07,tcgplayer
OP07-062,2026-09-05,0.07,limitless
OP07-063,2025-09-08,0.05,tcgplayer
OP07-063,2025-09-15,0.04,tcgplayer
OP07-063,2025-09-22,0.03,tcgplayer
OP07-063,2025-09-29,0.03,tcgplayer
OP07-063,2025-10-06,0.05,tcgplayer
OP07-063,2025-10-13,0.05,tcgplayer
OP07-063,2025-10-20,0.05,tcgplayer
OP07-063,2025-10-27,0.06,tcgplayer
OP07-063,2025-11-03,0.05,tcgplayer
OP07-063,2025-11-10,0.05,tcgplayer
OP07-063,2025-11-17,0.05,tcgplayer
OP07-063,2025-11-24,0.05,tcgplayer
OP07-063,2025-12-01,0.05,tcgplayer
OP07-063,2025-12-08,0.04,tcgplayer
OP07-063,2025-12-15,0.04,tcgplayer
OP07-063,2025-12-22,0.05,tcgplayer
OP07-063,2025-12-29,0.06,tcgplayer
OP07-063,2026-01-05,0.06,tcgplayer
OP07-063,2026-01-12,0.06,tcgplayer
OP07-063,2026-01-19,0.06,tcgplayer
OP07-063,2026-01-26,0.06,tcgplayer
OP07-063,2026-02-02,0.04,tcgplayer
OP07-063,2026-02-09,0.06,tcgplayer
OP07-063,2026-02-16,0.07,tcgplayer
OP07-063,2026-02-23,0.07,tcgplayer
OP07-063,2026-03-02,0.06,tcgplayer
OP07-063,2026-03-09,0.08,tcgplayer
OP07-063,2026-03-16,0.08,tcgplayer
OP07-063,2026-03-23,0.08,tcgplayer
OP07-063,2026-03-30,0.07,tcgplayer
OP07-063,2026-04-06,0.07,tcgplayer
OP07-063,2026-04-13,0.08,tcgplayer
OP07-063,2026-04-20,0.06,tcgplayer
OP07-063,2026-04-27,0.05,tcgplayer
OP07-063,2026-05-04,0.05,tcgplayer
OP07-063,2026-05-11,0.04,tcgplayer
OP07-063,2026-05-18,0.05,tcgplayer
OP07-063,2026-05-25,0.04,tcgplayer
OP07-063,2026-06-01,0.05,tcgplayer
OP07-063,2026-06-08,0.05,tcgplayer
OP07-063,2026-06-15,0.05,tcgplayer
OP07-063,2026-06-22,0.05,tcgplayer
OP07-063,2026-06-29,0.06,tcgplayer
OP07-063,2026-07-06,0.05,tcgplayer
OP07-063,2026-07-13,0.06,tcgplayer
OP07-063,2026-07-20,0.06,tcgplayer
OP07-063,2026-07-27,0.07,tcgplayer
OP07-063,2026-08-03,0.08,tcgplayer
OP07-063,2026-08-10,0.09,tcgplayer
OP07-063,2026-08-17,0.08,tcgplayer
OP07-063,2026-08-24,0.11,tcgplayer
OP07-063,2026-08-31,0.13,tcgplayer
OP07-063,2026-09-05,0.13,limitless
OP07-064,2025-09-08,5.65,tcgplayer
OP07-064,2025-09-15,4.88,tcgplayer
OP07-064,2025-09-22,4.80,tcgplayer
OP07-064,2025-09-29,1.81,tcgplayer
OP07-064,2025-10-06,1.63,tcgplayer
OP07-064,2025-10-13,1.45,tcgplayer
OP07-064,2025-10-20,1.19,tcgplayer
OP07-064,2025-10-27,1.19,tcgplayer
OP07-064,2025-11-03,1.10,tcgplayer
OP07-064,2025-11-10,0.86,tcgplayer
OP07-064,2025-11-17,0.76,tcgplayer
OP07-064,2025-11-24,0.79,tcgplayer
OP07-064,2025-12-01,0.82,tcgplayer
OP07-064,2025-12-08,0.72,tcgplayer
OP07-064,2025-12-15,0.89,tcgplayer
OP07-064,2025-12-22,0.96,tcgplayer
OP07-064,2025-12-29,1.12,tcgplayer
OP07-064,2026-01-05,1.35,tcgplayer
OP07-064,2026-01-12,1.12,tcgplayer
OP07-064,2026-01-19,1.30,tcgplayer
OP07-064,2026-01-26,1.30,tcgplayer
OP07-064,2026-02-02,1.62,tcgplayer
OP07-064,2026-02-09,2.31,tcgplayer
OP07-064,2026-02-16,2.52,tcgplayer
OP07-064,2026-02-23,2.28,tcgplayer
OP07-064,2026-03-02,2.82,tcgplayer
OP07-064,2026-03-09,3.34,tcgplayer
OP07-064,2026-03-16,5.36,tcgplayer
OP07-064,2026-03-23,6.26,tcgplayer
OP07-064,2026-03-30,4.64,tcgplayer
OP07-064,2026-04-06,5.10,tcgplayer
OP07-064,2026-04-13,4.89,tcgplayer
OP07-064,2026-04-20,4.64,tcgplayer
OP07-064,2026-04-27,4.14,tcgplayer
OP07-064,2026-05-04,4.16,tcgplayer
OP07-064,2026-05-11,3.46,tcgplayer
OP07-064,2026-05-18,3.14,tcgplayer
OP07-064,2026-05-25,2.60,tcgplayer
OP07-064,2026-06-01,2.65,tcgplayer
OP07-064,2026-06-08,2.37,tcgplayer
OP07-064,2026-06-15,2.44,tcgplayer
OP07-064,2026-06-22,2.39,tcgplayer
OP07-064,2026-06-29,1.75,tcgplayer
OP07-064,2026-07-06,1.41,tcgplayer
OP07-064,2026-07-13,1.58,tcgplayer
OP07-064,2026-07-20,1.40,tcgplayer
OP07-064,2026-07-27,1.45,tcgplayer
OP07-064,2026-08-03,1.54,tcgplayer
OP07-064,2026-08-10,1.28,tcgplayer
OP07-064,2026-08-17,1.46,tcgplayer
OP07-064,2026-08-24,1.43,tcgplayer
OP07-064,2026-08-31,1.45,tcgplayer
OP07-064,2026-09-05,1.43,limitless
OP07-064p1,2025-09-08,18.57,tcgplayer
OP07-064p1,2025-09-15,19.03,tcgplayer
OP07-064p1,2025-09-22,18.49,tcgplayer
OP07-064p1,2025-09-29,18.86,tcgplayer
OP07-064p1,2025-10-06,18.38,tcgplayer
OP07-064p1,2025-10-13,17.12,tcgplayer
OP07-064p1,2025-10-20,15.68,tcgplayer
OP07-064p1,2025-10-27,16.57,tcgplayer
OP07-064p1,2025-11-03,16.25,tcgplayer
OP07-064p1,2025-11-10,14.81,tcgplayer
OP07-064p1,2025-11-17,14.31,tcgplayer
OP07-064p1,2025-11-24,15.62,tcgplayer
OP07-064p1,2025-12-01,17.37,tcgplayer
OP07-064p1,2025-12-08,19.01,tcgplayer
OP07-064p1,2025-12-15,19.41,tcgplayer
OP07-064p1,2025-12-22,23.30,tcgplayer
OP07-064p1,2025-12-29,24.92,tcgplayer
OP07-064p1,2026-01-05,25.62,tcgplayer
OP07-064p1,2026-01-12,26.27,tcgplayer
OP07-064p1,2026-01-19,26.65,tcgplayer
OP07-064p1,2026-01-26,26.67,tcgplayer
OP07-064p1,2026-02-02,28.88,tcgplayer
OP07-064p1,2026-02-09,32.14,tcgplayer
OP07-064p1,2026-02-16,33.83,tcgplayer
OP07-064p1,2026-02-23,33.27,tcgplayer
OP07-064p1,2026-03-02,33.77,tcgplayer
OP07-064p1,2026-03-09,37.62,tcgplayer
OP07-064p1,2026-03-16,39.39,tcgplayer
OP07-064p1,2026-03-23,41.88,tcgplayer
OP07-064p1,2026-03-30,42.40,tcgplayer
OP07-064p1,2026-04-06,41.83,tcgplayer
OP07-064p1,2026-04-13,41.16,tcgplayer
OP07-064p1,2026-04-20,40.45,tcgplayer
OP07-064p1,2026-04-27,36.94,tcgplayer
OP07-064p1,2026-05-04,32.92,tcgplayer
OP07-064p1,2026-05-11,31.27,tcgplayer
OP07-064p1,2026-05-18,30.49,tcgplayer
OP07-064p1,2026-05-25,29.27,tcgplayer
OP07-064p1,2026-06-01,28.92,tcgplayer
OP07-064p1,2026-06-08,28.05,tcgplayer
OP07-064p1,2026-06-15,26.37,tcgplayer
OP07-064p1,2026-06-22,25.42,tcgplayer
OP07-064p1,2026-06-29,21.91,tcgplayer
OP07-064p1,2026-07-06,20.38,tcgplayer
OP07-064p1,2026-07-13,19.64,tcgplayer
OP07-064p1,2026-07-20,19.07,tcgplayer
OP07-064p1,2026-07-27,18.58,tcgplayer
OP07-064p1,2026-08-03,18.14,tcgplayer
OP07-064p1,2026-08-10,16.93,tcgplayer
OP07-064p1,2026-08-17,15.54,tcgplayer
OP07-064p1,2026-08-24,15.49,tcgplayer
OP07-064p1,2026-08-31,15.36,tcgplayer
OP07-064p1,2026-09-05,15.46,limitless
OP07-065,2025-09-08,0.13,tcgplayer
OP07-065,2025-09-15,0.13,tcgplayer
OP07-065,2025-09-22,0.16,tcgplayer
OP07-065,2025-09-29,0.16,tcgplayer
OP07-065,2025-10-06,0.15,tcgplayer
OP07-065,2025-10-13,0.15,tcgplayer
OP07-065,2025-10-20,0.15,tcgplayer
OP07-065,2025-10-27,0.15,tcgplayer
OP07-065,2025-11-03,0.14,tcgplayer
OP07-065,2025-11-10,0.13,tcgplayer
OP07-065,2025-11-17,0.12,tcgplayer
OP07-065,2025-11-24,0.13,tcgplayer
OP07-065,2025-12-01,0.18,tcgplayer
OP07-065,2025-12-08,0.18,tcgplayer
OP07-065,2025-12-15,0.17,tcgplayer
OP07-065,2025-12-22,0.13,tcgplayer
OP07-065,2025-12-29,0.13,tcgplayer
OP07-065,2026-01-05,0.14,tcgplayer
OP07-065,2026-01-12,0.16,tcgplayer
OP07-065,2026-01-19,0.15,tcgplayer
OP07-065,2026-01-26,0.15,tcgplayer
OP07-065,2026-02-02,0.17,tcgplayer
OP07-065,2026-02-09,0.18,tcgplayer
OP07-065,2026-02-16,0.16,tcgplayer
OP07-065,2026-02-23,0.17,tcgplayer
OP07-065,2026-03-02,0.15,tcgplayer
OP07-065,2026-03-09,0.15,tcgplayer
OP07-065,2026-03-16,0.16,tcgplayer
OP07-065,2026-03-23,0.16,tcgplayer
OP07-065,2026-03-30,0.16,tcgplayer
OP07-065,2026-04-06,0.16,tcgplayer
OP07-065,2026-04-13,0.15,tcgplayer
OP07-065,2026-04-20,0.16,tcgplayer
OP07-065,2026-04-27,0.16,tcgplayer
OP07-065,2026-05-04,0.18,tcgplayer
OP07-065,2026-05-11,0.18,tcgplayer
OP07-065,2026-05-18,0.15,tcgplayer
OP07-065,2026-05-25,0.15,tcgplayer
OP07-065,2026-06-01,0.13,tcgplayer
OP07-065,2026-06-08,0.13,tcgplayer
OP07-065,2026-06-15,0.13,tcgplayer
OP07-065,2026-06-22,0.14,tcgplayer
OP07-065,2026-06-29,0.15,tcgplayer
OP07-065,2026-07-06,0.16,tcgplayer
OP07-065,2026-07-13,0.16,tcgplayer
OP07-065,2026-07-20,0.15,tcgplayer
OP07-065,2026-07-27,0.15,tcgplayer
OP07-065,2026-08-03,0.16,tcgplayer
OP07-065,2026-08-10,0.19,tcgplayer
OP07-065,2026-08-17,0.22,tcgplayer
OP07-065,2026-08-24,0.25,tcgplayer
OP07-065,2026-08-31,0.19,tcgplayer
OP07-065,2026-09-05,0.23,limitless
OP07-066,2025-09-08,0.58,tcgplayer
OP07-066,2025-09-15,0.77,tcgplayer
OP07-066,2025-09-22,0.68,tcgplayer
OP07-066,2025-09-29,0.76,tcgplayer
OP07-066,2025-10-06,0.75,tcgplayer
OP07-066,2025-10-13,0.67,tcgplayer
OP07-066,2025-10-20,0.62,tcgplayer
OP07-066,2025-10-27,0.75,tcgplayer
OP07-066,2025-11-03,0.69,tcgplayer
OP07-066,2025-11-10,0.56,tcgplayer
OP07-066,2025-11-17,0.54,tcgplayer
OP07-066,2025-11-24,0.62,tcgplayer
OP07-066,2025-12-01,0.68,tcgplayer
OP07-066,2025-12-08,0.74,tcgplayer
OP07-066,2025-12-15,0.75,tcgplayer
OP07-066,2025-12-22,0.76,tcgplayer
OP07-066,2025-12-29,0.71,tcgplayer
OP07-066,2026-01-05,0.70,tcgplayer
OP07-066,2026-01-12,0.70,tcgplayer
OP07-066,2026-01-19,0.76,tcgplayer
OP07-066,2026-01-26,0.69,tcgplayer
OP07-066,2026-02-02,0.69,tcgplayer
OP07-066,2026-02-09,0.67,tcgplayer
OP07-066,2026-02-16,0.70,tcgplayer
OP07-066,2026-02-23,0.68,tcgplayer
OP07-066,2026-03-02,0.70,tcgplayer
OP07-066,2026-03-09,0.69,tcgplayer
OP07-066,2026-03-16,0.79,tcgplayer
OP07-066,2026-03-23,0.76,tcgplayer
OP07-066,2026-03-30,0.76,tcgplayer
OP07-066,2026-04-06,0.71,tcgplayer
OP07-066,2026-04-13,0.63,tcgplayer
OP07-066,2026-04-20,0.64,tcgplayer
OP07-066,2026-04-27,0.62,tcgplayer
OP07-066,2026-05-04,0.62,tcgplayer
OP07-066,2026-05-11,0.59,tcgplayer
OP07-066,2026-05-18,0.76,tcgplayer
OP07-066,2026-05-25,0.70,tcgplayer
OP07-066,2026-06-01,0.60,tcgplayer
OP07-066,2026-06-08,0.56,tcgplayer
OP07-066,2026-06-15,0.55,tcgplayer
OP07-066,2026-06-22,0.49,tcgplayer
OP07-066,2026-06-29,0.53,tcgplayer
OP07-066,2026-07-06,0.56,tcgplayer
OP07-066,2026-07-13,0.56,tcgplayer
OP07-066,2026-07-20,0.54,tcgplayer
OP07-066,2026-07-27,0.58,tcgplayer
OP07-066,2026-08-03,0.55,tcgplayer
OP07-066,2026-08-10,0.57,tcgplayer
OP07-066,2026-08-17,0.60,tcgplayer
OP07-066,2026-08-24,0.69,tcgplayer
OP07-066,2026-08-31,0.63,tcgplayer
OP07-066,2026-09-05,0.63,limitless
OP07-067,2025-09-08,0.04,tcgplayer
OP07-067,2025-09-15,0.04,tcgplayer
OP07-067,2025-09-22,0.04,tcgplayer
OP07-067,2025-09-29,0.04,tcgplayer
OP07-067,2025-10-06,0.04,tcgplayer
OP07-067,2025-10-13,0.04,tcgplayer
OP07-067,2025-10-20,0.04,tcgplayer
OP07-067,2025-10-27,0.03,tcgplayer
OP07-067,2025-11-03,0.03,tcgplayer
OP07-067,2025-11-10,0.04,tcgplayer
OP07-067,2025-11-17,0.04,tcgplayer
OP07-067,2025-11-24,0.04,tcgplayer
OP07-067,2025-12-01,0.04,tcgplayer
OP07-067,2025-12-08,0.03,tcgplayer
OP07-067,2025-12-15,0.04,tcgplayer
OP07-067,2025-12-22,0.03,tcgplayer
OP07-067,2025-12-29,0.03,tcgplayer
OP07-067,2026-01-05,0.03,tcgplayer
OP07-067,2026-01-12,0.03,tcgplayer
OP07-067,2026-01-19,0.03,tcgplayer
OP07-067,2026-01-26,0.03,tcgplayer
OP07-067,2026-02-02,0.03,tcgplayer
OP07-067,2026-02-09,0.04,tcgplayer
OP07-067,2026-02-16,0.03,tcgplayer
OP07-067,2026-02-23,0.03,tcgplayer
OP07-067,2026-03-02,0.03,tcgplayer
OP07-067,2026-03-09,0.03,tcgplayer
OP07-067,2026-03-16,0.03,tcgplayer
OP07-067,2026-03-23,0.04,tcgplayer
OP07-067,2026-03-30,0.03,tcgplayer
OP07-067,2026-04-06,0.03,tcgplayer
OP07-067,2026-04-13,0.03,tcgplayer
OP07-067,2026-04-20,0.02,tcgplayer
OP07-067,2026-04-27,0.02,tcgplayer
OP07-067,2026-05-04,0.02,tcgplayer
OP07-067,2026-05-11,0.02,tcgplayer
OP07-067,2026-05-18,0.02,tcgplayer
OP07-067,2026-05-25,0.03,tcgplayer
OP07-067,2026-06-01,0.03,tcgplayer
OP07-067,2026-06-08,0.04,tcgplayer
OP07-067,2026-06-15,0.04,tcgplayer
OP07-067,2026-06-22,0.04,tcgplayer
OP07-067,2026-06-29,0.04,tcgplayer
OP07-067,2026-07-06,0.04,tcgplayer
OP07-067,2026-07-13,0.05,tcgplayer
OP07-067,2026-07-20,0.05,tcgplayer
OP07-067,2026-07-27,0.05,tcgplayer
OP07-067,2026-08-03,0.06,tcgplayer
OP07-067,2026-08-10,0.06,tcgplayer
OP07-067,2026-08-17,0.06,tcgplayer
OP07-067,2026-08-24,0.05,tcgplayer
OP07-067,2026-08-31,0.05,tcgplayer
OP07-067,2026-09-05,0.05,limitless
OP07-068,2025-09-08,0.04,tcgplayer
OP07-068,2025-09-15,0.04,tcgplayer
OP07-068,2025-09-22,0.04,tcgplayer
OP07-068,2025-09-29,0.04,tcgplayer
OP07-068,2025-10-06,0.05,tcgplayer
OP07-068,2025-10-13,0.04,tcgplayer
OP07-068,2025-10-20,0.06,tcgplayer
OP07-068,2025-10-27,0.07,tcgplayer
OP07-068,2025-11-03,0.07,tcgplayer
OP07-068,2025-11-10,0.07,tcgplayer
OP07-068,2025-11-17,0.07,tcgplayer
OP07-068,2025-11-24,0.07,tcgplayer
OP07-068,2025-12-01,0.05,tcgplayer
OP07-068,2025-12-08,0.05,tcgplayer
OP07-068,2025-12-15,0.05,tcgplayer
OP07-068,2025-12-22,0.05,tcgplayer
OP07-068,2025-12-29,0.05,tcgplayer
OP07-068,2026-01-05,0.05,tcgplayer
OP07-068,2026-01-12,0.05,tcgplayer
OP07-068,2026-01-19,0.05,tcgplayer
OP07-068,2026-01-26,0.06,tcgplayer
OP07-068,2026-02-02,0.07,tcgplayer
OP07-068,2026-02-09,0.08,tcgplayer
OP07-068,2026-02-16,0.07,tcgplayer
OP07-068,2026-02-23,0.07,tcgplayer
OP07-068,2026-03-02,0.07,tcgplayer
OP07-068,2026-03-09,0.06,tcgplayer
OP07-068,2026-03-16,0.07,tcgplayer
OP07-068,2026-03-23,0.07,tcgplayer
OP07-068,2026-03-30,0.07,tcgplayer
OP07-068,2026-04-06,0.06,tcgplayer
OP07-068,2026-04-13,0.06,tcgplayer
OP07-068,2026-04-20,0.06,tcgplayer
OP07-068,2026-04-27,0.06,tcgplayer
OP07-068,2026-05-04,0.06,tcgplayer
OP07-068,2026-05-11,0.06,tcgplayer
OP07-068,2026-05-18,0.06,tcgplayer
OP07-068,2026-05-25,0.06,tcgplayer
OP07-068,2026-06-01,0.06,tcgplayer
OP07-068,2026-06-08,0.06,tcgplayer
OP07-068,2026-06-15,0.06,tcgplayer
OP07-068,2026-06-22,0.06,tcgplayer
OP07-068,2026-06-29,0.06,tcgplayer
OP07-068,2026-07-06,0.06,tcgplayer
OP07-068,2026-07-13,0.06,tcgplayer
OP07-068,2026-07-20,0.05,tcgplayer
OP07-068,2026-07-27,0.06,tcgplayer
OP07-068,2026-08-03,0.06,tcgplayer
OP07-068,2026-08-10,0.08,tcgplayer
OP07-068,2026-08-17,0.10,tcgplayer
OP07-068,2026-08-24,0.11,tcgplayer
OP07-068,2026-08-31,0.12,tcgplayer
OP07-068,2026-09-05,0.12,limitless
OP07-069,2025-09-08,0.03,tcgplayer
OP07-069,2025-09-15,0.02,tcgplayer
OP07-069,2025-09-22,0.03,tcgplayer
OP07-069,2025-09-29,0.03,tcgplayer
OP07-069,2025-10-06,0.05,tcgplayer
OP07-069,2025-10-13,0.04,tcgplayer
OP07-069,2025-10-20,0.06,tcgplayer
OP07-069,2025-10-27,0.05,tcgplayer
OP07-069,2025-11-03,0.05,tcgplayer
OP07-069,2025-11-10,0.06,tcgplayer
OP07-069,2025-11-17,0.06,tcgplayer
OP07-069,2025-11-24,0.05,tcgplayer
OP07-069,2025-12-01,0.04,tcgplayer
OP07-069,2025-12-08,0.04,tcgplayer
OP07-069,2025-12-15,0.08,tcgplayer
OP07-069,2025-12-22,0.07,tcgplayer
OP07-069,2025-12-29,0.07,tcgplayer
OP07-069,2026-01-05,0.06,tcgplayer
OP07-069,2026-01-12,0.06,tcgplayer
OP07-069,2026-01-19,0.07,tcgplayer
OP07-069,2026-01-26,0.07,tcgplayer
OP07-069,2026-02-02,0.06,tcgplayer
OP07-069,2026-02-09,0.09,tcgplayer
OP07-069,2026-02-16,0.08,tcgplayer
OP07-069,2026-02-23,0.08,tcgplayer
OP07-069,2026-03-02,0.07,tcgplayer
OP07-069,2026-03-09,0.08,tcgplayer
OP07-069,2026-03-16,0.08,tcgplayer
OP07-069,2026-03-23,0.08,tcgplayer
OP07-069,2026-03-30,0.08,tcgplayer
OP07-069,2026-04-06,0.08,tcgplayer
OP07-069,2026-04-13,0.08,tcgplayer
OP07-069,2026-04-20,0.08,tcgplayer
OP07-069,2026-04-27,0.08,tcgplayer
OP07-069,2026-05-04,0.07,tcgplayer
OP07-069,2026-05-11,0.06,tcgplayer
OP07-069,2026-05-18,0.06,tcgplayer
OP07-069,2026-05-25,0.05,tcgplayer
OP07-069,2026-06-01,0.05,tcgplayer
OP07-069,2026-06-08,0.05,tcgplayer
OP07-069,2026-06-15,0.05,tcgplayer
OP07-069,2026-06-22,0.05,tcgplayer
OP07-069,2026-06-29,0.05,tcgplayer
OP07-069,2026-07-06,0.05,tcgplayer
OP07-069,2026-07-13,0.05,tcgplayer
OP07-069,2026-07-20,0.05,tcgplayer
OP07-069,2026-07-27,0.06,tcgplayer
OP07-069,2026-08-03,0.07,tcgplayer
OP07-069,2026-08-10,0.07,tcgplayer
OP07-069,2026-08-17,0.08,tcgplayer
OP07-069,2026-08-24,0.10,tcgplayer
OP07-069,2026-08-31,0.11,tcgplayer
OP07-069,2026-09-05,0.11,limitless
OP07-070,2025-09-08,0.04,tcgplayer
OP07-070,2025-09-15,0.05,tcgplayer
OP07-070,2025-09-22,0.05,tcgplayer
OP07-070,2025-09-29,0.06,tcgplayer
OP07-070,2025-10-06,0.07,tcgplayer
OP07-070,2025-10-13,0.06,tcgplayer
OP07-070,2025-10-20,0.06,tcgplayer
OP07-070,2025-10-27,0.06,tcgplayer
OP07-070,2025-11-03,0.06,tcgplayer
OP07-070,2025-11-10,0.06,tcgplayer
OP07-070,2025-11-17,0.06,tcgplayer
OP07-070,2025-11-24,0.06,tcgplayer
OP07-070,2025-12-01,0.05,tcgplayer
OP07-070,2025-12-08,0.05,tcgplayer
OP07-070,2025-12-15,0.04,tcgplayer
OP07-070,2025-12-22,0.06,tcgplayer
OP07-070,2025-12-29,0.06,tcgplayer
OP07-070,2026-01-05,0.06,tcgplayer
OP07-070,2026-01-12,0.06,tcgplayer
OP07-070,2026-01-19,0.06,tcgplayer
OP07-070,2026-01-26,0.06,tcgplayer
OP07-070,2026-02-02,0.06,tcgplayer
OP07-070,2026-02-09,0.07,tcgplayer
OP07-070,2026-02-16,0.05,tcgplayer
OP07-070,2026-02-23,0.05,tcgplayer
OP07-070,2026-03-02,0.04,tcgplayer
OP07-070,2026-03-09,0.05,tcgplayer
OP07-070,2026-03-16,0.07,tcgplayer
OP07-070,2026-03-23,0.07,tcgplayer
OP07-070,2026-03-30,0.07,tcgplayer
OP07-070,2026-04-06,0.07,tcgplayer
OP07-070,2026-04-13,0.08,tcgplayer
OP07-070,2026-04-20,0.07,tcgplayer
OP07-070,2026-04-27,0.07,tcgplayer
OP07-070,2026-05-04,0.06,tcgplayer
OP07-070,2026-05-11,0.06,tcgplayer
OP07-070,2026-05-18,0.05,tcgplayer
OP07-070,2026-05-25,0.05,tcgplayer
OP07-070,2026-06-01,0.05,tcgplayer
OP07-070,2026-06-08,0.05,tcgplayer
OP07-070,2026-06-15,0.05,tcgplayer
OP07-070,2026-06-22,0.05,tcgplayer
OP07-070,2026-06-29,0.06,tcgplayer
OP07-070,2026-07-06,0.07,tcgplayer
OP07-070,2026-07-13,0.07,tcgplayer
OP07-070,2026-07-20,0.07,tcgplayer
OP07-070,2026-07-27,0.08,tcgplayer
OP07-070,2026-08-03,0.08,tcgplayer
OP07-070,2026-08-10,0.09,tcgplayer
OP07-070,2026-08-17,0.11,tcgplayer
OP07-070,2026-08-24,0.12,tcgplayer
OP07-070,2026-08-31,0.12,tcgplayer
OP07-070,2026-09-05,0.12,limitless
OP07-071,2025-09-08,0.11,tcgplayer
OP07-071,2025-09-15,0.11,tcgplayer
OP07-071,2025-09-22,0.12,tcgplayer
OP07-071,2025-09-29,0.11,tcgplayer
OP07-071,2025-10-06,0.11,tcgplayer
OP07-071,2025-10-13,0.10,tcgplayer
OP07-071,2025-10-20,0.10,tcgplayer
OP07-071,2025-10-27,0.12,tcgplayer
OP07-071,2025-11-03,0.13,tcgplayer
OP07-071,2025-11-10,0.13,tcgplayer
OP07-071,2025-11-17,0.12,tcgplayer
OP07-071,2025-11-24,0.11,tcgplayer
OP07-071,2025-12-01,0.13,tcgplayer
OP07-071,2025-12-08,0.17,tcgplayer
OP07-071,2025-12-15,0.19,tcgplayer
OP07-071,2025-12-22,0.12,tcgplayer
OP07-071,2025-12-29,0.15,tcgplayer
OP07-071,2026-01-05,0.15,tcgplayer
OP07-071,2026-01-12,0.15,tcgplayer
OP07-071,2026-01-19,0.15,tcgplayer
OP07-071,2026-01-26,0.17,tcgplayer
OP07-071,2026-02-02,0.16,tcgplayer
OP07-071,2026-02-09,0.16,tcgplayer
OP07-071,2026-02-16,0.19,tcgplayer
OP07-071,2026-02-23,0.19,tcgplayer
OP07-071,2026-03-02,0.17,tcgplayer
OP07-071,2026-03-09,0.15,tcgplayer
OP07-071,2026-03-16,0.15,tcgplayer
OP07-071,2026-03-23,0.15,tcgplayer
OP07-071,2026-03-30,0.17,tcgplayer
OP07-071,2026-04-06,0.15,tcgplayer
OP07-071,2026-04-13,0.13,tcgplayer
OP07-071,2026-04-20,0.15,tcgplayer
OP07-071,2026-04-27,0.19,tcgplayer
OP07-071,2026-05-04,0.16,tcgplayer
OP07-071,2026-05-11,0.15,tcgplayer
OP07-071,2026-05-18,0.19,tcgplayer
OP07-071,2026-05-25,0.23,tcgplayer
OP07-071,2026-06-01,0.23,tcgplayer
OP07-071,2026-06-08,0.23,tcgplayer
OP07-071,2026-06-15,0.19,tcgplayer
OP07-071,2026-06-22,0.18,tcgplayer
OP07-071,2026-06-29,0.18,tcgplayer
OP07-071,2026-07-06,0.17,tcgplayer
OP07-071,2026-07-13,0.17,tcgplayer
OP07-071,2026-07-20,0.18,tcgplayer
OP07-071,2026-07-27,0.20,tcgplayer
OP07-071,2026-08-03,0.22,tcgplayer
OP07-071,2026-08-10,0.26,tcgplayer
OP07-071,2026-08-17,0.21,tcgplayer
OP07-071,2026-08-24,0.24,tcgplayer
OP07-071,2026-08-31,0.20,tcgplayer
OP07-071,2026-09-05,0.22,limitless
OP07-071p1,2025-09-08,3.40,tcgplayer
OP07-071p1,2025-09-15,3.52,tcgplayer
OP07-071p1,2025-09-22,3.29,tcgplayer
OP07-071p1,2025-09-29,2.93,tcgplayer
OP07-071p1,2025-10-06,3.02,tcgplayer
OP07-071p1,2025-10-13,3.44,tcgplayer
OP07-071p1,2025-10-20,3.75,tcgplayer
OP07-071p1,2025-10-27,4.05,tcgplayer
OP07-071p1,2025-11-03,4.03,tcgplayer
OP07-071p1,2025-11-10,3.56,tcgplayer
OP07-071p1,2025-11-17,2.82,tcgplayer
OP07-071p1,2025-11-24,2.71,tcgplayer
OP07-071p1,2025-12-01,3.22,tcgplayer
OP07-071p1,2025-12-08,5.70,tcgplayer
OP07-071p1,2025-12-15,13.74,tcgplayer
OP07-071p1,2025-12-22,14.30,tcgplayer
OP07-071p1,2025-12-29,13.19,tcgplayer
OP07-071p1,2026-01-05,12.07,tcgplayer
OP07-071p1,2026-01-12,10.46,tcgplayer
OP07-071p1,2026-01-19,9.86,tcgplayer
OP07-071p1,2026-01-26,9.48,tcgplayer
OP07-071p1,2026-02-02,9.85,tcgplayer
OP07-071p1,2026-02-09,9.12,tcgplayer
OP07-071p1,2026-02-16,8.99,tcgplayer
OP07-071p1,2026-02-23,8.72,tcgplayer
OP07-071p1,2026-03-02,7.76,tcgplayer
OP07-071p1,2026-03-09,7.49,tcgplayer
OP07-071p1,2026-03-16,7.43,tcgplayer
OP07-071p1,2026-03-23,6.27,tcgplayer
OP07-071p1,2026-03-30,6.70,tcgplayer
OP07-071p1,2026-04-06,6.05,tcgplayer
OP07-071p1,2026-04-13,6.49,tcgplayer
OP07-071p1,2026-04-20,7.17,tcgplayer
OP07-071p1,2026-04-27,7.03,tcgplayer
OP07-071p1,2026-05-04,6.69,tcgplayer
OP07-071p1,2026-05-11,6.55,tcgplayer
OP07-071p1,2026-05-18,6.50,tcgplayer
OP07-071p1,2026-05-25,6.30,tcgplayer
OP07-071p1,2026-06-01,5.79,tcgplayer
OP07-071p1,2026-06-08,5.40,tcgplayer
OP07-071p1,2026-06-15,5.34,tcgplayer
OP07-071p1,2026-06-22,5.19,tcgplayer
OP07-071p1,2026-06-29,4.70,tcgplayer
OP07-071p1,2026-07-06,4.48,tcgplayer
OP07-071p1,2026-07-13,4.57,tcgplayer
OP07-071p1,2026-07-20,4.64,tcgplayer
OP07-071p1,2026-07-27,4.95,tcgplayer
OP07-071p1,2026-08-03,5.69,tcgplayer
OP07-071p1,2026-08-10,6.91,tcgplayer
OP07-071p1,2026-08-17,9.17,tcgplayer
OP07-071p1,2026-08-24,10.47,tcgplayer
OP07-071p1,2026-08-31,10.42,tcgplayer
OP07-071p1,2026-09-05,10.42,limitless
OP07-072,2025-09-08,0.99,tcgplayer
OP07-072,2025-09-15,1.44,tcgplayer
OP07-072,2025-09-22,1.16,tcgplayer
OP07-072,2025-09-29,1.10,tcgplayer
OP07-072,2025-10-06,1.12,tcgplayer
OP07-072,2025-10-13,1.50,tcgplayer
OP07-072,2025-10-20,0.79,tcgplayer
OP07-072,2025-10-27,1.23,tcgplayer
OP07-072,2025-11-03,1.22,tcgplayer
OP07-072,2025-11-10,0.90,tcgplayer
OP07-072,2025-11-17,0.99,tcgplayer
OP07-072,2025-11-24,0.89,tcgplayer
OP07-072,2025-12-01,1.00,tcgplayer
OP07-072,2025-12-08,0.99,tcgplayer
OP07-072,2025-12-15,1.49,tcgplayer
OP07-072,2025-12-22,1.62,tcgplayer
OP07-072,2025-12-29,1.48,tcgplayer
OP07-072,2026-01-05,1.55,tcgplayer
OP07-072,2026-01-12,2.16,tcgplayer
OP07-072,2026-01-19,2.72,tcgplayer
OP07-072,2026-01-26,2.34,tcgplayer
OP07-072,2026-02-02,2.60,tcgplayer
OP07-072,2026-02-09,2.56,tcgplayer
OP07-072,2026-02-16,3.19,tcgplayer
OP07-072,2026-02-23,3.23,tcgplayer
OP07-072,2026-03-02,2.94,tcgplayer
OP07-072,2026-03-09,2.48,tcgplayer
OP07-072,2026-03-16,2.35,tcgplayer
OP07-072,2026-03-23,6.52,tcgplayer
OP07-072,2026-03-30,10.74,tcgplayer
OP07-072,2026-04-06,6.70,tcgplayer
OP07-072,2026-04-13,3.88,tcgplayer
OP07-072,2026-04-20,2.50,tcgplayer
OP07-072,2026-04-27,2.41,tcgplayer
OP07-072,2026-05-04,1.79,tcgplayer
OP07-072,2026-05-11,1.54,tcgplayer
OP07-072,2026-05-18,1.42,tcgplayer
OP07-072,2026-05-25,1.25,tcgplayer
OP07-072,2026-06-01,1.24,tcgplayer
OP07-072,2026-06-08,1.18,tcgplayer
OP07-072,2026-06-15,1.37,tcgplayer
OP07-072,2026-06-22,1.26,tcgplayer
OP07-072,2026-06-29,1.24,tcgplayer
OP07-072,2026-07-06,1.02,tcgplayer
OP07-072,2026-07-13,0.97,tcgplayer
OP07-072,2026-07-20,0.85,tcgplayer
OP07-072,2026-07-27,0.72,tcgplayer
OP07-072,2026-08-03,0.86,tcgplayer
OP07-072,2026-08-10,1.15,tcgplayer
OP07-072,2026-08-17,1.36,tcgplayer
OP07-072,2026-08-24,1.28,tcgplayer
OP07-072,2026-08-31,1.50,tcgplayer
OP07-072,2026-09-05,1.33,limitless
OP07-072p1,2025-09-08,8.60,tcgplayer
OP07-072p1,2025-09-15,9.18,tcgplayer
OP07-072p1,2025-09-22,9.42,tcgplayer
OP07-072p1,2025-09-29,8.67,tcgplayer
OP07-072p1,2025-10-06,8.88,tcgplayer
OP07-072p1,2025-10-13,9.46,tcgplayer
OP07-072p1,2025-10-20,8.64,tcgplayer
OP07-072p1,2025-10-27,8.12,tcgplayer
OP07-072p1,2025-11-03,7.80,tcgplayer
OP07-072p1,2025-11-10,7.29,tcgplayer
OP07-072p1,2025-11-17,6.21,tcgplayer
OP07-072p1,2025-11-24,6.96,tcgplayer
OP07-072p1,2025-12-01,7.71,tcgplayer
OP07-072p1,2025-12-08,9.41,tcgplayer
OP07-072p1,2025-12-15,15.03,tcgplayer
OP07-072p1,2025-12-22,17.12,tcgplayer
OP07-072p1,2025-12-29,17.29,tcgplayer
OP07-072p1,2026-01-05,16.42,tcgplayer
OP07-072p1,2026-01-12,17.15,tcgplayer
OP07-072p1,2026-01-19,17.80,tcgplayer
OP07-072p1,2026-01-26,17.53,tcgplayer
OP07-072p1,2026-02-02,17.46,tcgplayer
OP07-072p1,2026-02-09,18.16,tcgplayer
OP07-072p1,2026-02-16,18.20,tcgplayer
OP07-072p1,2026-02-23,18.45,tcgplayer
OP07-072p1,2026-03-02,18.10,tcgplayer
OP07-072p1,2026-03-09,17.32,tcgplayer
OP07-072p1,2026-03-16,15.39,tcgplayer
OP07-072p1,2026-03-23,32.72,tcgplayer
OP07-072p1,2026-03-30,37.34,tcgplayer
OP07-072p1,2026-04-06,35.31,tcgplayer
OP07-072p1,2026-04-13,31.32,tcgplayer
OP07-072p1,2026-04-20,30.66,tcgplayer
OP07-072p1,2026-04-27,29.46,tcgplayer
OP07-072p1,2026-05-04,14.59,tcgplayer
OP07-072p1,2026-05-11,9.39,tcgplayer
OP07-072p1,2026-05-18,9.60,tcgplayer
OP07-072p1,2026-05-25,9.37,tcgplayer
OP07-072p1,2026-06-01,9.54,tcgplayer
OP07-072p1,2026-06-08,9.32,tcgplayer
OP07-072p1,2026-06-15,9.00,tcgplayer
OP07-072p1,2026-06-22,9.02,tcgplayer
OP07-072p1,2026-06-29,9.04,tcgplayer
OP07-072p1,2026-07-06,8.81,tcgplayer
OP07-072p1,2026-07-13,8.76,tcgplayer
OP07-072p1,2026-07-20,8.50,tcgplayer
OP07-072p1,2026-07-27,8.47,tcgplayer
OP07-072p1,2026-08-03,8.60,tcgplayer
OP07-072p1,2026-08-10,8.97,tcgplayer
OP07-072p1,2026-08-17,9.24,tcgplayer
OP07-072p1,2026-08-24,9.73,tcgplayer
OP07-072p1,2026-08-31,9.66,tcgplayer
OP07-072p1,2026-09-05,9.65,limitless
OP07-073,2025-09-08,0.14,tcgplayer
OP07-073,2025-09-15,0.14,tcgplayer
OP07-073,2025-09-22,0.16,tcgplayer
OP07-073,2025-09-29,0.15,tcgplayer
OP07-073,2025-10-06,0.15,tcgplayer
OP07-073,2025-10-13,0.16,tcgplayer
OP07-073,2025-10-20,0.13,tcgplayer
OP07-073,2025-10-27,0.12,tcgplayer
OP07-073,2025-11-03,0.13,tcgplayer
OP07-073,2025-11-10,0.13,tcgplayer
OP07-073,2025-11-17,0.12,tcgplayer
OP07-073,2025-11-24,0.14,tcgplayer
OP07-073,2025-12-01,0.14,tcgplayer
OP07-073,2025-12-08,0.14,tcgplayer
OP07-073,2025-12-15,0.17,tcgplayer
OP07-073,2025-12-22,0.21,tcgplayer
OP07-073,2025-12-29,0.15,tcgplayer
OP07-073,2026-01-05,0.14,tcgplayer
OP07-073,2026-01-12,0.23,tcgplayer
OP07-073,2026-01-19,0.20,tcgplayer
OP07-073,2026-01-26,0.23,tcgplayer
OP07-073,2026-02-02,0.23,tcgplayer
OP07-073,2026-02-09,0.21,tcgplayer
OP07-073,2026-02-16,0.25,tcgplayer
OP07-073,2026-02-23,0.24,tcgplayer
OP07-073,2026-03-02,0.20,tcgplayer
OP07-073,2026-03-09,0.18,tcgplayer
OP07-073,2026-03-16,0.17,tcgplayer
OP07-073,2026-03-23,0.23,tcgplayer
OP07-073,2026-03-30,0.19,tcgplayer
OP07-073,2026-04-06,0.24,tcgplayer
OP07-073,2026-04-13,0.30,tcgplayer
OP07-073,2026-04-20,0.19,tcgplayer
OP07-073,2026-04-27,0.21,tcgplayer
OP07-073,2026-05-04,0.19,tcgplayer
OP07-073,2026-05-11,0.19,tcgplayer
OP07-073,2026-05-18,0.25,tcgplayer
OP07-073,2026-05-25,0.28,tcgplayer
OP07-073,2026-06-01,0.27,tcgplayer
OP07-073,2026-06-08,0.24,tcgplayer
OP07-073,2026-06-15,0.22,tcgplayer
OP07-073,2026-06-22,0.21,tcgplayer
OP07-073,2026-06-29,0.23,tcgplayer
OP07-073,2026-07-06,0.22,tcgplayer
OP07-073,2026-07-13,0.22,tcgplayer
OP07-073,2026-07-20,0.23,tcgplayer
OP07-073,2026-07-27,0.25,tcgplayer
OP07-073,2026-08-03,0.31,tcgplayer
OP07-073,2026-08-10,0.28,tcgplayer
OP07-073,2026-08-17,0.24,tcgplayer
OP07-073,2026-08-24,0.24,tcgplayer
OP07-073,2026-08-31,0.23,tcgplayer
OP07-073,2026-09-05,0.26,limitless
OP07-074,2025-09-08,0.04,tcgplayer
OP07-074,2025-09-15,0.03,tcgplayer
OP07-074,2025-09-22,0.03,tcgplayer
OP07-074,2025-09-29,0.03,tcgplayer
OP07-074,2025-10-06,0.05,tcgplayer
OP07-074,2025-10-13,0.04,tcgplayer
OP07-074,2025-10-20,0.05,tcgplayer
OP07-074,2025-10-27,0.06,tcgplayer
OP07-074,2025-11-03,0.05,tcgplayer
OP07-074,2025-11-10,0.06,tcgplayer
OP07-074,2025-11-17,0.06,tcgplayer
OP07-074,2025-11-24,0.05,tcgplayer
OP07-074,2025-12-01,0.04,tcgplayer
OP07-074,2025-12-08,0.03,tcgplayer
OP07-074,2025-12-15,0.03,tcgplayer
OP07-074,2025-12-22,0.04,tcgplayer
OP07-074,2025-12-29,0.05,tcgplayer
OP07-074,2026-01-05,0.04,tcgplayer
OP07-074,2026-01-12,0.05,tcgplayer
OP07-074,2026-01-19,0.06,tcgplayer
OP07-074,2026-01-26,0.05,tcgplayer
OP07-074,2026-02-02,0.06,tcgplayer
OP07-074,2026-02-09,0.06,tcgplayer
OP07-074,2026-02-16,0.05,tcgplayer
OP07-074,2026-02-23,0.05,tcgplayer
OP07-074,2026-03-02,0.04,tcgplayer
OP07-074,2026-03-09,0.06,tcgplayer
OP07-074,2026-03-16,0.08,tcgplayer
OP07-074,2026-03-23,0.08,tcgplayer
OP07-074,2026-03-30,0.08,tcgplayer
OP07-074,2026-04-06,0.08,tcgplayer
OP07-074,2026-04-13,0.07,tcgplayer
OP07-074,2026-04-20,0.07,tcgplayer
OP07-074,2026-04-27,0.07,tcgplayer
OP07-074,2026-05-04,0.07,tcgplayer
OP07-074,2026-05-11,0.06,tcgplayer
OP07-074,2026-05-18,0.06,tcgplayer
OP07-074,2026-05-25,0.06,tcgplayer
OP07-074,2026-06-01,0.05,tcgplayer
OP07-074,2026-06-08,0.06,tcgplayer
OP07-074,2026-06-15,0.06,tcgplayer
OP07-074,2026-06-22,0.06,tcgplayer
OP07-074,2026-06-29,0.06,tcgplayer
OP07-074,2026-07-06,0.05,tcgplayer
OP07-074,2026-07-13,0.05,tcgplayer
OP07-074,2026-07-20,0.05,tcgplayer
OP07-074,2026-07-27,0.05,tcgplayer
OP07-074,2026-08-03,0.06,tcgplayer
OP07-074,2026-08-10,0.08,tcgplayer
OP07-074,2026-08-17,0.11,tcgplayer
OP07-074,2026-08-24,0.16,tcgplayer
OP07-074,2026-08-31,0.15,tcgplayer
OP07-074,2026-09-05,0.15,limitless
OP07-075,2025-09-08,0.10,tcgplayer
OP07-075,2025-09-15,0.09,tcgplayer
OP07-075,2025-09-22,0.09,tcgplayer
OP07-075,2025-09-29,0.10,tcgplayer
OP07-075,2025-10-06,0.10,tcgplayer
OP07-075,2025-10-13,0.09,tcgplayer
OP07-075,2025-10-20,0.09,tcgplayer
OP07-075,2025-10-27,0.09,tcgplayer
OP07-075,2025-11-03,0.10,tcgplayer
OP07-075,2025-11-10,0.10,tcgplayer
OP07-075,2025-11-17,0.11,tcgplayer
OP07-075,2025-11-24,0.08,tcgplayer
OP07-075,2025-12-01,0.11,tcgplayer
OP07-075,2025-12-08,0.11,tcgplayer
OP07-075,2025-12-15,0.09,tcgplayer
OP07-075,2025-12-22,0.09,tcgplayer
OP07-075,2025-12-29,0.08,tcgplayer
OP07-075,2026-01-05,0.09,tcgplayer
OP07-075,2026-01-12,0.10,tcgplayer
OP07-075,2026-01-19,0.08,tcgplayer
OP07-075,2026-01-26,0.09,tcgplayer
OP07-075,2026-02-02,0.10,tcgplayer
OP07-075,2026-02-09,0.11,tcgplayer
OP07-075,2026-02-16,0.10,tcgplayer
OP07-075,2026-02-23,0.12,tcgplayer
OP07-075,2026-03-02,0.12,tcgplayer
OP07-075,2026-03-09,0.16,tcgplayer
OP07-075,2026-03-16,0.17,tcgplayer
OP07-075,2026-03-23,0.13,tcgplayer
OP07-075,2026-03-30,0.12,tcgplayer
OP07-075,2026-04-06,0.11,tcgplayer
OP07-075,2026-04-13,0.11,tcgplayer
OP07-075,2026-04-20,0.17,tcgplayer
OP07-075,2026-04-27,0.18,tcgplayer
OP07-075,2026-05-04,0.18,tcgplayer
OP07-075,2026-05-11,0.12,tcgplayer
OP07-075,2026-05-18,0.12,tcgplayer
OP07-075,2026-05-25,0.11,tcgplayer
OP07-075,2026-06-01,0.11,tcgplayer
OP07-075,2026-06-08,0.10,tcgplayer
OP07-075,2026-06-15,0.10,tcgplayer
OP07-075,2026-06-22,0.10,tcgplayer
OP07-075,2026-06-29,0.12,tcgplayer
OP07-075,2026-07-06,0.21,tcgplayer
OP07-075,2026-07-13,0.14,tcgplayer
OP07-075,2026-07-20,0.12,tcgplayer
OP07-075,2026-07-27,0.12,tcgplayer
OP07-075,2026-08-03,0.14,tcgplayer
OP07-075,2026-08-10,0.16,tcgplayer
OP07-075,2026-08-17,0.14,tcgplayer
OP07-075,2026-08-24,0.14,tcgplayer
OP07-075,2026-08-31,0.15,tcgplayer
OP07-075,2026-09-05,0.15,limitless
OP07-076,2025-09-08,0.14,tcgplayer
OP07-076,2025-09-15,0.13,tcgplayer
OP07-076,2025-09-22,0.13,tcgplayer
OP07-076,2025-09-29,0.11,tcgplayer
OP07-076,2025-10-06,0.11,tcgplayer
OP07-076,2025-10-13,0.11,tcgplayer
OP07-076,2025-10-20,0.10,tcgplayer
OP07-076,2025-10-27,0.08,tcgplayer
OP07-076,2025-11-03,0.08,tcgplayer
OP07-076,2025-11-10,0.09,tcgplayer
OP07-076,2025-11-17,0.10,tcgplayer
OP07-076,2025-11-24,0.12,tcgplayer
OP07-076,2025-12-01,0.13,tcgplayer
OP07-076,2025-12-08,0.11,tcgplayer
OP07-076,2025-12-15,0.11,tcgplayer
OP07-076,2025-12-22,0.14,tcgplayer
OP07-076,2025-12-29,0.12,tcgplayer
OP07-076,2026-01-05,0.14,tcgplayer
OP07-076,2026-01-12,0.18,tcgplayer
OP07-076,2026-01-19,0.16,tcgplayer
OP07-076,2026-01-26,0.17,tcgplayer
OP07-076,2026-02-02,0.19,tcgplayer
OP07-076,2026-02-09,0.20,tcgplayer
OP07-076,2026-02-16,0.27,tcgplayer
OP07-076,2026-02-23,0.22,tcgplayer
OP07-076,2026-03-02,0.21,tcgplayer
OP07-076,2026-03-09,0.19,tcgplayer
OP07-076,2026-03-16,0.25,tcgplayer
OP07-076,2026-03-23,0.25,tcgplayer
OP07-076,2026-03-30,0.24,tcgplayer
OP07-076,2026-04-06,0.26,tcgplayer
OP07-076,2026-04-13,0.24,tcgplayer
OP07-076,2026-04-20,0.25,tcgplayer
OP07-076,2026-04-27,0.34,tcgplayer
OP07-076,2026-05-04,0.26,tcgplayer
OP07-076,2026-05-11,0.25,tcgplayer
OP07-076,2026-05-18,0.29,tcgplayer
OP07-076,2026-05-25,0.25,tcgplayer
OP07-076,2026-06-01,0.22,tcgplayer
OP07-076,2026-06-08,0.23,tcgplayer
OP07-076,2026-06-15,0.29,tcgplayer
OP07-076,2026-06-22,0.30,tcgplayer
OP07-076,2026-06-29,0.25,tcgplayer
OP07-076,2026-07-06,0.25,tcgplayer
OP07-076,2026-07-13,0.29,tcgplayer
OP07-076,2026-07-20,0.27,tcgplayer
OP07-076,2026-07-27,0.28,tcgplayer
OP07-076,2026-08-03,0.26,tcgplayer
OP07-076,2026-08-10,0.28,tcgplayer
OP07-076,2026-08-17,0.32,tcgplayer
OP07-076,2026-08-24,0.70,tcgplayer
OP07-076,2026-08-31,1.28,tcgplayer
OP07-076,2026-09-05,0.83,limitless
OP07-077,2025-09-08,0.45,tcgplayer
OP07-077,2025-09-15,0.48,tcgplayer
OP07-077,2025-09-22,0.38,tcgplayer
OP07-077,2025-09-29,0.33,tcgplayer
OP07-077,2025-10-06,0.38,tcgplayer
OP07-077,2025-10-13,0.42,tcgplayer
OP07-077,2025-10-20,0.54,tcgplayer
OP07-077,2025-10-27,0.58,tcgplayer
OP07-077,2025-11-03,0.60,tcgplayer
OP07-077,2025-11-10,0.50,tcgplayer
OP07-077,2025-11-17,0.42,tcgplayer
OP07-077,2025-11-24,0.51,tcgplayer
OP07-077,2025-12-01,0.47,tcgplayer
OP07-077,2025-12-08,0.54,tcgplayer
OP07-077,2025-12-15,0.55,tcgplayer
OP07-077,2025-12-22,0.69,tcgplayer
OP07-077,2025-12-29,0.70,tcgplayer
OP07-077,2026-01-05,0.90,tcgplayer
OP07-077,2026-01-12,1.20,tcgplayer
OP07-077,2026-01-19,1.13,tcgplayer
OP07-077,2026-01-26,1.09,tcgplayer
OP07-077,2026-02-02,0.82,tcgplayer
OP07-077,2026-02-09,0.74,tcgplayer
OP07-077,2026-02-16,0.93,tcgplayer
OP07-077,2026-02-23,0.79,tcgplayer
OP07-077,2026-03-02,0.75,tcgplayer
OP07-077,2026-03-09,0.71,tcgplayer
OP07-077,2026-03-16,0.72,tcgplayer
OP07-077,2026-03-23,0.66,tcgplayer
OP07-077,2026-03-30,0.65,tcgplayer
OP07-077,2026-04-06,0.68,tcgplayer
OP07-077,2026-04-13,0.73,tcgplayer
OP07-077,2026-04-20,0.73,tcgplayer
OP07-077,2026-04-27,0.70,tcgplayer
OP07-077,2026-05-04,0.68,tcgplayer
OP07-077,2026-05-11,0.68,tcgplayer
OP07-077,2026-05-18,0.68,tcgplayer
OP07-077,2026-05-25,0.70,tcgplayer
OP07-077,2026-06-01,0.67,tcgplayer
OP07-077,2026-06-08,0.64,tcgplayer
OP07-077,2026-06-15,0.71,tcgplayer
OP07-077,2026-06-22,0.77,tcgplayer
OP07-077,2026-06-29,0.76,tcgplayer
OP07-077,2026-07-06,0.95,tcgplayer
OP07-077,2026-07-13,2.14,tcgplayer
OP07-077,2026-07-20,3.73,tcgplayer
OP07-077,2026-07-27,4.42,tcgplayer
OP07-077,2026-08-03,4.88,tcgplayer
OP07-077,2026-08-10,4.72,tcgplayer
OP07-077,2026-08-17,9.12,tcgplayer
OP07-077,2026-08-24,8.65,tcgplayer
OP07-077,2026-08-31,6.88,tcgplayer
OP07-077,2026-09-05,6.87,limitless
OP07-078,2025-09-08,0.04,tcgplayer
OP07-078,2025-09-15,0.05,tcgplayer
OP07-078,2025-09-22,0.05,tcgplayer
OP07-078,2025-09-29,0.06,tcgplayer
OP07-078,2025-10-06,0.05,tcgplayer
OP07-078,2025-10-13,0.05,tcgplayer
OP07-078,2025-10-20,0.06,tcgplayer
OP07-078,2025-10-27,0.06,tcgplayer
OP07-078,2025-11-03,0.05,tcgplayer
OP07-078,2025-11-10,0.05,tcgplayer
OP07-078,2025-11-17,0.06,tcgplayer
OP07-078,2025-11-24,0.05,tcgplayer
OP07-078,2025-12-01,0.05,tcgplayer
OP07-078,2025-12-08,0.05,tcgplayer
OP07-078,2025-12-15,0.08,tcgplayer
OP07-078,2025-12-22,0.06,tcgplayer
OP07-078,2025-12-29,0.06,tcgplayer
OP07-078,2026-01-05,0.05,tcgplayer
OP07-078,2026-01-12,0.07,tcgplayer
OP07-078,2026-01-19,0.07,tcgplayer
OP07-078,2026-01-26,0.07,tcgplayer
OP07-078,2026-02-02,0.06,tcgplayer
OP07-078,2026-02-09,0.07,tcgplayer
OP07-078,2026-02-16,0.07,tcgplayer
OP07-078,2026-02-23,0.09,tcgplayer
OP07-078,2026-03-02,0.05,tcgplayer
OP07-078,2026-03-09,0.05,tcgplayer
OP07-078,2026-03-16,0.07,tcgplayer
OP07-078,2026-03-23,0.08,tcgplayer
OP07-078,2026-03-30,0.07,tcgplayer
OP07-078,2026-04-06,0.06,tcgplayer
OP07-078,2026-04-13,0.06,tcgplayer
OP07-078,2026-04-20,0.05,tcgplayer
OP07-078,2026-04-27,0.06,tcgplayer
OP07-078,2026-05-04,0.07,tcgplayer
OP07-078,2026-05-11,0.08,tcgplayer
OP07-078,2026-05-18,0.08,tcgplayer
OP07-078,2026-05-25,0.08,tcgplayer
OP07-078,2026-06-01,0.07,tcgplayer
OP07-078,2026-06-08,0.08,tcgplayer
OP07-078,2026-06-15,0.08,tcgplayer
OP07-078,2026-06-22,0.08,tcgplayer
OP07-078,2026-06-29,0.07,tcgplayer
OP07-078,2026-07-06,0.09,tcgplayer
OP07-078,2026-07-13,0.08,tcgplayer
OP07-078,2026-07-20,0.07,tcgplayer
OP07-078,2026-07-27,0.05,tcgplayer
OP07-078,2026-08-03,0.08,tcgplayer
OP07-078,2026-08-10,0.09,tcgplayer
OP07-078,2026-08-17,0.12,tcgplayer
OP07-078,2026-08-24,0.17,tcgplayer
OP07-078,2026-08-31,0.16,tcgplayer
OP07-078,2026-09-05,0.16,limitless
OP07-079,2025-09-08,0.13,tcgplayer
OP07-079,2025-09-15,0.12,tcgplayer
OP07-079,2025-09-22,0.11,tcgplayer
OP07-079,2025-09-29,0.11,tcgplayer
OP07-079,2025-10-06,0.16,tcgplayer
OP07-079,2025-10-13,0.17,tcgplayer
OP07-079,2025-10-20,0.12,tcgplayer
OP07-079,2025-10-27,0.11,tcgplayer
OP07-079,2025-11-03,0.12,tcgplayer
OP07-079,2025-11-10,0.12,tcgplayer
OP07-079,2025-11-17,0.14,tcgplayer
OP07-079,2025-11-24,0.13,tcgplayer
OP07-079,2025-12-01,0.12,tcgplayer
OP07-079,2025-12-08,0.10,tcgplayer
OP07-079,2025-12-15,0.10,tcgplayer
OP07-079,2025-12-22,0.11,tcgplayer
OP07-079,2025-12-29,0.13,tcgplayer
OP07-079,2026-01-05,0.13,tcgplayer
OP07-079,2026-01-12,0.11,tcgplayer
OP07-079,2026-01-19,0.12,tcgplayer
OP07-079,2026-01-26,0.12,tcgplayer
OP07-079,2026-02-02,0.12,tcgplayer
OP07-079,2026-02-09,0.12,tcgplayer
OP07-079,2026-02-16,0.13,tcgplayer
OP07-079,2026-02-23,0.13,tcgplayer
OP07-079,2026-03-02,0.13,tcgplayer
OP07-079,2026-03-09,0.13,tcgplayer
OP07-079,2026-03-16,0.14,tcgplayer
OP07-079,2026-03-23,0.16,tcgplayer
OP07-079,2026-03-30,0.13,tcgplayer
OP07-079,2026-04-06,0.14,tcgplayer
OP07-079,2026-04-13,0.14,tcgplayer
OP07-079,2026-04-20,0.16,tcgplayer
OP07-079,2026-04-27,0.18,tcgplayer
OP07-079,2026-05-04,0.13,tcgplayer
OP07-079,2026-05-11,0.17,tcgplayer
OP07-079,2026-05-18,0.13,tcgplayer
OP07-079,2026-05-25,0.12,tcgplayer
OP07-079,2026-06-01,0.14,tcgplayer
OP07-079,2026-06-08,0.19,tcgplayer
OP07-079,2026-06-15,0.20,tcgplayer
OP07-079,2026-06-22,0.16,tcgplayer
OP07-079,2026-06-29,0.16,tcgplayer
OP07-079,2026-07-06,0.15,tcgplayer
OP07-079,2026-07-13,0.15,tcgplayer
OP07-079,2026-07-20,0.15,tcgplayer
OP07-079,2026-07-27,0.17,tcgplayer
OP07-079,2026-08-03,0.16,tcgplayer
OP07-079,2026-08-10,0.14,tcgplayer
OP07-079,2026-08-17,0.15,tcgplayer
OP07-079,2026-08-24,0.15,tcgplayer
OP07-079,2026-08-31,0.16,tcgplayer
OP07-079,2026-09-05,0.14,limitless
OP07-079p1,2025-09-08,19.20,tcgplayer
OP07-079p1,2025-09-15,18.36,tcgplayer
OP07-079p1,2025-09-22,16.65,tcgplayer
OP07-079p1,2025-09-29,15.07,tcgplayer
OP07-079p1,2025-10-06,15.48,tcgplayer
OP07-079p1,2025-10-13,15.39,tcgplayer
OP07-079p1,2025-10-20,15.68,tcgplayer
OP07-079p1,2025-10-27,16.04,tcgplayer
OP07-079p1,2025-11-03,15.86,tcgplayer
OP07-079p1,2025-11-10,14.81,tcgplayer
OP07-079p1,2025-11-17,12.83,tcgplayer
OP07-079p1,2025-11-24,13.83,tcgplayer
OP07-079p1,2025-12-01,14.62,tcgplayer
OP07-079p1,2025-12-08,15.75,tcgplayer
OP07-079p1,2025-12-15,17.11,tcgplayer
OP07-079p1,2025-12-22,25.59,tcgplayer
OP07-079p1,2025-12-29,27.38,tcgplayer
OP07-079p1,2026-01-05,29.40,tcgplayer
OP07-079p1,2026-01-12,29.97,tcgplayer
OP07-079p1,2026-01-19,30.62,tcgplayer
OP07-079p1,2026-01-26,31.56,tcgplayer
OP07-079p1,2026-02-02,31.52,tcgplayer
OP07-079p1,2026-02-09,31.32,tcgplayer
OP07-079p1,2026-02-16,30.08,tcgplayer
OP07-079p1,2026-02-23,28.87,tcgplayer
OP07-079p1,2026-03-02,28.26,tcgplayer
OP07-079p1,2026-03-09,25.97,tcgplayer
OP07-079p1,2026-03-16,23.54,tcgplayer
OP07-079p1,2026-03-23,22.75,tcgplayer
OP07-079p1,2026-03-30,21.94,tcgplayer
OP07-079p1,2026-04-06,19.40,tcgplayer
OP07-079p1,2026-04-13,18.64,tcgplayer
OP07-079p1,2026-04-20,18.83,tcgplayer
OP07-079p1,2026-04-27,18.85,tcgplayer
OP07-079p1,2026-05-04,19.61,tcgplayer
OP07-079p1,2026-05-11,19.73,tcgplayer
OP07-079p1,2026-05-18,19.99,tcgplayer
OP07-079p1,2026-05-25,19.81,tcgplayer
OP07-079p1,2026-06-01,19.62,tcgplayer
OP07-079p1,2026-06-08,19.40,tcgplayer
OP07-079p1,2026-06-15,18.94,tcgplayer
OP07-079p1,2026-06-22,19.26,tcgplayer
OP07-079p1,2026-06-29,19.22,tcgplayer
OP07-079p1,2026-07-06,19.26,tcgplayer
OP07-079p1,2026-07-13,18.87,tcgplayer
OP07-079p1,2026-07-20,18.75,tcgplayer
OP07-079p1,2026-07-27,18.36,tcgplayer
OP07-079p1,2026-08-03,18.42,tcgplayer
OP07-079p1,2026-08-10,18.91,tcgplayer
OP07-079p1,2026-08-17,19.10,tcgplayer
OP07-079p1,2026-08-24,19.36,tcgplayer
OP07-079p1,2026-08-31,19.51,tcgplayer
OP07-079p1,2026-09-05,19.40,limitless
OP07-080,2025-09-08,0.12,tcgplayer
OP07-080,2025-09-15,0.11,tcgplayer
OP07-080,2025-09-22,0.08,tcgplayer
OP07-080,2025-09-29,0.09,tcgplayer
OP07-080,2025-10-06,0.11,tcgplayer
OP07-080,2025-10-13,0.10,tcgplayer
OP07-080,2025-10-20,0.10,tcgplayer
OP07-080,2025-10-27,0.10,tcgplayer
OP07-080,2025-11-03,0.10,tcgplayer
OP07-080,2025-11-10,0.08,tcgplayer
OP07-080,2025-11-17,0.07,tcgplayer
OP07-080,2025-11-24,0.08,tcgplayer
OP07-080,2025-12-01,0.07,tcgplayer
OP07-080,2025-12-08,0.07,tcgplayer
OP07-080,2025-12-15,0.05,tcgplayer
OP07-080,2025-12-22,0.09,tcgplayer
OP07-080,2025-12-29,0.10,tcgplayer
OP07-080,2026-01-05,0.09,tcgplayer
OP07-080,2026-01-12,0.09,tcgplayer
OP07-080,2026-01-19,0.10,tcgplayer
OP07-080,2026-01-26,0.11,tcgplayer
OP07-080,2026-02-02,0.10,tcgplayer
OP07-080,2026-02-09,0.11,tcgplayer
OP07-080,2026-02-16,0.10,tcgplayer
OP07-080,2026-02-23,0.10,tcgplayer
OP07-080,2026-03-02,0.09,tcgplayer
OP07-080,2026-03-09,0.09,tcgplayer
OP07-080,2026-03-16,0.10,tcgplayer
OP07-080,2026-03-23,0.10,tcgplayer
OP07-080,2026-03-30,0.12,tcgplayer
OP07-080,2026-04-06,0.11,tcgplayer
OP07-080,2026-04-13,0.11,tcgplayer
OP07-080,2026-04-20,0.11,tcgplayer
OP07-080,2026-04-27,0.13,tcgplayer
OP07-080,2026-05-04,0.13,tcgplayer
OP07-080,2026-05-11,0.12,tcgplayer
OP07-080,2026-05-18,0.10,tcgplayer
OP07-080,2026-05-25,0.08,tcgplayer
OP07-080,2026-06-01,0.10,tcgplayer
OP07-080,2026-06-08,0.13,tcgplayer
OP07-080,2026-06-15,0.13,tcgplayer
OP07-080,2026-06-22,0.14,tcgplayer
OP07-080,2026-06-29,0.12,tcgplayer
OP07-080,2026-07-06,0.12,tcgplayer
OP07-080,2026-07-13,0.13,tcgplayer
OP07-080,2026-07-20,0.12,tcgplayer
OP07-080,2026-07-27,0.14,tcgplayer
OP07-080,2026-08-03,0.14,tcgplayer
OP07-080,2026-08-10,0.14,tcgplayer
OP07-080,2026-08-17,0.13,tcgplayer
OP07-080,2026-08-24,0.13,tcgplayer
OP07-080,2026-08-31,0.12,tcgplayer
OP07-080,2026-09-05,0.13,limitless
OP07-081,2025-09-08,0.12,tcgplayer
OP07-081,2025-09-15,0.11,tcgplayer
OP07-081,2025-09-22,0.10,tcgplayer
OP07-081,2025-09-29,0.09,tcgplayer
OP07-081,2025-10-06,0.09,tcgplayer
OP07-081,2025-10-13,0.09,tcgplayer
OP07-081,2025-10-20,0.09,tcgplayer
OP07-081,2025-10-27,0.07,tcgplayer
OP07-081,2025-11-03,0.06,tcgplayer
OP07-081,2025-11-10,0.06,tcgplayer
OP07-081,2025-11-17,0.06,tcgplayer
OP07-081,2025-11-24,0.07,tcgplayer
OP07-081,2025-12-01,0.07,tcgplayer
OP07-081,2025-12-08,0.06,tcgplayer
OP07-081,2025-12-15,0.07,tcgplayer
OP07-081,2025-12-22,0.07,tcgplayer
OP07-081,2025-12-29,0.08,tcgplayer
OP07-081,2026-01-05,0.07,tcgplayer
OP07-081,2026-01-12,0.09,tcgplayer
OP07-081,2026-01-19,0.09,tcgplayer
OP07-081,2026-01-26,0.11,tcgplayer
OP07-081,2026-02-02,0.18,tcgplayer
OP07-081,2026-02-09,0.12,tcgplayer
OP07-081,2026-02-16,0.09,tcgplayer
OP07-081,2026-02-23,0.11,tcgplayer
OP07-081,2026-03-02,0.11,tcgplayer
OP07-081,2026-03-09,0.11,tcgplayer
OP07-081,2026-03-16,0.10,tcgplayer
OP07-081,2026-03-23,0.09,tcgplayer
OP07-081,2026-03-30,0.11,tcgplayer
OP07-081,2026-04-06,0.14,tcgplayer
OP07-081,2026-04-13,0.15,tcgplayer
OP07-081,2026-04-20,0.11,tcgplayer
OP07-081,2026-04-27,0.08,tcgplayer
OP07-081,2026-05-04,0.07,tcgplayer
OP07-081,2026-05-11,0.07,tcgplayer
OP07-081,2026-05-18,0.08,tcgplayer
OP07-081,2026-05-25,0.09,tcgplayer
OP07-081,2026-06-01,0.09,tcgplayer
OP07-081,2026-06-08,0.08,tcgplayer
OP07-081,2026-06-15,0.06,tcgplayer
OP07-081,2026-06-22,0.10,tcgplayer
OP07-081,2026-06-29,0.10,tcgplayer
OP07-081,2026-07-06,0.10,tcgplayer
OP07-081,2026-07-13,0.10,tcgplayer
OP07-081,2026-07-20,0.11,tcgplayer
OP07-081,2026-07-27,0.10,tcgplayer
OP07-081,2026-08-03,0.10,tcgplayer
OP07-081,2026-08-10,0.09,tcgplayer
OP07-081,2026-08-17,0.09,tcgplayer
OP07-081,2026-08-24,0.08,tcgplayer
OP07-081,2026-08-31,0.08,tcgplayer
OP07-081,2026-09-05,0.08,limitless
OP07-082,2025-09-08,0.06,tcgplayer
OP07-082,2025-09-15,0.05,tcgplayer
OP07-082,2025-09-22,0.06,tcgplayer
OP07-082,2025-09-29,0.04,tcgplayer
OP07-082,2025-10-06,0.08,tcgplayer
OP07-082,2025-10-13,0.08,tcgplayer
OP07-082,2025-10-20,0.08,tcgplayer
OP07-082,2025-10-27,0.07,tcgplayer
OP07-082,2025-11-03,0.07,tcgplayer
OP07-082,2025-11-10,0.05,tcgplayer
OP07-082,2025-11-17,0.05,tcgplayer
OP07-082,2025-11-24,0.07,tcgplayer
OP07-082,2025-12-01,0.07,tcgplayer
OP07-082,2025-12-08,0.07,tcgplayer
OP07-082,2025-12-15,0.07,tcgplayer
OP07-082,2025-12-22,0.07,tcgplayer
OP07-082,2025-12-29,0.07,tcgplayer
OP07-082,2026-01-05,0.06,tcgplayer
OP07-082,2026-01-12,0.07,tcgplayer
OP07-082,2026-01-19,0.08,tcgplayer
OP07-082,2026-01-26,0.08,tcgplayer
OP07-082,2026-02-02,0.08,tcgplayer
OP07-082,2026-02-09,0.11,tcgplayer
OP07-082,2026-02-16,0.10,tcgplayer
OP07-082,2026-02-23,0.09,tcgplayer
OP07-082,2026-03-02,0.09,tcgplayer
OP07-082,2026-03-09,0.08,tcgplayer
OP07-082,2026-03-16,0.07,tcgplayer
OP07-082,2026-03-23,0.11,tcgplayer
OP07-082,2026-03-30,0.12,tcgplayer
OP07-082,2026-04-06,0.11,tcgplayer
OP07-082,2026-04-13,0.11,tcgplayer
OP07-082,2026-04-20,0.08,tcgplayer
OP07-082,2026-04-27,0.07,tcgplayer
OP07-082,2026-05-04,0.08,tcgplayer
OP07-082,2026-05-11,0.07,tcgplayer
OP07-082,2026-05-18,0.09,tcgplayer
OP07-082,2026-05-25,0.09,tcgplayer
OP07-082,2026-06-01,0.09,tcgplayer
OP07-082,2026-06-08,0.09,tcgplayer
OP07-082,2026-06-15,0.09,tcgplayer
OP07-082,2026-06-22,0.09,tcgplayer
OP07-082,2026-06-29,0.08,tcgplayer
OP07-082,2026-07-06,0.09,tcgplayer
OP07-082,2026-07-13,0.10,tcgplayer
OP07-082,2026-07-20,0.11,tcgplayer
OP07-082,2026-07-27,0.11,tcgplayer
OP07-082,2026-08-03,0.11,tcgplayer
OP07-082,2026-08-10,0.11,tcgplayer
OP07-082,2026-08-17,0.11,tcgplayer
OP07-082,2026-08-24,0.10,tcgplayer
OP07-082,2026-08-31,0.10,tcgplayer
OP07-082,2026-09-05,0.10,limitless
OP07-083,2025-09-08,0.05,tcgplayer
OP07-083,2025-09-15,0.06,tcgplayer
OP07-083,2025-09-22,0.06,tcgplayer
OP07-083,2025-09-29,0.05,tcgplayer
OP07-083,2025-10-06,0.06,tcgplayer
OP07-083,2025-10-13,0.06,tcgplayer
OP07-083,2025-10-20,0.05,tcgplayer
OP07-083,2025-10-27,0.06,tcgplayer
OP07-083,2025-11-03,0.08,tcgplayer
OP07-083,2025-11-10,0.08,tcgplayer
OP07-083,2025-11-17,0.08,tcgplayer
OP07-083,2025-11-24,0.08,tcgplayer
OP07-083,2025-12-01,0.08,tcgplayer
OP07-083,2025-12-08,0.09,tcgplayer
OP07-083,2025-12-15,0.08,tcgplayer
OP07-083,2025-12-22,0.08,tcgplayer
OP07-083,2025-12-29,0.08,tcgplayer
OP07-083,2026-01-05,0.07,tcgplayer
OP07-083,2026-01-12,0.08,tcgplayer
OP07-083,2026-01-19,0.09,tcgplayer
OP07-083,2026-01-26,0.09,tcgplayer
OP07-083,2026-02-02,0.08,tcgplayer
OP07-083,2026-02-09,0.07,tcgplayer
OP07-083,2026-02-16,0.06,tcgplayer
OP07-083,2026-02-23,0.07,tcgplayer
OP07-083,2026-03-02,0.07,tcgplayer
OP07-083,2026-03-09,0.11,tcgplayer
OP07-083,2026-03-16,0.11,tcgplayer
OP07-083,2026-03-23,0.11,tcgplayer
OP07-083,2026-03-30,0.09,tcgplayer
OP07-083,2026-04-06,0.09,tcgplayer
OP07-083,2026-04-13,0.07,tcgplayer
OP07-083,2026-04-20,0.08,tcgplayer
OP07-083,2026-04-27,0.07,tcgplayer
OP07-083,2026-05-04,0.07,tcgplayer
OP07-083,2026-05-11,0.08,tcgplayer
OP07-083,2026-05-18,0.07,tcgplayer
OP07-083,2026-05-25,0.08,tcgplayer
OP07-083,2026-06-01,0.08,tcgplayer
OP07-083,2026-06-08,0.08,tcgplayer
OP07-083,2026-06-15,0.08,tcgplayer
OP07-083,2026-06-22,0.10,tcgplayer
OP07-083,2026-06-29,0.09,tcgplayer
OP07-083,2026-07-06,0.08,tcgplayer
OP07-083,2026-07-13,0.08,tcgplayer
OP07-083,2026-07-20,0.08,tcgplayer
OP07-083,2026-07-27,0.07,tcgplayer
OP07-083,2026-08-03,0.08,tcgplayer
OP07-083,2026-08-10,0.08,tcgplayer
OP07-083,2026-08-17,0.08,tcgplayer
OP07-083,2026-08-24,0.08,tcgplayer
OP07-083,2026-08-31,0.08,tcgplayer
OP07-083,2026-09-05,0.08,limitless
OP07-084,2025-09-08,0.04,tcgplayer
OP07-084,2025-09-15,0.04,tcgplayer
OP07-084,2025-09-22,0.04,tcgplayer
OP07-084,2025-09-29,0.04,tcgplayer
OP07-084,2025-10-06,0.05,tcgplayer
OP07-084,2025-10-13,0.04,tcgplayer
OP07-084,2025-10-20,0.04,tcgplayer
OP07-084,2025-10-27,0.04,tcgplayer
OP07-084,2025-11-03,0.04,tcgplayer
OP07-084,2025-11-10,0.04,tcgplayer
OP07-084,2025-11-17,0.04,tcgplayer
OP07-084,2025-11-24,0.04,tcgplayer
OP07-084,2025-12-01,0.04,tcgplayer
OP07-084,2025-12-08,0.04,tcgplayer
OP07-084,2025-12-15,0.05,tcgplayer
OP07-084,2025-12-22,0.03,tcgplayer
OP07-084,2025-12-29,0.04,tcgplayer
OP07-084,2026-01-05,0.04,tcgplayer
OP07-084,2026-01-12,0.04,tcgplayer
OP07-084,2026-01-19,0.04,tcgplayer
OP07-084,2026-01-26,0.04,tcgplayer
OP07-084,2026-02-02,0.03,tcgplayer
OP07-084,2026-02-09,0.04,tcgplayer
OP07-084,2026-02-16,0.04,tcgplayer
OP07-084,2026-02-23,0.04,tcgplayer
OP07-084,2026-03-02,0.04,tcgplayer
OP07-084,2026-03-09,0.04,tcgplayer
OP07-084,2026-03-16,0.04,tcgplayer
OP07-084,2026-03-23,0.03,tcgplayer
OP07-084,2026-03-30,0.03,tcgplayer
OP07-084,2026-04-06,0.05,tcgplayer
OP07-084,2026-04-13,0.06,tcgplayer
OP07-084,2026-04-20,0.06,tcgplayer
OP07-084,2026-04-27,0.06,tcgplayer
OP07-084,2026-05-04,0.06,tcgplayer
OP07-084,2026-05-11,0.06,tcgplayer
OP07-084,2026-05-18,0.05,tcgplayer
OP07-084,2026-05-25,0.05,tcgplayer
OP07-084,2026-06-01,0.03,tcgplayer
OP07-084,2026-06-08,0.04,tcgplayer
OP07-084,2026-06-15,0.04,tcgplayer
OP07-084,2026-06-22,0.05,tcgplayer
OP07-084,2026-06-29,0.05,tcgplayer
OP07-084,2026-07-06,0.05,tcgplayer
OP07-084,2026-07-13,0.05,tcgplayer
OP07-084,2026-07-20,0.05,tcgplayer
OP07-084,2026-07-27,0.05,tcgplayer
OP07-084,2026-08-03,0.05,tcgplayer
OP07-084,2026-08-10,0.04,tcgplayer
OP07-084,2026-08-17,0.05,tcgplayer
OP07-084,2026-08-24,0.05,tcgplayer
OP07-084,2026-08-31,0.05,tcgplayer
OP07-084,2026-09-05,0.05,limitless
OP07-085,2025-09-08,1.23,tcgplayer
OP07-085,2025-09-15,2.10,tcgplayer
OP07-085,2025-09-22,2.83,tcgplayer
OP07-085,2025-09-29,3.14,tcgplayer
OP07-085,2025-10-06,3.34,tcgplayer
OP07-085,2025-10-13,3.75,tcgplayer
OP07-085,2025-10-20,4.28,tcgplayer
OP07-085,2025-10-27,4.38,tcgplayer
OP07-085,2025-11-03,8.61,tcgplayer
OP07-085,2025-11-10,7.93,tcgplayer
OP07-085,2025-11-17,7.20,tcgplayer
OP07-085,2025-11-24,5.62,tcgplayer
OP07-085,2025-12-01,4.14,tcgplayer
OP07-085,2025-12-08,4.32,tcgplayer
OP07-085,2025-12-15,3.78,tcgplayer
OP07-085,2025-12-22,3.99,tcgplayer
OP07-085,2025-12-29,4.75,tcgplayer
OP07-085,2026-01-05,4.27,tcgplayer
OP07-085,2026-01-12,3.43,tcgplayer
OP07-085,2026-01-19,2.85,tcgplayer
OP07-085,2026-01-26,2.83,tcgplayer
OP07-085,2026-02-02,2.93,tcgplayer
OP07-085,2026-02-09,3.04,tcgplayer
OP07-085,2026-02-16,2.95,tcgplayer
OP07-085,2026-02-23,2.93,tcgplayer
OP07-085,2026-03-02,2.84,tcgplayer
OP07-085,2026-03-09,2.87,tcgplayer
OP07-085,2026-03-16,2.88,tcgplayer
OP07-085,2026-03-23,2.32,tcgplayer
OP07-085,2026-03-30,2.54,tcgplayer
OP07-085,2026-04-06,2.42,tcgplayer
OP07-085,2026-04-13,2.08,tcgplayer
OP07-085,2026-04-20,2.26,tcgplayer
OP07-085,2026-04-27,2.04,tcgplayer
OP07-085,2026-05-04,2.15,tcgplayer
OP07-085,2026-05-11,2.04,tcgplayer
OP07-085,2026-05-18,2.29,tcgplayer
OP07-085,2026-05-25,2.07,tcgplayer
OP07-085,2026-06-01,2.27,tcgplayer
OP07-085,2026-06-08,2.35,tcgplayer
OP07-085,2026-06-15,2.45,tcgplayer
OP07-085,2026-06-22,2.32,tcgplayer
OP07-085,2026-06-29,1.93,tcgplayer
OP07-085,2026-07-06,1.92,tcgplayer
OP07-085,2026-07-13,2.11,tcgplayer
OP07-085,2026-07-20,1.85,tcgplayer
OP07-085,2026-07-27,1.86,tcgplayer
OP07-085,2026-08-03,1.92,tcgplayer
OP07-085,2026-08-10,1.63,tcgplayer
OP07-085,2026-08-17,1.57,tcgplayer
OP07-085,2026-08-24,1.90,tcgplayer
OP07-085,2026-08-31,2.28,tcgplayer
OP07-085,2026-09-05,2.01,limitless
OP07-085p1,2025-09-08,20.86,tcgplayer
OP07-085p1,2025-09-15,23.69,tcgplayer
OP07-085p1,2025-09-22,24.41,tcgplayer
OP07-085p1,2025-09-29,21.66,tcgplayer
OP07-085p1,2025-10-06,22.03,tcgplayer
OP07-085p1,2025-10-13,27.54,tcgplayer
OP07-085p1,2025-10-20,27.14,tcgplayer
OP07-085p1,2025-10-27,26.93,tcgplayer
OP07-085p1,2025-11-03,28.32,tcgplayer
OP07-085p1,2025-11-10,28.94,tcgplayer
OP07-085p1,2025-11-17,24.81,tcgplayer
OP07-085p1,2025-11-24,25.16,tcgplayer
OP07-085p1,2025-12-01,24.72,tcgplayer
OP07-085p1,2025-12-08,23.86,tcgplayer
OP07-085p1,2025-12-15,23.54,tcgplayer
OP07-085p1,2025-12-22,21.50,tcgplayer
OP07-085p1,2025-12-29,20.81,tcgplayer
OP07-085p1,2026-01-05,22.15,tcgplayer
OP07-085p1,2026-01-12,21.42,tcgplayer
OP07-085p1,2026-01-19,18.53,tcgplayer
OP07-085p1,2026-01-26,18.72,tcgplayer
OP07-085p1,2026-02-02,18.89,tcgplayer
OP07-085p1,2026-02-09,18.83,tcgplayer
OP07-085p1,2026-02-16,18.05,tcgplayer
OP07-085p1,2026-02-23,16.71,tcgplayer
OP07-085p1,2026-03-02,16.42,tcgplayer
OP07-085p1,2026-03-09,15.30,tcgplayer
OP07-085p1,2026-03-16,16.28,tcgplayer
OP07-085p1,2026-03-23,16.58,tcgplayer
OP07-085p1,2026-03-30,16.91,tcgplayer
OP07-085p1,2026-04-06,16.54,tcgplayer
OP07-085p1,2026-04-13,15.24,tcgplayer
OP07-085p1,2026-04-20,14.60,tcgplayer
OP07-085p1,2026-04-27,14.82,tcgplayer
OP07-085p1,2026-05-04,14.99,tcgplayer
OP07-085p1,2026-05-11,15.68,tcgplayer
OP07-085p1,2026-05-18,15.91,tcgplayer
OP07-085p1,2026-05-25,15.59,tcgplayer
OP07-085p1,2026-06-01,15.69,tcgplayer
OP07-085p1,2026-06-08,15.82,tcgplayer
OP07-085p1,2026-06-15,15.77,tcgplayer
OP07-085p1,2026-06-22,15.96,tcgplayer
OP07-085p1,2026-06-29,15.76,tcgplayer
OP07-085p1,2026-07-06,15.55,tcgplayer
OP07-085p1,2026-07-13,15.69,tcgplayer
OP07-085p1,2026-07-20,15.34,tcgplayer
OP07-085p1,2026-07-27,15.09,tcgplayer
OP07-085p1,2026-08-03,13.83,tcgplayer
OP07-085p1,2026-08-10,13.39,tcgplayer
OP07-085p1,2026-08-17,13.80,tcgplayer
OP07-085p1,2026-08-24,14.23,tcgplayer
OP07-085p1,2026-08-31,14.73,tcgplayer
OP07-085p1,2026-09-05,14.76,limitless
OP07-086,2025-09-08,0.06,tcgplayer
OP07-086,2025-09-15,0.06,tcgplayer
OP07-086,2025-09-22,0.07,tcgplayer
OP07-086,2025-09-29,0.06,tcgplayer
OP07-086,2025-10-06,0.07,tcgplayer
OP07-086,2025-10-13,0.07,tcgplayer
OP07-086,2025-10-20,0.06,tcgplayer
OP07-086,2025-10-27,0.06,tcgplayer
OP07-086,2025-11-03,0.05,tcgplayer
OP07-086,2025-11-10,0.04,tcgplayer
OP07-086,2025-11-17,0.04,tcgplayer
OP07-086,2025-11-24,0.04,tcgplayer
OP07-086,2025-12-01,0.04,tcgplayer
OP07-086,2025-12-08,0.05,tcgplayer
OP07-086,2025-12-15,0.05,tcgplayer
OP07-086,2025-12-22,0.05,tcgplayer
OP07-086,2025-12-29,0.05,tcgplayer
OP07-086,2026-01-05,0.04,tcgplayer
OP07-086,2026-01-12,0.04,tcgplayer
OP07-086,2026-01-19,0.04,tcgplayer
OP07-086,2026-01-26,0.04,tcgplayer
OP07-086,2026-02-02,0.04,tcgplayer
OP07-086,2026-02-09,0.05,tcgplayer
OP07-086,2026-02-16,0.03,tcgplayer
OP07-086,2026-02-23,0.04,tcgplayer
OP07-086,2026-03-02,0.04,tcgplayer
OP07-086,2026-03-09,0.03,tcgplayer
OP07-086,2026-03-16,0.04,tcgplayer
OP07-086,2026-03-23,0.05,tcgplayer
OP07-086,2026-03-30,0.07,tcgplayer
OP07-086,2026-04-06,0.08,tcgplayer
OP07-086,2026-04-13,0.09,tcgplayer
OP07-086,2026-04-20,0.10,tcgplayer
OP07-086,2026-04-27,0.11,tcgplayer
OP07-086,2026-05-04,0.08,tcgplayer
OP07-086,2026-05-11,0.09,tcgplayer
OP07-086,2026-05-18,0.10,tcgplayer
OP07-086,2026-05-25,0.09,tcgplayer
OP07-086,2026-06-01,0.07,tcgplayer
OP07-086,2026-06-08,0.08,tcgplayer
OP07-086,2026-06-15,0.08,tcgplayer
OP07-086,2026-06-22,0.06,tcgplayer
OP07-086,2026-06-29,0.05,tcgplayer
OP07-086,2026-07-06,0.05,tcgplayer
OP07-086,2026-07-13,0.05,tcgplayer
OP07-086,2026-07-20,0.05,tcgplayer
OP07-086,2026-07-27,0.04,tcgplayer
OP07-086,2026-08-03,0.05,tcgplayer
OP07-086,2026-08-10,0.05,tcgplayer
OP07-086,2026-08-17,0.04,tcgplayer
OP07-086,2026-08-24,0.04,tcgplayer
OP07-086,2026-08-31,0.04,tcgplayer
OP07-086,2026-09-05,0.04,limitless
OP07-087,2025-09-08,0.04,tcgplayer
OP07-087,2025-09-15,0.04,tcgplayer
OP07-087,2025-09-22,0.03,tcgplayer
OP07-087,2025-09-29,0.03,tcgplayer
OP07-087,2025-10-06,0.05,tcgplayer
OP07-087,2025-10-13,0.04,tcgplayer
OP07-087,2025-10-20,0.04,tcgplayer
OP07-087,2025-10-27,0.04,tcgplayer
OP07-087,2025-11-03,0.04,tcgplayer
OP07-087,2025-11-10,0.04,tcgplayer
OP07-087,2025-11-17,0.03,tcgplayer
OP07-087,2025-11-24,0.04,tcgplayer
OP07-087,2025-12-01,0.03,tcgplayer
OP07-087,2025-12-08,0.03,tcgplayer
OP07-087,2025-12-15,0.03,tcgplayer
OP07-087,2025-12-22,0.03,tcgplayer
OP07-087,2025-12-29,0.03,tcgplayer
OP07-087,2026-01-05,0.03,tcgplayer
OP07-087,2026-01-12,0.03,tcgplayer
OP07-087,2026-01-19,0.03,tcgplayer
OP07-087,2026-01-26,0.03,tcgplayer
OP07-087,2026-02-02,0.03,tcgplayer
OP07-087,2026-02-09,0.04,tcgplayer
OP07-087,2026-02-16,0.04,tcgplayer
OP07-087,2026-02-23,0.04,tcgplayer
OP07-087,2026-03-02,0.04,tcgplayer
OP07-087,2026-03-09,0.04,tcgplayer
OP07-087,2026-03-16,0.04,tcgplayer
OP07-087,2026-03-23,0.05,tcgplayer
OP07-087,2026-03-30,0.05,tcgplayer
OP07-087,2026-04-06,0.05,tcgplayer
OP07-087,2026-04-13,0.05,tcgplayer
OP07-087,2026-04-20,0.04,tcgplayer
OP07-087,2026-04-27,0.05,tcgplayer
OP07-087,2026-05-04,0.05,tcgplayer
OP07-087,2026-05-11,0.05,tcgplayer
OP07-087,2026-05-18,0.04,tcgplayer
OP07-087,2026-05-25,0.04,tcgplayer
OP07-087,2026-06-01,0.04,tcgplayer
OP07-087,2026-06-08,0.04,tcgplayer
OP07-087,2026-06-15,0.04,tcgplayer
OP07-087,2026-06-22,0.04,tcgplayer
OP07-087,2026-06-29,0.04,tcgplayer
OP07-087,2026-07-06,0.04,tcgplayer
OP07-087,2026-07-13,0.05,tcgplayer
OP07-087,2026-07-20,0.05,tcgplayer
OP07-087,2026-07-27,0.05,tcgplayer
OP07-087,2026-08-03,0.05,tcgplayer
OP07-087,2026-08-10,0.06,tcgplayer
OP07-087,2026-08-17,0.06,tcgplayer
OP07-087,2026-08-24,0.06,tcgplayer
OP07-087,2026-08-31,0.06,tcgplayer
OP07-087,2026-09-05,0.06,limitless
OP07-088,2025-09-08,0.08,tcgplayer
OP07-088,2025-09-15,0.08,tcgplayer
OP07-088,2025-09-22,0.06,tcgplayer
OP07-088,2025-09-29,0.06,tcgplayer
OP07-088,2025-10-06,0.07,tcgplayer
OP07-088,2025-10-13,0.06,tcgplayer
OP07-088,2025-10-20,0.05,tcgplayer
OP07-088,2025-10-27,0.05,tcgplayer
OP07-088,2025-11-03,0.06,tcgplayer
OP07-088,2025-11-10,0.05,tcgplayer
OP07-088,2025-11-17,0.05,tcgplayer
OP07-088,2025-11-24,0.05,tcgplayer
OP07-088,2025-12-01,0.04,tcgplayer
OP07-088,2025-12-08,0.05,tcgplayer
OP07-088,2025-12-15,0.05,tcgplayer
OP07-088,2025-12-22,0.06,tcgplayer
OP07-088,2025-12-29,0.06,tcgplayer
OP07-088,2026-01-05,0.06,tcgplayer
OP07-088,2026-01-12,0.06,tcgplayer
OP07-088,2026-01-19,0.05,tcgplayer
OP07-088,2026-01-26,0.06,tcgplayer
OP07-088,2026-02-02,0.06,tcgplayer
OP07-088,2026-02-09,0.06,tcgplayer
OP07-088,2026-02-16,0.06,tcgplayer
OP07-088,2026-02-23,0.06,tcgplayer
OP07-088,2026-03-02,0.06,tcgplayer
OP07-088,2026-03-09,0.06,tcgplayer
OP07-088,2026-03-16,0.10,tcgplayer
OP07-088,2026-03-23,0.10,tcgplayer
OP07-088,2026-03-30,0.09,tcgplayer
OP07-088,2026-04-06,0.08,tcgplayer
OP07-088,2026-04-13,0.10,tcgplayer
OP07-088,2026-04-20,0.10,tcgplayer
OP07-088,2026-04-27,0.13,tcgplayer
OP07-088,2026-05-04,0.13,tcgplayer
OP07-088,2026-05-11,0.11,tcgplayer
OP07-088,2026-05-18,0.09,tcgplayer
OP07-088,2026-05-25,0.07,tcgplayer
OP07-088,2026-06-01,0.08,tcgplayer
OP07-088,2026-06-08,0.09,tcgplayer
OP07-088,2026-06-15,0.08,tcgplayer
OP07-088,2026-06-22,0.10,tcgplayer
OP07-088,2026-06-29,0.10,tcgplayer
OP07-088,2026-07-06,0.11,tcgplayer
OP07-088,2026-07-13,0.11,tcgplayer
OP07-088,2026-07-20,0.11,tcgplayer
OP07-088,2026-07-27,0.11,tcgplayer
OP07-088,2026-08-03,0.12,tcgplayer
OP07-088,2026-08-10,0.11,tcgplayer
OP07-088,2026-08-17,0.12,tcgplayer
OP07-088,2026-08-24,0.12,tcgplayer
OP07-088,2026-08-31,0.12,tcgplayer
OP07-088,2026-09-05,0.12,limitless
OP07-089,2025-09-08,0.04,tcgplayer
OP07-089,2025-09-15,0.05,tcgplayer
OP07-089,2025-09-22,0.05,tcgplayer
OP07-089,2025-09-29,0.05,tcgplayer
OP07-089,2025-10-06,0.05,tcgplayer
OP07-089,2025-10-13,0.05,tcgplayer
OP07-089,2025-10-20,0.04,tcgplayer
OP07-089,2025-10-27,0.04,tcgplayer
OP07-089,2025-11-03,0.04,tcgplayer
OP07-089,2025-11-10,0.03,tcgplayer
OP07-089,2025-11-17,0.03,tcgplayer
OP07-089,2025-11-24,0.03,tcgplayer
OP07-089,2025-12-01,0.03,tcgplayer
OP07-089,2025-12-08,0.03,tcgplayer
OP07-089,2025-12-15,0.03,tcgplayer
OP07-089,2025-12-22,0.03,tcgplayer
OP07-089,2025-12-29,0.03,tcgplayer
OP07-089,2026-01-05,0.03,tcgplayer
OP07-089,2026-01-12,0.03,tcgplayer
OP07-089,2026-01-19,0.04,tcgplayer
OP07-089,2026-01-26,0.03,tcgplayer
OP07-089,2026-02-02,0.04,tcgplayer
OP07-089,2026-02-09,0.05,tcgplayer
OP07-089,2026-02-16,0.05,tcgplayer
OP07-089,2026-02-23,0.05,tcgplayer
OP07-089,2026-03-02,0.05,tcgplayer
OP07-089,2026-03-09,0.05,tcgplayer
OP07-089,2026-03-16,0.05,tcgplayer
OP07-089,2026-03-23,0.06,tcgplayer
OP07-089,2026-03-30,0.06,tcgplayer
OP07-089,2026-04-06,0.06,tcgplayer
OP07-089,2026-04-13,0.07,tcgplayer
OP07-089,2026-04-20,0.06,tcgplayer
OP07-089,2026-04-27,0.05,tcgplayer
OP07-089,2026-05-04,0.05,tcgplayer
OP07-089,2026-05-11,0.05,tcgplayer
OP07-089,2026-05-18,0.04,tcgplayer
OP07-089,2026-05-25,0.04,tcgplayer
OP07-089,2026-06-01,0.03,tcgplayer
OP07-089,2026-06-08,0.05,tcgplayer
OP07-089,2026-06-15,0.05,tcgplayer
OP07-089,2026-06-22,0.06,tcgplayer
OP07-089,2026-06-29,0.06,tcgplayer
OP07-089,2026-07-06,0.06,tcgplayer
OP07-089,2026-07-13,0.06,tcgplayer
OP07-089,2026-07-20,0.06,tcgplayer
OP07-089,2026-07-27,0.06,tcgplayer
OP07-089,2026-08-03,0.06,tcgplayer
OP07-089,2026-08-10,0.06,tcgplayer
OP07-089,2026-08-17,0.06,tcgplayer
OP07-089,2026-08-24,0.06,tcgplayer
OP07-089,2026-08-31,0.06,tcgplayer
OP07-089,2026-09-05,0.06,limitless
OP07-090,2025-09-08,0.06,tcgplayer
OP07-090,2025-09-15,0.07,tcgplayer
OP07-090,2025-09-22,0.07,tcgplayer
OP07-090,2025-09-29,0.06,tcgplayer
OP07-090,2025-10-06,0.07,tcgplayer
OP07-090,2025-10-13,0.06,tcgplayer
OP07-090,2025-10-20,0.05,tcgplayer
OP07-090,2025-10-27,0.05,tcgplayer
OP07-090,2025-11-03,0.04,tcgplayer
OP07-090,2025-11-10,0.04,tcgplayer
OP07-090,2025-11-17,0.04,tcgplayer
OP07-090,2025-11-24,0.04,tcgplayer
OP07-090,2025-12-01,0.05,tcgplayer
OP07-090,2025-12-08,0.05,tcgplayer
OP07-090,2025-12-15,0.05,tcgplayer
OP07-090,2025-12-22,0.05,tcgplayer
OP07-090,2025-12-29,0.06,tcgplayer
OP07-090,2026-01-05,0.04,tcgplayer
OP07-090,2026-01-12,0.05,tcgplayer
OP07-090,2026-01-19,0.06,tcgplayer
OP07-090,2026-01-26,0.06,tcgplayer
OP07-090,2026-02-02,0.04,tcgplayer
OP07-090,2026-02-09,0.05,tcgplayer
OP07-090,2026-02-16,0.05,tcgplayer
OP07-090,2026-02-23,0.07,tcgplayer
OP07-090,2026-03-02,0.05,tcgplayer
OP07-090,2026-03-09,0.09,tcgplayer
OP07-090,2026-03-16,0.09,tcgplayer
OP07-090,2026-03-23,0.09,tcgplayer
OP07-090,2026-03-30,0.09,tcgplayer
OP07-090,2026-04-06,0.10,tcgplayer
OP07-090,2026-04-13,0.11,tcgplayer
OP07-090,2026-04-20,0.07,tcgplayer
OP07-090,2026-04-27,0.07,tcgplayer
OP07-090,2026-05-04,0.07,tcgplayer
OP07-090,2026-05-11,0.07,tcgplayer
OP07-090,2026-05-18,0.06,tcgplayer
OP07-090,2026-05-25,0.06,tcgplayer
OP07-090,2026-06-01,0.08,tcgplayer
OP07-090,2026-06-08,0.10,tcgplayer
OP07-090,2026-06-15,0.09,tcgplayer
OP07-090,2026-06-22,0.09,tcgplayer
OP07-090,2026-06-29,0.10,tcgplayer
OP07-090,2026-07-06,0.09,tcgplayer
OP07-090,2026-07-13,0.10,tcgplayer
OP07-090,2026-07-20,0.10,tcgplayer
OP07-090,2026-07-27,0.11,tcgplayer
OP07-090,2026-08-03,0.12,tcgplayer
OP07-090,2026-08-10,0.10,tcgplayer
OP07-090,2026-08-17,0.11,tcgplayer
OP07-090,2026-08-24,0.11,tcgplayer
OP07-090,2026-08-31,0.09,tcgplayer
OP07-090,2026-09-05,0.09,limitless
OP07-091,2025-09-08,0.17,tcgplayer
OP07-091,2025-09-15,0.17,tcgplayer
OP07-091,2025-09-22,0.17,tcgplayer
OP07-091,2025-09-29,0.24,tcgplayer
OP07-091,2025-10-06,0.23,tcgplayer
OP07-091,2025-10-13,0.21,tcgplayer
OP07-091,2025-10-20,0.16,tcgplayer
OP07-091,2025-10-27,0.18,tcgplayer
OP07-091,2025-11-03,0.19,tcgplayer
OP07-091,2025-11-10,0.17,tcgplayer
OP07-091,2025-11-17,0.15,tcgplayer
OP07-091,2025-11-24,0.17,tcgplayer
OP07-091,2025-12-01,0.18,tcgplayer
OP07-091,2025-12-08,0.17,tcgplayer
OP07-091,2025-12-15,0.18,tcgplayer
OP07-091,2025-12-22,0.18,tcgplayer
OP07-091,2025-12-29,0.18,tcgplayer
OP07-091,2026-01-05,0.20,tcgplayer
OP07-091,2026-01-12,0.23,tcgplayer
OP07-091,2026-01-19,0.29,tcgplayer
OP07-091,2026-01-26,0.20,tcgplayer
OP07-091,2026-02-02,0.29,tcgplayer
OP07-091,2026-02-09,0.31,tcgplayer
OP07-091,2026-02-16,0.27,tcgplayer
OP07-091,2026-02-23,0.25,tcgplayer
OP07-091,2026-03-02,0.25,tcgplayer
OP07-091,2026-03-09,0.28,tcgplayer
OP07-091,2026-03-16,0.26,tcgplayer
OP07-091,2026-03-23,0.37,tcgplayer
OP07-091,2026-03-30,0.28,tcgplayer
OP07-091,2026-04-06,0.27,tcgplayer
OP07-091,2026-04-13,0.25,tcgplayer
OP07-091,2026-04-20,0.32,tcgplayer
OP07-091,2026-04-27,0.31,tcgplayer
OP07-091,2026-05-04,0.26,tcgplayer
OP07-091,2026-05-11,0.23,tcgplayer
OP07-091,2026-05-18,0.31,tcgplayer
OP07-091,2026-05-25,0.35,tcgplayer
OP07-091,2026-06-01,0.31,tcgplayer
OP07-091,2026-06-08,0.29,tcgplayer
OP07-091,2026-06-15,0.29,tcgplayer
OP07-091,2026-06-22,0.30,tcgplayer
OP07-091,2026-06-29,0.27,tcgplayer
OP07-091,2026-07-06,0.26,tcgplayer
OP07-091,2026-07-13,0.31,tcgplayer
OP07-091,2026-07-20,0.32,tcgplayer
OP07-091,2026-07-27,0.31,tcgplayer
OP07-091,2026-08-03,0.29,tcgplayer
OP07-091,2026-08-10,0.28,tcgplayer
OP07-091,2026-08-17,0.29,tcgplayer
OP07-091,2026-08-24,0.27,tcgplayer
OP07-091,2026-08-31,0.26,tcgplayer
OP07-091,2026-09-05,0.25,limitless
OP07-092,2025-09-08,0.06,tcgplayer
OP07-092,2025-09-15,0.06,tcgplayer
OP07-092,2025-09-22,0.05,tcgplayer
OP07-092,2025-09-29,0.05,tcgplayer
OP07-092,2025-10-06,0.05,tcgplayer
OP07-092,2025-10-13,0.05,tcgplayer
OP07-092,2025-10-20,0.05,tcgplayer
OP07-092,2025-10-27,0.05,tcgplayer
OP07-092,2025-11-03,0.06,tcgplayer
OP07-092,2025-11-10,0.07,tcgplayer
OP07-092,2025-11-17,0.07,tcgplayer
OP07-092,2025-11-24,0.07,tcgplayer
OP07-092,2025-12-01,0.06,tcgplayer
OP07-092,2025-12-08,0.06,tcgplayer
OP07-092,2025-12-15,0.06,tcgplayer
OP07-092,2025-12-22,0.06,tcgplayer
OP07-092,2025-12-29,0.04,tcgplayer
OP07-092,2026-01-05,0.04,tcgplayer
OP07-092,2026-01-12,0.05,tcgplayer
OP07-092,2026-01-19,0.05,tcgplayer
OP07-092,2026-01-26,0.05,tcgplayer
OP07-092,2026-02-02,0.05,tcgplayer
OP07-092,2026-02-09,0.06,tcgplayer
OP07-092,2026-02-16,0.05,tcgplayer
OP07-092,2026-02-23,0.05,tcgplayer
OP07-092,2026-03-02,0.05,tcgplayer
OP07-092,2026-03-09,0.05,tcgplayer
OP07-092,2026-03-16,0.06,tcgplayer
OP07-092,2026-03-23,0.06,tcgplayer
OP07-092,2026-03-30,0.06,tcgplayer
OP07-092,2026-04-06,0.08,tcgplayer
OP07-092,2026-04-13,0.08,tcgplayer
OP07-092,2026-04-20,0.09,tcgplayer
OP07-092,2026-04-27,0.08,tcgplayer
OP07-092,2026-05-04,0.08,tcgplayer
OP07-092,2026-05-11,0.08,tcgplayer
OP07-092,2026-05-18,0.06,tcgplayer
OP07-092,2026-05-25,0.06,tcgplayer
OP07-092,2026-06-01,0.06,tcgplayer
OP07-092,2026-06-08,0.07,tcgplayer
OP07-092,2026-06-15,0.08,tcgplayer
OP07-092,2026-06-22,0.08,tcgplayer
OP07-092,2026-06-29,0.08,tcgplayer
OP07-092,2026-07-06,0.08,tcgplayer
OP07-092,2026-07-13,0.08,tcgplayer
OP07-092,2026-07-20,0.07,tcgplayer
OP07-092,2026-07-27,0.08,tcgplayer
OP07-092,2026-08-03,0.08,tcgplayer
OP07-092,2026-08-10,0.07,tcgplayer
OP07-092,2026-08-17,0.07,tcgplayer
OP07-092,2026-08-24,0.07,tcgplayer
OP07-092,2026-08-31,0.06,tcgplayer
OP07-092,2026-09-05,0.06,limitless
OP07-093,2025-09-08,0.11,tcgplayer
OP07-093,2025-09-15,0.12,tcgplayer
OP07-093,2025-09-22,0.13,tcgplayer
OP07-093,2025-09-29,0.12,tcgplayer
OP07-093,2025-10-06,0.12,tcgplayer
OP07-093,2025-10-13,0.10,tcgplayer
OP07-093,2025-10-20,0.10,tcgplayer
OP07-093,2025-10-27,0.11,tcgplayer
OP07-093,2025-11-03,0.10,tcgplayer
OP07-093,2025-11-10,0.11,tcgplayer
OP07-093,2025-11-17,0.11,tcgplayer
OP07-093,2025-11-24,0.13,tcgplayer
OP07-093,2025-12-01,0.11,tcgplayer
OP07-093,2025-12-08,0.07,tcgplayer
OP07-093,2025-12-15,0.07,tcgplayer
OP07-093,2025-12-22,0.08,tcgplayer
OP07-093,2025-12-29,0.10,tcgplayer
OP07-093,2026-01-05,0.10,tcgplayer
OP07-093,2026-01-12,0.09,tcgplayer
OP07-093,2026-01-19,0.12,tcgplayer
OP07-093,2026-01-26,0.15,tcgplayer
OP07-093,2026-02-02,0.14,tcgplayer
OP07-093,2026-02-09,0.14,tcgplayer
OP07-093,2026-02-16,0.12,tcgplayer
OP07-093,2026-02-23,0.12,tcgplayer
OP07-093,2026-03-02,0.10,tcgplayer
OP07-093,2026-03-09,0.13,tcgplayer
OP07-093,2026-03-16,0.14,tcgplayer
OP07-093,2026-03-23,0.14,tcgplayer
OP07-093,2026-03-30,0.13,tcgplayer
OP07-093,2026-04-06,0.13,tcgplayer
OP07-093,2026-04-13,0.13,tcgplayer
OP07-093,2026-04-20,0.11,tcgplayer
OP07-093,2026-04-27,0.13,tcgplayer
OP07-093,2026-05-04,0.12,tcgplayer
OP07-093,2026-05-11,0.12,tcgplayer
OP07-093,2026-05-18,0.10,tcgplayer
OP07-093,2026-05-25,0.12,tcgplayer
OP07-093,2026-06-01,0.13,tcgplayer
OP07-093,2026-06-08,0.14,tcgplayer
OP07-093,2026-06-15,0.13,tcgplayer
OP07-093,2026-06-22,0.13,tcgplayer
OP07-093,2026-06-29,0.12,tcgplayer
OP07-093,2026-07-06,0.13,tcgplayer
OP07-093,2026-07-13,0.15,tcgplayer
OP07-093,2026-07-20,0.18,tcgplayer
OP07-093,2026-07-27,0.20,tcgplayer
OP07-093,2026-08-03,0.17,tcgplayer
OP07-093,2026-08-10,0.16,tcgplayer
OP07-093,2026-08-17,0.15,tcgplayer
OP07-093,2026-08-24,0.14,tcgplayer
OP07-093,2026-08-31,0.11,tcgplayer
OP07-093,2026-09-05,0.12,limitless
OP07-094,2025-09-08,0.05,tcgplayer
OP07-094,2025-09-15,0.05,tcgplayer
OP07-094,2025-09-22,0.05,tcgplayer
OP07-094,2025-09-29,0.04,tcgplayer
OP07-094,2025-10-06,0.06,tcgplayer
OP07-094,2025-10-13,0.05,tcgplayer
OP07-094,2025-10-20,0.05,tcgplayer
OP07-094,2025-10-27,0.05,tcgplayer
OP07-094,2025-11-03,0.05,tcgplayer
OP07-094,2025-11-10,0.05,tcgplayer
OP07-094,2025-11-17,0.04,tcgplayer
OP07-094,2025-11-24,0.05,tcgplayer
OP07-094,2025-12-01,0.05,tcgplayer
OP07-094,2025-12-08,0.05,tcgplayer
OP07-094,2025-12-15,0.05,tcgplayer
OP07-094,2025-12-22,0.05,tcgplayer
OP07-094,2025-12-29,0.07,tcgplayer
OP07-094,2026-01-05,0.05,tcgplayer
OP07-094,2026-01-12,0.06,tcgplayer
OP07-094,2026-01-19,0.07,tcgplayer
OP07-094,2026-01-26,0.06,tcgplayer
OP07-094,2026-02-02,0.07,tcgplayer
OP07-094,2026-02-09,0.07,tcgplayer
OP07-094,2026-02-16,0.07,tcgplayer
OP07-094,2026-02-23,0.07,tcgplayer
OP07-094,2026-03-02,0.06,tcgplayer
OP07-094,2026-03-09,0.06,tcgplayer
OP07-094,2026-03-16,0.08,tcgplayer
OP07-094,2026-03-23,0.07,tcgplayer
OP07-094,2026-03-30,0.07,tcgplayer
OP07-094,2026-04-06,0.07,tcgplayer
OP07-094,2026-04-13,0.07,tcgplayer
OP07-094,2026-04-20,0.07,tcgplayer
OP07-094,2026-04-27,0.07,tcgplayer
OP07-094,2026-05-04,0.07,tcgplayer
OP07-094,2026-05-11,0.08,tcgplayer
OP07-094,2026-05-18,0.08,tcgplayer
OP07-094,2026-05-25,0.08,tcgplayer
OP07-094,2026-06-01,0.07,tcgplayer
OP07-094,2026-06-08,0.07,tcgplayer
OP07-094,2026-06-15,0.06,tcgplayer
OP07-094,2026-06-22,0.07,tcgplayer
OP07-094,2026-06-29,0.07,tcgplayer
OP07-094,2026-07-06,0.07,tcgplayer
OP07-094,2026-07-13,0.07,tcgplayer
OP07-094,2026-07-20,0.07,tcgplayer
OP07-094,2026-07-27,0.07,tcgplayer
OP07-094,2026-08-03,0.08,tcgplayer
OP07-094,2026-08-10,0.08,tcgplayer
OP07-094,2026-08-17,0.07,tcgplayer
OP07-094,2026-08-24,0.07,tcgplayer
OP07-094,2026-08-31,0.07,tcgplayer
OP07-094,2026-09-05,0.07,limitless
OP07-095,2025-09-08,0.06,tcgplayer
OP07-095,2025-09-15,0.08,tcgplayer
OP07-095,2025-09-22,0.07,tcgplayer
OP07-095,2025-09-29,0.07,tcgplayer
OP07-095,2025-10-06,0.09,tcgplayer
OP07-095,2025-10-13,0.08,tcgplayer
OP07-095,2025-10-20,0.07,tcgplayer
OP07-095,2025-10-27,0.07,tcgplayer
OP07-095,2025-11-03,0.08,tcgplayer
OP07-095,2025-11-10,0.07,tcgplayer
OP07-095,2025-11-17,0.13,tcgplayer
OP07-095,2025-11-24,0.14,tcgplayer
OP07-095,2025-12-01,0.14,tcgplayer
OP07-095,2025-12-08,0.14,tcgplayer
OP07-095,2025-12-15,0.13,tcgplayer
OP07-095,2025-12-22,0.07,tcgplayer
OP07-095,2025-12-29,0.09,tcgplayer
OP07-095,2026-01-05,0.07,tcgplayer
OP07-095,2026-01-12,0.07,tcgplayer
OP07-095,2026-01-19,0.07,tcgplayer
OP07-095,2026-01-26,0.08,tcgplayer
OP07-095,2026-02-02,0.13,tcgplayer
OP07-095,2026-02-09,0.15,tcgplayer
OP07-095,2026-02-16,0.14,tcgplayer
OP07-095,2026-02-23,0.08,tcgplayer
OP07-095,2026-03-02,0.08,tcgplayer
OP07-095,2026-03-09,0.08,tcgplayer
OP07-095,2026-03-16,0.06,tcgplayer
OP07-095,2026-03-23,0.07,tcgplayer
OP07-095,2026-03-30,0.09,tcgplayer
OP07-095,2026-04-06,0.10,tcgplayer
OP07-095,2026-04-13,0.10,tcgplayer
OP07-095,2026-04-20,0.07,tcgplayer
OP07-095,2026-04-27,0.08,tcgplayer
OP07-095,2026-05-04,0.06,tcgplayer
OP07-095,2026-05-11,0.06,tcgplayer
OP07-095,2026-05-18,0.09,tcgplayer
OP07-095,2026-05-25,0.08,tcgplayer
OP07-095,2026-06-01,0.08,tcgplayer
OP07-095,2026-06-08,0.09,tcgplayer
OP07-095,2026-06-15,0.08,tcgplayer
OP07-095,2026-06-22,0.08,tcgplayer
OP07-095,2026-06-29,0.08,tcgplayer
OP07-095,2026-07-06,0.08,tcgplayer
OP07-095,2026-07-13,0.08,tcgplayer
OP07-095,2026-07-20,0.06,tcgplayer
OP07-095,2026-07-27,0.07,tcgplayer
OP07-095,2026-08-03,0.08,tcgplayer
OP07-095,2026-08-10,0.10,tcgplayer
OP07-095,2026-08-17,0.11,tcgplayer
OP07-095,2026-08-24,0.11,tcgplayer
OP07-095,2026-08-31,0.10,tcgplayer
OP07-095,2026-09-05,0.09,limitless
OP07-096,2025-09-08,2.31,tcgplayer
OP07-096,2025-09-15,2.06,tcgplayer
OP07-096,2025-09-22,2.12,tcgplayer
OP07-096,2025-09-29,1.99,tcgplayer
OP07-096,2025-10-06,2.17,tcgplayer
OP07-096,2025-10-13,2.77,tcgplayer
OP07-096,2025-10-20,2.83,tcgplayer
OP07-096,2025-10-27,2.51,tcgplayer
OP07-096,2025-11-03,2.81,tcgplayer
OP07-096,2025-11-10,2.52,tcgplayer
OP07-096,2025-11-17,1.88,tcgplayer
OP07-096,2025-11-24,1.55,tcgplayer
OP07-096,2025-12-01,1.53,tcgplayer
OP07-096,2025-12-08,1.55,tcgplayer
OP07-096,2025-12-15,1.39,tcgplayer
OP07-096,2025-12-22,1.32,tcgplayer
OP07-096,2025-12-29,1.23,tcgplayer
OP07-096,2026-01-05,1.40,tcgplayer
OP07-096,2026-01-12,1.22,tcgplayer
OP07-096,2026-01-19,1.16,tcgplayer
OP07-096,2026-01-26,1.13,tcgplayer
OP07-096,2026-02-02,1.21,tcgplayer
OP07-096,2026-02-09,0.82,tcgplayer
OP07-096,2026-02-16,0.76,tcgplayer
OP07-096,2026-02-23,0.78,tcgplayer
OP07-096,2026-03-02,0.73,tcgplayer
OP07-096,2026-03-09,0.75,tcgplayer
OP07-096,2026-03-16,0.76,tcgplayer
OP07-096,2026-03-23,0.85,tcgplayer
OP07-096,2026-03-30,1.27,tcgplayer
OP07-096,2026-04-06,1.16,tcgplayer
OP07-096,2026-04-13,1.23,tcgplayer
OP07-096,2026-04-20,1.56,tcgplayer
OP07-096,2026-04-27,1.66,tcgplayer
OP07-096,2026-05-04,1.69,tcgplayer
OP07-096,2026-05-11,1.69,tcgplayer
OP07-096,2026-05-18,1.59,tcgplayer
OP07-096,2026-05-25,1.47,tcgplayer
OP07-096,2026-06-01,1.24,tcgplayer
OP07-096,2026-06-08,1.29,tcgplayer
OP07-096,2026-06-15,1.08,tcgplayer
OP07-096,2026-06-22,1.06,tcgplayer
OP07-096,2026-06-29,1.02,tcgplayer
OP07-096,2026-07-06,1.01,tcgplayer
OP07-096,2026-07-13,1.02,tcgplayer
OP07-096,2026-07-20,1.09,tcgplayer
OP07-096,2026-07-27,1.15,tcgplayer
OP07-096,2026-08-03,1.45,tcgplayer
OP07-096,2026-08-10,1.88,tcgplayer
OP07-096,2026-08-17,2.04,tcgplayer
OP07-096,2026-08-24,2.58,tcgplayer
OP07-096,2026-08-31,2.91,tcgplayer
OP07-096,2026-09-05,2.89,limitless
OP07-097,2025-09-08,0.11,tcgplayer
OP07-097,2025-09-15,0.13,tcgplayer
OP07-097,2025-09-22,0.12,tcgplayer
OP07-097,2025-09-29,0.13,tcgplayer
OP07-097,2025-10-06,0.13,tcgplayer
OP07-097,2025-10-13,0.12,tcgplayer
OP07-097,2025-10-20,0.13,tcgplayer
OP07-097,2025-10-27,0.13,tcgplayer
OP07-097,2025-11-03,0.11,tcgplayer
OP07-097,2025-11-10,0.10,tcgplayer
OP07-097,2025-11-17,0.11,tcgplayer
OP07-097,2025-11-24,0.18,tcgplayer
OP07-097,2025-12-01,0.13,tcgplayer
OP07-097,2025-12-08,0.12,tcgplayer
OP07-097,2025-12-15,0.11,tcgplayer
OP07-097,2025-12-22,0.13,tcgplayer
OP07-097,2025-12-29,0.16,tcgplayer
OP07-097,2026-01-05,0.18,tcgplayer
OP07-097,2026-01-12,0.19,tcgplayer
OP07-097,2026-01-19,0.15,tcgplayer
OP07-097,2026-01-26,0.14,tcgplayer
OP07-097,2026-02-02,0.13,tcgplayer
OP07-097,2026-02-09,0.12,tcgplayer
OP07-097,2026-02-16,0.10,tcgplayer
OP07-097,2026-02-23,0.12,tcgplayer
OP07-097,2026-03-02,0.13,tcgplayer
OP07-097,2026-03-09,0.13,tcgplayer
OP07-097,2026-03-16,0.14,tcgplayer
OP07-097,2026-03-23,0.16,tcgplayer
OP07-097,2026-03-30,0.14,tcgplayer
OP07-097,2026-04-06,0.12,tcgplayer
OP07-097,2026-04-13,0.13,tcgplayer
OP07-097,2026-04-20,0.13,tcgplayer
OP07-097,2026-04-27,0.16,tcgplayer
OP07-097,2026-05-04,0.15,tcgplayer
OP07-097,2026-05-11,0.17,tcgplayer
OP07-097,2026-05-18,0.17,tcgplayer
OP07-097,2026-05-25,0.15,tcgplayer
OP07-097,2026-06-01,0.16,tcgplayer
OP07-097,2026-06-08,0.14,tcgplayer
OP07-097,2026-06-15,0.12,tcgplayer
OP07-097,2026-06-22,0.15,tcgplayer
OP07-097,2026-06-29,0.17,tcgplayer
OP07-097,2026-07-06,0.18,tcgplayer
OP07-097,2026-07-13,0.18,tcgplayer
OP07-097,2026-07-20,0.17,tcgplayer
OP07-097,2026-07-27,0.16,tcgplayer
OP07-097,2026-08-03,0.14,tcgplayer
OP07-097,2026-08-10,0.13,tcgplayer
OP07-097,2026-08-17,0.17,tcgplayer
OP07-097,2026-08-24,0.19,tcgplayer
OP07-097,2026-08-31,0.17,tcgplayer
OP07-097,2026-09-05,0.19,limitless
OP07-097p1,2025-09-08,43.66,tcgplayer
OP07-097p1,2025-09-15,46.80,tcgplayer
OP07-097p1,2025-09-22,47.00,tcgplayer
OP07-097p1,2025-09-29,46.52,tcgplayer
OP07-097p1,2025-10-06,46.87,tcgplayer
OP07-097p1,2025-10-13,47.69,tcgplayer
OP07-097p1,2025-10-20,47.95,tcgplayer
OP07-097p1,2025-10-27,47.87,tcgplayer
OP07-097p1,2025-11-03,46.32,tcgplayer
OP07-097p1,2025-11-10,45.40,tcgplayer
OP07-097p1,2025-11-17,45.76,tcgplayer
OP07-097p1,2025-11-24,45.33,tcgplayer
OP07-097p1,2025-12-01,47.67,tcgplayer
OP07-097p1,2025-12-08,53.72,tcgplayer
OP07-097p1,2025-12-15,58.24,tcgplayer
OP07-097p1,2025-12-22,58.01,tcgplayer
OP07-097p1,2025-12-29,62.21,tcgplayer
OP07-097p1,2026-01-05,63.36,tcgplayer
OP07-097p1,2026-01-12,64.62,tcgplayer
OP07-097p1,2026-01-19,60.39,tcgplayer
OP07-097p1,2026-01-26,58.01,tcgplayer
OP07-097p1,2026-02-02,55.13,tcgplayer
OP07-097p1,2026-02-09,54.51,tcgplayer
OP07-097p1,2026-02-16,53.17,tcgplayer
OP07-097p1,2026-02-23,51.97,tcgplayer
OP07-097p1,2026-03-02,49.15,tcgplayer
OP07-097p1,2026-03-09,48.94,tcgplayer
OP07-097p1,2026-03-16,48.82,tcgplayer
OP07-097p1,2026-03-23,49.17,tcgplayer
OP07-097p1,2026-03-30,48.97,tcgplayer
OP07-097p1,2026-04-06,45.20,tcgplayer
OP07-097p1,2026-04-13,43.16,tcgplayer
OP07-097p1,2026-04-20,41.21,tcgplayer
OP07-097p1,2026-04-27,40.60,tcgplayer
OP07-097p1,2026-05-04,40.56,tcgplayer
OP07-097p1,2026-05-11,40.40,tcgplayer
OP07-097p1,2026-05-18,40.76,tcgplayer
OP07-097p1,2026-05-25,40.41,tcgplayer
OP07-097p1,2026-06-01,40.14,tcgplayer
OP07-097p1,2026-06-08,40.58,tcgplayer
OP07-097p1,2026-06-15,40.45,tcgplayer
OP07-097p1,2026-06-22,40.87,tcgplayer
OP07-097p1,2026-06-29,40.69,tcgplayer
OP07-097p1,2026-07-06,40.31,tcgplayer
OP07-097p1,2026-07-13,39.53,tcgplayer
OP07-097p1,2026-07-20,39.11,tcgplayer
OP07-097p1,2026-07-27,39.54,tcgplayer
OP07-097p1,2026-08-03,40.65,tcgplayer
OP07-097p1,2026-08-10,40.31,tcgplayer
OP07-097p1,2026-08-17,40.16,tcgplayer
OP07-097p1,2026-08-24,40.72,tcgplayer
OP07-097p1,2026-08-31,40.66,tcgplayer
OP07-097p1,2026-09-05,40.66,limitless
OP07-098,2025-09-08,0.18,tcgplayer
OP07-098,2025-09-15,0.20,tcgplayer
OP07-098,2025-09-22,0.18,tcgplayer
OP07-098,2025-09-29,0.18,tcgplayer
OP07-098,2025-10-06,0.18,tcgplayer
OP07-098,2025-10-13,0.20,tcgplayer
OP07-098,2025-10-20,0.22,tcgplayer
OP07-098,2025-10-27,0.21,tcgplayer
OP07-098,2025-11-03,0.17,tcgplayer
OP07-098,2025-11-10,0.16,tcgplayer
OP07-098,2025-11-17,0.17,tcgplayer
OP07-098,2025-11-24,0.21,tcgplayer
OP07-098,2025-12-01,0.17,tcgplayer
OP07-098,2025-12-08,0.15,tcgplayer
OP07-098,2025-12-15,0.16,tcgplayer
OP07-098,2025-12-22,0.16,tcgplayer
OP07-098,2025-12-29,0.15,tcgplayer
OP07-098,2026-01-05,0.18,tcgplayer
OP07-098,2026-01-12,0.20,tcgplayer
OP07-098,2026-01-19,0.20,tcgplayer
OP07-098,2026-01-26,0.18,tcgplayer
OP07-098,2026-02-02,0.17,tcgplayer
OP07-098,2026-02-09,0.18,tcgplayer
OP07-098,2026-02-16,0.16,tcgplayer
OP07-098,2026-02-23,0.14,tcgplayer
OP07-098,2026-03-02,0.16,tcgplayer
OP07-098,2026-03-09,0.21,tcgplayer
OP07-098,2026-03-16,0.15,tcgplayer
OP07-098,2026-03-23,0.16,tcgplayer
OP07-098,2026-03-30,0.15,tcgplayer
OP07-098,2026-04-06,0.14,tcgplayer
OP07-098,2026-04-13,0.14,tcgplayer
OP07-098,2026-04-20,0.14,tcgplayer
OP07-098,2026-04-27,0.14,tcgplayer
OP07-098,2026-05-04,0.14,tcgplayer
OP07-098,2026-05-11,0.16,tcgplayer
OP07-098,2026-05-18,0.17,tcgplayer
OP07-098,2026-05-25,0.16,tcgplayer
OP07-098,2026-06-01,0.16,tcgplayer
OP07-098,2026-06-08,0.18,tcgplayer
OP07-098,2026-06-15,0.18,tcgplayer
OP07-098,2026-06-22,0.17,tcgplayer
OP07-098,2026-06-29,0.16,tcgplayer
OP07-098,2026-07-06,0.15,tcgplayer
OP07-098,2026-07-13,0.15,tcgplayer
OP07-098,2026-07-20,0.15,tcgplayer
OP07-098,2026-07-27,0.16,tcgplayer
OP07-098,2026-08-03,0.16,tcgplayer
OP07-098,2026-08-10,0.15,tcgplayer
OP07-098,2026-08-17,0.14,tcgplayer
OP07-098,2026-08-24,0.14,tcgplayer
OP07-098,2026-08-31,0.16,tcgplayer
OP07-098,2026-09-05,0.14,limitless
OP07-099,2025-09-08,0.07,tcgplayer
OP07-099,2025-09-15,0.08,tcgplayer
OP07-099,2025-09-22,0.07,tcgplayer
OP07-099,2025-09-29,0.07,tcgplayer
OP07-099,2025-10-06,0.10,tcgplayer
OP07-099,2025-10-13,0.09,tcgplayer
OP07-099,2025-10-20,0.08,tcgplayer
OP07-099,2025-10-27,0.12,tcgplayer
OP07-099,2025-11-03,0.14,tcgplayer
OP07-099,2025-11-10,0.09,tcgplayer
OP07-099,2025-11-17,0.10,tcgplayer
OP07-099,2025-11-24,0.10,tcgplayer
OP07-099,2025-12-01,0.10,tcgplayer
OP07-099,2025-12-08,0.08,tcgplayer
OP07-099,2025-12-15,0.10,tcgplayer
OP07-099,2025-12-22,0.10,tcgplayer
OP07-099,2025-12-29,0.12,tcgplayer
OP07-099,2026-01-05,0.09,tcgplayer
OP07-099,2026-01-12,0.11,tcgplayer
OP07-099,2026-01-19,0.18,tcgplayer
OP07-099,2026-01-26,0.23,tcgplayer
OP07-099,2026-02-02,0.25,tcgplayer
OP07-099,2026-02-09,0.25,tcgplayer
OP07-099,2026-02-16,0.31,tcgplayer
OP07-099,2026-02-23,0.32,tcgplayer
OP07-099,2026-03-02,0.29,tcgplayer
OP07-099,2026-03-09,0.39,tcgplayer
OP07-099,2026-03-16,0.36,tcgplayer
OP07-099,2026-03-23,0.30,tcgplayer
OP07-099,2026-03-30,0.37,tcgplayer
OP07-099,2026-04-06,0.40,tcgplayer
OP07-099,2026-04-13,0.35,tcgplayer
OP07-099,2026-04-20,0.28,tcgplayer
OP07-099,2026-04-27,0.29,tcgplayer
OP07-099,2026-05-04,0.29,tcgplayer
OP07-099,2026-05-11,0.32,tcgplayer
OP07-099,2026-05-18,0.33,tcgplayer
OP07-099,2026-05-25,0.29,tcgplayer
OP07-099,2026-06-01,0.26,tcgplayer
OP07-099,2026-06-08,0.23,tcgplayer
OP07-099,2026-06-15,0.24,tcgplayer
OP07-099,2026-06-22,0.31,tcgplayer
OP07-099,2026-06-29,0.24,tcgplayer
OP07-099,2026-07-06,0.22,tcgplayer
OP07-099,2026-07-13,0.22,tcgplayer
OP07-099,2026-07-20,0.24,tcgplayer
OP07-099,2026-07-27,0.28,tcgplayer
OP07-099,2026-08-03,0.26,tcgplayer
OP07-099,2026-08-10,0.22,tcgplayer
OP07-099,2026-08-17,0.23,tcgplayer
OP07-099,2026-08-24,0.24,tcgplayer
OP07-099,2026-08-31,0.22,tcgplayer
OP07-099,2026-09-05,0.23,limitless
OP07-100,2025-09-08,0.06,tcgplayer
OP07-100,2025-09-15,0.10,tcgplayer
OP07-100,2025-09-22,0.10,tcgplayer
OP07-100,2025-09-29,0.07,tcgplayer
OP07-100,2025-10-06,0.07,tcgplayer
OP07-100,2025-10-13,0.07,tcgplayer
OP07-100,2025-10-20,0.08,tcgplayer
OP07-100,2025-10-27,0.09,tcgplayer
OP07-100,2025-11-03,0.08,tcgplayer
OP07-100,2025-11-10,0.07,tcgplayer
OP07-100,2025-11-17,0.08,tcgplayer
OP07-100,2025-11-24,0.11,tcgplayer
OP07-100,2025-12-01,0.10,tcgplayer
OP07-100,2025-12-08,0.08,tcgplayer
OP07-100,2025-12-15,0.08,tcgplayer
OP07-100,2025-12-22,0.08,tcgplayer
OP07-100,2025-12-29,0.08,tcgplayer
OP07-100,2026-01-05,0.07,tcgplayer
OP07-100,2026-01-12,0.08,tcgplayer
OP07-100,2026-01-19,0.08,tcgplayer
OP07-100,2026-01-26,0.08,tcgplayer
OP07-100,2026-02-02,0.06,tcgplayer
OP07-100,2026-02-09,0.09,tcgplayer
OP07-100,2026-02-16,0.08,tcgplayer
OP07-100,2026-02-23,0.10,tcgplayer
OP07-100,2026-03-02,0.11,tcgplayer
OP07-100,2026-03-09,0.16,tcgplayer
OP07-100,2026-03-16,0.15,tcgplayer
OP07-100,2026-03-23,0.12,tcgplayer
OP07-100,2026-03-30,0.12,tcgplayer
OP07-100,2026-04-06,0.12,tcgplayer
OP07-100,2026-04-13,0.10,tcgplayer
OP07-100,2026-04-20,0.08,tcgplayer
OP07-100,2026-04-27,0.07,tcgplayer
OP07-100,2026-05-04,0.09,tcgplayer
OP07-100,2026-05-11,0.11,tcgplayer
OP07-100,2026-05-18,0.10,tcgplayer
OP07-100,2026-05-25,0.11,tcgplayer
OP07-100,2026-06-01,0.11,tcgplayer
OP07-100,2026-06-08,0.10,tcgplayer
OP07-100,2026-06-15,0.08,tcgplayer
OP07-100,2026-06-22,0.07,tcgplayer
OP07-100,2026-06-29,0.07,tcgplayer
OP07-100,2026-07-06,0.08,tcgplayer
OP07-100,2026-07-13,0.07,tcgplayer
OP07-100,2026-07-20,0.08,tcgplayer
OP07-100,2026-07-27,0.09,tcgplayer
OP07-100,2026-08-03,0.09,tcgplayer
OP07-100,2026-08-10,0.09,tcgplayer
OP07-100,2026-08-17,0.08,tcgplayer
OP07-100,2026-08-24,0.07,tcgplayer
OP07-100,2026-08-31,0.09,tcgplayer
OP07-100,2026-09-05,0.07,limitless
OP07-101,2025-09-08,0.21,tcgplayer
OP07-101,2025-09-15,0.22,tcgplayer
OP07-101,2025-09-22,0.20,tcgplayer
OP07-101,2025-09-29,0.19,tcgplayer
OP07-101,2025-10-06,0.18,tcgplayer
OP07-101,2025-10-13,0.20,tcgplayer
OP07-101,2025-10-20,0.24,tcgplayer
OP07-101,2025-10-27,0.22,tcgplayer
OP07-101,2025-11-03,0.19,tcgplayer
OP07-101,2025-11-10,0.20,tcgplayer
OP07-101,2025-11-17,0.21,tcgplayer
OP07-101,2025-11-24,0.21,tcgplayer
OP07-101,2025-12-01,0.20,tcgplayer
OP07-101,2025-12-08,0.21,tcgplayer
OP07-101,2025-12-15,0.21,tcgplayer
OP07-101,2025-12-22,0.22,tcgplayer
OP07-101,2025-12-29,0.21,tcgplayer
OP07-101,2026-01-05,0.18,tcgplayer
OP07-101,2026-01-12,0.19,tcgplayer
OP07-101,2026-01-19,0.20,tcgplayer
OP07-101,2026-01-26,0.19,tcgplayer
OP07-101,2026-02-02,0.17,tcgplayer
OP07-101,2026-02-09,0.18,tcgplayer
OP07-101,2026-02-16,0.18,tcgplayer
OP07-101,2026-02-23,0.19,tcgplayer
OP07-101,2026-03-02,0.18,tcgplayer
OP07-101,2026-03-09,0.18,tcgplayer
OP07-101,2026-03-16,0.20,tcgplayer
OP07-101,2026-03-23,0.18,tcgplayer
OP07-101,2026-03-30,0.14,tcgplayer
OP07-101,2026-04-06,0.13,tcgplayer
OP07-101,2026-04-13,0.14,tcgplayer
OP07-101,2026-04-20,0.15,tcgplayer
OP07-101,2026-04-27,0.14,tcgplayer
OP07-101,2026-05-04,0.14,tcgplayer
OP07-101,2026-05-11,0.13,tcgplayer
OP07-101,2026-05-18,0.13,tcgplayer
OP07-101,2026-05-25,0.14,tcgplayer
OP07-101,2026-06-01,0.13,tcgplayer
OP07-101,2026-06-08,0.14,tcgplayer
OP07-101,2026-06-15,0.14,tcgplayer
OP07-101,2026-06-22,0.15,tcgplayer
OP07-101,2026-06-29,0.14,tcgplayer
OP07-101,2026-07-06,0.14,tcgplayer
OP07-101,2026-07-13,0.15,tcgplayer
OP07-101,2026-07-20,0.14,tcgplayer
OP07-101,2026-07-27,0.14,tcgplayer
OP07-101,2026-08-03,0.13,tcgplayer
OP07-101,2026-08-10,0.13,tcgplayer
OP07-101,2026-08-17,0.13,tcgplayer
OP07-101,2026-08-24,0.14,tcgplayer
OP07-101,2026-08-31,0.16,tcgplayer
OP07-101,2026-09-05,0.14,limitless
OP07-102,2025-09-08,0.06,tcgplayer
OP07-102,2025-09-15,0.07,tcgplayer
OP07-102,2025-09-22,0.07,tcgplayer
OP07-102,2025-09-29,0.07,tcgplayer
OP07-102,2025-10-06,0.08,tcgplayer
OP07-102,2025-10-13,0.08,tcgplayer
OP07-102,2025-10-20,0.07,tcgplayer
OP07-102,2025-10-27,0.07,tcgplayer
OP07-102,2025-11-03,0.07,tcgplayer
OP07-102,2025-11-10,0.06,tcgplayer
OP07-102,2025-11-17,0.08,tcgplayer
OP07-102,2025-11-24,0.08,tcgplayer
OP07-102,2025-12-01,0.07,tcgplayer
OP07-102,2025-12-08,0.07,tcgplayer
OP07-102,2025-12-15,0.06,tcgplayer
OP07-102,2025-12-22,0.06,tcgplayer
OP07-102,2025-12-29,0.06,tcgplayer
OP07-102,2026-01-05,0.06,tcgplayer
OP07-102,2026-01-12,0.08,tcgplayer
OP07-102,2026-01-19,0.11,tcgplayer
OP07-102,2026-01-26,0.10,tcgplayer
OP07-102,2026-02-02,0.10,tcgplayer
OP07-102,2026-02-09,0.10,tcgplayer
OP07-102,2026-02-16,0.10,tcgplayer
OP07-102,2026-02-23,0.09,tcgplayer
OP07-102,2026-03-02,0.07,tcgplayer
OP07-102,2026-03-09,0.09,tcgplayer
OP07-102,2026-03-16,0.09,tcgplayer
OP07-102,2026-03-23,0.10,tcgplayer
OP07-102,2026-03-30,0.11,tcgplayer
OP07-102,2026-04-06,0.11,tcgplayer
OP07-102,2026-04-13,0.11,tcgplayer
OP07-102,2026-04-20,0.09,tcgplayer
OP07-102,2026-04-27,0.10,tcgplayer
OP07-102,2026-05-04,0.10,tcgplayer
OP07-102,2026-05-11,0.10,tcgplayer
OP07-102,2026-05-18,0.11,tcgplayer
OP07-102,2026-05-25,0.10,tcgplayer
OP07-102,2026-06-01,0.10,tcgplayer
OP07-102,2026-06-08,0.08,tcgplayer
OP07-102,2026-06-15,0.09,tcgplayer
OP07-102,2026-06-22,0.08,tcgplayer
OP07-102,2026-06-29,0.10,tcgplayer
OP07-102,2026-07-06,0.10,tcgplayer
OP07-102,2026-07-13,0.09,tcgplayer
OP07-102,2026-07-20,0.10,tcgplayer
OP07-102,2026-07-27,0.10,tcgplayer
OP07-102,2026-08-03,0.08,tcgplayer
OP07-102,2026-08-10,0.09,tcgplayer
OP07-102,2026-08-17,0.09,tcgplayer
OP07-102,2026-08-24,0.10,tcgplayer
OP07-102,2026-08-31,0.10,tcgplayer
OP07-102,2026-09-05,0.10,limitless
OP07-103,2025-09-08,0.07,tcgplayer
OP07-103,2025-09-15,0.09,tcgplayer
OP07-103,2025-09-22,0.09,tcgplayer
OP07-103,2025-09-29,0.10,tcgplayer
OP07-103,2025-10-06,0.14,tcgplayer
OP07-103,2025-10-13,0.14,tcgplayer
OP07-103,2025-10-20,0.11,tcgplayer
OP07-103,2025-10-27,0.10,tcgplayer
OP07-103,2025-11-03,0.11,tcgplayer
OP07-103,2025-11-10,0.09,tcgplayer
OP07-103,2025-11-17,0.09,tcgplayer
OP07-103,2025-11-24,0.11,tcgplayer
OP07-103,2025-12-01,0.13,tcgplayer
OP07-103,2025-12-08,0.12,tcgplayer
OP07-103,2025-12-15,0.12,tcgplayer
OP07-103,2025-12-22,0.11,tcgplayer
OP07-103,2025-12-29,0.12,tcgplayer
OP07-103,2026-01-05,0.10,tcgplayer
OP07-103,2026-01-12,0.11,tcgplayer
OP07-103,2026-01-19,0.13,tcgplayer
OP07-103,2026-01-26,0.14,tcgplayer
OP07-103,2026-02-02,0.15,tcgplayer
OP07-103,2026-02-09,0.15,tcgplayer
OP07-103,2026-02-16,0.10,tcgplayer
OP07-103,2026-02-23,0.13,tcgplayer
OP07-103,2026-03-02,0.13,tcgplayer
OP07-103,2026-03-09,0.13,tcgplayer
OP07-103,2026-03-16,0.15,tcgplayer
OP07-103,2026-03-23,0.14,tcgplayer
OP07-103,2026-03-30,0.16,tcgplayer
OP07-103,2026-04-06,0.13,tcgplayer
OP07-103,2026-04-13,0.11,tcgplayer
OP07-103,2026-04-20,0.12,tcgplayer
OP07-103,2026-04-27,0.11,tcgplayer
OP07-103,2026-05-04,0.11,tcgplayer
OP07-103,2026-05-11,0.12,tcgplayer
OP07-103,2026-05-18,0.15,tcgplayer
OP07-103,2026-05-25,0.14,tcgplayer
OP07-103,2026-06-01,0.12,tcgplayer
OP07-103,2026-06-08,0.14,tcgplayer
OP07-103,2026-06-15,0.19,tcgplayer
OP07-103,2026-06-22,0.13,tcgplayer
OP07-103,2026-06-29,0.14,tcgplayer
OP07-103,2026-07-06,0.19,tcgplayer
OP07-103,2026-07-13,0.14,tcgplayer
OP07-103,2026-07-20,0.13,tcgplayer
OP07-103,2026-07-27,0.12,tcgplayer
OP07-103,2026-08-03,0.12,tcgplayer
OP07-103,2026-08-10,0.15,tcgplayer
OP07-103,2026-08-17,0.15,tcgplayer
OP07-103,2026-08-24,0.13,tcgplayer
OP07-103,2026-08-31,0.14,tcgplayer
OP07-103,2026-09-05,0.14,limitless
OP07-104,2025-09-08,0.20,tcgplayer
OP07-104,2025-09-15,0.21,tcgplayer
OP07-104,2025-09-22,0.19,tcgplayer
OP07-104,2025-09-29,0.23,tcgplayer
OP07-104,2025-10-06,0.19,tcgplayer
OP07-104,2025-10-13,0.19,tcgplayer
OP07-104,2025-10-20,0.22,tcgplayer
OP07-104,2025-10-27,0.19,tcgplayer
OP07-104,2025-11-03,0.18,tcgplayer
OP07-104,2025-11-10,0.18,tcgplayer
OP07-104,2025-11-17,0.20,tcgplayer
OP07-104,2025-11-24,0.22,tcgplayer
OP07-104,2025-12-01,0.18,tcgplayer
OP07-104,2025-12-08,0.18,tcgplayer
OP07-104,2025-12-15,0.22,tcgplayer
OP07-104,2025-12-22,0.15,tcgplayer
OP07-104,2025-12-29,0.18,tcgplayer
OP07-104,2026-01-05,0.22,tcgplayer
OP07-104,2026-01-12,0.22,tcgplayer
OP07-104,2026-01-19,0.22,tcgplayer
OP07-104,2026-01-26,0.31,tcgplayer
OP07-104,2026-02-02,0.30,tcgplayer
OP07-104,2026-02-09,0.19,tcgplayer
OP07-104,2026-02-16,0.23,tcgplayer
OP07-104,2026-02-23,0.23,tcgplayer
OP07-104,2026-03-02,0.24,tcgplayer
OP07-104,2026-03-09,0.22,tcgplayer
OP07-104,2026-03-16,0.21,tcgplayer
OP07-104,2026-03-23,0.22,tcgplayer
OP07-104,2026-03-30,0.26,tcgplayer
OP07-104,2026-04-06,0.24,tcgplayer
OP07-104,2026-04-13,0.24,tcgplayer
OP07-104,2026-04-20,0.25,tcgplayer
OP07-104,2026-04-27,0.27,tcgplayer
OP07-104,2026-05-04,0.23,tcgplayer
OP07-104,2026-05-11,0.23,tcgplayer
OP07-104,2026-05-18,0.21,tcgplayer
OP07-104,2026-05-25,0.25,tcgplayer
OP07-104,2026-06-01,0.28,tcgplayer
OP07-104,2026-06-08,0.23,tcgplayer
OP07-104,2026-06-15,0.30,tcgplayer
OP07-104,2026-06-22,0.22,tcgplayer
OP07-104,2026-06-29,0.23,tcgplayer
OP07-104,2026-07-06,0.23,tcgplayer
OP07-104,2026-07-13,0.23,tcgplayer
OP07-104,2026-07-20,0.22,tcgplayer
OP07-104,2026-07-27,0.24,tcgplayer
OP07-104,2026-08-03,0.26,tcgplayer
OP07-104,2026-08-10,0.24,tcgplayer
OP07-104,2026-08-17,0.25,tcgplayer
OP07-104,2026-08-24,0.26,tcgplayer
OP07-104,2026-08-31,0.25,tcgplayer
OP07-104,2026-09-05,0.26,limitless
OP07-105,2025-09-08,0.16,tcgplayer
OP07-105,2025-09-15,0.18,tcgplayer
OP07-105,2025-09-22,0.17,tcgplayer
OP07-105,2025-09-29,0.17,tcgplayer
OP07-105,2025-10-06,0.17,tcgplayer
OP07-105,2025-10-13,0.17,tcgplayer
OP07-105,2025-10-20,0.19,tcgplayer
OP07-105,2025-10-27,0.18,tcgplayer
OP07-105,2025-11-03,0.17,tcgplayer
OP07-105,2025-11-10,0.17,tcgplayer
OP07-105,2025-11-17,0.20,tcgplayer
OP07-105,2025-11-24,0.22,tcgplayer
OP07-105,2025-12-01,0.19,tcgplayer
OP07-105,2025-12-08,0.13,tcgplayer
OP07-105,2025-12-15,0.14,tcgplayer
OP07-105,2025-12-22,0.14,tcgplayer
OP07-105,2025-12-29,0.14,tcgplayer
OP07-105,2026-01-05,0.12,tcgplayer
OP07-105,2026-01-12,0.12,tcgplayer
OP07-105,2026-01-19,0.14,tcgplayer
OP07-105,2026-01-26,0.13,tcgplayer
OP07-105,2026-02-02,0.13,tcgplayer
OP07-105,2026-02-09,0.15,tcgplayer
OP07-105,2026-02-16,0.14,tcgplayer
OP07-105,2026-02-23,0.16,tcgplayer
OP07-105,2026-03-02,0.15,tcgplayer
OP07-105,2026-03-09,0.19,tcgplayer
OP07-105,2026-03-16,0.18,tcgplayer
OP07-105,2026-03-23,0.16,tcgplayer
OP07-105,2026-03-30,0.15,tcgplayer
OP07-105,2026-04-06,0.13,tcgplayer
OP07-105,2026-04-13,0.12,tcgplayer
OP07-105,2026-04-20,0.11,tcgplayer
OP07-105,2026-04-27,0.11,tcgplayer
OP07-105,2026-05-04,0.12,tcgplayer
OP07-105,2026-05-11,0.12,tcgplayer
OP07-105,2026-05-18,0.12,tcgplayer
OP07-105,2026-05-25,0.11,tcgplayer
OP07-105,2026-06-01,0.12,tcgplayer
OP07-105,2026-06-08,0.13,tcgplayer
OP07-105,2026-06-15,0.14,tcgplayer
OP07-105,2026-06-22,0.13,tcgplayer
OP07-105,2026-06-29,0.13,tcgplayer
OP07-105,2026-07-06,0.12,tcgplayer
OP07-105,2026-07-13,0.14,tcgplayer
OP07-105,2026-07-20,0.14,tcgplayer
OP07-105,2026-07-27,0.15,tcgplayer
OP07-105,2026-08-03,0.15,tcgplayer
OP07-105,2026-08-10,0.15,tcgplayer
OP07-105,2026-08-17,0.14,tcgplayer
OP07-105,2026-08-24,0.14,tcgplayer
OP07-105,2026-08-31,0.17,tcgplayer
OP07-105,2026-09-05,0.15,limitless
OP07-106,2025-09-08,0.05,tcgplayer
OP07-106,2025-09-15,0.05,tcgplayer
OP07-106,2025-09-22,0.05,tcgplayer
OP07-106,2025-09-29,0.05,tcgplayer
OP07-106,2025-10-06,0.05,tcgplayer
OP07-106,2025-10-13,0.05,tcgplayer
OP07-106,2025-10-20,0.04,tcgplayer
OP07-106,2025-10-27,0.03,tcgplayer
OP07-106,2025-11-03,0.04,tcgplayer
OP07-106,2025-11-10,0.04,tcgplayer
OP07-106,2025-11-17,0.04,tcgplayer
OP07-106,2025-11-24,0.04,tcgplayer
OP07-106,2025-12-01,0.04,tcgplayer
OP07-106,2025-12-08,0.04,tcgplayer
OP07-106,2025-12-15,0.05,tcgplayer
OP07-106,2025-12-22,0.05,tcgplayer
OP07-106,2025-12-29,0.04,tcgplayer
OP07-106,2026-01-05,0.03,tcgplayer
OP07-106,2026-01-12,0.04,tcgplayer
OP07-106,2026-01-19,0.05,tcgplayer
OP07-106,2026-01-26,0.05,tcgplayer
OP07-106,2026-02-02,0.05,tcgplayer
OP07-106,2026-02-09,0.06,tcgplayer
OP07-106,2026-02-16,0.06,tcgplayer
OP07-106,2026-02-23,0.04,tcgplayer
OP07-106,2026-03-02,0.04,tcgplayer
OP07-106,2026-03-09,0.04,tcgplayer
OP07-106,2026-03-16,0.04,tcgplayer
OP07-106,2026-03-23,0.04,tcgplayer
OP07-106,2026-03-30,0.03,tcgplayer
OP07-106,2026-04-06,0.04,tcgplayer
OP07-106,2026-04-13,0.05,tcgplayer
OP07-106,2026-04-20,0.05,tcgplayer
OP07-106,2026-04-27,0.05,tcgplayer
OP07-106,2026-05-04,0.05,tcgplayer
OP07-106,2026-05-11,0.05,tcgplayer
OP07-106,2026-05-18,0.04,tcgplayer
OP07-106,2026-05-25,0.04,tcgplayer
OP07-106,2026-06-01,0.04,tcgplayer
OP07-106,2026-06-08,0.04,tcgplayer
OP07-106,2026-06-15,0.04,tcgplayer
OP07-106,2026-06-22,0.04,tcgplayer
OP07-106,2026-06-29,0.04,tcgplayer
OP07-106,2026-07-06,0.04,tcgplayer
OP07-106,2026-07-13,0.05,tcgplayer
OP07-106,2026-07-20,0.05,tcgplayer
OP07-106,2026-07-27,0.05,tcgplayer
OP07-106,2026-08-03,0.05,tcgplayer
OP07-106,2026-08-10,0.05,tcgplayer
OP07-106,2026-08-17,0.05,tcgplayer
OP07-106,2026-08-24,0.05,tcgplayer
OP07-106,2026-08-31,0.05,tcgplayer
OP07-106,2026-09-05,0.05,limitless
OP07-107,2025-09-08,0.71,tcgplayer
OP07-107,2025-09-15,0.70,tcgplayer
OP07-107,2025-09-22,0.59,tcgplayer
OP07-107,2025-09-29,0.25,tcgplayer
OP07-107,2025-10-06,0.33,tcgplayer
OP07-107,2025-10-13,0.38,tcgplayer
OP07-107,2025-10-20,0.48,tcgplayer
OP07-107,2025-10-27,0.43,tcgplayer
OP07-107,2025-11-03,0.44,tcgplayer
OP07-107,2025-11-10,0.44,tcgplayer
OP07-107,2025-11-17,0.48,tcgplayer
OP07-107,2025-11-24,0.53,tcgplayer
OP07-107,2025-12-01,0.52,tcgplayer
OP07-107,2025-12-08,0.54,tcgplayer
OP07-107,2025-12-15,0.50,tcgplayer
OP07-107,2025-12-22,0.47,tcgplayer
OP07-107,2025-12-29,0.48,tcgplayer
OP07-107,2026-01-05,0.52,tcgplayer
OP07-107,2026-01-12,0.44,tcgplayer
OP07-107,2026-01-19,0.47,tcgplayer
OP07-107,2026-01-26,0.45,tcgplayer
OP07-107,2026-02-02,0.50,tcgplayer
OP07-107,2026-02-09,0.43,tcgplayer
OP07-107,2026-02-16,0.41,tcgplayer
OP07-107,2026-02-23,0.45,tcgplayer
OP07-107,2026-03-02,0.37,tcgplayer
OP07-107,2026-03-09,0.41,tcgplayer
OP07-107,2026-03-16,0.34,tcgplayer
OP07-107,2026-03-23,0.36,tcgplayer
OP07-107,2026-03-30,0.42,tcgplayer
OP07-107,2026-04-06,0.38,tcgplayer
OP07-107,2026-04-13,0.39,tcgplayer
OP07-107,2026-04-20,0.41,tcgplayer
OP07-107,2026-04-27,0.41,tcgplayer
OP07-107,2026-05-04,0.41,tcgplayer
OP07-107,2026-05-11,0.39,tcgplayer
OP07-107,2026-05-18,0.38,tcgplayer
OP07-107,2026-05-25,0.37,tcgplayer
OP07-107,2026-06-01,0.33,tcgplayer
OP07-107,2026-06-08,0.42,tcgplayer
OP07-107,2026-06-15,0.36,tcgplayer
OP07-107,2026-06-22,0.31,tcgplayer
OP07-107,2026-06-29,0.34,tcgplayer
OP07-107,2026-07-06,0.38,tcgplayer
OP07-107,2026-07-13,0.43,tcgplayer
OP07-107,2026-07-20,0.38,tcgplayer
OP07-107,2026-07-27,0.31,tcgplayer
OP07-107,2026-08-03,0.33,tcgplayer
OP07-107,2026-08-10,0.37,tcgplayer
OP07-107,2026-08-17,0.34,tcgplayer
OP07-107,2026-08-24,0.33,tcgplayer
OP07-107,2026-08-31,0.37,tcgplayer
OP07-107,2026-09-05,0.36,limitless
OP07-107p1,2025-09-08,12.46,tcgplayer
OP07-107p1,2025-09-15,12.60,tcgplayer
OP07-107p1,2025-09-22,12.55,tcgplayer
OP07-107p1,2025-09-29,12.43,tcgplayer
OP07-107p1,2025-10-06,10.46,tcgplayer
OP07-107p1,2025-10-13,11.18,tcgplayer
OP07-107p1,2025-10-20,10.91,tcgplayer
OP07-107p1,2025-10-27,10.95,tcgplayer
OP07-107p1,2025-11-03,10.65,tcgplayer
OP07-107p1,2025-11-10,10.42,tcgplayer
OP07-107p1,2025-11-17,10.62,tcgplayer
OP07-107p1,2025-11-24,11.06,tcgplayer
OP07-107p1,2025-12-01,11.45,tcgplayer
OP07-107p1,2025-12-08,11.56,tcgplayer
OP07-107p1,2025-12-15,12.39,tcgplayer
OP07-107p1,2025-12-22,13.41,tcgplayer
OP07-107p1,2025-12-29,13.83,tcgplayer
OP07-107p1,2026-01-05,15.06,tcgplayer
OP07-107p1,2026-01-12,15.35,tcgplayer
OP07-107p1,2026-01-19,17.38,tcgplayer
OP07-107p1,2026-01-26,19.42,tcgplayer
OP07-107p1,2026-02-02,21.11,tcgplayer
OP07-107p1,2026-02-09,21.21,tcgplayer
OP07-107p1,2026-02-16,20.92,tcgplayer
OP07-107p1,2026-02-23,19.76,tcgplayer
OP07-107p1,2026-03-02,17.23,tcgplayer
OP07-107p1,2026-03-09,16.08,tcgplayer
OP07-107p1,2026-03-16,15.38,tcgplayer
OP07-107p1,2026-03-23,14.78,tcgplayer
OP07-107p1,2026-03-30,13.68,tcgplayer
OP07-107p1,2026-04-06,13.10,tcgplayer
OP07-107p1,2026-04-13,13.01,tcgplayer
OP07-107p1,2026-04-20,13.61,tcgplayer
OP07-107p1,2026-04-27,12.58,tcgplayer
OP07-107p1,2026-05-04,11.80,tcgplayer
OP07-107p1,2026-05-11,10.87,tcgplayer
OP07-107p1,2026-05-18,10.48,tcgplayer
OP07-107p1,2026-05-25,10.36,tcgplayer
OP07-107p1,2026-06-01,10.07,tcgplayer
OP07-107p1,2026-06-08,10.16,tcgplayer
OP07-107p1,2026-06-15,10.11,tcgplayer
OP07-107p1,2026-06-22,10.09,tcgplayer
OP07-107p1,2026-06-29,9.98,tcgplayer
OP07-107p1,2026-07-06,9.17,tcgplayer
OP07-107p1,2026-07-13,8.36,tcgplayer
OP07-107p1,2026-07-20,8.01,tcgplayer
OP07-107p1,2026-07-27,7.85,tcgplayer
OP07-107p1,2026-08-03,7.66,tcgplayer
OP07-107p1,2026-08-10,7.35,tcgplayer
OP07-107p1,2026-08-17,6.85,tcgplayer
OP07-107p1,2026-08-24,6.40,tcgplayer
OP07-107p1,2026-08-31,6.00,tcgplayer
OP07-107p1,2026-09-05,5.95,limitless
OP07-108,2025-09-08,0.06,tcgplayer
OP07-108,2025-09-15,0.06,tcgplayer
OP07-108,2025-09-22,0.06,tcgplayer
OP07-108,2025-09-29,0.06,tcgplayer
OP07-108,2025-10-06,0.05,tcgplayer
OP07-108,2025-10-13,0.05,tcgplayer
OP07-108,2025-10-20,0.04,tcgplayer
OP07-108,2025-10-27,0.04,tcgplayer
OP07-108,2025-11-03,0.04,tcgplayer
OP07-108,2025-11-10,0.04,tcgplayer
OP07-108,2025-11-17,0.04,tcgplayer
OP07-108,2025-11-24,0.04,tcgplayer
OP07-108,2025-12-01,0.05,tcgplayer
OP07-108,2025-12-08,0.04,tcgplayer
OP07-108,2025-12-15,0.04,tcgplayer
OP07-108,2025-12-22,0.04,tcgplayer
OP07-108,2025-12-29,0.04,tcgplayer
OP07-108,2026-01-05,0.03,tcgplayer
OP07-108,2026-01-12,0.05,tcgplayer
OP07-108,2026-01-19,0.06,tcgplayer
OP07-108,2026-01-26,0.05,tcgplayer
OP07-108,2026-02-02,0.05,tcgplayer
OP07-108,2026-02-09,0.06,tcgplayer
OP07-108,2026-02-16,0.07,tcgplayer
OP07-108,2026-02-23,0.08,tcgplayer
OP07-108,2026-03-02,0.05,tcgplayer
OP07-108,2026-03-09,0.05,tcgplayer
OP07-108,2026-03-16,0.05,tcgplayer
OP07-108,2026-03-23,0.06,tcgplayer
OP07-108,2026-03-30,0.05,tcgplayer
OP07-108,2026-04-06,0.05,tcgplayer
OP07-108,2026-04-13,0.05,tcgplayer
OP07-108,2026-04-20,0.06,tcgplayer
OP07-108,2026-04-27,0.06,tcgplayer
OP07-108,2026-05-04,0.06,tcgplayer
OP07-108,2026-05-11,0.06,tcgplayer
OP07-108,2026-05-18,0.06,tcgplayer
OP07-108,2026-05-25,0.06,tcgplayer
OP07-108,2026-06-01,0.05,tcgplayer
OP07-108,2026-06-08,0.05,tcgplayer
OP07-108,2026-06-15,0.06,tcgplayer
OP07-108,2026-06-22,0.06,tcgplayer
OP07-108,2026-06-29,0.06,tcgplayer
OP07-108,2026-07-06,0.06,tcgplayer
OP07-108,2026-07-13,0.06,tcgplayer
OP07-108,2026-07-20,0.06,tcgplayer
OP07-108,2026-07-27,0.05,tcgplayer
OP07-108,2026-08-03,0.06,tcgplayer
OP07-108,2026-08-10,0.06,tcgplayer
OP07-108,2026-08-17,0.06,tcgplayer
OP07-108,2026-08-24,0.06,tcgplayer
OP07-108,2026-08-31,0.06,tcgplayer
OP07-108,2026-09-05,0.06,limitless
OP07-109,2025-09-08,1.79,tcgplayer
OP07-109,2025-09-15,1.91,tcgplayer
OP07-109,2025-09-22,2.09,tcgplayer
OP07-109,2025-09-29,1.16,tcgplayer
OP07-109,2025-10-06,1.19,tcgplayer
OP07-109,2025-10-13,1.05,tcgplayer
OP07-109,2025-10-20,1.01,tcgplayer
OP07-109,2025-10-27,1.03,tcgplayer
OP07-109,2025-11-03,0.98,tcgplayer
OP07-109,2025-11-10,0.70,tcgplayer
OP07-109,2025-11-17,0.57,tcgplayer
OP07-109,2025-11-24,0.70,tcgplayer
OP07-109,2025-12-01,1.48,tcgplayer
OP07-109,2025-12-08,3.37,tcgplayer
OP07-109,2025-12-15,2.69,tcgplayer
OP07-109,2025-12-22,2.24,tcgplayer
OP07-109,2025-12-29,3.69,tcgplayer
OP07-109,2026-01-05,5.10,tcgplayer
OP07-109,2026-01-12,6.07,tcgplayer
OP07-109,2026-01-19,6.27,tcgplayer
OP07-109,2026-01-26,5.84,tcgplayer
OP07-109,2026-02-02,3.81,tcgplayer
OP07-109,2026-02-09,3.80,tcgplayer
OP07-109,2026-02-16,3.09,tcgplayer
OP07-109,2026-02-23,2.10,tcgplayer
OP07-109,2026-03-02,1.82,tcgplayer
OP07-109,2026-03-09,1.54,tcgplayer
OP07-109,2026-03-16,2.10,tcgplayer
OP07-109,2026-03-23,2.57,tcgplayer
OP07-109,2026-03-30,2.52,tcgplayer
OP07-109,2026-04-06,2.08,tcgplayer
OP07-109,2026-04-13,3.01,tcgplayer
OP07-109,2026-04-20,3.01,tcgplayer
OP07-109,2026-04-27,3.37,tcgplayer
OP07-109,2026-05-04,3.27,tcgplayer
OP07-109,2026-05-11,3.14,tcgplayer
OP07-109,2026-05-18,3.11,tcgplayer
OP07-109,2026-05-25,2.63,tcgplayer
OP07-109,2026-06-01,4.28,tcgplayer
OP07-109,2026-06-08,4.41,tcgplayer
OP07-109,2026-06-15,3.41,tcgplayer
OP07-109,2026-06-22,3.58,tcgplayer
OP07-109,2026-06-29,3.88,tcgplayer
OP07-109,2026-07-06,4.10,tcgplayer
OP07-109,2026-07-13,3.43,tcgplayer
OP07-109,2026-07-20,3.04,tcgplayer
OP07-109,2026-07-27,2.55,tcgplayer
OP07-109,2026-08-03,1.96,tcgplayer
OP07-109,2026-08-10,2.04,tcgplayer
OP07-109,2026-08-17,1.74,tcgplayer
OP07-109,2026-08-24,1.75,tcgplayer
OP07-109,2026-08-31,1.52,tcgplayer
OP07-109,2026-09-05,1.63,limitless
OP07-109p1,2025-09-08,13.90,tcgplayer
OP07-109p1,2025-09-15,14.38,tcgplayer
OP07-109p1,2025-09-22,14.95,tcgplayer
OP07-109p1,2025-09-29,15.30,tcgplayer
OP07-109p1,2025-10-06,15.56,tcgplayer
OP07-109p1,2025-10-13,15.36,tcgplayer
OP07-109p1,2025-10-20,15.26,tcgplayer
OP07-109p1,2025-10-27,16.22,tcgplayer
OP07-109p1,2025-11-03,16.61,tcgplayer
OP07-109p1,2025-11-10,16.41,tcgplayer
OP07-109p1,2025-11-17,16.01,tcgplayer
OP07-109p1,2025-11-24,16.81,tcgplayer
OP07-109p1,2025-12-01,32.51,tcgplayer
OP07-109p1,2025-12-08,38.81,tcgplayer
OP07-109p1,2025-12-15,37.07,tcgplayer
OP07-109p1,2025-12-22,33.45,tcgplayer
OP07-109p1,2025-12-29,54.25,tcgplayer
OP07-109p1,2026-01-05,63.89,tcgplayer
OP07-109p1,2026-01-12,70.44,tcgplayer
OP07-109p1,2026-01-19,67.16,tcgplayer
OP07-109p1,2026-01-26,61.76,tcgplayer
OP07-109p1,2026-02-02,64.99,tcgplayer
OP07-109p1,2026-02-09,62.25,tcgplayer
OP07-109p1,2026-02-16,58.41,tcgplayer
OP07-109p1,2026-02-23,57.14,tcgplayer
OP07-109p1,2026-03-02,43.75,tcgplayer
OP07-109p1,2026-03-09,41.46,tcgplayer
OP07-109p1,2026-03-16,39.03,tcgplayer
OP07-109p1,2026-03-23,38.25,tcgplayer
OP07-109p1,2026-03-30,35.41,tcgplayer
OP07-109p1,2026-04-06,35.48,tcgplayer
OP07-109p1,2026-04-13,36.85,tcgplayer
OP07-109p1,2026-04-20,36.76,tcgplayer
OP07-109p1,2026-04-27,36.62,tcgplayer
OP07-109p1,2026-05-04,35.53,tcgplayer
OP07-109p1,2026-05-11,36.90,tcgplayer
OP07-109p1,2026-05-18,36.84,tcgplayer
OP07-109p1,2026-05-25,37.50,tcgplayer
OP07-109p1,2026-06-01,40.47,tcgplayer
OP07-109p1,2026-06-08,45.01,tcgplayer
OP07-109p1,2026-06-15,55.84,tcgplayer
OP07-109p1,2026-06-22,62.51,tcgplayer
OP07-109p1,2026-06-29,65.01,tcgplayer
OP07-109p1,2026-07-06,62.05,tcgplayer
OP07-109p1,2026-07-13,62.80,tcgplayer
OP07-109p1,2026-07-20,60.20,tcgplayer
OP07-109p1,2026-07-27,60.20,tcgplayer
OP07-109p1,2026-08-03,55.84,tcgplayer
OP07-109p1,2026-08-10,55.14,tcgplayer
OP07-109p1,2026-08-17,53.79,tcgplayer
OP07-109p1,2026-08-24,46.46,tcgplayer
OP07-109p1,2026-08-31,43.51,tcgplayer
OP07-109p1,2026-09-05,45.22,limitless
OP07-110,2025-09-08,0.06,tcgplayer
OP07-110,2025-09-15,0.09,tcgplayer
OP07-110,2025-09-22,0.09,tcgplayer
OP07-110,2025-09-29,0.10,tcgplayer
OP07-110,2025-10-06,0.08,tcgplayer
OP07-110,2025-10-13,0.06,tcgplayer
OP07-110,2025-10-20,0.06,tcgplayer
OP07-110,2025-10-27,0.07,tcgplayer
OP07-110,2025-11-03,0.08,tcgplayer
OP07-110,2025-11-10,0.08,tcgplayer
OP07-110,2025-11-17,0.09,tcgplayer
OP07-110,2025-11-24,0.08,tcgplayer
OP07-110,2025-12-01,0.09,tcgplayer
OP07-110,2025-12-08,0.09,tcgplayer
OP07-110,2025-12-15,0.09,tcgplayer
OP07-110,2025-12-22,0.07,tcgplayer
OP07-110,2025-12-29,0.07,tcgplayer
OP07-110,2026-01-05,0.07,tcgplayer
OP07-110,2026-01-12,0.07,tcgplayer
OP07-110,2026-01-19,0.07,tcgplayer
OP07-110,2026-01-26,0.06,tcgplayer
OP07-110,2026-02-02,0.07,tcgplayer
OP07-110,2026-02-09,0.08,tcgplayer
OP07-110,2026-02-16,0.08,tcgplayer
OP07-110,2026-02-23,0.10,tcgplayer
OP07-110,2026-03-02,0.09,tcgplayer
OP07-110,2026-03-09,0.10,tcgplayer
OP07-110,2026-03-16,0.11,tcgplayer
OP07-110,2026-03-23,0.09,tcgplayer
OP07-110,2026-03-30,0.07,tcgplayer
OP07-110,2026-04-06,0.08,tcgplayer
OP07-110,2026-04-13,0.08,tcgplayer
OP07-110,2026-04-20,0.09,tcgplayer
OP07-110,2026-04-27,0.07,tcgplayer
OP07-110,2026-05-04,0.08,tcgplayer
OP07-110,2026-05-11,0.09,tcgplayer
OP07-110,2026-05-18,0.08,tcgplayer
OP07-110,2026-05-25,0.09,tcgplayer
OP07-110,2026-06-01,0.09,tcgplayer
OP07-110,2026-06-08,0.08,tcgplayer
OP07-110,2026-06-15,0.08,tcgplayer
OP07-110,2026-06-22,0.07,tcgplayer
OP07-110,2026-06-29,0.06,tcgplayer
OP07-110,2026-07-06,0.06,tcgplayer
OP07-110,2026-07-13,0.06,tcgplayer
OP07-110,2026-07-20,0.06,tcgplayer
OP07-110,2026-07-27,0.07,tcgplayer
OP07-110,2026-08-03,0.09,tcgplayer
OP07-110,2026-08-10,0.10,tcgplayer
OP07-110,2026-08-17,0.10,tcgplayer
OP07-110,2026-08-24,0.09,tcgplayer
OP07-110,2026-08-31,0.09,tcgplayer
OP07-110,2026-09-05,0.09,limitless
OP07-111,2025-09-08,1.24,tcgplayer
OP07-111,2025-09-15,1.08,tcgplayer
OP07-111,2025-09-22,1.21,tcgplayer
OP07-111,2025-09-29,1.25,tcgplayer
OP07-111,2025-10-06,1.29,tcgplayer
OP07-111,2025-10-13,1.38,tcgplayer
OP07-111,2025-10-20,1.63,tcgplayer
OP07-111,2025-10-27,1.38,tcgplayer
OP07-111,2025-11-03,1.94,tcgplayer
OP07-111,2025-11-10,1.61,tcgplayer
OP07-111,2025-11-17,2.23,tcgplayer
OP07-111,2025-11-24,2.56,tcgplayer
OP07-111,2025-12-01,2.51,tcgplayer
OP07-111,2025-12-08,1.97,tcgplayer
OP07-111,2025-12-15,2.11,tcgplayer
OP07-111,2025-12-22,2.04,tcgplayer
OP07-111,2025-12-29,1.89,tcgplayer
OP07-111,2026-01-05,1.88,tcgplayer
OP07-111,2026-01-12,2.00,tcgplayer
OP07-111,2026-01-19,1.85,tcgplayer
OP07-111,2026-01-26,1.69,tcgplayer
OP07-111,2026-02-02,1.50,tcgplayer
OP07-111,2026-02-09,1.42,tcgplayer
OP07-111,2026-02-16,1.59,tcgplayer
OP07-111,2026-02-23,2.06,tcgplayer
OP07-111,2026-03-02,2.09,tcgplayer
OP07-111,2026-03-09,2.07,tcgplayer
OP07-111,2026-03-16,2.44,tcgplayer
OP07-111,2026-03-23,2.40,tcgplayer
OP07-111,2026-03-30,2.50,tcgplayer
OP07-111,2026-04-06,2.50,tcgplayer
OP07-111,2026-04-13,1.84,tcgplayer
OP07-111,2026-04-20,2.76,tcgplayer
OP07-111,2026-04-27,2.66,tcgplayer
OP07-111,2026-05-04,2.29,tcgplayer
OP07-111,2026-05-11,2.37,tcgplayer
OP07-111,2026-05-18,2.43,tcgplayer
OP07-111,2026-05-25,1.52,tcgplayer
OP07-111,2026-06-01,1.46,tcgplayer
OP07-111,2026-06-08,1.42,tcgplayer
OP07-111,2026-06-15,1.70,tcgplayer
OP07-111,2026-06-22,1.72,tcgplayer
OP07-111,2026-06-29,1.43,tcgplayer
OP07-111,2026-07-06,1.38,tcgplayer
OP07-111,2026-07-13,1.24,tcgplayer
OP07-111,2026-07-20,1.21,tcgplayer
OP07-111,2026-07-27,1.20,tcgplayer
OP07-111,2026-08-03,1.06,tcgplayer
OP07-111,2026-08-10,1.14,tcgplayer
OP07-111,2026-08-17,1.03,tcgplayer
OP07-111,2026-08-24,1.06,tcgplayer
OP07-111,2026-08-31,1.27,tcgplayer
OP07-111,2026-09-05,1.29,limitless
OP07-111p1,2025-09-08,14.13,tcgplayer
OP07-111p1,2025-09-15,15.33,tcgplayer
OP07-111p1,2025-09-22,15.38,tcgplayer
OP07-111p1,2025-09-29,14.92,tcgplayer
OP07-111p1,2025-10-06,14.75,tcgplayer
OP07-111p1,2025-10-13,14.87,tcgplayer
OP07-111p1,2025-10-20,15.04,tcgplayer
OP07-111p1,2025-10-27,14.85,tcgplayer
OP07-111p1,2025-11-03,14.68,tcgplayer
OP07-111p1,2025-11-10,14.23,tcgplayer
OP07-111p1,2025-11-17,14.11,tcgplayer
OP07-111p1,2025-11-24,14.21,tcgplayer
OP07-111p1,2025-12-01,14.29,tcgplayer
OP07-111p1,2025-12-08,14.28,tcgplayer
OP07-111p1,2025-12-15,14.11,tcgplayer
OP07-111p1,2025-12-22,14.33,tcgplayer
OP07-111p1,2025-12-29,15.53,tcgplayer
OP07-111p1,2026-01-05,15.73,tcgplayer
OP07-111p1,2026-01-12,15.83,tcgplayer
OP07-111p1,2026-01-19,15.04,tcgplayer
OP07-111p1,2026-01-26,15.69,tcgplayer
OP07-111p1,2026-02-02,16.21,tcgplayer
OP07-111p1,2026-02-09,16.35,tcgplayer
OP07-111p1,2026-02-16,16.17,tcgplayer
OP07-111p1,2026-02-23,16.19,tcgplayer
OP07-111p1,2026-03-02,15.52,tcgplayer
OP07-111p1,2026-03-09,14.84,tcgplayer
OP07-111p1,2026-03-16,14.28,tcgplayer
OP07-111p1,2026-03-23,13.41,tcgplayer
OP07-111p1,2026-03-30,12.79,tcgplayer
OP07-111p1,2026-04-06,11.80,tcgplayer
OP07-111p1,2026-04-13,11.98,tcgplayer
OP07-111p1,2026-04-20,12.68,tcgplayer
OP07-111p1,2026-04-27,13.12,tcgplayer
OP07-111p1,2026-05-04,13.44,tcgplayer
OP07-111p1,2026-05-11,13.36,tcgplayer
OP07-111p1,2026-05-18,12.69,tcgplayer
OP07-111p1,2026-05-25,11.85,tcgplayer
OP07-111p1,2026-06-01,11.45,tcgplayer
OP07-111p1,2026-06-08,11.12,tcgplayer
OP07-111p1,2026-06-15,10.44,tcgplayer
OP07-111p1,2026-06-22,10.02,tcgplayer
OP07-111p1,2026-06-29,9.32,tcgplayer
OP07-111p1,2026-07-06,9.26,tcgplayer
OP07-111p1,2026-07-13,9.11,tcgplayer
OP07-111p1,2026-07-20,8.97,tcgplayer
OP07-111p1,2026-07-27,8.86,tcgplayer
OP07-111p1,2026-08-03,8.72,tcgplayer
OP07-111p1,2026-08-10,8.47,tcgplayer
OP07-111p1,2026-08-17,7.59,tcgplayer
OP07-111p1,2026-08-24,7.07,tcgplayer
OP07-111p1,2026-08-31,6.60,tcgplayer
OP07-111p1,2026-09-05,6.84,limitless
OP07-112,2025-09-08,0.13,tcgplayer
OP07-112,2025-09-15,0.16,tcgplayer
OP07-112,2025-09-22,0.15,tcgplayer
OP07-112,2025-09-29,0.16,tcgplayer
OP07-112,2025-10-06,0.15,tcgplayer
OP07-112,2025-10-13,0.15,tcgplayer
OP07-112,2025-10-20,0.16,tcgplayer
OP07-112,2025-10-27,0.15,tcgplayer
OP07-112,2025-11-03,0.13,tcgplayer
OP07-112,2025-11-10,0.12,tcgplayer
OP07-112,2025-11-17,0.11,tcgplayer
OP07-112,2025-11-24,0.12,tcgplayer
OP07-112,2025-12-01,0.10,tcgplayer
OP07-112,2025-12-08,0.14,tcgplayer
OP07-112,2025-12-15,0.16,tcgplayer
OP07-112,2025-12-22,0.15,tcgplayer
OP07-112,2025-12-29,0.10,tcgplayer
OP07-112,2026-01-05,0.12,tcgplayer
OP07-112,2026-01-12,0.10,tcgplayer
OP07-112,2026-01-19,0.10,tcgplayer
OP07-112,2026-01-26,0.12,tcgplayer
OP07-112,2026-02-02,0.14,tcgplayer
OP07-112,2026-02-09,0.20,tcgplayer
OP07-112,2026-02-16,0.23,tcgplayer
OP07-112,2026-02-23,0.19,tcgplayer
OP07-112,2026-03-02,0.16,tcgplayer
OP07-112,2026-03-09,0.10,tcgplayer
OP07-112,2026-03-16,0.11,tcgplayer
OP07-112,2026-03-23,0.13,tcgplayer
OP07-112,2026-03-30,0.14,tcgplayer
OP07-112,2026-04-06,0.16,tcgplayer
OP07-112,2026-04-13,0.14,tcgplayer
OP07-112,2026-04-20,0.12,tcgplayer
OP07-112,2026-04-27,0.14,tcgplayer
OP07-112,2026-05-04,0.18,tcgplayer
OP07-112,2026-05-11,0.18,tcgplayer
OP07-112,2026-05-18,0.21,tcgplayer
OP07-112,2026-05-25,0.16,tcgplayer
OP07-112,2026-06-01,0.15,tcgplayer
OP07-112,2026-06-08,0.16,tcgplayer
OP07-112,2026-06-15,0.14,tcgplayer
OP07-112,2026-06-22,0.15,tcgplayer
OP07-112,2026-06-29,0.17,tcgplayer
OP07-112,2026-07-06,0.19,tcgplayer
OP07-112,2026-07-13,0.20,tcgplayer
OP07-112,2026-07-20,0.14,tcgplayer
OP07-112,2026-07-27,0.14,tcgplayer
OP07-112,2026-08-03,0.13,tcgplayer
OP07-112,2026-08-10,0.13,tcgplayer
OP07-112,2026-08-17,0.14,tcgplayer
OP07-112,2026-08-24,0.13,tcgplayer
OP07-112,2026-08-31,0.13,tcgplayer
OP07-112,2026-09-05,0.13,limitless
OP07-113,2025-09-08,0.08,tcgplayer
OP07-113,2025-09-15,0.11,tcgplayer
OP07-113,2025-09-22,0.11,tcgplayer
OP07-113,2025-09-29,0.11,tcgplayer
OP07-113,2025-10-06,0.17,tcgplayer
OP07-113,2025-10-13,0.16,tcgplayer
OP07-113,2025-10-20,0.18,tcgplayer
OP07-113,2025-10-27,0.12,tcgplayer
OP07-113,2025-11-03,0.13,tcgplayer
OP07-113,2025-11-10,0.14,tcgplayer
OP07-113,2025-11-17,0.26,tcgplayer
OP07-113,2025-11-24,0.15,tcgplayer
OP07-113,2025-12-01,0.17,tcgplayer
OP07-113,2025-12-08,0.14,tcgplayer
OP07-113,2025-12-15,0.11,tcgplayer
OP07-113,2025-12-22,0.12,tcgplayer
OP07-113,2025-12-29,0.13,tcgplayer
OP07-113,2026-01-05,0.12,tcgplayer
OP07-113,2026-01-12,0.10,tcgplayer
OP07-113,2026-01-19,0.15,tcgplayer
OP07-113,2026-01-26,0.16,tcgplayer
OP07-113,2026-02-02,0.14,tcgplayer
OP07-113,2026-02-09,0.16,tcgplayer
OP07-113,2026-02-16,0.19,tcgplayer
OP07-113,2026-02-23,0.17,tcgplayer
OP07-113,2026-03-02,0.20,tcgplayer
OP07-113,2026-03-09,0.25,tcgplayer
OP07-113,2026-03-16,0.16,tcgplayer
OP07-113,2026-03-23,0.15,tcgplayer
OP07-113,2026-03-30,0.17,tcgplayer
OP07-113,2026-04-06,0.17,tcgplayer
OP07-113,2026-04-13,0.14,tcgplayer
OP07-113,2026-04-20,0.12,tcgplayer
OP07-113,2026-04-27,0.15,tcgplayer
OP07-113,2026-05-04,0.13,tcgplayer
OP07-113,2026-05-11,0.17,tcgplayer
OP07-113,2026-05-18,0.21,tcgplayer
OP07-113,2026-05-25,0.22,tcgplayer
OP07-113,2026-06-01,0.16,tcgplayer
OP07-113,2026-06-08,0.14,tcgplayer
OP07-113,2026-06-15,0.14,tcgplayer
OP07-113,2026-06-22,0.16,tcgplayer
OP07-113,2026-06-29,0.15,tcgplayer
OP07-113,2026-07-06,0.14,tcgplayer
OP07-113,2026-07-13,0.16,tcgplayer
OP07-113,2026-07-20,0.17,tcgplayer
OP07-113,2026-07-27,0.18,tcgplayer
OP07-113,2026-08-03,0.19,tcgplayer
OP07-113,2026-08-10,0.22,tcgplayer
OP07-113,2026-08-17,0.21,tcgplayer
OP07-113,2026-08-24,0.24,tcgplayer
OP07-113,2026-08-31,0.20,tcgplayer
OP07-113,2026-09-05,0.20,limitless
OP07-114,2025-09-08,0.15,tcgplayer
OP07-114,2025-09-15,0.16,tcgplayer
OP07-114,2025-09-22,0.17,tcgplayer
OP07-114,2025-09-29,0.15,tcgplayer
OP07-114,2025-10-06,0.16,tcgplayer
OP07-114,2025-10-13,0.15,tcgplayer
OP07-114,2025-10-20,0.15,tcgplayer
OP07-114,2025-10-27,0.17,tcgplayer
OP07-114,2025-11-03,0.17,tcgplayer
OP07-114,2025-11-10,0.14,tcgplayer
OP07-114,2025-11-17,0.12,tcgplayer
OP07-114,2025-11-24,0.10,tcgplayer
OP07-114,2025-12-01,0.10,tcgplayer
OP07-114,2025-12-08,0.11,tcgplayer
OP07-114,2025-12-15,0.12,tcgplayer
OP07-114,2025-12-22,0.12,tcgplayer
OP07-114,2025-12-29,0.12,tcgplayer
OP07-114,2026-01-05,0.12,tcgplayer
OP07-114,2026-01-12,0.12,tcgplayer
OP07-114,2026-01-19,0.14,tcgplayer
OP07-114,2026-01-26,0.15,tcgplayer
OP07-114,2026-02-02,0.14,tcgplayer
OP07-114,2026-02-09,0.13,tcgplayer
OP07-114,2026-02-16,0.10,tcgplayer
OP07-114,2026-02-23,0.11,tcgplayer
OP07-114,2026-03-02,0.08,tcgplayer
OP07-114,2026-03-09,0.10,tcgplayer
OP07-114,2026-03-16,0.16,tcgplayer
OP07-114,2026-03-23,0.18,tcgplayer
OP07-114,2026-03-30,0.11,tcgplayer
OP07-114,2026-04-06,0.13,tcgplayer
OP07-114,2026-04-13,0.15,tcgplayer
OP07-114,2026-04-20,0.15,tcgplayer
OP07-114,2026-04-27,0.13,tcgplayer
OP07-114,2026-05-04,0.12,tcgplayer
OP07-114,2026-05-11,0.12,tcgplayer
OP07-114,2026-05-18,0.11,tcgplayer
OP07-114,2026-05-25,0.11,tcgplayer
OP07-114,2026-06-01,0.11,tcgplayer
OP07-114,2026-06-08,0.09,tcgplayer
OP07-114,2026-06-15,0.10,tcgplayer
OP07-114,2026-06-22,0.10,tcgplayer
OP07-114,2026-06-29,0.12,tcgplayer
OP07-114,2026-07-06,0.13,tcgplayer
OP07-114,2026-07-13,0.12,tcgplayer
OP07-114,2026-07-20,0.13,tcgplayer
OP07-114,2026-07-27,0.11,tcgplayer
OP07-114,2026-08-03,0.11,tcgplayer
OP07-114,2026-08-10,0.10,tcgplayer
OP07-114,2026-08-17,0.11,tcgplayer
OP07-114,2026-08-24,0.11,tcgplayer
OP07-114,2026-08-31,0.11,tcgplayer
OP07-114,2026-09-05,0.11,limitless
OP07-115,2025-09-08,0.12,tcgplayer
OP07-115,2025-09-15,0.13,tcgplayer
OP07-115,2025-09-22,0.10,tcgplayer
OP07-115,2025-09-29,0.10,tcgplayer
OP07-115,2025-10-06,0.10,tcgplayer
OP07-115,2025-10-13,0.11,tcgplayer
OP07-115,2025-10-20,0.10,tcgplayer
OP07-115,2025-10-27,0.12,tcgplayer
OP07-115,2025-11-03,0.10,tcgplayer
OP07-115,2025-11-10,0.09,tcgplayer
OP07-115,2025-11-17,0.10,tcgplayer
OP07-115,2025-11-24,0.13,tcgplayer
OP07-115,2025-12-01,0.10,tcgplayer
OP07-115,2025-12-08,0.09,tcgplayer
OP07-115,2025-12-15,0.08,tcgplayer
OP07-115,2025-12-22,0.07,tcgplayer
OP07-115,2025-12-29,0.14,tcgplayer
OP07-115,2026-01-05,0.10,tcgplayer
OP07-115,2026-01-12,0.10,tcgplayer
OP07-115,2026-01-19,0.12,tcgplayer
OP07-115,2026-01-26,0.10,tcgplayer
OP07-115,2026-02-02,0.13,tcgplayer
OP07-115,2026-02-09,0.10,tcgplayer
OP07-115,2026-02-16,0.11,tcgplayer
OP07-115,2026-02-23,0.16,tcgplayer
OP07-115,2026-03-02,0.14,tcgplayer
OP07-115,2026-03-09,0.20,tcgplayer
OP07-115,2026-03-16,0.81,tcgplayer
OP07-115,2026-03-23,1.30,tcgplayer
OP07-115,2026-03-30,0.67,tcgplayer
OP07-115,2026-04-06,0.45,tcgplayer
OP07-115,2026-04-13,0.45,tcgplayer
OP07-115,2026-04-20,0.30,tcgplayer
OP07-115,2026-04-27,0.26,tcgplayer
OP07-115,2026-05-04,0.26,tcgplayer
OP07-115,2026-05-11,0.26,tcgplayer
OP07-115,2026-05-18,0.24,tcgplayer
OP07-115,2026-05-25,0.20,tcgplayer
OP07-115,2026-06-01,0.19,tcgplayer
OP07-115,2026-06-08,0.21,tcgplayer
OP07-115,2026-06-15,0.25,tcgplayer
OP07-115,2026-06-22,0.20,tcgplayer
OP07-115,2026-06-29,0.18,tcgplayer
OP07-115,2026-07-06,0.18,tcgplayer
OP07-115,2026-07-13,0.17,tcgplayer
OP07-115,2026-07-20,0.17,tcgplayer
OP07-115,2026-07-27,0.15,tcgplayer
OP07-115,2026-08-03,0.16,tcgplayer
OP07-115,2026-08-10,0.16,tcgplayer
OP07-115,2026-08-17,0.16,tcgplayer
OP07-115,2026-08-24,0.17,tcgplayer
OP07-115,2026-08-31,0.16,tcgplayer
OP07-115,2026-09-05,0.16,limitless
OP07-116,2025-09-08,0.26,tcgplayer
OP07-116,2025-09-15,0.27,tcgplayer
OP07-116,2025-09-22,0.21,tcgplayer
OP07-116,2025-09-29,0.22,tcgplayer
OP07-116,2025-10-06,0.18,tcgplayer
OP07-116,2025-10-13,0.21,tcgplayer
OP07-116,2025-10-20,0.22,tcgplayer
OP07-116,2025-10-27,0.24,tcgplayer
OP07-116,2025-11-03,0.24,tcgplayer
OP07-116,2025-11-10,0.27,tcgplayer
OP07-116,2025-11-17,0.23,tcgplayer
OP07-116,2025-11-24,0.24,tcgplayer
OP07-116,2025-12-01,0.24,tcgplayer
OP07-116,2025-12-08,0.21,tcgplayer
OP07-116,2025-12-15,0.26,tcgplayer
OP07-116,2025-12-22,0.24,tcgplayer
OP07-116,2025-12-29,0.25,tcgplayer
OP07-116,2026-01-05,0.25,tcgplayer
OP07-116,2026-01-12,0.29,tcgplayer
OP07-116,2026-01-19,0.27,tcgplayer
OP07-116,2026-01-26,0.29,tcgplayer
OP07-116,2026-02-02,0.32,tcgplayer
OP07-116,2026-02-09,0.30,tcgplayer
OP07-116,2026-02-16,0.30,tcgplayer
OP07-116,2026-02-23,0.30,tcgplayer
OP07-116,2026-03-02,0.29,tcgplayer
OP07-116,2026-03-09,0.28,tcgplayer
OP07-116,2026-03-16,0.26,tcgplayer
OP07-116,2026-03-23,0.25,tcgplayer
OP07-116,2026-03-30,0.26,tcgplayer
OP07-116,2026-04-06,0.23,tcgplayer
OP07-116,2026-04-13,0.24,tcgplayer
OP07-116,2026-04-20,0.26,tcgplayer
OP07-116,2026-04-27,0.25,tcgplayer
OP07-116,2026-05-04,0.25,tcgplayer
OP07-116,2026-05-11,0.27,tcgplayer
OP07-116,2026-05-18,0.28,tcgplayer
OP07-116,2026-05-25,0.28,tcgplayer
OP07-116,2026-06-01,0.28,tcgplayer
OP07-116,2026-06-08,0.28,tcgplayer
OP07-116,2026-06-15,0.29,tcgplayer
OP07-116,2026-06-22,0.23,tcgplayer
OP07-116,2026-06-29,0.21,tcgplayer
OP07-116,2026-07-06,0.21,tcgplayer
OP07-116,2026-07-13,0.21,tcgplayer
OP07-116,2026-07-20,0.22,tcgplayer
OP07-116,2026-07-27,0.23,tcgplayer
OP07-116,2026-08-03,0.22,tcgplayer
OP07-116,2026-08-10,0.25,tcgplayer
OP07-116,2026-08-17,0.24,tcgplayer
OP07-116,2026-08-24,0.21,tcgplayer
OP07-116,2026-08-31,0.22,tcgplayer
OP07-116,2026-09-05,0.22,limitless
OP07-117,2025-09-08,0.06,tcgplayer
OP07-117,2025-09-15,0.10,tcgplayer
OP07-117,2025-09-22,0.07,tcgplayer
OP07-117,2025-09-29,0.06,tcgplayer
OP07-117,2025-10-06,0.07,tcgplayer
OP07-117,2025-10-13,0.06,tcgplayer
OP07-117,2025-10-20,0.07,tcgplayer
OP07-117,2025-10-27,0.08,tcgplayer
OP07-117,2025-11-03,0.07,tcgplayer
OP07-117,2025-11-10,0.07,tcgplayer
OP07-117,2025-11-17,0.07,tcgplayer
OP07-117,2025-11-24,0.09,tcgplayer
OP07-117,2025-12-01,0.08,tcgplayer
OP07-117,2025-12-08,0.07,tcgplayer
OP07-117,2025-12-15,0.05,tcgplayer
OP07-117,2025-12-22,0.05,tcgplayer
OP07-117,2025-12-29,0.06,tcgplayer
OP07-117,2026-01-05,0.04,tcgplayer
OP07-117,2026-01-12,0.14,tcgplayer
OP07-117,2026-01-19,0.15,tcgplayer
OP07-117,2026-01-26,0.09,tcgplayer
OP07-117,2026-02-02,0.08,tcgplayer
OP07-117,2026-02-09,0.08,tcgplayer
OP07-117,2026-02-16,0.06,tcgplayer
OP07-117,2026-02-23,0.09,tcgplayer
OP07-117,2026-03-02,0.10,tcgplayer
OP07-117,2026-03-09,0.12,tcgplayer
OP07-117,2026-03-16,0.13,tcgplayer
OP07-117,2026-03-23,0.12,tcgplayer
OP07-117,2026-03-30,0.08,tcgplayer
OP07-117,2026-04-06,0.07,tcgplayer
OP07-117,2026-04-13,0.07,tcgplayer
OP07-117,2026-04-20,0.07,tcgplayer
OP07-117,2026-04-27,0.06,tcgplayer
OP07-117,2026-05-04,0.08,tcgplayer
OP07-117,2026-05-11,0.10,tcgplayer
OP07-117,2026-05-18,0.10,tcgplayer
OP07-117,2026-05-25,0.09,tcgplayer
OP07-117,2026-06-01,0.08,tcgplayer
OP07-117,2026-06-08,0.08,tcgplayer
OP07-117,2026-06-15,0.09,tcgplayer
OP07-117,2026-06-22,0.07,tcgplayer
OP07-117,2026-06-29,0.07,tcgplayer
OP07-117,2026-07-06,0.09,tcgplayer
OP07-117,2026-07-13,0.09,tcgplayer
OP07-117,2026-07-20,0.09,tcgplayer
OP07-117,2026-07-27,0.10,tcgplayer
OP07-117,2026-08-03,0.11,tcgplayer
OP07-117,2026-08-10,0.10,tcgplayer
OP07-117,2026-08-17,0.10,tcgplayer
OP07-117,2026-08-24,0.09,tcgplayer
OP07-117,2026-08-31,0.09,tcgplayer
OP07-117,2026-09-05,0.09,limitless
OP07-118,2025-09-08,4.49,tcgplayer
OP07-118,2025-09-15,4.34,tcgplayer
OP07-118,2025-09-22,3.72,tcgplayer
OP07-118,2025-09-29,3.30,tcgplayer
OP07-118,2025-10-06,3.29,tcgplayer
OP07-118,2025-10-13,2.34,tcgplayer
OP07-118,2025-10-20,1.82,tcgplayer
OP07-118,2025-10-27,1.71,tcgplayer
OP07-118,2025-11-03,1.14,tcgplayer
OP07-118,2025-11-10,0.96,tcgplayer
OP07-118,2025-11-17,0.91,tcgplayer
OP07-118,2025-11-24,0.89,tcgplayer
OP07-118,2025-12-01,1.43,tcgplayer
OP07-118,2025-12-08,1.26,tcgplayer
OP07-118,2025-12-15,1.56,tcgplayer
OP07-118,2025-12-22,1.33,tcgplayer
OP07-118,2025-12-29,1.49,tcgplayer
OP07-118,2026-01-05,1.58,tcgplayer
OP07-118,2026-01-12,1.88,tcgplayer
OP07-118,2026-01-19,1.50,tcgplayer
OP07-118,2026-01-26,1.68,tcgplayer
OP07-118,2026-02-02,1.69,tcgplayer
OP07-118,2026-02-09,1.56,tcgplayer
OP07-118,2026-02-16,1.24,tcgplayer
OP07-118,2026-02-23,1.34,tcgplayer
OP07-118,2026-03-02,1.20,tcgplayer
OP07-118,2026-03-09,1.26,tcgplayer
OP07-118,2026-03-16,1.34,tcgplayer
OP07-118,2026-03-23,1.22,tcgplayer
OP07-118,2026-03-30,1.88,tcgplayer
OP07-118,2026-04-06,1.43,tcgplayer
OP07-118,2026-04-13,1.41,tcgplayer
OP07-118,2026-04-20,1.30,tcgplayer
OP07-118,2026-04-27,1.25,tcgplayer
OP07-118,2026-05-04,1.28,tcgplayer
OP07-118,2026-05-11,1.58,tcgplayer
OP07-118,2026-05-18,1.73,tcgplayer
OP07-118,2026-05-25,1.71,tcgplayer
OP07-118,2026-06-01,1.50,tcgplayer
OP07-118,2026-06-08,1.51,tcgplayer
OP07-118,2026-06-15,1.31,tcgplayer
OP07-118,2026-06-22,1.40,tcgplayer
OP07-118,2026-06-29,1.42,tcgplayer
OP07-118,2026-07-06,1.64,tcgplayer
OP07-118,2026-07-13,1.47,tcgplayer
OP07-118,2026-07-20,1.60,tcgplayer
OP07-118,2026-07-27,1.53,tcgplayer
OP07-118,2026-08-03,1.36,tcgplayer
OP07-118,2026-08-10,1.46,tcgplayer
OP07-118,2026-08-17,1.50,tcgplayer
OP07-118,2026-08-24,1.54,tcgplayer
OP07-118,2026-08-31,1.37,tcgplayer
OP07-118,2026-09-05,1.28,limitless
OP07-118p1,2025-09-08,12.47,tcgplayer
OP07-118p1,2025-09-15,12.89,tcgplayer
OP07-118p1,2025-09-22,11.40,tcgplayer
OP07-118p1,2025-09-29,11.17,tcgplayer
OP07-118p1,2025-10-06,11.01,tcgplayer
OP07-118p1,2025-10-13,11.43,tcgplayer
OP07-118p1,2025-10-20,11.23,tcgplayer
OP07-118p1,2025-10-27,11.49,tcgplayer
OP07-118p1,2025-11-03,11.11,tcgplayer
OP07-118p1,2025-11-10,10.86,tcgplayer
OP07-118p1,2025-11-17,10.20,tcgplayer
OP07-118p1,2025-11-24,8.84,tcgplayer
OP07-118p1,2025-12-01,8.78,tcgplayer
OP07-118p1,2025-12-08,12.57,tcgplayer
OP07-118p1,2025-12-15,13.45,tcgplayer
OP07-118p1,2025-12-22,13.68,tcgplayer
OP07-118p1,2025-12-29,13.28,tcgplayer
OP07-118p1,2026-01-05,12.80,tcgplayer
OP07-118p1,2026-01-12,13.07,tcgplayer
OP07-118p1,2026-01-19,13.01,tcgplayer
OP07-118p1,2026-01-26,13.16,tcgplayer
OP07-118p1,2026-02-02,13.12,tcgplayer
OP07-118p1,2026-02-09,12.88,tcgplayer
OP07-118p1,2026-02-16,12.22,tcgplayer
OP07-118p1,2026-02-23,11.52,tcgplayer
OP07-118p1,2026-03-02,10.54,tcgplayer
OP07-118p1,2026-03-09,9.75,tcgplayer
OP07-118p1,2026-03-16,9.30,tcgplayer
OP07-118p1,2026-03-23,8.59,tcgplayer
OP07-118p1,2026-03-30,8.62,tcgplayer
OP07-118p1,2026-04-06,8.56,tcgplayer
OP07-118p1,2026-04-13,8.52,tcgplayer
OP07-118p1,2026-04-20,8.50,tcgplayer
OP07-118p1,2026-04-27,8.36,tcgplayer
OP07-118p1,2026-05-04,7.53,tcgplayer
OP07-118p1,2026-05-11,7.81,tcgplayer
OP07-118p1,2026-05-18,7.75,tcgplayer
OP07-118p1,2026-05-25,8.37,tcgplayer
OP07-118p1,2026-06-01,9.10,tcgplayer
OP07-118p1,2026-06-08,9.61,tcgplayer
OP07-118p1,2026-06-15,9.93,tcgplayer
OP07-118p1,2026-06-22,10.10,tcgplayer
OP07-118p1,2026-06-29,10.19,tcgplayer
OP07-118p1,2026-07-06,10.11,tcgplayer
OP07-118p1,2026-07-13,10.18,tcgplayer
OP07-118p1,2026-07-20,9.44,tcgplayer
OP07-118p1,2026-07-27,9.42,tcgplayer
OP07-118p1,2026-08-03,9.61,tcgplayer
OP07-118p1,2026-08-10,9.61,tcgplayer
OP07-118p1,2026-08-17,9.56,tcgplayer
OP07-118p1,2026-08-24,9.60,tcgplayer
OP07-118p1,2026-08-31,9.68,tcgplayer
OP07-118p1,2026-09-05,9.62,limitless
OP07-119,2025-09-08,8.61,tcgplayer
OP07-119,2025-09-15,8.77,tcgplayer
OP07-119,2025-09-22,7.64,tcgplayer
OP07-119,2025-09-29,4.71,tcgplayer
OP07-119,2025-10-06,4.79,tcgplayer
OP07-119,2025-10-13,4.10,tcgplayer
OP07-119,2025-10-20,3.59,tcgplayer
OP07-119,2025-10-27,3.86,tcgplayer
OP07-119,2025-11-03,3.74,tcgplayer
OP07-119,2025-11-10,2.61,tcgplayer
OP07-119,2025-11-17,2.90,tcgplayer
OP07-119,2025-11-24,2.77,tcgplayer
OP07-119,2025-12-01,2.51,tcgplayer
OP07-119,2025-12-08,3.12,tcgplayer
OP07-119,2025-12-15,3.06,tcgplayer
OP07-119,2025-12-22,3.11,tcgplayer
OP07-119,2025-12-29,3.13,tcgplayer
OP07-119,2026-01-05,3.05,tcgplayer
OP07-119,2026-01-12,3.71,tcgplayer
OP07-119,2026-01-19,3.66,tcgplayer
OP07-119,2026-01-26,4.32,tcgplayer
OP07-119,2026-02-02,4.21,tcgplayer
OP07-119,2026-02-09,3.48,tcgplayer
OP07-119,2026-02-16,3.08,tcgplayer
OP07-119,2026-02-23,2.45,tcgplayer
OP07-119,2026-03-02,2.59,tcgplayer
OP07-119,2026-03-09,2.48,tcgplayer
OP07-119,2026-03-16,2.56,tcgplayer
OP07-119,2026-03-23,2.55,tcgplayer
OP07-119,2026-03-30,2.73,tcgplayer
OP07-119,2026-04-06,3.19,tcgplayer
OP07-119,2026-04-13,2.35,tcgplayer
OP07-119,2026-04-20,2.65,tcgplayer
OP07-119,2026-04-27,2.56,tcgplayer
OP07-119,2026-05-04,2.40,tcgplayer
OP07-119,2026-05-11,2.62,tcgplayer
OP07-119,2026-05-18,2.59,tcgplayer
OP07-119,2026-05-25,2.08,tcgplayer
OP07-119,2026-06-01,2.32,tcgplayer
OP07-119,2026-06-08,2.18,tcgplayer
OP07-119,2026-06-15,2.05,tcgplayer
OP07-119,2026-06-22,2.20,tcgplayer
OP07-119,2026-06-29,2.21,tcgplayer
OP07-119,2026-07-06,1.90,tcgplayer
OP07-119,2026-07-13,2.04,tcgplayer
OP07-119,2026-07-20,2.22,tcgplayer
OP07-119,2026-07-27,2.04,tcgplayer
OP07-119,2026-08-03,1.51,tcgplayer
OP07-119,2026-08-10,1.56,tcgplayer
OP07-119,2026-08-17,1.40,tcgplayer
OP07-119,2026-08-24,1.59,tcgplayer
OP07-119,2026-08-31,1.69,tcgplayer
OP07-119,2026-09-05,1.64,limitless
OP07-119p1,2025-09-08,19.47,tcgplayer
OP07-119p1,2025-09-15,20.18,tcgplayer
OP07-119p1,2025-09-22,19.77,tcgplayer
OP07-119p1,2025-09-29,19.33,tcgplayer
OP07-119p1,2025-10-06,18.08,tcgplayer
OP07-119p1,2025-10-13,17.15,tcgplayer
OP07-119p1,2025-10-20,17.07,tcgplayer
OP07-119p1,2025-10-27,17.91,tcgplayer
OP07-119p1,2025-11-03,18.29,tcgplayer
OP07-119p1,2025-11-10,18.27,tcgplayer
OP07-119p1,2025-11-17,17.23,tcgplayer
OP07-119p1,2025-11-24,16.63,tcgplayer
OP07-119p1,2025-12-01,18.35,tcgplayer
OP07-119p1,2025-12-08,18.80,tcgplayer
OP07-119p1,2025-12-15,19.66,tcgplayer
OP07-119p1,2025-12-22,23.81,tcgplayer
OP07-119p1,2025-12-29,25.99,tcgplayer
OP07-119p1,2026-01-05,29.12,tcgplayer
OP07-119p1,2026-01-12,28.62,tcgplayer
OP07-119p1,2026-01-19,27.67,tcgplayer
OP07-119p1,2026-01-26,26.74,tcgplayer
OP07-119p1,2026-02-02,26.12,tcgplayer
OP07-119p1,2026-02-09,24.57,tcgplayer
OP07-119p1,2026-02-16,22.46,tcgplayer
OP07-119p1,2026-02-23,17.70,tcgplayer
OP07-119p1,2026-03-02,15.79,tcgplayer
OP07-119p1,2026-03-09,15.82,tcgplayer
OP07-119p1,2026-03-16,17.49,tcgplayer
OP07-119p1,2026-03-23,19.79,tcgplayer
OP07-119p1,2026-03-30,21.01,tcgplayer
OP07-119p1,2026-04-06,21.99,tcgplayer
OP07-119p1,2026-04-13,21.96,tcgplayer
OP07-119p1,2026-04-20,21.83,tcgplayer
OP07-119p1,2026-04-27,21.14,tcgplayer
OP07-119p1,2026-05-04,19.92,tcgplayer
OP07-119p1,2026-05-11,20.63,tcgplayer
OP07-119p1,2026-05-18,20.90,tcgplayer
OP07-119p1,2026-05-25,20.64,tcgplayer
OP07-119p1,2026-06-01,20.45,tcgplayer
OP07-119p1,2026-06-08,19.58,tcgplayer
OP07-119p1,2026-06-15,19.51,tcgplayer
OP07-119p1,2026-06-22,19.55,tcgplayer
OP07-119p1,2026-06-29,19.38,tcgplayer
OP07-119p1,2026-07-06,19.36,tcgplayer
OP07-119p1,2026-07-13,19.49,tcgplayer
OP07-119p1,2026-07-20,19.52,tcgplayer
OP07-119p1,2026-07-27,19.51,tcgplayer
OP07-119p1,2026-08-03,18.99,tcgplayer
OP07-119p1,2026-08-10,18.26,tcgplayer
OP07-119p1,2026-08-17,17.50,tcgplayer
OP07-119p1,2026-08-24,17.35,tcgplayer
OP07-119p1,2026-08-31,16.97,tcgplayer
OP07-119p1,2026-09-05,17.02,limitless
