card_number,as_of,market_usd,source
OP08-001,2025-09-08,0.13,tcgplayer
OP08-001,2025-09-15,0.15,tcgplayer
OP08-001,2025-09-22,0.13,tcgplayer
OP08-001,2025-09-29,0.09,tcgplayer
OP08-001,2025-10-06,0.15,tcgplayer
OP08-001,2025-10-13,0.12,tcgplayer
OP08-001,2025-10-20,0.13,tcgplayer
OP08-001,2025-10-27,0.13,tcgplayer
OP08-001,2025-11-03,0.13,tcgplayer
OP08-001,2025-11-10,0.10,tcgplayer
OP08-001,2025-11-17,0.10,tcgplayer
OP08-001,2025-11-24,0.10,tcgplayer
OP08-001,2025-12-01,0.13,tcgplayer
OP08-001,2025-12-08,0.15,tcgplayer
OP08-001,2025-12-15,0.22,tcgplayer
OP08-001,2025-12-22,0.15,tcgplayer
OP08-001,2025-12-29,0.15,tcgplayer
OP08-001,2026-01-05,0.11,tcgplayer
OP08-001,2026-01-12,0.15,tcgplayer
OP08-001,2026-01-19,0.19,tcgplayer
OP08-001,2026-01-26,0.19,tcgplayer
OP08-001,2026-02-02,0.19,tcgplayer
OP08-001,2026-02-09,0.18,tcgplayer
OP08-001,2026-02-16,0.16,tcgplayer
OP08-001,2026-02-23,0.14,tcgplayer
OP08-001,2026-03-02,0.18,tcgplayer
OP08-001,2026-03-09,0.19,tcgplayer
OP08-001,2026-03-16,0.33,tcgplayer
OP08-001,2026-03-23,0.21,tcgplayer
OP08-001,2026-03-30,0.19,tcgplayer
OP08-001,2026-04-06,0.22,tcgplayer
OP08-001,2026-04-13,0.18,tcgplayer
OP08-001,2026-04-20,0.17,tcgplayer
OP08-001,2026-04-27,0.17,tcgplayer
OP08-001,2026-05-04,0.18,tcgplayer
OP08-001,2026-05-11,0.20,tcgplayer
OP08-001,2026-05-18,0.18,tcgplayer
OP08-001,2026-05-25,0.17,tcgplayer
OP08-001,2026-06-01,0.19,tcgplayer
OP08-001,2026-06-08,0.20,tcgplayer
OP08-001,2026-06-15,0.20,tcgplayer
OP08-001,2026-06-22,0.18,tcgplayer
OP08-001,2026-06-29,0.23,tcgplayer
OP08-001,2026-07-06,0.20,tcgplayer
OP08-001,2026-07-13,0.24,tcgplayer
OP08-001,2026-07-20,0.26,tcgplayer
OP08-001,2026-07-27,0.27,tcgplayer
OP08-001,2026-08-03,0.25,tcgplayer
OP08-001,2026-08-10,0.22,tcgplayer
OP08-001,2026-08-17,0.25,tcgplayer
OP08-001,2026-08-24,0.28,tcgplayer
OP08-001,2026-08-31,0.28,tcgplayer
OP08-001,2026-09-05,0.32,limitless
OP08-001p1,2025-09-08,19.94,tcgplayer
OP08-001p1,2025-09-15,19.87,tcgplayer
OP08-001p1,2025-09-22,21.14,tcgplayer
OP08-001p1,2025-09-29,22.77,tcgplayer
OP08-001p1,2025-10-06,23.79,tcgplayer
OP08-001p1,2025-10-13,24.07,tcgplayer
OP08-001p1,2025-10-20,24.56,tcgplayer
OP08-001p1,2025-10-27,25.13,tcgplayer
OP08-001p1,2025-11-03,24.71,tcgplayer
OP08-001p1,2025-11-10,24.29,tcgplayer
OP08-001p1,2025-11-17,24.34,tcgplayer
OP08-001p1,2025-11-24,25.69,tcgplayer
OP08-001p1,2025-12-01,35.98,tcgplayer
OP08-001p1,2025-12-08,43.22,tcgplayer
OP08-001p1,2025-12-15,45.31,tcgplayer
OP08-001p1,2025-12-22,47.65,tcgplayer
OP08-001p1,2025-12-29,50.16,tcgplayer
OP08-001p1,2026-01-05,56.50,tcgplayer
OP08-001p1,2026-01-12,60.72,tcgplayer
OP08-001p1,2026-01-19,68.59,tcgplayer
OP08-001p1,2026-01-26,71.89,tcgplayer
OP08-001p1,2026-02-02,72.05,tcgplayer
OP08-001p1,2026-02-09,66.87,tcgplayer
OP08-001p1,2026-02-16,64.82,tcgplayer
OP08-001p1,2026-02-23,61.40,tcgplayer
OP08-001p1,2026-03-02,59.88,tcgplayer
OP08-001p1,2026-03-09,59.67,tcgplayer
OP08-001p1,2026-03-16,60.44,tcgplayer
OP08-001p1,2026-03-23,60.70,tcgplayer
OP08-001p1,2026-03-30,60.62,tcgplayer
OP08-001p1,2026-04-06,60.45,tcgplayer
OP08-001p1,2026-04-13,60.06,tcgplayer
OP08-001p1,2026-04-20,59.68,tcgplayer
OP08-001p1,2026-04-27,60.28,tcgplayer
OP08-001p1,2026-05-04,60.35,tcgplayer
OP08-001p1,2026-05-11,60.21,tcgplayer
OP08-001p1,2026-05-18,59.85,tcgplayer
OP08-001p1,2026-05-25,60.69,tcgplayer
OP08-001p1,2026-06-01,66.16,tcgplayer
OP08-001p1,2026-06-08,71.87,tcgplayer
OP08-001p1,2026-06-15,79.92,tcgplayer
OP08-001p1,2026-06-22,85.65,tcgplayer
OP08-001p1,2026-06-29,89.42,tcgplayer
OP08-001p1,2026-07-06,89.79,tcgplayer
OP08-001p1,2026-07-13,90.90,tcgplayer
OP08-001p1,2026-07-20,91.18,tcgplayer
OP08-001p1,2026-07-27,90.99,tcgplayer
OP08-001p1,2026-08-03,90.10,tcgplayer
OP08-001p1,2026-08-10,88.50,tcgplayer
OP08-001p1,2026-08-17,88.10,tcgplayer
OP08-001p1,2026-08-24,86.89,tcgplayer
OP08-001p1,2026-08-31,85.01,tcgplayer
OP08-001p1,2026-09-05,86.45,limitless
OP08-002,2025-09-08,0.10,tcgplayer
OP08-002,2025-09-15,0.12,tcgplayer
OP08-002,2025-09-22,0.11,tcgplayer
OP08-002,2025-09-29,0.08,tcgplayer
OP08-002,2025-10-06,0.10,tcgplayer
OP08-002,2025-10-13,0.13,tcgplayer
OP08-002,2025-10-20,0.14,tcgplayer
OP08-002,2025-10-27,0.12,tcgplayer
OP08-002,2025-11-03,0.11,tcgplayer
OP08-002,2025-11-10,0.13,tcgplayer
OP08-002,2025-11-17,0.11,tcgplayer
OP08-002,2025-11-24,0.10,tcgplayer
OP08-002,2025-12-01,0.10,tcgplayer
OP08-002,2025-12-08,0.09,tcgplayer
OP08-002,2025-12-15,0.09,tcgplayer
OP08-002,2025-12-22,0.10,tcgplayer
OP08-002,2025-12-29,0.08,tcgplayer
OP08-002,2026-01-05,0.08,tcgplayer
OP08-002,2026-01-12,0.07,tcgplayer
OP08-002,2026-01-19,0.11,tcgplayer
OP08-002,2026-01-26,0.11,tcgplayer
OP08-002,2026-02-02,0.12,tcgplayer
OP08-002,2026-02-09,0.12,tcgplayer
OP08-002,2026-02-16,0.12,tcgplayer
OP08-002,2026-02-23,0.14,tcgplayer
OP08-002,2026-03-02,0.14,tcgplayer
OP08-002,2026-03-09,0.11,tcgplayer
OP08-002,2026-03-16,0.11,tcgplayer
OP08-002,2026-03-23,0.13,tcgplayer
OP08-002,2026-03-30,0.15,tcgplayer
OP08-002,2026-04-06,0.14,tcgplayer
OP08-002,2026-04-13,0.13,tcgplayer
OP08-002,2026-04-20,0.13,tcgplayer
OP08-002,2026-04-27,0.12,tcgplayer
OP08-002,2026-05-04,0.09,tcgplayer
OP08-002,2026-05-11,0.10,tcgplayer
OP08-002,2026-05-18,0.09,tcgplayer
OP08-002,2026-05-25,0.08,tcgplayer
OP08-002,2026-06-01,0.08,tcgplayer
OP08-002,2026-06-08,0.10,tcgplayer
OP08-002,2026-06-15,0.10,tcgplayer
OP08-002,2026-06-22,0.16,tcgplayer
OP08-002,2026-06-29,0.15,tcgplayer
OP08-002,2026-07-06,0.13,tcgplayer
OP08-002,2026-07-13,0.13,tcgplayer
OP08-002,2026-07-20,0.13,tcgplayer
OP08-002,2026-07-27,0.12,tcgplayer
OP08-002,2026-08-03,0.11,tcgplayer
OP08-002,2026-08-10,0.13,tcgplayer
OP08-002,2026-08-17,0.17,tcgplayer
OP08-002,2026-08-24,0.18,tcgplayer
OP08-002,2026-08-31,0.17,tcgplayer
OP08-002,2026-09-05,0.16,limitless
OP08-002p1,2025-09-08,16.76,tcgplayer
OP08-002p1,2025-09-15,16.72,tcgplayer
OP08-002p1,2025-09-22,16.23,tcgplayer
OP08-002p1,2025-09-29,15.69,tcgplayer
OP08-002p1,2025-10-06,15.51,tcgplayer
OP08-002p1,2025-10-13,15.56,tcgplayer
OP08-002p1,2025-10-20,15.57,tcgplayer
OP08-002p1,2025-10-27,15.69,tcgplayer
OP08-002p1,2025-11-03,15.54,tcgplayer
OP08-002p1,2025-11-10,14.12,tcgplayer
OP08-002p1,2025-11-17,13.46,tcgplayer
OP08-002p1,2025-11-24,11.56,tcgplayer
OP08-002p1,2025-12-01,12.63,tcgplayer
OP08-002p1,2025-12-08,14.73,tcgplayer
OP08-002p1,2025-12-15,14.81,tcgplayer
OP08-002p1,2025-12-22,15.46,tcgplayer
OP08-002p1,2025-12-29,15.20,tcgplayer
OP08-002p1,2026-01-05,16.75,tcgplayer
OP08-002p1,2026-01-12,17.69,tcgplayer
OP08-002p1,2026-01-19,18.81,tcgplayer
OP08-002p1,2026-01-26,18.45,tcgplayer
OP08-002p1,2026-02-02,18.70,tcgplayer
OP08-002p1,2026-02-09,18.95,tcgplayer
OP08-002p1,2026-02-16,19.03,tcgplayer
OP08-002p1,2026-02-23,18.90,tcgplayer
OP08-002p1,2026-03-02,18.79,tcgplayer
OP08-002p1,2026-03-09,18.34,tcgplayer
OP08-002p1,2026-03-16,18.42,tcgplayer
OP08-002p1,2026-03-23,17.76,tcgplayer
OP08-002p1,2026-03-30,17.48,tcgplayer
OP08-002p1,2026-04-06,16.99,tcgplayer
OP08-002p1,2026-04-13,15.72,tcgplayer
OP08-002p1,2026-04-20,15.54,tcgplayer
OP08-002p1,2026-04-27,15.65,tcgplayer
OP08-002p1,2026-05-04,15.65,tcgplayer
OP08-002p1,2026-05-11,15.38,tcgplayer
OP08-002p1,2026-05-18,15.17,tcgplayer
OP08-002p1,2026-05-25,14.59,tcgplayer
OP08-002p1,2026-06-01,15.71,tcgplayer
OP08-002p1,2026-06-08,17.14,tcgplayer
OP08-002p1,2026-06-15,18.76,tcgplayer
OP08-002p1,2026-06-22,19.81,tcgplayer
OP08-002p1,2026-06-29,20.16,tcgplayer
OP08-002p1,2026-07-06,20.02,tcgplayer
OP08-002p1,2026-07-13,18.49,tcgplayer
OP08-002p1,2026-07-20,15.91,tcgplayer
OP08-002p1,2026-07-27,14.30,tcgplayer
OP08-002p1,2026-08-03,13.24,tcgplayer
OP08-002p1,2026-08-10,12.79,tcgplayer
OP08-002p1,2026-08-17,12.28,tcgplayer
OP08-002p1,2026-08-24,12.21,tcgplayer
OP08-002p1,2026-08-31,12.22,tcgplayer
OP08-002p1,2026-09-05,12.19,limitless
OP08-003,2025-09-08,0.05,tcgplayer
OP08-003,2025-09-15,0.05,tcgplayer
OP08-003,2025-09-22,0.05,tcgplayer
OP08-003,2025-09-29,0.02,tcgplayer
OP08-003,2025-10-06,0.03,tcgplayer
OP08-003,2025-10-13,0.03,tcgplayer
OP08-003,2025-10-20,0.03,tcgplayer
OP08-003,2025-10-27,0.03,tcgplayer
OP08-003,2025-11-03,0.05,tcgplayer
OP08-003,2025-11-10,0.04,tcgplayer
OP08-003,2025-11-17,0.04,tcgplayer
OP08-003,2025-11-24,0.04,tcgplayer
OP08-003,2025-12-01,0.04,tcgplayer
OP08-003,2025-12-08,0.04,tcgplayer
OP08-003,2025-12-15,0.04,tcgplayer
OP08-003,2025-12-22,0.03,tcgplayer
OP08-003,2025-12-29,0.03,tcgplayer
OP08-003,2026-01-05,0.03,tcgplayer
OP08-003,2026-01-12,0.03,tcgplayer
OP08-003,2026-01-19,0.03,tcgplayer
OP08-003,2026-01-26,0.03,tcgplayer
OP08-003,2026-02-02,0.03,tcgplayer
OP08-003,2026-02-09,0.03,tcgplayer
OP08-003,2026-02-16,0.03,tcgplayer
OP08-003,2026-02-23,0.03,tcgplayer
OP08-003,2026-03-02,0.03,tcgplayer
OP08-003,2026-03-09,0.03,tcgplayer
OP08-003,2026-03-16,0.03,tcgplayer
OP08-003,2026-03-23,0.03,tcgplayer
OP08-003,2026-03-30,0.03,tcgplayer
OP08-003,2026-04-06,0.04,tcgplayer
OP08-003,2026-04-13,0.04,tcgplayer
OP08-003,2026-04-20,0.04,tcgplayer
OP08-003,2026-04-27,0.04,tcgplayer
OP08-003,2026-05-04,0.03,tcgplayer
OP08-003,2026-05-11,0.04,tcgplayer
OP08-003,2026-05-18,0.04,tcgplayer
OP08-003,2026-05-25,0.04,tcgplayer
OP08-003,2026-06-01,0.04,tcgplayer
OP08-003,2026-06-08,0.04,tcgplayer
OP08-003,2026-06-15,0.04,tcgplayer
OP08-003,2026-06-22,0.05,tcgplayer
OP08-003,2026-06-29,0.05,tcgplayer
OP08-003,2026-07-06,0.05,tcgplayer
OP08-003,2026-07-13,0.05,tcgplayer
OP08-003,2026-07-20,0.05,tcgplayer
OP08-003,2026-07-27,0.05,tcgplayer
OP08-003,2026-08-03,0.05,tcgplayer
OP08-003,2026-08-10,0.05,tcgplayer
OP08-003,2026-08-17,0.05,tcgplayer
OP08-003,2026-08-24,0.05,tcgplayer
OP08-003,2026-08-31,0.04,tcgplayer
OP08-003,2026-09-05,0.04,limitless
OP08-004,2025-09-08,0.04,tcgplayer
OP08-004,2025-09-15,0.04,tcgplayer
OP08-004,2025-09-22,0.04,tcgplayer
OP08-004,2025-09-29,0.04,tcgplayer
OP08-004,2025-10-06,0.04,tcgplayer
OP08-004,2025-10-13,0.04,tcgplayer
OP08-004,2025-10-20,0.03,tcgplayer
OP08-004,2025-10-27,0.03,tcgplayer
OP08-004,2025-11-03,0.03,tcgplayer
OP08-004,2025-11-10,0.04,tcgplayer
OP08-004,2025-11-17,0.03,tcgplayer
OP08-004,2025-11-24,0.04,tcgplayer
OP08-004,2025-12-01,0.04,tcgplayer
OP08-004,2025-12-08,0.04,tcgplayer
OP08-004,2025-12-15,0.04,tcgplayer
OP08-004,2025-12-22,0.04,tcgplayer
OP08-004,2025-12-29,0.03,tcgplayer
OP08-004,2026-01-05,0.03,tcgplayer
OP08-004,2026-01-12,0.03,tcgplayer
OP08-004,2026-01-19,0.02,tcgplayer
OP08-004,2026-01-26,0.02,tcgplayer
OP08-004,2026-02-02,0.02,tcgplayer
OP08-004,2026-02-09,0.02,tcgplayer
OP08-004,2026-02-16,0.02,tcgplayer
OP08-004,2026-02-23,0.03,tcgplayer
OP08-004,2026-03-02,0.03,tcgplayer
OP08-004,2026-03-09,0.04,tcgplayer
OP08-004,2026-03-16,0.04,tcgplayer
OP08-004,2026-03-23,0.04,tcgplayer
OP08-004,2026-03-30,0.04,tcgplayer
OP08-004,2026-04-06,0.03,tcgplayer
OP08-004,2026-04-13,0.03,tcgplayer
OP08-004,2026-04-20,0.04,tcgplayer
OP08-004,2026-04-27,0.04,tcgplayer
OP08-004,2026-05-04,0.04,tcgplayer
OP08-004,2026-05-11,0.05,tcgplayer
OP08-004,2026-05-18,0.05,tcgplayer
OP08-004,2026-05-25,0.05,tcgplayer
OP08-004,2026-06-01,0.05,tcgplayer
OP08-004,2026-06-08,0.04,tcgplayer
OP08-004,2026-06-15,0.04,tcgplayer
OP08-004,2026-06-22,0.04,tcgplayer
OP08-004,2026-06-29,0.04,tcgplayer
OP08-004,2026-07-06,0.04,tcgplayer
OP08-004,2026-07-13,0.05,tcgplayer
OP08-004,2026-07-20,0.04,tcgplayer
OP08-004,2026-07-27,0.04,tcgplayer
OP08-004,2026-08-03,0.05,tcgplayer
OP08-004,2026-08-10,0.05,tcgplayer
OP08-004,2026-08-17,0.05,tcgplayer
OP08-004,2026-08-24,0.05,tcgplayer
OP08-004,2026-08-31,0.05,tcgplayer
OP08-004,2026-09-05,0.05,limitless
OP08-005,2025-09-08,0.05,tcgplayer
OP08-005,2025-09-15,0.05,tcgplayer
OP08-005,2025-09-22,0.05,tcgplayer
OP08-005,2025-09-29,0.05,tcgplayer
OP08-005,2025-10-06,0.04,tcgplayer
OP08-005,2025-10-13,0.04,tcgplayer
OP08-005,2025-10-20,0.03,tcgplayer
OP08-005,2025-10-27,0.03,tcgplayer
OP08-005,2025-11-03,0.04,tcgplayer
OP08-005,2025-11-10,0.04,tcgplayer
OP08-005,2025-11-17,0.03,tcgplayer
OP08-005,2025-11-24,0.03,tcgplayer
OP08-005,2025-12-01,0.03,tcgplayer
OP08-005,2025-12-08,0.03,tcgplayer
OP08-005,2025-12-15,0.03,tcgplayer
OP08-005,2025-12-22,0.03,tcgplayer
OP08-005,2025-12-29,0.03,tcgplayer
OP08-005,2026-01-05,0.03,tcgplayer
OP08-005,2026-01-12,0.02,tcgplayer
OP08-005,2026-01-19,0.03,tcgplayer
OP08-005,2026-01-26,0.03,tcgplayer
OP08-005,2026-02-02,0.03,tcgplayer
OP08-005,2026-02-09,0.03,tcgplayer
OP08-005,2026-02-16,0.02,tcgplayer
OP08-005,2026-02-23,0.03,tcgplayer
OP08-005,2026-03-02,0.02,tcgplayer
OP08-005,2026-03-09,0.02,tcgplayer
OP08-005,2026-03-16,0.02,tcgplayer
OP08-005,2026-03-23,0.03,tcgplayer
OP08-005,2026-03-30,0.03,tcgplayer
OP08-005,2026-04-06,0.03,tcgplayer
OP08-005,2026-04-13,0.03,tcgplayer
OP08-005,2026-04-20,0.03,tcgplayer
OP08-005,2026-04-27,0.02,tcgplayer
OP08-005,2026-05-04,0.03,tcgplayer
OP08-005,2026-05-11,0.03,tcgplayer
OP08-005,2026-05-18,0.02,tcgplayer
OP08-005,2026-05-25,0.02,tcgplayer
OP08-005,2026-06-01,0.02,tcgplayer
OP08-005,2026-06-08,0.03,tcgplayer
OP08-005,2026-06-15,0.03,tcgplayer
OP08-005,2026-06-22,0.03,tcgplayer
OP08-005,2026-06-29,0.03,tcgplayer
OP08-005,2026-07-06,0.03,tcgplayer
OP08-005,2026-07-13,0.04,tcgplayer
OP08-005,2026-07-20,0.05,tcgplayer
OP08-005,2026-07-27,0.05,tcgplayer
OP08-005,2026-08-03,0.05,tcgplayer
OP08-005,2026-08-10,0.06,tcgplayer
OP08-005,2026-08-17,0.06,tcgplayer
OP08-005,2026-08-24,0.06,tcgplayer
OP08-005,2026-08-31,0.06,tcgplayer
OP08-005,2026-09-05,0.06,limitless
OP08-006,2025-09-08,0.03,tcgplayer
OP08-006,2025-09-15,0.04,tcgplayer
OP08-006,2025-09-22,0.04,tcgplayer
OP08-006,2025-09-29,0.04,tcgplayer
OP08-006,2025-10-06,0.04,tcgplayer
OP08-006,2025-10-13,0.05,tcgplayer
OP08-006,2025-10-20,0.04,tcgplayer
OP08-006,2025-10-27,0.03,tcgplayer
OP08-006,2025-11-03,0.05,tcgplayer
OP08-006,2025-11-10,0.05,tcgplayer
OP08-006,2025-11-17,0.04,tcgplayer
OP08-006,2025-11-24,0.04,tcgplayer
OP08-006,2025-12-01,0.04,tcgplayer
OP08-006,2025-12-08,0.04,tcgplayer
OP08-006,2025-12-15,0.05,tcgplayer
OP08-006,2025-12-22,0.04,tcgplayer
OP08-006,2025-12-29,0.04,tcgplayer
OP08-006,2026-01-05,0.04,tcgplayer
OP08-006,2026-01-12,0.04,tcgplayer
OP08-006,2026-01-19,0.04,tcgplayer
OP08-006,2026-01-26,0.05,tcgplayer
OP08-006,2026-02-02,0.05,tcgplayer
OP08-006,2026-02-09,0.04,tcgplayer
OP08-006,2026-02-16,0.04,tcgplayer
OP08-006,2026-02-23,0.04,tcgplayer
OP08-006,2026-03-02,0.04,tcgplayer
OP08-006,2026-03-09,0.03,tcgplayer
OP08-006,2026-03-16,0.03,tcgplayer
OP08-006,2026-03-23,0.04,tcgplayer
OP08-006,2026-03-30,0.04,tcgplayer
OP08-006,2026-04-06,0.04,tcgplayer
OP08-006,2026-04-13,0.04,tcgplayer
OP08-006,2026-04-20,0.04,tcgplayer
OP08-006,2026-04-27,0.04,tcgplayer
OP08-006,2026-05-04,0.04,tcgplayer
OP08-006,2026-05-11,0.04,tcgplayer
OP08-006,2026-05-18,0.05,tcgplayer
OP08-006,2026-05-25,0.05,tcgplayer
OP08-006,2026-06-01,0.05,tcgplayer
OP08-006,2026-06-08,0.05,tcgplayer
OP08-006,2026-06-15,0.05,tcgplayer
OP08-006,2026-06-22,0.06,tcgplayer
OP08-006,2026-06-29,0.06,tcgplayer
OP08-006,2026-07-06,0.06,tcgplayer
OP08-006,2026-07-13,0.06,tcgplayer
OP08-006,2026-07-20,0.05,tcgplayer
OP08-006,2026-07-27,0.05,tcgplayer
OP08-006,2026-08-03,0.06,tcgplayer
OP08-006,2026-08-10,0.06,tcgplayer
OP08-006,2026-08-17,0.06,tcgplayer
OP08-006,2026-08-24,0.06,tcgplayer
OP08-006,2026-08-31,0.06,tcgplayer
OP08-006,2026-09-05,0.06,limitless
OP08-007,2025-09-08,0.64,tcgplayer
OP08-007,2025-09-15,0.63,tcgplayer
OP08-007,2025-09-22,0.55,tcgplayer
OP08-007,2025-09-29,0.51,tcgplayer
OP08-007,2025-10-06,0.55,tcgplayer
OP08-007,2025-10-13,0.60,tcgplayer
OP08-007,2025-10-20,0.60,tcgplayer
OP08-007,2025-10-27,0.53,tcgplayer
OP08-007,2025-11-03,0.60,tcgplayer
OP08-007,2025-11-10,0.61,tcgplayer
OP08-007,2025-11-17,0.54,tcgplayer
OP08-007,2025-11-24,0.69,tcgplayer
OP08-007,2025-12-01,0.70,tcgplayer
OP08-007,2025-12-08,0.75,tcgplayer
OP08-007,2025-12-15,0.72,tcgplayer
OP08-007,2025-12-22,0.80,tcgplayer
OP08-007,2025-12-29,0.82,tcgplayer
OP08-007,2026-01-05,0.99,tcgplayer
OP08-007,2026-01-12,0.91,tcgplayer
OP08-007,2026-01-19,0.93,tcgplayer
OP08-007,2026-01-26,0.92,tcgplayer
OP08-007,2026-02-02,1.14,tcgplayer
OP08-007,2026-02-09,0.96,tcgplayer
OP08-007,2026-02-16,0.79,tcgplayer
OP08-007,2026-02-23,1.09,tcgplayer
OP08-007,2026-03-02,1.01,tcgplayer
OP08-007,2026-03-09,0.98,tcgplayer
OP08-007,2026-03-16,0.95,tcgplayer
OP08-007,2026-03-23,0.99,tcgplayer
OP08-007,2026-03-30,0.83,tcgplayer
OP08-007,2026-04-06,0.86,tcgplayer
OP08-007,2026-04-13,0.87,tcgplayer
OP08-007,2026-04-20,1.02,tcgplayer
OP08-007,2026-04-27,0.98,tcgplayer
OP08-007,2026-05-04,1.01,tcgplayer
OP08-007,2026-05-11,1.00,tcgplayer
OP08-007,2026-05-18,1.05,tcgplayer
OP08-007,2026-05-25,1.11,tcgplayer
OP08-007,2026-06-01,1.10,tcgplayer
OP08-007,2026-06-08,1.11,tcgplayer
OP08-007,2026-06-15,1.12,tcgplayer
OP08-007,2026-06-22,1.20,tcgplayer
OP08-007,2026-06-29,1.09,tcgplayer
OP08-007,2026-07-06,1.21,tcgplayer
OP08-007,2026-07-13,1.15,tcgplayer
OP08-007,2026-07-20,1.09,tcgplayer
OP08-007,2026-07-27,1.06,tcgplayer
OP08-007,2026-08-03,1.18,tcgplayer
OP08-007,2026-08-10,1.27,tcgplayer
OP08-007,2026-08-17,1.29,tcgplayer
OP08-007,2026-08-24,1.16,tcgplayer
OP08-007,2026-08-31,1.17,tcgplayer
OP08-007,2026-09-05,1.20,limitless
OP08-007p1,2025-09-08,10.74,tcgplayer
OP08-007p1,2025-09-15,10.89,tcgplayer
OP08-007p1,2025-09-22,10.89,tcgplayer
OP08-007p1,2025-09-29,11.08,tcgplayer
OP08-007p1,2025-10-06,10.74,tcgplayer
OP08-007p1,2025-10-13,10.59,tcgplayer
OP08-007p1,2025-10-20,10.72,tcgplayer
OP08-007p1,2025-10-27,10.93,tcgplayer
OP08-007p1,2025-11-03,10.97,tcgplayer
OP08-007p1,2025-11-10,11.35,tcgplayer
OP08-007p1,2025-11-17,11.34,tcgplayer
OP08-007p1,2025-11-24,12.55,tcgplayer
OP08-007p1,2025-12-01,14.75,tcgplayer
OP08-007p1,2025-12-08,17.96,tcgplayer
OP08-007p1,2025-12-15,19.19,tcgplayer
OP08-007p1,2025-12-22,22.31,tcgplayer
OP08-007p1,2025-12-29,23.17,tcgplayer
OP08-007p1,2026-01-05,24.22,tcgplayer
OP08-007p1,2026-01-12,28.03,tcgplayer
OP08-007p1,2026-01-19,29.82,tcgplayer
OP08-007p1,2026-01-26,26.73,tcgplayer
OP08-007p1,2026-02-02,23.97,tcgplayer
OP08-007p1,2026-02-09,21.03,tcgplayer
OP08-007p1,2026-02-16,19.49,tcgplayer
OP08-007p1,2026-02-23,16.51,tcgplayer
OP08-007p1,2026-03-02,24.73,tcgplayer
OP08-007p1,2026-03-09,25.02,tcgplayer
OP08-007p1,2026-03-16,24.70,tcgplayer
OP08-007p1,2026-03-23,24.77,tcgplayer
OP08-007p1,2026-03-30,21.31,tcgplayer
OP08-007p1,2026-04-06,21.06,tcgplayer
OP08-007p1,2026-04-13,22.23,tcgplayer
OP08-007p1,2026-04-20,22.74,tcgplayer
OP08-007p1,2026-04-27,24.78,tcgplayer
OP08-007p1,2026-05-04,29.86,tcgplayer
OP08-007p1,2026-05-11,33.22,tcgplayer
OP08-007p1,2026-05-18,37.17,tcgplayer
OP08-007p1,2026-05-25,36.91,tcgplayer
OP08-007p1,2026-06-01,30.33,tcgplayer
OP08-007p1,2026-06-08,30.89,tcgplayer
OP08-007p1,2026-06-15,37.70,tcgplayer
OP08-007p1,2026-06-22,42.29,tcgplayer
OP08-007p1,2026-06-29,39.46,tcgplayer
OP08-007p1,2026-07-06,36.22,tcgplayer
OP08-007p1,2026-07-13,36.04,tcgplayer
OP08-007p1,2026-07-20,34.98,tcgplayer
OP08-007p1,2026-07-27,34.19,tcgplayer
OP08-007p1,2026-08-03,31.59,tcgplayer
OP08-007p1,2026-08-10,30.92,tcgplayer
OP08-007p1,2026-08-17,29.88,tcgplayer
OP08-007p1,2026-08-24,28.83,tcgplayer
OP08-007p1,2026-08-31,28.19,tcgplayer
OP08-007p1,2026-09-05,28.06,limitless
OP08-008,2025-09-08,0.06,tcgplayer
OP08-008,2025-09-15,0.05,tcgplayer
OP08-008,2025-09-22,0.05,tcgplayer
OP08-008,2025-09-29,0.06,tcgplayer
OP08-008,2025-10-06,0.06,tcgplayer
OP08-008,2025-10-13,0.06,tcgplayer
OP08-008,2025-10-20,0.07,tcgplayer
OP08-008,2025-10-27,0.06,tcgplayer
OP08-008,2025-11-03,0.07,tcgplayer
OP08-008,2025-11-10,0.05,tcgplayer
OP08-008,2025-11-17,0.05,tcgplayer
OP08-008,2025-11-24,0.05,tcgplayer
OP08-008,2025-12-01,0.04,tcgplayer
OP08-008,2025-12-08,0.04,tcgplayer
OP08-008,2025-12-15,0.04,tcgplayer
OP08-008,2025-12-22,0.05,tcgplayer
OP08-008,2025-12-29,0.05,tcgplayer
OP08-008,2026-01-05,0.07,tcgplayer
OP08-008,2026-01-12,0.07,tcgplayer
OP08-008,2026-01-19,0.07,tcgplayer
OP08-008,2026-01-26,0.06,tcgplayer
OP08-008,2026-02-02,0.04,tcgplayer
OP08-008,2026-02-09,0.03,tcgplayer
OP08-008,2026-02-16,0.04,tcgplayer
OP08-008,2026-02-23,0.06,tcgplayer
OP08-008,2026-03-02,0.06,tcgplayer
OP08-008,2026-03-09,0.06,tcgplayer
OP08-008,2026-03-16,0.07,tcgplayer
OP08-008,2026-03-23,0.06,tcgplayer
OP08-008,2026-03-30,0.05,tcgplayer
OP08-008,2026-04-06,0.07,tcgplayer
OP08-008,2026-04-13,0.07,tcgplayer
OP08-008,2026-04-20,0.10,tcgplayer
OP08-008,2026-04-27,0.10,tcgplayer
OP08-008,2026-05-04,0.11,tcgplayer
OP08-008,2026-05-11,0.10,tcgplayer
OP08-008,2026-05-18,0.09,tcgplayer
OP08-008,2026-05-25,0.10,tcgplayer
OP08-008,2026-06-01,0.12,tcgplayer
OP08-008,2026-06-08,0.12,tcgplayer
OP08-008,2026-06-15,0.13,tcgplayer
OP08-008,2026-06-22,0.12,tcgplayer
OP08-008,2026-06-29,0.12,tcgplayer
OP08-008,2026-07-06,0.11,tcgplayer
OP08-008,2026-07-13,0.10,tcgplayer
OP08-008,2026-07-20,0.11,tcgplayer
OP08-008,2026-07-27,0.11,tcgplayer
OP08-008,2026-08-03,0.11,tcgplayer
OP08-008,2026-08-10,0.11,tcgplayer
OP08-008,2026-08-17,0.10,tcgplayer
OP08-008,2026-08-24,0.10,tcgplayer
OP08-008,2026-08-31,0.09,tcgplayer
OP08-008,2026-09-05,0.08,limitless
OP08-009,2025-09-08,0.03,tcgplayer
OP08-009,2025-09-15,0.03,tcgplayer
OP08-009,2025-09-22,0.03,tcgplayer
OP08-009,2025-09-29,0.03,tcgplayer
OP08-009,2025-10-06,0.03,tcgplayer
OP08-009,2025-10-13,0.04,tcgplayer
OP08-009,2025-10-20,0.03,tcgplayer
OP08-009,2025-10-27,0.03,tcgplayer
OP08-009,2025-11-03,0.04,tcgplayer
OP08-009,2025-11-10,0.04,tcgplayer
OP08-009,2025-11-17,0.04,tcgplayer
OP08-009,2025-11-24,0.04,tcgplayer
OP08-009,2025-12-01,0.04,tcgplayer
OP08-009,2025-12-08,0.04,tcgplayer
OP08-009,2025-12-15,0.03,tcgplayer
OP08-009,2025-12-22,0.03,tcgplayer
OP08-009,2025-12-29,0.03,tcgplayer
OP08-009,2026-01-05,0.03,tcgplayer
OP08-009,2026-01-12,0.02,tcgplayer
OP08-009,2026-01-19,0.02,tcgplayer
OP08-009,2026-01-26,0.02,tcgplayer
OP08-009,2026-02-02,0.02,tcgplayer
OP08-009,2026-02-09,0.02,tcgplayer
OP08-009,2026-02-16,0.02,tcgplayer
OP08-009,2026-02-23,0.02,tcgplayer
OP08-009,2026-03-02,0.02,tcgplayer
OP08-009,2026-03-09,0.07,tcgplayer
OP08-009,2026-03-16,0.02,tcgplayer
OP08-009,2026-03-23,0.02,tcgplayer
OP08-009,2026-03-30,0.04,tcgplayer
OP08-009,2026-04-06,0.04,tcgplayer
OP08-009,2026-04-13,0.04,tcgplayer
OP08-009,2026-04-20,0.04,tcgplayer
OP08-009,2026-04-27,0.04,tcgplayer
OP08-009,2026-05-04,0.04,tcgplayer
OP08-009,2026-05-11,0.04,tcgplayer
OP08-009,2026-05-18,0.04,tcgplayer
OP08-009,2026-05-25,0.04,tcgplayer
OP08-009,2026-06-01,0.04,tcgplayer
OP08-009,2026-06-08,0.05,tcgplayer
OP08-009,2026-06-15,0.05,tcgplayer
OP08-009,2026-06-22,0.05,tcgplayer
OP08-009,2026-06-29,0.05,tcgplayer
OP08-009,2026-07-06,0.05,tcgplayer
OP08-009,2026-07-13,0.05,tcgplayer
OP08-009,2026-07-20,0.05,tcgplayer
OP08-009,2026-07-27,0.05,tcgplayer
OP08-009,2026-08-03,0.05,tcgplayer
OP08-009,2026-08-10,0.06,tcgplayer
OP08-009,2026-08-17,0.06,tcgplayer
OP08-009,2026-08-24,0.07,tcgplayer
OP08-009,2026-08-31,0.07,tcgplayer
OP08-009,2026-09-05,0.07,limitless
OP08-010,2025-09-08,0.12,tcgplayer
OP08-010,2025-09-15,0.12,tcgplayer
OP08-010,2025-09-22,0.13,tcgplayer
OP08-010,2025-09-29,0.12,tcgplayer
OP08-010,2025-10-06,0.13,tcgplayer
OP08-010,2025-10-13,0.12,tcgplayer
OP08-010,2025-10-20,0.12,tcgplayer
OP08-010,2025-10-27,0.11,tcgplayer
OP08-010,2025-11-03,0.11,tcgplayer
OP08-010,2025-11-10,0.15,tcgplayer
OP08-010,2025-11-17,0.17,tcgplayer
OP08-010,2025-11-24,0.18,tcgplayer
OP08-010,2025-12-01,0.11,tcgplayer
OP08-010,2025-12-08,0.12,tcgplayer
OP08-010,2025-12-15,0.14,tcgplayer
OP08-010,2025-12-22,0.14,tcgplayer
OP08-010,2025-12-29,0.12,tcgplayer
OP08-010,2026-01-05,0.14,tcgplayer
OP08-010,2026-01-12,0.13,tcgplayer
OP08-010,2026-01-19,0.11,tcgplayer
OP08-010,2026-01-26,0.10,tcgplayer
OP08-010,2026-02-02,0.10,tcgplayer
OP08-010,2026-02-09,0.11,tcgplayer
OP08-010,2026-02-16,0.10,tcgplayer
OP08-010,2026-02-23,0.10,tcgplayer
OP08-010,2026-03-02,0.10,tcgplayer
OP08-010,2026-03-09,0.10,tcgplayer
OP08-010,2026-03-16,0.10,tcgplayer
OP08-010,2026-03-23,0.10,tcgplayer
OP08-010,2026-03-30,0.10,tcgplayer
OP08-010,2026-04-06,0.10,tcgplayer
OP08-010,2026-04-13,0.13,tcgplayer
OP08-010,2026-04-20,0.15,tcgplayer
OP08-010,2026-04-27,0.15,tcgplayer
OP08-010,2026-05-04,0.12,tcgplayer
OP08-010,2026-05-11,0.13,tcgplayer
OP08-010,2026-05-18,0.13,tcgplayer
OP08-010,2026-05-25,0.13,tcgplayer
OP08-010,2026-06-01,0.13,tcgplayer
OP08-010,2026-06-08,0.12,tcgplayer
OP08-010,2026-06-15,0.11,tcgplayer
OP08-010,2026-06-22,0.13,tcgplayer
OP08-010,2026-06-29,0.13,tcgplayer
OP08-010,2026-07-06,0.11,tcgplayer
OP08-010,2026-07-13,0.12,tcgplayer
OP08-010,2026-07-20,0.13,tcgplayer
OP08-010,2026-07-27,0.10,tcgplayer
OP08-010,2026-08-03,0.11,tcgplayer
OP08-010,2026-08-10,0.13,tcgplayer
OP08-010,2026-08-17,0.13,tcgplayer
OP08-010,2026-08-24,0.13,tcgplayer
OP08-010,2026-08-31,0.13,tcgplayer
OP08-010,2026-09-05,0.13,limitless
OP08-011,2025-09-08,0.04,tcgplayer
OP08-011,2025-09-15,0.04,tcgplayer
OP08-011,2025-09-22,0.04,tcgplayer
OP08-011,2025-09-29,0.04,tcgplayer
OP08-011,2025-10-06,0.04,tcgplayer
OP08-011,2025-10-13,0.04,tcgplayer
OP08-011,2025-10-20,0.04,tcgplayer
OP08-011,2025-10-27,0.04,tcgplayer
OP08-011,2025-11-03,0.04,tcgplayer
OP08-011,2025-11-10,0.04,tcgplayer
OP08-011,2025-11-17,0.05,tcgplayer
OP08-011,2025-11-24,0.04,tcgplayer
OP08-011,2025-12-01,0.04,tcgplayer
OP08-011,2025-12-08,0.03,tcgplayer
OP08-011,2025-12-15,0.03,tcgplayer
OP08-011,2025-12-22,0.03,tcgplayer
OP08-011,2025-12-29,0.03,tcgplayer
OP08-011,2026-01-05,0.03,tcgplayer
OP08-011,2026-01-12,0.03,tcgplayer
OP08-011,2026-01-19,0.03,tcgplayer
OP08-011,2026-01-26,0.03,tcgplayer
OP08-011,2026-02-02,0.03,tcgplayer
OP08-011,2026-02-09,0.02,tcgplayer
OP08-011,2026-02-16,0.03,tcgplayer
OP08-011,2026-02-23,0.03,tcgplayer
OP08-011,2026-03-02,0.03,tcgplayer
OP08-011,2026-03-09,0.03,tcgplayer
OP08-011,2026-03-16,0.03,tcgplayer
OP08-011,2026-03-23,0.03,tcgplayer
OP08-011,2026-03-30,0.03,tcgplayer
OP08-011,2026-04-06,0.03,tcgplayer
OP08-011,2026-04-13,0.02,tcgplayer
OP08-011,2026-04-20,0.03,tcgplayer
OP08-011,2026-04-27,0.04,tcgplayer
OP08-011,2026-05-04,0.04,tcgplayer
OP08-011,2026-05-11,0.04,tcgplayer
OP08-011,2026-05-18,0.04,tcgplayer
OP08-011,2026-05-25,0.04,tcgplayer
OP08-011,2026-06-01,0.04,tcgplayer
OP08-011,2026-06-08,0.05,tcgplayer
OP08-011,2026-06-15,0.05,tcgplayer
OP08-011,2026-06-22,0.05,tcgplayer
OP08-011,2026-06-29,0.05,tcgplayer
OP08-011,2026-07-06,0.05,tcgplayer
OP08-011,2026-07-13,0.06,tcgplayer
OP08-011,2026-07-20,0.05,tcgplayer
OP08-011,2026-07-27,0.05,tcgplayer
OP08-011,2026-08-03,0.04,tcgplayer
OP08-011,2026-08-10,0.05,tcgplayer
OP08-011,2026-08-17,0.05,tcgplayer
OP08-011,2026-08-24,0.05,tcgplayer
OP08-011,2026-08-31,0.05,tcgplayer
OP08-011,2026-09-05,0.05,limitless
OP08-012,2025-09-08,0.05,tcgplayer
OP08-012,2025-09-15,0.05,tcgplayer
OP08-012,2025-09-22,0.05,tcgplayer
OP08-012,2025-09-29,0.08,tcgplayer
OP08-012,2025-10-06,0.09,tcgplayer
OP08-012,2025-10-13,0.09,tcgplayer
OP08-012,2025-10-20,0.08,tcgplayer
OP08-012,2025-10-27,0.06,tcgplayer
OP08-012,2025-11-03,0.08,tcgplayer
OP08-012,2025-11-10,0.07,tcgplayer
OP08-012,2025-11-17,0.07,tcgplayer
OP08-012,2025-11-24,0.07,tcgplayer
OP08-012,2025-12-01,0.06,tcgplayer
OP08-012,2025-12-08,0.07,tcgplayer
OP08-012,2025-12-15,0.11,tcgplayer
OP08-012,2025-12-22,0.13,tcgplayer
OP08-012,2025-12-29,0.10,tcgplayer
OP08-012,2026-01-05,0.09,tcgplayer
OP08-012,2026-01-12,0.07,tcgplayer
OP08-012,2026-01-19,0.09,tcgplayer
OP08-012,2026-01-26,0.09,tcgplayer
OP08-012,2026-02-02,0.08,tcgplayer
OP08-012,2026-02-09,0.06,tcgplayer
OP08-012,2026-02-16,0.05,tcgplayer
OP08-012,2026-02-23,0.04,tcgplayer
OP08-012,2026-03-02,0.06,tcgplayer
OP08-012,2026-03-09,0.06,tcgplayer
OP08-012,2026-03-16,0.08,tcgplayer
OP08-012,2026-03-23,0.07,tcgplayer
OP08-012,2026-03-30,0.06,tcgplayer
OP08-012,2026-04-06,0.07,tcgplayer
OP08-012,2026-04-13,0.05,tcgplayer
OP08-012,2026-04-20,0.06,tcgplayer
OP08-012,2026-04-27,0.07,tcgplayer
OP08-012,2026-05-04,0.07,tcgplayer
OP08-012,2026-05-11,0.08,tcgplayer
OP08-012,2026-05-18,0.08,tcgplayer
OP08-012,2026-05-25,0.07,tcgplayer
OP08-012,2026-06-01,0.08,tcgplayer
OP08-012,2026-06-08,0.08,tcgplayer
OP08-012,2026-06-15,0.07,tcgplayer
OP08-012,2026-06-22,0.07,tcgplayer
OP08-012,2026-06-29,0.07,tcgplayer
OP08-012,2026-07-06,0.06,tcgplayer
OP08-012,2026-07-13,0.06,tcgplayer
OP08-012,2026-07-20,0.06,tcgplayer
OP08-012,2026-07-27,0.08,tcgplayer
OP08-012,2026-08-03,0.08,tcgplayer
OP08-012,2026-08-10,0.09,tcgplayer
OP08-012,2026-08-17,0.09,tcgplayer
OP08-012,2026-08-24,0.09,tcgplayer
OP08-012,2026-08-31,0.08,tcgplayer
OP08-012,2026-09-05,0.08,limitless
OP08-013,2025-09-08,0.10,tcgplayer
OP08-013,2025-09-15,0.10,tcgplayer
OP08-013,2025-09-22,0.10,tcgplayer
OP08-013,2025-09-29,0.11,tcgplayer
OP08-013,2025-10-06,0.10,tcgplayer
OP08-013,2025-10-13,0.11,tcgplayer
OP08-013,2025-10-20,0.11,tcgplayer
OP08-013,2025-10-27,0.10,tcgplayer
OP08-013,2025-11-03,0.11,tcgplayer
OP08-013,2025-11-10,0.11,tcgplayer
OP08-013,2025-11-17,0.10,tcgplayer
OP08-013,2025-11-24,0.09,tcgplayer
OP08-013,2025-12-01,0.08,tcgplayer
OP08-013,2025-12-08,0.09,tcgplayer
OP08-013,2025-12-15,0.10,tcgplayer
OP08-013,2025-12-22,0.11,tcgplayer
OP08-013,2025-12-29,0.10,tcgplayer
OP08-013,2026-01-05,0.08,tcgplayer
OP08-013,2026-01-12,0.08,tcgplayer
OP08-013,2026-01-19,0.10,tcgplayer
OP08-013,2026-01-26,0.09,tcgplayer
OP08-013,2026-02-02,0.08,tcgplayer
OP08-013,2026-02-09,0.08,tcgplayer
OP08-013,2026-02-16,0.08,tcgplayer
OP08-013,2026-02-23,0.08,tcgplayer
OP08-013,2026-03-02,0.07,tcgplayer
OP08-013,2026-03-09,0.07,tcgplayer
OP08-013,2026-03-16,0.08,tcgplayer
OP08-013,2026-03-23,0.07,tcgplayer
OP08-013,2026-03-30,0.07,tcgplayer
OP08-013,2026-04-06,0.09,tcgplayer
OP08-013,2026-04-13,0.10,tcgplayer
OP08-013,2026-04-20,0.10,tcgplayer
OP08-013,2026-04-27,0.08,tcgplayer
OP08-013,2026-05-04,0.09,tcgplayer
OP08-013,2026-05-11,0.09,tcgplayer
OP08-013,2026-05-18,0.09,tcgplayer
OP08-013,2026-05-25,0.08,tcgplayer
OP08-013,2026-06-01,0.08,tcgplayer
OP08-013,2026-06-08,0.09,tcgplayer
OP08-013,2026-06-15,0.10,tcgplayer
OP08-013,2026-06-22,0.09,tcgplayer
OP08-013,2026-06-29,0.10,tcgplayer
OP08-013,2026-07-06,0.09,tcgplayer
OP08-013,2026-07-13,0.09,tcgplayer
OP08-013,2026-07-20,0.09,tcgplayer
OP08-013,2026-07-27,0.09,tcgplayer
OP08-013,2026-08-03,0.09,tcgplayer
OP08-013,2026-08-10,0.11,tcgplayer
OP08-013,2026-08-17,0.10,tcgplayer
OP08-013,2026-08-24,0.11,tcgplayer
OP08-013,2026-08-31,0.11,tcgplayer
OP08-013,2026-09-05,0.11,limitless
OP08-014,2025-09-08,0.14,tcgplayer
OP08-014,2025-09-15,0.15,tcgplayer
OP08-014,2025-09-22,0.15,tcgplayer
OP08-014,2025-09-29,0.13,tcgplayer
OP08-014,2025-10-06,0.11,tcgplayer
OP08-014,2025-10-13,0.10,tcgplayer
OP08-014,2025-10-20,0.10,tcgplayer
OP08-014,2025-10-27,0.11,tcgplayer
OP08-014,2025-11-03,0.12,tcgplayer
OP08-014,2025-11-10,0.14,tcgplayer
OP08-014,2025-11-17,0.15,tcgplayer
OP08-014,2025-11-24,0.14,tcgplayer
OP08-014,2025-12-01,0.13,tcgplayer
OP08-014,2025-12-08,0.10,tcgplayer
OP08-014,2025-12-15,0.10,tcgplayer
OP08-014,2025-12-22,0.11,tcgplayer
OP08-014,2025-12-29,0.07,tcgplayer
OP08-014,2026-01-05,0.09,tcgplayer
OP08-014,2026-01-12,0.13,tcgplayer
OP08-014,2026-01-19,0.19,tcgplayer
OP08-014,2026-01-26,0.17,tcgplayer
OP08-014,2026-02-02,0.09,tcgplayer
OP08-014,2026-02-09,0.10,tcgplayer
OP08-014,2026-02-16,0.11,tcgplayer
OP08-014,2026-02-23,0.12,tcgplayer
OP08-014,2026-03-02,0.10,tcgplayer
OP08-014,2026-03-09,0.10,tcgplayer
OP08-014,2026-03-16,0.09,tcgplayer
OP08-014,2026-03-23,0.09,tcgplayer
OP08-014,2026-03-30,0.11,tcgplayer
OP08-014,2026-04-06,0.16,tcgplayer
OP08-014,2026-04-13,0.18,tcgplayer
OP08-014,2026-04-20,0.15,tcgplayer
OP08-014,2026-04-27,0.15,tcgplayer
OP08-014,2026-05-04,0.11,tcgplayer
OP08-014,2026-05-11,0.12,tcgplayer
OP08-014,2026-05-18,0.12,tcgplayer
OP08-014,2026-05-25,0.13,tcgplayer
OP08-014,2026-06-01,0.15,tcgplayer
OP08-014,2026-06-08,0.12,tcgplayer
OP08-014,2026-06-15,0.14,tcgplayer
OP08-014,2026-06-22,0.12,tcgplayer
OP08-014,2026-06-29,0.11,tcgplayer
OP08-014,2026-07-06,0.11,tcgplayer
OP08-014,2026-07-13,0.13,tcgplayer
OP08-014,2026-07-20,0.13,tcgplayer
OP08-014,2026-07-27,0.14,tcgplayer
OP08-014,2026-08-03,0.13,tcgplayer
OP08-014,2026-08-10,0.13,tcgplayer
OP08-014,2026-08-17,0.13,tcgplayer
OP08-014,2026-08-24,0.12,tcgplayer
OP08-014,2026-08-31,0.10,tcgplayer
OP08-014,2026-09-05,0.10,limitless
OP08-015,2025-09-08,0.16,tcgplayer
OP08-015,2025-09-15,0.20,tcgplayer
OP08-015,2025-09-22,0.21,tcgplayer
OP08-015,2025-09-29,0.19,tcgplayer
OP08-015,2025-10-06,0.18,tcgplayer
OP08-015,2025-10-13,0.14,tcgplayer
OP08-015,2025-10-20,0.11,tcgplayer
OP08-015,2025-10-27,0.12,tcgplayer
OP08-015,2025-11-03,0.12,tcgplayer
OP08-015,2025-11-10,0.12,tcgplayer
OP08-015,2025-11-17,0.11,tcgplayer
OP08-015,2025-11-24,0.13,tcgplayer
OP08-015,2025-12-01,0.11,tcgplayer
OP08-015,2025-12-08,0.11,tcgplayer
OP08-015,2025-12-15,0.18,tcgplayer
OP08-015,2025-12-22,0.19,tcgplayer
OP08-015,2025-12-29,0.15,tcgplayer
OP08-015,2026-01-05,0.17,tcgplayer
OP08-015,2026-01-12,0.18,tcgplayer
OP08-015,2026-01-19,0.13,tcgplayer
OP08-015,2026-01-26,0.11,tcgplayer
OP08-015,2026-02-02,0.11,tcgplayer
OP08-015,2026-02-09,0.15,tcgplayer
OP08-015,2026-02-16,0.16,tcgplayer
OP08-015,2026-02-23,0.13,tcgplayer
OP08-015,2026-03-02,0.12,tcgplayer
OP08-015,2026-03-09,0.12,tcgplayer
OP08-015,2026-03-16,0.12,tcgplayer
OP08-015,2026-03-23,0.12,tcgplayer
OP08-015,2026-03-30,0.12,tcgplayer
OP08-015,2026-04-06,0.13,tcgplayer
OP08-015,2026-04-13,0.12,tcgplayer
OP08-015,2026-04-20,0.13,tcgplayer
OP08-015,2026-04-27,0.18,tcgplayer
OP08-015,2026-05-04,0.19,tcgplayer
OP08-015,2026-05-11,0.16,tcgplayer
OP08-015,2026-05-18,0.14,tcgplayer
OP08-015,2026-05-25,0.15,tcgplayer
OP08-015,2026-06-01,0.18,tcgplayer
OP08-015,2026-06-08,0.17,tcgplayer
OP08-015,2026-06-15,0.17,tcgplayer
OP08-015,2026-06-22,0.17,tcgplayer
OP08-015,2026-06-29,0.18,tcgplayer
OP08-015,2026-07-06,0.18,tcgplayer
OP08-015,2026-07-13,0.19,tcgplayer
OP08-015,2026-07-20,0.18,tcgplayer
OP08-015,2026-07-27,0.22,tcgplayer
OP08-015,2026-08-03,0.21,tcgplayer
OP08-015,2026-08-10,0.19,tcgplayer
OP08-015,2026-08-17,0.17,tcgplayer
OP08-015,2026-08-24,0.16,tcgplayer
OP08-015,2026-08-31,0.14,tcgplayer
OP08-015,2026-09-05,0.14,limitless
OP08-015p1,2025-09-08,2.41,tcgplayer
OP08-015p1,2025-09-15,2.37,tcgplayer
OP08-015p1,2025-09-22,2.30,tcgplayer
OP08-015p1,2025-09-29,2.15,tcgplayer
OP08-015p1,2025-10-06,2.23,tcgplayer
OP08-015p1,2025-10-13,2.21,tcgplayer
OP08-015p1,2025-10-20,2.53,tcgplayer
OP08-015p1,2025-10-27,2.57,tcgplayer
OP08-015p1,2025-11-03,2.48,tcgplayer
OP08-015p1,2025-11-10,2.55,tcgplayer
OP08-015p1,2025-11-17,2.46,tcgplayer
OP08-015p1,2025-11-24,2.27,tcgplayer
OP08-015p1,2025-12-01,2.27,tcgplayer
OP08-015p1,2025-12-08,2.48,tcgplayer
OP08-015p1,2025-12-15,2.53,tcgplayer
OP08-015p1,2025-12-22,2.64,tcgplayer
OP08-015p1,2025-12-29,5.13,tcgplayer
OP08-015p1,2026-01-05,5.82,tcgplayer
OP08-015p1,2026-01-12,5.62,tcgplayer
OP08-015p1,2026-01-19,5.22,tcgplayer
OP08-015p1,2026-01-26,5.26,tcgplayer
OP08-015p1,2026-02-02,4.19,tcgplayer
OP08-015p1,2026-02-09,3.63,tcgplayer
OP08-015p1,2026-02-16,2.89,tcgplayer
OP08-015p1,2026-02-23,2.47,tcgplayer
OP08-015p1,2026-03-02,2.44,tcgplayer
OP08-015p1,2026-03-09,2.22,tcgplayer
OP08-015p1,2026-03-16,1.91,tcgplayer
OP08-015p1,2026-03-23,1.99,tcgplayer
OP08-015p1,2026-03-30,1.96,tcgplayer
OP08-015p1,2026-04-06,1.78,tcgplayer
OP08-015p1,2026-04-13,1.80,tcgplayer
OP08-015p1,2026-04-20,2.22,tcgplayer
OP08-015p1,2026-04-27,2.31,tcgplayer
OP08-015p1,2026-05-04,2.36,tcgplayer
OP08-015p1,2026-05-11,2.28,tcgplayer
OP08-015p1,2026-05-18,2.21,tcgplayer
OP08-015p1,2026-05-25,2.39,tcgplayer
OP08-015p1,2026-06-01,2.45,tcgplayer
OP08-015p1,2026-06-08,2.51,tcgplayer
OP08-015p1,2026-06-15,2.53,tcgplayer
OP08-015p1,2026-06-22,2.60,tcgplayer
OP08-015p1,2026-06-29,2.49,tcgplayer
OP08-015p1,2026-07-06,2.54,tcgplayer
OP08-015p1,2026-07-13,2.48,tcgplayer
OP08-015p1,2026-07-20,2.42,tcgplayer
OP08-015p1,2026-07-27,2.32,tcgplayer
OP08-015p1,2026-08-03,2.05,tcgplayer
OP08-015p1,2026-08-10,2.07,tcgplayer
OP08-015p1,2026-08-17,1.90,tcgplayer
OP08-015p1,2026-08-24,1.83,tcgplayer
OP08-015p1,2026-08-31,1.78,tcgplayer
OP08-015p1,2026-09-05,1.80,limitless
OP08-016,2025-09-08,0.10,tcgplayer
OP08-016,2025-09-15,0.12,tcgplayer
OP08-016,2025-09-22,0.11,tcgplayer
OP08-016,2025-09-29,0.13,tcgplayer
OP08-016,2025-10-06,0.11,tcgplayer
OP08-016,2025-10-13,0.12,tcgplayer
OP08-016,2025-10-20,0.12,tcgplayer
OP08-016,2025-10-27,0.15,tcgplayer
OP08-016,2025-11-03,0.11,tcgplayer
OP08-016,2025-11-10,0.12,tcgplayer
OP08-016,2025-11-17,0.12,tcgplayer
OP08-016,2025-11-24,0.10,tcgplayer
OP08-016,2025-12-01,0.08,tcgplayer
OP08-016,2025-12-08,0.11,tcgplayer
OP08-016,2025-12-15,0.18,tcgplayer
OP08-016,2025-12-22,0.12,tcgplayer
OP08-016,2025-12-29,0.10,tcgplayer
OP08-016,2026-01-05,0.10,tcgplayer
OP08-016,2026-01-12,0.09,tcgplayer
OP08-016,2026-01-19,0.10,tcgplayer
OP08-016,2026-01-26,0.15,tcgplayer
OP08-016,2026-02-02,0.14,tcgplayer
OP08-016,2026-02-09,0.15,tcgplayer
OP08-016,2026-02-16,0.12,tcgplayer
OP08-016,2026-02-23,0.10,tcgplayer
OP08-016,2026-03-02,0.11,tcgplayer
OP08-016,2026-03-09,0.09,tcgplayer
OP08-016,2026-03-16,0.09,tcgplayer
OP08-016,2026-03-23,0.14,tcgplayer
OP08-016,2026-03-30,0.16,tcgplayer
OP08-016,2026-04-06,0.13,tcgplayer
OP08-016,2026-04-13,0.12,tcgplayer
OP08-016,2026-04-20,0.12,tcgplayer
OP08-016,2026-04-27,0.16,tcgplayer
OP08-016,2026-05-04,0.11,tcgplayer
OP08-016,2026-05-11,0.11,tcgplayer
OP08-016,2026-05-18,0.13,tcgplayer
OP08-016,2026-05-25,0.14,tcgplayer
OP08-016,2026-06-01,0.17,tcgplayer
OP08-016,2026-06-08,0.16,tcgplayer
OP08-016,2026-06-15,0.13,tcgplayer
OP08-016,2026-06-22,0.13,tcgplayer
OP08-016,2026-06-29,0.14,tcgplayer
OP08-016,2026-07-06,0.14,tcgplayer
OP08-016,2026-07-13,0.15,tcgplayer
OP08-016,2026-07-20,0.13,tcgplayer
OP08-016,2026-07-27,0.14,tcgplayer
OP08-016,2026-08-03,0.15,tcgplayer
OP08-016,2026-08-10,0.12,tcgplayer
OP08-016,2026-08-17,0.13,tcgplayer
OP08-016,2026-08-24,0.12,tcgplayer
OP08-016,2026-08-31,0.12,tcgplayer
OP08-016,2026-09-05,0.11,limitless
OP08-017,2025-09-08,0.07,tcgplayer
OP08-017,2025-09-15,0.07,tcgplayer
OP08-017,2025-09-22,0.07,tcgplayer
OP08-017,2025-09-29,0.07,tcgplayer
OP08-017,2025-10-06,0.09,tcgplayer
OP08-017,2025-10-13,0.09,tcgplayer
OP08-017,2025-10-20,0.09,tcgplayer
OP08-017,2025-10-27,0.09,tcgplayer
OP08-017,2025-11-03,0.07,tcgplayer
OP08-017,2025-11-10,0.07,tcgplayer
OP08-017,2025-11-17,0.07,tcgplayer
OP08-017,2025-11-24,0.07,tcgplayer
OP08-017,2025-12-01,0.07,tcgplayer
OP08-017,2025-12-08,0.06,tcgplayer
OP08-017,2025-12-15,0.05,tcgplayer
OP08-017,2025-12-22,0.04,tcgplayer
OP08-017,2025-12-29,0.04,tcgplayer
OP08-017,2026-01-05,0.04,tcgplayer
OP08-017,2026-01-12,0.04,tcgplayer
OP08-017,2026-01-19,0.05,tcgplayer
OP08-017,2026-01-26,0.05,tcgplayer
OP08-017,2026-02-02,0.06,tcgplayer
OP08-017,2026-02-09,0.06,tcgplayer
OP08-017,2026-02-16,0.05,tcgplayer
OP08-017,2026-02-23,0.05,tcgplayer
OP08-017,2026-03-02,0.03,tcgplayer
OP08-017,2026-03-09,0.03,tcgplayer
OP08-017,2026-03-16,0.02,tcgplayer
OP08-017,2026-03-23,0.03,tcgplayer
OP08-017,2026-03-30,0.04,tcgplayer
OP08-017,2026-04-06,0.04,tcgplayer
OP08-017,2026-04-13,0.07,tcgplayer
OP08-017,2026-04-20,0.06,tcgplayer
OP08-017,2026-04-27,0.07,tcgplayer
OP08-017,2026-05-04,0.06,tcgplayer
OP08-017,2026-05-11,0.06,tcgplayer
OP08-017,2026-05-18,0.05,tcgplayer
OP08-017,2026-05-25,0.04,tcgplayer
OP08-017,2026-06-01,0.05,tcgplayer
OP08-017,2026-06-08,0.06,tcgplayer
OP08-017,2026-06-15,0.06,tcgplayer
OP08-017,2026-06-22,0.09,tcgplayer
OP08-017,2026-06-29,0.09,tcgplayer
OP08-017,2026-07-06,0.09,tcgplayer
OP08-017,2026-07-13,0.09,tcgplayer
OP08-017,2026-07-20,0.09,tcgplayer
OP08-017,2026-07-27,0.07,tcgplayer
OP08-017,2026-08-03,0.05,tcgplayer
OP08-017,2026-08-10,0.06,tcgplayer
OP08-017,2026-08-17,0.06,tcgplayer
OP08-017,2026-08-24,0.07,tcgplayer
OP08-017,2026-08-31,0.06,tcgplayer
OP08-017,2026-09-05,0.06,limitless
OP08-018,2025-09-08,0.11,tcgplayer
OP08-018,2025-09-15,0.12,tcgplayer
OP08-018,2025-09-22,0.10,tcgplayer
OP08-018,2025-09-29,0.11,tcgplayer
OP08-018,2025-10-06,0.12,tcgplayer
OP08-018,2025-10-13,0.12,tcgplayer
OP08-018,2025-10-20,0.11,tcgplayer
OP08-018,2025-10-27,0.14,tcgplayer
OP08-018,2025-11-03,0.11,tcgplayer
OP08-018,2025-11-10,0.11,tcgplayer
OP08-018,2025-11-17,0.10,tcgplayer
OP08-018,2025-11-24,0.08,tcgplayer
OP08-018,2025-12-01,0.07,tcgplayer
OP08-018,2025-12-08,0.06,tcgplayer
OP08-018,2025-12-15,0.09,tcgplayer
OP08-018,2025-12-22,0.12,tcgplayer
OP08-018,2025-12-29,0.13,tcgplayer
OP08-018,2026-01-05,0.09,tcgplayer
OP08-018,2026-01-12,0.10,tcgplayer
OP08-018,2026-01-19,0.10,tcgplayer
OP08-018,2026-01-26,0.09,tcgplayer
OP08-018,2026-02-02,0.10,tcgplayer
OP08-018,2026-02-09,0.08,tcgplayer
OP08-018,2026-02-16,0.10,tcgplayer
OP08-018,2026-02-23,0.09,tcgplayer
OP08-018,2026-03-02,0.08,tcgplayer
OP08-018,2026-03-09,0.07,tcgplayer
OP08-018,2026-03-16,0.06,tcgplayer
OP08-018,2026-03-23,0.09,tcgplayer
OP08-018,2026-03-30,0.11,tcgplayer
OP08-018,2026-04-06,0.12,tcgplayer
OP08-018,2026-04-13,0.11,tcgplayer
OP08-018,2026-04-20,0.08,tcgplayer
OP08-018,2026-04-27,0.10,tcgplayer
OP08-018,2026-05-04,0.11,tcgplayer
OP08-018,2026-05-11,0.11,tcgplayer
OP08-018,2026-05-18,0.10,tcgplayer
OP08-018,2026-05-25,0.15,tcgplayer
OP08-018,2026-06-01,0.15,tcgplayer
OP08-018,2026-06-08,0.20,tcgplayer
OP08-018,2026-06-15,0.16,tcgplayer
OP08-018,2026-06-22,0.11,tcgplayer
OP08-018,2026-06-29,0.13,tcgplayer
OP08-018,2026-07-06,0.14,tcgplayer
OP08-018,2026-07-13,0.15,tcgplayer
OP08-018,2026-07-20,0.16,tcgplayer
OP08-018,2026-07-27,0.14,tcgplayer
OP08-018,2026-08-03,0.14,tcgplayer
OP08-018,2026-08-10,0.14,tcgplayer
OP08-018,2026-08-17,0.11,tcgplayer
OP08-018,2026-08-24,0.12,tcgplayer
OP08-018,2026-08-31,0.14,tcgplayer
OP08-018,2026-09-05,0.14,limitless
OP08-019,2025-09-08,0.04,tcgplayer
OP08-019,2025-09-15,0.03,tcgplayer
OP08-019,2025-09-22,0.04,tcgplayer
OP08-019,2025-09-29,0.05,tcgplayer
OP08-019,2025-10-06,0.05,tcgplayer
OP08-019,2025-10-13,0.05,tcgplayer
OP08-019,2025-10-20,0.07,tcgplayer
OP08-019,2025-10-27,0.06,tcgplayer
OP08-019,2025-11-03,0.05,tcgplayer
OP08-019,2025-11-10,0.05,tcgplayer
OP08-019,2025-11-17,0.05,tcgplayer
OP08-019,2025-11-24,0.05,tcgplayer
OP08-019,2025-12-01,0.05,tcgplayer
OP08-019,2025-12-08,0.05,tcgplayer
OP08-019,2025-12-15,0.05,tcgplayer
OP08-019,2025-12-22,0.05,tcgplayer
OP08-019,2025-12-29,0.05,tcgplayer
OP08-019,2026-01-05,0.06,tcgplayer
OP08-019,2026-01-12,0.06,tcgplayer
OP08-019,2026-01-19,0.06,tcgplayer
OP08-019,2026-01-26,0.05,tcgplayer
OP08-019,2026-02-02,0.06,tcgplayer
OP08-019,2026-02-09,0.07,tcgplayer
OP08-019,2026-02-16,0.06,tcgplayer
OP08-019,2026-02-23,0.07,tcgplayer
OP08-019,2026-03-02,0.07,tcgplayer
OP08-019,2026-03-09,0.07,tcgplayer
OP08-019,2026-03-16,0.05,tcgplayer
OP08-019,2026-03-23,0.05,tcgplayer
OP08-019,2026-03-30,0.04,tcgplayer
OP08-019,2026-04-06,0.04,tcgplayer
OP08-019,2026-04-13,0.04,tcgplayer
OP08-019,2026-04-20,0.05,tcgplayer
OP08-019,2026-04-27,0.05,tcgplayer
OP08-019,2026-05-04,0.05,tcgplayer
OP08-019,2026-05-11,0.05,tcgplayer
OP08-019,2026-05-18,0.05,tcgplayer
OP08-019,2026-05-25,0.07,tcgplayer
OP08-019,2026-06-01,0.07,tcgplayer
OP08-019,2026-06-08,0.07,tcgplayer
OP08-019,2026-06-15,0.08,tcgplayer
OP08-019,2026-06-22,0.08,tcgplayer
OP08-019,2026-06-29,0.08,tcgplayer
OP08-019,2026-07-06,0.08,tcgplayer
OP08-019,2026-07-13,0.08,tcgplayer
OP08-019,2026-07-20,0.08,tcgplayer
OP08-019,2026-07-27,0.07,tcgplayer
OP08-019,2026-08-03,0.07,tcgplayer
OP08-019,2026-08-10,0.07,tcgplayer
OP08-019,2026-08-17,0.07,tcgplayer
OP08-019,2026-08-24,0.07,tcgplayer
OP08-019,2026-08-31,0.07,tcgplayer
OP08-019,2026-09-05,0.07,limitless
OP08-020,2025-09-08,0.03,tcgplayer
OP08-020,2025-09-15,0.04,tcgplayer
OP08-020,2025-09-22,0.04,tcgplayer
OP08-020,2025-09-29,0.05,tcgplayer
OP08-020,2025-10-06,0.05,tcgplayer
OP08-020,2025-10-13,0.05,tcgplayer
OP08-020,2025-10-20,0.05,tcgplayer
OP08-020,2025-10-27,0.04,tcgplayer
OP08-020,2025-11-03,0.04,tcgplayer
OP08-020,2025-11-10,0.04,tcgplayer
OP08-020,2025-11-17,0.04,tcgplayer
OP08-020,2025-11-24,0.04,tcgplayer
OP08-020,2025-12-01,0.04,tcgplayer
OP08-020,2025-12-08,0.03,tcgplayer
OP08-020,2025-12-15,0.05,tcgplayer
OP08-020,2025-12-22,0.06,tcgplayer
OP08-020,2025-12-29,0.07,tcgplayer
OP08-020,2026-01-05,0.07,tcgplayer
OP08-020,2026-01-12,0.05,tcgplayer
OP08-020,2026-01-19,0.06,tcgplayer
OP08-020,2026-01-26,0.06,tcgplayer
OP08-020,2026-02-02,0.05,tcgplayer
OP08-020,2026-02-09,0.05,tcgplayer
OP08-020,2026-02-16,0.07,tcgplayer
OP08-020,2026-02-23,0.05,tcgplayer
OP08-020,2026-03-02,0.05,tcgplayer
OP08-020,2026-03-09,0.04,tcgplayer
OP08-020,2026-03-16,0.04,tcgplayer
OP08-020,2026-03-23,0.03,tcgplayer
OP08-020,2026-03-30,0.02,tcgplayer
OP08-020,2026-04-06,0.03,tcgplayer
OP08-020,2026-04-13,0.05,tcgplayer
OP08-020,2026-04-20,0.05,tcgplayer
OP08-020,2026-04-27,0.06,tcgplayer
OP08-020,2026-05-04,0.06,tcgplayer
OP08-020,2026-05-11,0.06,tcgplayer
OP08-020,2026-05-18,0.05,tcgplayer
OP08-020,2026-05-25,0.05,tcgplayer
OP08-020,2026-06-01,0.04,tcgplayer
OP08-020,2026-06-08,0.05,tcgplayer
OP08-020,2026-06-15,0.04,tcgplayer
OP08-020,2026-06-22,0.04,tcgplayer
OP08-020,2026-06-29,0.07,tcgplayer
OP08-020,2026-07-06,0.07,tcgplayer
OP08-020,2026-07-13,0.08,tcgplayer
OP08-020,2026-07-20,0.07,tcgplayer
OP08-020,2026-07-27,0.06,tcgplayer
OP08-020,2026-08-03,0.07,tcgplayer
OP08-020,2026-08-10,0.07,tcgplayer
OP08-020,2026-08-17,0.07,tcgplayer
OP08-020,2026-08-24,0.07,tcgplayer
OP08-020,2026-08-31,0.08,tcgplayer
OP08-020,2026-09-05,0.08,limitless
OP08-021,2025-09-08,0.12,tcgplayer
OP08-021,2025-09-15,0.11,tcgplayer
OP08-021,2025-09-22,0.09,tcgplayer
OP08-021,2025-09-29,0.08,tcgplayer
OP08-021,2025-10-06,0.10,tcgplayer
OP08-021,2025-10-13,0.14,tcgplayer
OP08-021,2025-10-20,0.14,tcgplayer
OP08-021,2025-10-27,0.14,tcgplayer
OP08-021,2025-11-03,0.14,tcgplayer
OP08-021,2025-11-10,0.12,tcgplayer
OP08-021,2025-11-17,0.10,tcgplayer
OP08-021,2025-11-24,0.09,tcgplayer
OP08-021,2025-12-01,0.10,tcgplayer
OP08-021,2025-12-08,0.11,tcgplayer
OP08-021,2025-12-15,0.13,tcgplayer
OP08-021,2025-12-22,0.09,tcgplayer
OP08-021,2025-12-29,0.09,tcgplayer
OP08-021,2026-01-05,0.10,tcgplayer
OP08-021,2026-01-12,0.09,tcgplayer
OP08-021,2026-01-19,0.14,tcgplayer
OP08-021,2026-01-26,0.13,tcgplayer
OP08-021,2026-02-02,0.13,tcgplayer
OP08-021,2026-02-09,0.15,tcgplayer
OP08-021,2026-02-16,0.15,tcgplayer
OP08-021,2026-02-23,0.13,tcgplayer
OP08-021,2026-03-02,0.13,tcgplayer
OP08-021,2026-03-09,0.16,tcgplayer
OP08-021,2026-03-16,0.18,tcgplayer
OP08-021,2026-03-23,0.14,tcgplayer
OP08-021,2026-03-30,0.15,tcgplayer
OP08-021,2026-04-06,0.17,tcgplayer
OP08-021,2026-04-13,0.17,tcgplayer
OP08-021,2026-04-20,0.15,tcgplayer
OP08-021,2026-04-27,0.13,tcgplayer
OP08-021,2026-05-04,0.14,tcgplayer
OP08-021,2026-05-11,0.16,tcgplayer
OP08-021,2026-05-18,0.15,tcgplayer
OP08-021,2026-05-25,0.15,tcgplayer
OP08-021,2026-06-01,0.16,tcgplayer
OP08-021,2026-06-08,0.17,tcgplayer
OP08-021,2026-06-15,0.16,tcgplayer
OP08-021,2026-06-22,0.16,tcgplayer
OP08-021,2026-06-29,0.15,tcgplayer
OP08-021,2026-07-06,0.16,tcgplayer
OP08-021,2026-07-13,0.14,tcgplayer
OP08-021,2026-07-20,0.20,tcgplayer
OP08-021,2026-07-27,0.20,tcgplayer
OP08-021,2026-08-03,0.20,tcgplayer
OP08-021,2026-08-10,0.17,tcgplayer
OP08-021,2026-08-17,0.18,tcgplayer
OP08-021,2026-08-24,0.20,tcgplayer
OP08-021,2026-08-31,0.19,tcgplayer
OP08-021,2026-09-05,0.20,limitless
OP08-021p1,2025-09-08,14.00,tcgplayer
OP08-021p1,2025-09-15,14.22,tcgplayer
OP08-021p1,2025-09-22,13.89,tcgplayer
OP08-021p1,2025-09-29,14.07,tcgplayer
OP08-021p1,2025-10-06,14.38,tcgplayer
OP08-021p1,2025-10-13,14.62,tcgplayer
OP08-021p1,2025-10-20,14.32,tcgplayer
OP08-021p1,2025-10-27,14.10,tcgplayer
OP08-021p1,2025-11-03,14.07,tcgplayer
OP08-021p1,2025-11-10,14.58,tcgplayer
OP08-021p1,2025-11-17,14.32,tcgplayer
OP08-021p1,2025-11-24,14.99,tcgplayer
OP08-021p1,2025-12-01,15.85,tcgplayer
OP08-021p1,2025-12-08,22.48,tcgplayer
OP08-021p1,2025-12-15,45.62,tcgplayer
OP08-021p1,2025-12-22,52.53,tcgplayer
OP08-021p1,2025-12-29,55.58,tcgplayer
OP08-021p1,2026-01-05,54.68,tcgplayer
OP08-021p1,2026-01-12,53.70,tcgplayer
OP08-021p1,2026-01-19,48.29,tcgplayer
OP08-021p1,2026-01-26,40.83,tcgplayer
OP08-021p1,2026-02-02,40.00,tcgplayer
OP08-021p1,2026-02-09,38.77,tcgplayer
OP08-021p1,2026-02-16,38.24,tcgplayer
OP08-021p1,2026-02-23,37.61,tcgplayer
OP08-021p1,2026-03-02,37.18,tcgplayer
OP08-021p1,2026-03-09,37.06,tcgplayer
OP08-021p1,2026-03-16,35.89,tcgplayer
OP08-021p1,2026-03-23,34.31,tcgplayer
OP08-021p1,2026-03-30,30.08,tcgplayer
OP08-021p1,2026-04-06,28.51,tcgplayer
OP08-021p1,2026-04-13,27.91,tcgplayer
OP08-021p1,2026-04-20,27.26,tcgplayer
OP08-021p1,2026-04-27,26.67,tcgplayer
OP08-021p1,2026-05-04,25.71,tcgplayer
OP08-021p1,2026-05-11,25.47,tcgplayer
OP08-021p1,2026-05-18,24.38,tcgplayer
OP08-021p1,2026-05-25,22.96,tcgplayer
OP08-021p1,2026-06-01,22.54,tcgplayer
OP08-021p1,2026-06-08,21.89,tcgplayer
OP08-021p1,2026-06-15,21.70,tcgplayer
OP08-021p1,2026-06-22,21.79,tcgplayer
OP08-021p1,2026-06-29,21.65,tcgplayer
OP08-021p1,2026-07-06,21.27,tcgplayer
OP08-021p1,2026-07-13,20.79,tcgplayer
OP08-021p1,2026-07-20,20.56,tcgplayer
OP08-021p1,2026-07-27,20.25,tcgplayer
OP08-021p1,2026-08-03,20.27,tcgplayer
OP08-021p1,2026-08-10,20.60,tcgplayer
OP08-021p1,2026-08-17,20.35,tcgplayer
OP08-021p1,2026-08-24,20.12,tcgplayer
OP08-021p1,2026-08-31,18.90,tcgplayer
OP08-021p1,2026-09-05,19.40,limitless
OP08-022,2025-09-08,0.09,tcgplayer
OP08-022,2025-09-15,0.10,tcgplayer
OP08-022,2025-09-22,0.10,tcgplayer
OP08-022,2025-09-29,0.12,tcgplayer
OP08-022,2025-10-06,0.10,tcgplayer
OP08-022,2025-10-13,0.09,tcgplayer
OP08-022,2025-10-20,0.08,tcgplayer
OP08-022,2025-10-27,0.07,tcgplayer
OP08-022,2025-11-03,0.07,tcgplayer
OP08-022,2025-11-10,0.07,tcgplayer
OP08-022,2025-11-17,0.07,tcgplayer
OP08-022,2025-11-24,0.08,tcgplayer
OP08-022,2025-12-01,0.10,tcgplayer
OP08-022,2025-12-08,0.11,tcgplayer
OP08-022,2025-12-15,0.12,tcgplayer
OP08-022,2025-12-22,0.10,tcgplayer
OP08-022,2025-12-29,0.09,tcgplayer
OP08-022,2026-01-05,0.13,tcgplayer
OP08-022,2026-01-12,0.10,tcgplayer
OP08-022,2026-01-19,0.12,tcgplayer
OP08-022,2026-01-26,0.09,tcgplayer
OP08-022,2026-02-02,0.13,tcgplayer
OP08-022,2026-02-09,0.15,tcgplayer
OP08-022,2026-02-16,0.10,tcgplayer
OP08-022,2026-02-23,0.11,tcgplayer
OP08-022,2026-03-02,0.13,tcgplayer
OP08-022,2026-03-09,0.13,tcgplayer
OP08-022,2026-03-16,0.13,tcgplayer
OP08-022,2026-03-23,0.14,tcgplayer
OP08-022,2026-03-30,0.14,tcgplayer
OP08-022,2026-04-06,0.13,tcgplayer
OP08-022,2026-04-13,0.13,tcgplayer
OP08-022,2026-04-20,0.15,tcgplayer
OP08-022,2026-04-27,0.14,tcgplayer
OP08-022,2026-05-04,0.14,tcgplayer
OP08-022,2026-05-11,0.13,tcgplayer
OP08-022,2026-05-18,0.12,tcgplayer
OP08-022,2026-05-25,0.12,tcgplayer
OP08-022,2026-06-01,0.12,tcgplayer
OP08-022,2026-06-08,0.10,tcgplayer
OP08-022,2026-06-15,0.09,tcgplayer
OP08-022,2026-06-22,0.08,tcgplayer
OP08-022,2026-06-29,0.09,tcgplayer
OP08-022,2026-07-06,0.09,tcgplayer
OP08-022,2026-07-13,0.09,tcgplayer
OP08-022,2026-07-20,0.10,tcgplayer
OP08-022,2026-07-27,0.10,tcgplayer
OP08-022,2026-08-03,0.10,tcgplayer
OP08-022,2026-08-10,0.10,tcgplayer
OP08-022,2026-08-17,0.10,tcgplayer
OP08-022,2026-08-24,0.10,tcgplayer
OP08-022,2026-08-31,0.10,tcgplayer
OP08-022,2026-09-05,0.10,limitless
OP08-023,2025-09-08,2.52,tcgplayer
OP08-023,2025-09-15,2.52,tcgplayer
OP08-023,2025-09-22,2.63,tcgplayer
OP08-023,2025-09-29,1.49,tcgplayer
OP08-023,2025-10-06,1.43,tcgplayer
OP08-023,2025-10-13,1.06,tcgplayer
OP08-023,2025-10-20,0.86,tcgplayer
OP08-023,2025-10-27,0.93,tcgplayer
OP08-023,2025-11-03,0.83,tcgplayer
OP08-023,2025-11-10,0.73,tcgplayer
OP08-023,2025-11-17,0.45,tcgplayer
OP08-023,2025-11-24,0.82,tcgplayer
OP08-023,2025-12-01,0.74,tcgplayer
OP08-023,2025-12-08,0.71,tcgplayer
OP08-023,2025-12-15,1.01,tcgplayer
OP08-023,2025-12-22,0.99,tcgplayer
OP08-023,2025-12-29,1.33,tcgplayer
OP08-023,2026-01-05,1.30,tcgplayer
OP08-023,2026-01-12,2.20,tcgplayer
OP08-023,2026-01-19,2.59,tcgplayer
OP08-023,2026-01-26,2.44,tcgplayer
OP08-023,2026-02-02,2.10,tcgplayer
OP08-023,2026-02-09,2.03,tcgplayer
OP08-023,2026-02-16,1.58,tcgplayer
OP08-023,2026-02-23,1.52,tcgplayer
OP08-023,2026-03-02,1.50,tcgplayer
OP08-023,2026-03-09,1.41,tcgplayer
OP08-023,2026-03-16,1.60,tcgplayer
OP08-023,2026-03-23,1.77,tcgplayer
OP08-023,2026-03-30,1.90,tcgplayer
OP08-023,2026-04-06,1.75,tcgplayer
OP08-023,2026-04-13,1.68,tcgplayer
OP08-023,2026-04-20,1.75,tcgplayer
OP08-023,2026-04-27,2.15,tcgplayer
OP08-023,2026-05-04,1.97,tcgplayer
OP08-023,2026-05-11,1.84,tcgplayer
OP08-023,2026-05-18,1.95,tcgplayer
OP08-023,2026-05-25,1.58,tcgplayer
OP08-023,2026-06-01,1.47,tcgplayer
OP08-023,2026-06-08,1.43,tcgplayer
OP08-023,2026-06-15,1.94,tcgplayer
OP08-023,2026-06-22,1.68,tcgplayer
OP08-023,2026-06-29,1.50,tcgplayer
OP08-023,2026-07-06,1.57,tcgplayer
OP08-023,2026-07-13,1.33,tcgplayer
OP08-023,2026-07-20,1.21,tcgplayer
OP08-023,2026-07-27,1.20,tcgplayer
OP08-023,2026-08-03,0.98,tcgplayer
OP08-023,2026-08-10,0.97,tcgplayer
OP08-023,2026-08-17,0.95,tcgplayer
OP08-023,2026-08-24,0.87,tcgplayer
OP08-023,2026-08-31,0.94,tcgplayer
OP08-023,2026-09-05,0.94,limitless
OP08-023p1,2025-09-08,18.38,tcgplayer
OP08-023p1,2025-09-15,18.15,tcgplayer
OP08-023p1,2025-09-22,17.03,tcgplayer
OP08-023p1,2025-09-29,15.99,tcgplayer
OP08-023p1,2025-10-06,16.51,tcgplayer
OP08-023p1,2025-10-13,16.39,tcgplayer
OP08-023p1,2025-10-20,16.11,tcgplayer
OP08-023p1,2025-10-27,14.70,tcgplayer
OP08-023p1,2025-11-03,14.48,tcgplayer
OP08-023p1,2025-11-10,14.37,tcgplayer
OP08-023p1,2025-11-17,14.00,tcgplayer
OP08-023p1,2025-11-24,14.51,tcgplayer
OP08-023p1,2025-12-01,15.79,tcgplayer
OP08-023p1,2025-12-08,17.30,tcgplayer
OP08-023p1,2025-12-15,28.64,tcgplayer
OP08-023p1,2025-12-22,34.91,tcgplayer
OP08-023p1,2025-12-29,32.71,tcgplayer
OP08-023p1,2026-01-05,30.41,tcgplayer
OP08-023p1,2026-01-12,27.33,tcgplayer
OP08-023p1,2026-01-19,27.99,tcgplayer
OP08-023p1,2026-01-26,28.35,tcgplayer
OP08-023p1,2026-02-02,26.11,tcgplayer
OP08-023p1,2026-02-09,23.06,tcgplayer
OP08-023p1,2026-02-16,22.56,tcgplayer
OP08-023p1,2026-02-23,23.39,tcgplayer
OP08-023p1,2026-03-02,24.37,tcgplayer
OP08-023p1,2026-03-09,24.28,tcgplayer
OP08-023p1,2026-03-16,24.10,tcgplayer
OP08-023p1,2026-03-23,24.37,tcgplayer
OP08-023p1,2026-03-30,24.19,tcgplayer
OP08-023p1,2026-04-06,23.46,tcgplayer
OP08-023p1,2026-04-13,24.40,tcgplayer
OP08-023p1,2026-04-20,23.41,tcgplayer
OP08-023p1,2026-04-27,22.21,tcgplayer
OP08-023p1,2026-05-04,22.15,tcgplayer
OP08-023p1,2026-05-11,22.21,tcgplayer
OP08-023p1,2026-05-18,22.04,tcgplayer
OP08-023p1,2026-05-25,22.26,tcgplayer
OP08-023p1,2026-06-01,22.34,tcgplayer
OP08-023p1,2026-06-08,22.54,tcgplayer
OP08-023p1,2026-06-15,22.62,tcgplayer
OP08-023p1,2026-06-22,22.43,tcgplayer
OP08-023p1,2026-06-29,22.15,tcgplayer
OP08-023p1,2026-07-06,21.04,tcgplayer
OP08-023p1,2026-07-13,20.59,tcgplayer
OP08-023p1,2026-07-20,20.91,tcgplayer
OP08-023p1,2026-07-27,20.59,tcgplayer
OP08-023p1,2026-08-03,20.63,tcgplayer
OP08-023p1,2026-08-10,19.95,tcgplayer
OP08-023p1,2026-08-17,18.11,tcgplayer
OP08-023p1,2026-08-24,15.28,tcgplayer
OP08-023p1,2026-08-31,14.79,tcgplayer
OP08-023p1,2026-09-05,14.88,limitless
OP08-024,2025-09-08,0.06,tcgplayer
OP08-024,2025-09-15,0.06,tcgplayer
OP08-024,2025-09-22,0.06,tcgplayer
OP08-024,2025-09-29,0.05,tcgplayer
OP08-024,2025-10-06,0.04,tcgplayer
OP08-024,2025-10-13,0.04,tcgplayer
OP08-024,2025-10-20,0.05,tcgplayer
OP08-024,2025-10-27,0.05,tcgplayer
OP08-024,2025-11-03,0.05,tcgplayer
OP08-024,2025-11-10,0.06,tcgplayer
OP08-024,2025-11-17,0.05,tcgplayer
OP08-024,2025-11-24,0.06,tcgplayer
OP08-024,2025-12-01,0.06,tcgplayer
OP08-024,2025-12-08,0.06,tcgplayer
OP08-024,2025-12-15,0.07,tcgplayer
OP08-024,2025-12-22,0.08,tcgplayer
OP08-024,2025-12-29,0.08,tcgplayer
OP08-024,2026-01-05,0.09,tcgplayer
OP08-024,2026-01-12,0.09,tcgplayer
OP08-024,2026-01-19,0.09,tcgplayer
OP08-024,2026-01-26,0.08,tcgplayer
OP08-024,2026-02-02,0.07,tcgplayer
OP08-024,2026-02-09,0.06,tcgplayer
OP08-024,2026-02-16,0.05,tcgplayer
OP08-024,2026-02-23,0.05,tcgplayer
OP08-024,2026-03-02,0.05,tcgplayer
OP08-024,2026-03-09,0.06,tcgplayer
OP08-024,2026-03-16,0.06,tcgplayer
OP08-024,2026-03-23,0.05,tcgplayer
OP08-024,2026-03-30,0.05,tcgplayer
OP08-024,2026-04-06,0.07,tcgplayer
OP08-024,2026-04-13,0.06,tcgplayer
OP08-024,2026-04-20,0.06,tcgplayer
OP08-024,2026-04-27,0.07,tcgplayer
OP08-024,2026-05-04,0.06,tcgplayer
OP08-024,2026-05-11,0.05,tcgplayer
OP08-024,2026-05-18,0.06,tcgplayer
OP08-024,2026-05-25,0.07,tcgplayer
OP08-024,2026-06-01,0.06,tcgplayer
OP08-024,2026-06-08,0.06,tcgplayer
OP08-024,2026-06-15,0.06,tcgplayer
OP08-024,2026-06-22,0.04,tcgplayer
OP08-024,2026-06-29,0.04,tcgplayer
OP08-024,2026-07-06,0.04,tcgplayer
OP08-024,2026-07-13,0.05,tcgplayer
OP08-024,2026-07-20,0.05,tcgplayer
OP08-024,2026-07-27,0.05,tcgplayer
OP08-024,2026-08-03,0.06,tcgplayer
OP08-024,2026-08-10,0.06,tcgplayer
OP08-024,2026-08-17,0.06,tcgplayer
OP08-024,2026-08-24,0.07,tcgplayer
OP08-024,2026-08-31,0.07,tcgplayer
OP08-024,2026-09-05,0.07,limitless
OP08-025,2025-09-08,0.05,tcgplayer
OP08-025,2025-09-15,0.05,tcgplayer
OP08-025,2025-09-22,0.05,tcgplayer
OP08-025,2025-09-29,0.05,tcgplayer
OP08-025,2025-10-06,0.04,tcgplayer
OP08-025,2025-10-13,0.05,tcgplayer
OP08-025,2025-10-20,0.04,tcgplayer
OP08-025,2025-10-27,0.05,tcgplayer
OP08-025,2025-11-03,0.06,tcgplayer
OP08-025,2025-11-10,0.06,tcgplayer
OP08-025,2025-11-17,0.06,tcgplayer
OP08-025,2025-11-24,0.06,tcgplayer
OP08-025,2025-12-01,0.06,tcgplayer
OP08-025,2025-12-08,0.06,tcgplayer
OP08-025,2025-12-15,0.09,tcgplayer
OP08-025,2025-12-22,0.09,tcgplayer
OP08-025,2025-12-29,0.08,tcgplayer
OP08-025,2026-01-05,0.07,tcgplayer
OP08-025,2026-01-12,0.08,tcgplayer
OP08-025,2026-01-19,0.08,tcgplayer
OP08-025,2026-01-26,0.07,tcgplayer
OP08-025,2026-02-02,0.07,tcgplayer
OP08-025,2026-02-09,0.04,tcgplayer
OP08-025,2026-02-16,0.04,tcgplayer
OP08-025,2026-02-23,0.03,tcgplayer
OP08-025,2026-03-02,0.03,tcgplayer
OP08-025,2026-03-09,0.02,tcgplayer
OP08-025,2026-03-16,0.03,tcgplayer
OP08-025,2026-03-23,0.02,tcgplayer
OP08-025,2026-03-30,0.04,tcgplayer
OP08-025,2026-04-06,0.04,tcgplayer
OP08-025,2026-04-13,0.04,tcgplayer
OP08-025,2026-04-20,0.04,tcgplayer
OP08-025,2026-04-27,0.04,tcgplayer
OP08-025,2026-05-04,0.03,tcgplayer
OP08-025,2026-05-11,0.03,tcgplayer
OP08-025,2026-05-18,0.02,tcgplayer
OP08-025,2026-05-25,0.03,tcgplayer
OP08-025,2026-06-01,0.03,tcgplayer
OP08-025,2026-06-08,0.03,tcgplayer
OP08-025,2026-06-15,0.03,tcgplayer
OP08-025,2026-06-22,0.04,tcgplayer
OP08-025,2026-06-29,0.04,tcgplayer
OP08-025,2026-07-06,0.04,tcgplayer
OP08-025,2026-07-13,0.05,tcgplayer
OP08-025,2026-07-20,0.05,tcgplayer
OP08-025,2026-07-27,0.05,tcgplayer
OP08-025,2026-08-03,0.06,tcgplayer
OP08-025,2026-08-10,0.06,tcgplayer
OP08-025,2026-08-17,0.06,tcgplayer
OP08-025,2026-08-24,0.06,tcgplayer
OP08-025,2026-08-31,0.06,tcgplayer
OP08-025,2026-09-05,0.06,limitless
OP08-026,2025-09-08,0.04,tcgplayer
OP08-026,2025-09-15,0.04,tcgplayer
OP08-026,2025-09-22,0.04,tcgplayer
OP08-026,2025-09-29,0.05,tcgplayer
OP08-026,2025-10-06,0.05,tcgplayer
OP08-026,2025-10-13,0.05,tcgplayer
OP08-026,2025-10-20,0.04,tcgplayer
OP08-026,2025-10-27,0.05,tcgplayer
OP08-026,2025-11-03,0.06,tcgplayer
OP08-026,2025-11-10,0.06,tcgplayer
OP08-026,2025-11-17,0.06,tcgplayer
OP08-026,2025-11-24,0.07,tcgplayer
OP08-026,2025-12-01,0.06,tcgplayer
OP08-026,2025-12-08,0.06,tcgplayer
OP08-026,2025-12-15,0.06,tcgplayer
OP08-026,2025-12-22,0.06,tcgplayer
OP08-026,2025-12-29,0.07,tcgplayer
OP08-026,2026-01-05,0.05,tcgplayer
OP08-026,2026-01-12,0.06,tcgplayer
OP08-026,2026-01-19,0.06,tcgplayer
OP08-026,2026-01-26,0.06,tcgplayer
OP08-026,2026-02-02,0.06,tcgplayer
OP08-026,2026-02-09,0.05,tcgplayer
OP08-026,2026-02-16,0.04,tcgplayer
OP08-026,2026-02-23,0.04,tcgplayer
OP08-026,2026-03-02,0.03,tcgplayer
OP08-026,2026-03-09,0.03,tcgplayer
OP08-026,2026-03-16,0.03,tcgplayer
OP08-026,2026-03-23,0.02,tcgplayer
OP08-026,2026-03-30,0.02,tcgplayer
OP08-026,2026-04-06,0.02,tcgplayer
OP08-026,2026-04-13,0.02,tcgplayer
OP08-026,2026-04-20,0.03,tcgplayer
OP08-026,2026-04-27,0.03,tcgplayer
OP08-026,2026-05-04,0.03,tcgplayer
OP08-026,2026-05-11,0.03,tcgplayer
OP08-026,2026-05-18,0.05,tcgplayer
OP08-026,2026-05-25,0.05,tcgplayer
OP08-026,2026-06-01,0.05,tcgplayer
OP08-026,2026-06-08,0.05,tcgplayer
OP08-026,2026-06-15,0.04,tcgplayer
OP08-026,2026-06-22,0.05,tcgplayer
OP08-026,2026-06-29,0.05,tcgplayer
OP08-026,2026-07-06,0.05,tcgplayer
OP08-026,2026-07-13,0.05,tcgplayer
OP08-026,2026-07-20,0.05,tcgplayer
OP08-026,2026-07-27,0.05,tcgplayer
OP08-026,2026-08-03,0.05,tcgplayer
OP08-026,2026-08-10,0.05,tcgplayer
OP08-026,2026-08-17,0.05,tcgplayer
OP08-026,2026-08-24,0.05,tcgplayer
OP08-026,2026-08-31,0.05,tcgplayer
OP08-026,2026-09-05,0.05,limitless
OP08-027,2025-09-08,0.04,tcgplayer
OP08-027,2025-09-15,0.05,tcgplayer
OP08-027,2025-09-22,0.06,tcgplayer
OP08-027,2025-09-29,0.05,tcgplayer
OP08-027,2025-10-06,0.06,tcgplayer
OP08-027,2025-10-13,0.07,tcgplayer
OP08-027,2025-10-20,0.05,tcgplayer
OP08-027,2025-10-27,0.07,tcgplayer
OP08-027,2025-11-03,0.06,tcgplayer
OP08-027,2025-11-10,0.07,tcgplayer
OP08-027,2025-11-17,0.07,tcgplayer
OP08-027,2025-11-24,0.07,tcgplayer
OP08-027,2025-12-01,0.06,tcgplayer
OP08-027,2025-12-08,0.07,tcgplayer
OP08-027,2025-12-15,0.06,tcgplayer
OP08-027,2025-12-22,0.05,tcgplayer
OP08-027,2025-12-29,0.07,tcgplayer
OP08-027,2026-01-05,0.06,tcgplayer
OP08-027,2026-01-12,0.07,tcgplayer
OP08-027,2026-01-19,0.06,tcgplayer
OP08-027,2026-01-26,0.05,tcgplayer
OP08-027,2026-02-02,0.05,tcgplayer
OP08-027,2026-02-09,0.04,tcgplayer
OP08-027,2026-02-16,0.05,tcgplayer
OP08-027,2026-02-23,0.04,tcgplayer
OP08-027,2026-03-02,0.05,tcgplayer
OP08-027,2026-03-09,0.05,tcgplayer
OP08-027,2026-03-16,0.04,tcgplayer
OP08-027,2026-03-23,0.04,tcgplayer
OP08-027,2026-03-30,0.05,tcgplayer
OP08-027,2026-04-06,0.05,tcgplayer
OP08-027,2026-04-13,0.04,tcgplayer
OP08-027,2026-04-20,0.04,tcgplayer
OP08-027,2026-04-27,0.05,tcgplayer
OP08-027,2026-05-04,0.04,tcgplayer
OP08-027,2026-05-11,0.04,tcgplayer
OP08-027,2026-05-18,0.04,tcgplayer
OP08-027,2026-05-25,0.05,tcgplayer
OP08-027,2026-06-01,0.05,tcgplayer
OP08-027,2026-06-08,0.04,tcgplayer
OP08-027,2026-06-15,0.05,tcgplayer
OP08-027,2026-06-22,0.05,tcgplayer
OP08-027,2026-06-29,0.06,tcgplayer
OP08-027,2026-07-06,0.06,tcgplayer
OP08-027,2026-07-13,0.07,tcgplayer
OP08-027,2026-07-20,0.07,tcgplayer
OP08-027,2026-07-27,0.08,tcgplayer
OP08-027,2026-08-03,0.07,tcgplayer
OP08-027,2026-08-10,0.07,tcgplayer
OP08-027,2026-08-17,0.07,tcgplayer
OP08-027,2026-08-24,0.07,tcgplayer
OP08-027,2026-08-31,0.07,tcgplayer
OP08-027,2026-09-05,0.06,limitless
OP08-028,2025-09-08,0.08,tcgplayer
OP08-028,2025-09-15,0.07,tcgplayer
OP08-028,2025-09-22,0.06,tcgplayer
OP08-028,2025-09-29,0.06,tcgplayer
OP08-028,2025-10-06,0.06,tcgplayer
OP08-028,2025-10-13,0.05,tcgplayer
OP08-028,2025-10-20,0.06,tcgplayer
OP08-028,2025-10-27,0.07,tcgplayer
OP08-028,2025-11-03,0.07,tcgplayer
OP08-028,2025-11-10,0.09,tcgplayer
OP08-028,2025-11-17,0.10,tcgplayer
OP08-028,2025-11-24,0.10,tcgplayer
OP08-028,2025-12-01,0.10,tcgplayer
OP08-028,2025-12-08,0.10,tcgplayer
OP08-028,2025-12-15,0.10,tcgplayer
OP08-028,2025-12-22,0.10,tcgplayer
OP08-028,2025-12-29,0.09,tcgplayer
OP08-028,2026-01-05,0.09,tcgplayer
OP08-028,2026-01-12,0.08,tcgplayer
OP08-028,2026-01-19,0.10,tcgplayer
OP08-028,2026-01-26,0.09,tcgplayer
OP08-028,2026-02-02,0.09,tcgplayer
OP08-028,2026-02-09,0.08,tcgplayer
OP08-028,2026-02-16,0.08,tcgplayer
OP08-028,2026-02-23,0.08,tcgplayer
OP08-028,2026-03-02,0.07,tcgplayer
OP08-028,2026-03-09,0.06,tcgplayer
OP08-028,2026-03-16,0.07,tcgplayer
OP08-028,2026-03-23,0.10,tcgplayer
OP08-028,2026-03-30,0.10,tcgplayer
OP08-028,2026-04-06,0.10,tcgplayer
OP08-028,2026-04-13,0.10,tcgplayer
OP08-028,2026-04-20,0.10,tcgplayer
OP08-028,2026-04-27,0.09,tcgplayer
OP08-028,2026-05-04,0.07,tcgplayer
OP08-028,2026-05-11,0.08,tcgplayer
OP08-028,2026-05-18,0.08,tcgplayer
OP08-028,2026-05-25,0.07,tcgplayer
OP08-028,2026-06-01,0.08,tcgplayer
OP08-028,2026-06-08,0.07,tcgplayer
OP08-028,2026-06-15,0.09,tcgplayer
OP08-028,2026-06-22,0.08,tcgplayer
OP08-028,2026-06-29,0.08,tcgplayer
OP08-028,2026-07-06,0.08,tcgplayer
OP08-028,2026-07-13,0.08,tcgplayer
OP08-028,2026-07-20,0.12,tcgplayer
OP08-028,2026-07-27,0.10,tcgplayer
OP08-028,2026-08-03,0.10,tcgplayer
OP08-028,2026-08-10,0.10,tcgplayer
OP08-028,2026-08-17,0.10,tcgplayer
OP08-028,2026-08-24,0.11,tcgplayer
OP08-028,2026-08-31,0.11,tcgplayer
OP08-028,2026-09-05,0.11,limitless
OP08-029,2025-09-08,0.07,tcgplayer
OP08-029,2025-09-15,0.08,tcgplayer
OP08-029,2025-09-22,0.08,tcgplayer
OP08-029,2025-09-29,0.07,tcgplayer
OP08-029,2025-10-06,0.07,tcgplayer
OP08-029,2025-10-13,0.05,tcgplayer
OP08-029,2025-10-20,0.04,tcgplayer
OP08-029,2025-10-27,0.04,tcgplayer
OP08-029,2025-11-03,0.04,tcgplayer
OP08-029,2025-11-10,0.04,tcgplayer
OP08-029,2025-11-17,0.04,tcgplayer
OP08-029,2025-11-24,0.04,tcgplayer
OP08-029,2025-12-01,0.03,tcgplayer
OP08-029,2025-12-08,0.03,tcgplayer
OP08-029,2025-12-15,0.05,tcgplayer
OP08-029,2025-12-22,0.04,tcgplayer
OP08-029,2025-12-29,0.04,tcgplayer
OP08-029,2026-01-05,0.04,tcgplayer
OP08-029,2026-01-12,0.04,tcgplayer
OP08-029,2026-01-19,0.04,tcgplayer
OP08-029,2026-01-26,0.03,tcgplayer
OP08-029,2026-02-02,0.03,tcgplayer
OP08-029,2026-02-09,0.03,tcgplayer
OP08-029,2026-02-16,0.02,tcgplayer
OP08-029,2026-02-23,0.02,tcgplayer
OP08-029,2026-03-02,0.03,tcgplayer
OP08-029,2026-03-09,0.04,tcgplayer
OP08-029,2026-03-16,0.04,tcgplayer
OP08-029,2026-03-23,0.03,tcgplayer
OP08-029,2026-03-30,0.08,tcgplayer
OP08-029,2026-04-06,0.13,tcgplayer
OP08-029,2026-04-13,0.09,tcgplayer
OP08-029,2026-04-20,0.10,tcgplayer
OP08-029,2026-04-27,0.09,tcgplayer
OP08-029,2026-05-04,0.07,tcgplayer
OP08-029,2026-05-11,0.07,tcgplayer
OP08-029,2026-05-18,0.07,tcgplayer
OP08-029,2026-05-25,0.06,tcgplayer
OP08-029,2026-06-01,0.05,tcgplayer
OP08-029,2026-06-08,0.06,tcgplayer
OP08-029,2026-06-15,0.06,tcgplayer
OP08-029,2026-06-22,0.04,tcgplayer
OP08-029,2026-06-29,0.05,tcgplayer
OP08-029,2026-07-06,0.05,tcgplayer
OP08-029,2026-07-13,0.05,tcgplayer
OP08-029,2026-07-20,0.05,tcgplayer
OP08-029,2026-07-27,0.05,tcgplayer
OP08-029,2026-08-03,0.06,tcgplayer
OP08-029,2026-08-10,0.06,tcgplayer
OP08-029,2026-08-17,0.06,tcgplayer
OP08-029,2026-08-24,0.06,tcgplayer
OP08-029,2026-08-31,0.06,tcgplayer
OP08-029,2026-09-05,0.06,limitless
OP08-030,2025-09-08,0.21,tcgplayer
OP08-030,2025-09-15,0.23,tcgplayer
OP08-030,2025-09-22,0.23,tcgplayer
OP08-030,2025-09-29,0.22,tcgplayer
OP08-030,2025-10-06,0.26,tcgplayer
OP08-030,2025-10-13,0.22,tcgplayer
OP08-030,2025-10-20,0.31,tcgplayer
OP08-030,2025-10-27,0.33,tcgplayer
OP08-030,2025-11-03,0.31,tcgplayer
OP08-030,2025-11-10,0.27,tcgplayer
OP08-030,2025-11-17,0.25,tcgplayer
OP08-030,2025-11-24,0.26,tcgplayer
OP08-030,2025-12-01,0.25,tcgplayer
OP08-030,2025-12-08,0.26,tcgplayer
OP08-030,2025-12-15,0.32,tcgplayer
OP08-030,2025-12-22,0.24,tcgplayer
OP08-030,2025-12-29,0.25,tcgplayer
OP08-030,2026-01-05,0.23,tcgplayer
OP08-030,2026-01-12,0.24,tcgplayer
OP08-030,2026-01-19,0.25,tcgplayer
OP08-030,2026-01-26,0.24,tcgplayer
OP08-030,2026-02-02,0.29,tcgplayer
OP08-030,2026-02-09,0.24,tcgplayer
OP08-030,2026-02-16,0.26,tcgplayer
OP08-030,2026-02-23,0.26,tcgplayer
OP08-030,2026-03-02,0.25,tcgplayer
OP08-030,2026-03-09,0.25,tcgplayer
OP08-030,2026-03-16,0.25,tcgplayer
OP08-030,2026-03-23,0.25,tcgplayer
OP08-030,2026-03-30,0.26,tcgplayer
OP08-030,2026-04-06,0.25,tcgplayer
OP08-030,2026-04-13,0.27,tcgplayer
OP08-030,2026-04-20,0.26,tcgplayer
OP08-030,2026-04-27,0.27,tcgplayer
OP08-030,2026-05-04,0.27,tcgplayer
OP08-030,2026-05-11,0.27,tcgplayer
OP08-030,2026-05-18,0.27,tcgplayer
OP08-030,2026-05-25,0.28,tcgplayer
OP08-030,2026-06-01,0.24,tcgplayer
OP08-030,2026-06-08,0.21,tcgplayer
OP08-030,2026-06-15,0.22,tcgplayer
OP08-030,2026-06-22,0.22,tcgplayer
OP08-030,2026-06-29,0.38,tcgplayer
OP08-030,2026-07-06,0.26,tcgplayer
OP08-030,2026-07-13,0.22,tcgplayer
OP08-030,2026-07-20,0.25,tcgplayer
OP08-030,2026-07-27,0.28,tcgplayer
OP08-030,2026-08-03,0.26,tcgplayer
OP08-030,2026-08-10,0.30,tcgplayer
OP08-030,2026-08-17,0.31,tcgplayer
OP08-030,2026-08-24,0.29,tcgplayer
OP08-030,2026-08-31,0.27,tcgplayer
OP08-030,2026-09-05,0.27,limitless
OP08-030p1,2025-09-08,5.76,tcgplayer
OP08-030p1,2025-09-15,6.01,tcgplayer
OP08-030p1,2025-09-22,6.40,tcgplayer
OP08-030p1,2025-09-29,6.22,tcgplayer
OP08-030p1,2025-10-06,6.42,tcgplayer
OP08-030p1,2025-10-13,6.66,tcgplayer
OP08-030p1,2025-10-20,7.87,tcgplayer
OP08-030p1,2025-10-27,8.27,tcgplayer
OP08-030p1,2025-11-03,7.45,tcgplayer
OP08-030p1,2025-11-10,6.37,tcgplayer
OP08-030p1,2025-11-17,5.32,tcgplayer
OP08-030p1,2025-11-24,4.88,tcgplayer
OP08-030p1,2025-12-01,4.59,tcgplayer
OP08-030p1,2025-12-08,5.19,tcgplayer
OP08-030p1,2025-12-15,6.99,tcgplayer
OP08-030p1,2025-12-22,10.09,tcgplayer
OP08-030p1,2025-12-29,10.86,tcgplayer
OP08-030p1,2026-01-05,10.34,tcgplayer
OP08-030p1,2026-01-12,10.24,tcgplayer
OP08-030p1,2026-01-19,9.26,tcgplayer
OP08-030p1,2026-01-26,8.15,tcgplayer
OP08-030p1,2026-02-02,7.48,tcgplayer
OP08-030p1,2026-02-09,7.42,tcgplayer
OP08-030p1,2026-02-16,4.93,tcgplayer
OP08-030p1,2026-02-23,5.67,tcgplayer
OP08-030p1,2026-03-02,5.64,tcgplayer
OP08-030p1,2026-03-09,5.56,tcgplayer
OP08-030p1,2026-03-16,5.47,tcgplayer
OP08-030p1,2026-03-23,5.02,tcgplayer
OP08-030p1,2026-03-30,4.68,tcgplayer
OP08-030p1,2026-04-06,4.39,tcgplayer
OP08-030p1,2026-04-13,4.70,tcgplayer
OP08-030p1,2026-04-20,4.70,tcgplayer
OP08-030p1,2026-04-27,4.60,tcgplayer
OP08-030p1,2026-05-04,4.22,tcgplayer
OP08-030p1,2026-05-11,4.29,tcgplayer
OP08-030p1,2026-05-18,4.36,tcgplayer
OP08-030p1,2026-05-25,4.77,tcgplayer
OP08-030p1,2026-06-01,4.62,tcgplayer
OP08-030p1,2026-06-08,4.66,tcgplayer
OP08-030p1,2026-06-15,4.37,tcgplayer
OP08-030p1,2026-06-22,4.29,tcgplayer
OP08-030p1,2026-06-29,4.25,tcgplayer
OP08-030p1,2026-07-06,4.65,tcgplayer
OP08-030p1,2026-07-13,4.78,tcgplayer
OP08-030p1,2026-07-20,4.92,tcgplayer
OP08-030p1,2026-07-27,4.62,tcgplayer
OP08-030p1,2026-08-03,3.74,tcgplayer
OP08-030p1,2026-08-10,3.20,tcgplayer
OP08-030p1,2026-08-17,3.09,tcgplayer
OP08-030p1,2026-08-24,2.96,tcgplayer
OP08-030p1,2026-08-31,2.92,tcgplayer
OP08-030p1,2026-09-05,2.97,limitless
OP08-031,2025-09-08,0.03,tcgplayer
OP08-031,2025-09-15,0.03,tcgplayer
OP08-031,2025-09-22,0.03,tcgplayer
OP08-031,2025-09-29,0.03,tcgplayer
OP08-031,2025-10-06,0.03,tcgplayer
OP08-031,2025-10-13,0.03,tcgplayer
OP08-031,2025-10-20,0.03,tcgplayer
OP08-031,2025-10-27,0.03,tcgplayer
OP08-031,2025-11-03,0.04,tcgplayer
OP08-031,2025-11-10,0.04,tcgplayer
OP08-031,2025-11-17,0.04,tcgplayer
OP08-031,2025-11-24,0.04,tcgplayer
OP08-031,2025-12-01,0.04,tcgplayer
OP08-031,2025-12-08,0.03,tcgplayer
OP08-031,2025-12-15,0.04,tcgplayer
OP08-031,2025-12-22,0.04,tcgplayer
OP08-031,2025-12-29,0.04,tcgplayer
OP08-031,2026-01-05,0.04,tcgplayer
OP08-031,2026-01-12,0.04,tcgplayer
OP08-031,2026-01-19,0.04,tcgplayer
OP08-031,2026-01-26,0.05,tcgplayer
OP08-031,2026-02-02,0.05,tcgplayer
OP08-031,2026-02-09,0.05,tcgplayer
OP08-031,2026-02-16,0.04,tcgplayer
OP08-031,2026-02-23,0.03,tcgplayer
OP08-031,2026-03-02,0.03,tcgplayer
OP08-031,2026-03-09,0.03,tcgplayer
OP08-031,2026-03-16,0.02,tcgplayer
OP08-031,2026-03-23,0.02,tcgplayer
OP08-031,2026-03-30,0.04,tcgplayer
OP08-031,2026-04-06,0.04,tcgplayer
OP08-031,2026-04-13,0.04,tcgplayer
OP08-031,2026-04-20,0.03,tcgplayer
OP08-031,2026-04-27,0.04,tcgplayer
OP08-031,2026-05-04,0.04,tcgplayer
OP08-031,2026-05-11,0.04,tcgplayer
OP08-031,2026-05-18,0.03,tcgplayer
OP08-031,2026-05-25,0.03,tcgplayer
OP08-031,2026-06-01,0.02,tcgplayer
OP08-031,2026-06-08,0.03,tcgplayer
OP08-031,2026-06-15,0.03,tcgplayer
OP08-031,2026-06-22,0.03,tcgplayer
OP08-031,2026-06-29,0.03,tcgplayer
OP08-031,2026-07-06,0.03,tcgplayer
OP08-031,2026-07-13,0.04,tcgplayer
OP08-031,2026-07-20,0.04,tcgplayer
OP08-031,2026-07-27,0.04,tcgplayer
OP08-031,2026-08-03,0.05,tcgplayer
OP08-031,2026-08-10,0.05,tcgplayer
OP08-031,2026-08-17,0.05,tcgplayer
OP08-031,2026-08-24,0.05,tcgplayer
OP08-031,2026-08-31,0.04,tcgplayer
OP08-031,2026-09-05,0.05,limitless
OP08-032,2025-09-08,0.11,tcgplayer
OP08-032,2025-09-15,0.13,tcgplayer
OP08-032,2025-09-22,0.12,tcgplayer
OP08-032,2025-09-29,0.11,tcgplayer
OP08-032,2025-10-06,0.10,tcgplayer
OP08-032,2025-10-13,0.10,tcgplayer
OP08-032,2025-10-20,0.11,tcgplayer
OP08-032,2025-10-27,0.11,tcgplayer
OP08-032,2025-11-03,0.11,tcgplayer
OP08-032,2025-11-10,0.10,tcgplayer
OP08-032,2025-11-17,0.10,tcgplayer
OP08-032,2025-11-24,0.11,tcgplayer
OP08-032,2025-12-01,0.12,tcgplayer
OP08-032,2025-12-08,0.15,tcgplayer
OP08-032,2025-12-15,0.16,tcgplayer
OP08-032,2025-12-22,0.12,tcgplayer
OP08-032,2025-12-29,0.11,tcgplayer
OP08-032,2026-01-05,0.10,tcgplayer
OP08-032,2026-01-12,0.12,tcgplayer
OP08-032,2026-01-19,0.12,tcgplayer
OP08-032,2026-01-26,0.13,tcgplayer
OP08-032,2026-02-02,0.13,tcgplayer
OP08-032,2026-02-09,0.16,tcgplayer
OP08-032,2026-02-16,0.13,tcgplayer
OP08-032,2026-02-23,0.14,tcgplayer
OP08-032,2026-03-02,0.17,tcgplayer
OP08-032,2026-03-09,0.14,tcgplayer
OP08-032,2026-03-16,0.14,tcgplayer
OP08-032,2026-03-23,0.15,tcgplayer
OP08-032,2026-03-30,0.14,tcgplayer
OP08-032,2026-04-06,0.17,tcgplayer
OP08-032,2026-04-13,0.17,tcgplayer
OP08-032,2026-04-20,0.17,tcgplayer
OP08-032,2026-04-27,0.15,tcgplayer
OP08-032,2026-05-04,0.13,tcgplayer
OP08-032,2026-05-11,0.14,tcgplayer
OP08-032,2026-05-18,0.15,tcgplayer
OP08-032,2026-05-25,0.14,tcgplayer
OP08-032,2026-06-01,0.13,tcgplayer
OP08-032,2026-06-08,0.13,tcgplayer
OP08-032,2026-06-15,0.12,tcgplayer
OP08-032,2026-06-22,0.13,tcgplayer
OP08-032,2026-06-29,0.14,tcgplayer
OP08-032,2026-07-06,0.14,tcgplayer
OP08-032,2026-07-13,0.13,tcgplayer
OP08-032,2026-07-20,0.14,tcgplayer
OP08-032,2026-07-27,0.16,tcgplayer
OP08-032,2026-08-03,0.16,tcgplayer
OP08-032,2026-08-10,0.14,tcgplayer
OP08-032,2026-08-17,0.14,tcgplayer
OP08-032,2026-08-24,0.16,tcgplayer
OP08-032,2026-08-31,0.16,tcgplayer
OP08-032,2026-09-05,0.16,limitless
OP08-033,2025-09-08,0.03,tcgplayer
OP08-033,2025-09-15,0.03,tcgplayer
OP08-033,2025-09-22,0.03,tcgplayer
OP08-033,2025-09-29,0.04,tcgplayer
OP08-033,2025-10-06,0.04,tcgplayer
OP08-033,2025-10-13,0.04,tcgplayer
OP08-033,2025-10-20,0.03,tcgplayer
OP08-033,2025-10-27,0.03,tcgplayer
OP08-033,2025-11-03,0.03,tcgplayer
OP08-033,2025-11-10,0.04,tcgplayer
OP08-033,2025-11-17,0.04,tcgplayer
OP08-033,2025-11-24,0.03,tcgplayer
OP08-033,2025-12-01,0.04,tcgplayer
OP08-033,2025-12-08,0.04,tcgplayer
OP08-033,2025-12-15,0.03,tcgplayer
OP08-033,2025-12-22,0.03,tcgplayer
OP08-033,2025-12-29,0.03,tcgplayer
OP08-033,2026-01-05,0.03,tcgplayer
OP08-033,2026-01-12,0.04,tcgplayer
OP08-033,2026-01-19,0.04,tcgplayer
OP08-033,2026-01-26,0.04,tcgplayer
OP08-033,2026-02-02,0.04,tcgplayer
OP08-033,2026-02-09,0.04,tcgplayer
OP08-033,2026-02-16,0.04,tcgplayer
OP08-033,2026-02-23,0.04,tcgplayer
OP08-033,2026-03-02,0.04,tcgplayer
OP08-033,2026-03-09,0.03,tcgplayer
OP08-033,2026-03-16,0.02,tcgplayer
OP08-033,2026-03-23,0.02,tcgplayer
OP08-033,2026-03-30,0.03,tcgplayer
OP08-033,2026-04-06,0.04,tcgplayer
OP08-033,2026-04-13,0.04,tcgplayer
OP08-033,2026-04-20,0.04,tcgplayer
OP08-033,2026-04-27,0.04,tcgplayer
OP08-033,2026-05-04,0.03,tcgplayer
OP08-033,2026-05-11,0.03,tcgplayer
OP08-033,2026-05-18,0.02,tcgplayer
OP08-033,2026-05-25,0.02,tcgplayer
OP08-033,2026-06-01,0.02,tcgplayer
OP08-033,2026-06-08,0.03,tcgplayer
OP08-033,2026-06-15,0.03,tcgplayer
OP08-033,2026-06-22,0.03,tcgplayer
OP08-033,2026-06-29,0.03,tcgplayer
OP08-033,2026-07-06,0.03,tcgplayer
OP08-033,2026-07-13,0.05,tcgplayer
OP08-033,2026-07-20,0.04,tcgplayer
OP08-033,2026-07-27,0.05,tcgplayer
OP08-033,2026-08-03,0.05,tcgplayer
OP08-033,2026-08-10,0.06,tcgplayer
OP08-033,2026-08-17,0.06,tcgplayer
OP08-033,2026-08-24,0.06,tcgplayer
OP08-033,2026-08-31,0.07,tcgplayer
OP08-033,2026-09-05,0.07,limitless
OP08-034,2025-09-08,0.07,tcgplayer
OP08-034,2025-09-15,0.11,tcgplayer
OP08-034,2025-09-22,0.09,tcgplayer
OP08-034,2025-09-29,0.11,tcgplayer
OP08-034,2025-10-06,0.08,tcgplayer
OP08-034,2025-10-13,0.09,tcgplayer
OP08-034,2025-10-20,0.09,tcgplayer
OP08-034,2025-10-27,0.12,tcgplayer
OP08-034,2025-11-03,0.12,tcgplayer
OP08-034,2025-11-10,0.11,tcgplayer
OP08-034,2025-11-17,0.10,tcgplayer
OP08-034,2025-11-24,0.10,tcgplayer
OP08-034,2025-12-01,0.09,tcgplayer
OP08-034,2025-12-08,0.16,tcgplayer
OP08-034,2025-12-15,0.13,tcgplayer
OP08-034,2025-12-22,0.16,tcgplayer
OP08-034,2025-12-29,0.14,tcgplayer
OP08-034,2026-01-05,0.12,tcgplayer
OP08-034,2026-01-12,0.17,tcgplayer
OP08-034,2026-01-19,0.14,tcgplayer
OP08-034,2026-01-26,0.13,tcgplayer
OP08-034,2026-02-02,0.13,tcgplayer
OP08-034,2026-02-09,0.23,tcgplayer
OP08-034,2026-02-16,0.13,tcgplayer
OP08-034,2026-02-23,0.13,tcgplayer
OP08-034,2026-03-02,0.15,tcgplayer
OP08-034,2026-03-09,0.15,tcgplayer
OP08-034,2026-03-16,0.18,tcgplayer
OP08-034,2026-03-23,0.21,tcgplayer
OP08-034,2026-03-30,0.17,tcgplayer
OP08-034,2026-04-06,0.17,tcgplayer
OP08-034,2026-04-13,0.13,tcgplayer
OP08-034,2026-04-20,0.13,tcgplayer
OP08-034,2026-04-27,0.14,tcgplayer
OP08-034,2026-05-04,0.17,tcgplayer
OP08-034,2026-05-11,0.18,tcgplayer
OP08-034,2026-05-18,0.17,tcgplayer
OP08-034,2026-05-25,0.17,tcgplayer
OP08-034,2026-06-01,0.13,tcgplayer
OP08-034,2026-06-08,0.11,tcgplayer
OP08-034,2026-06-15,0.14,tcgplayer
OP08-034,2026-06-22,0.15,tcgplayer
OP08-034,2026-06-29,0.17,tcgplayer
OP08-034,2026-07-06,0.15,tcgplayer
OP08-034,2026-07-13,0.15,tcgplayer
OP08-034,2026-07-20,0.19,tcgplayer
OP08-034,2026-07-27,0.19,tcgplayer
OP08-034,2026-08-03,0.19,tcgplayer
OP08-034,2026-08-10,0.25,tcgplayer
OP08-034,2026-08-17,0.26,tcgplayer
OP08-034,2026-08-24,0.20,tcgplayer
OP08-034,2026-08-31,0.17,tcgplayer
OP08-034,2026-09-05,0.19,limitless
OP08-035,2025-09-08,0.04,tcgplayer
OP08-035,2025-09-15,0.05,tcgplayer
OP08-035,2025-09-22,0.05,tcgplayer
OP08-035,2025-09-29,0.05,tcgplayer
OP08-035,2025-10-06,0.05,tcgplayer
OP08-035,2025-10-13,0.04,tcgplayer
OP08-035,2025-10-20,0.04,tcgplayer
OP08-035,2025-10-27,0.04,tcgplayer
OP08-035,2025-11-03,0.05,tcgplayer
OP08-035,2025-11-10,0.05,tcgplayer
OP08-035,2025-11-17,0.05,tcgplayer
OP08-035,2025-11-24,0.05,tcgplayer
OP08-035,2025-12-01,0.04,tcgplayer
OP08-035,2025-12-08,0.04,tcgplayer
OP08-035,2025-12-15,0.06,tcgplayer
OP08-035,2025-12-22,0.05,tcgplayer
OP08-035,2025-12-29,0.05,tcgplayer
OP08-035,2026-01-05,0.05,tcgplayer
OP08-035,2026-01-12,0.05,tcgplayer
OP08-035,2026-01-19,0.05,tcgplayer
OP08-035,2026-01-26,0.05,tcgplayer
OP08-035,2026-02-02,0.05,tcgplayer
OP08-035,2026-02-09,0.05,tcgplayer
OP08-035,2026-02-16,0.03,tcgplayer
OP08-035,2026-02-23,0.03,tcgplayer
OP08-035,2026-03-02,0.03,tcgplayer
OP08-035,2026-03-09,0.02,tcgplayer
OP08-035,2026-03-16,0.04,tcgplayer
OP08-035,2026-03-23,0.04,tcgplayer
OP08-035,2026-03-30,0.04,tcgplayer
OP08-035,2026-04-06,0.05,tcgplayer
OP08-035,2026-04-13,0.05,tcgplayer
OP08-035,2026-04-20,0.06,tcgplayer
OP08-035,2026-04-27,0.06,tcgplayer
OP08-035,2026-05-04,0.04,tcgplayer
OP08-035,2026-05-11,0.04,tcgplayer
OP08-035,2026-05-18,0.04,tcgplayer
OP08-035,2026-05-25,0.05,tcgplayer
OP08-035,2026-06-01,0.04,tcgplayer
OP08-035,2026-06-08,0.04,tcgplayer
OP08-035,2026-06-15,0.03,tcgplayer
OP08-035,2026-06-22,0.03,tcgplayer
OP08-035,2026-06-29,0.03,tcgplayer
OP08-035,2026-07-06,0.03,tcgplayer
OP08-035,2026-07-13,0.05,tcgplayer
OP08-035,2026-07-20,0.05,tcgplayer
OP08-035,2026-07-27,0.05,tcgplayer
OP08-035,2026-08-03,0.06,tcgplayer
OP08-035,2026-08-10,0.06,tcgplayer
OP08-035,2026-08-17,0.06,tcgplayer
OP08-035,2026-08-24,0.06,tcgplayer
OP08-035,2026-08-31,0.06,tcgplayer
OP08-035,2026-09-05,0.06,limitless
OP08-036,2025-09-08,1.08,tcgplayer
OP08-036,2025-09-15,1.13,tcgplayer
OP08-036,2025-09-22,0.97,tcgplayer
OP08-036,2025-09-29,1.17,tcgplayer
OP08-036,2025-10-06,1.44,tcgplayer
OP08-036,2025-10-13,1.47,tcgplayer
OP08-036,2025-10-20,1.25,tcgplayer
OP08-036,2025-10-27,1.08,tcgplayer
OP08-036,2025-11-03,1.14,tcgplayer
OP08-036,2025-11-10,1.10,tcgplayer
OP08-036,2025-11-17,0.82,tcgplayer
OP08-036,2025-11-24,0.72,tcgplayer
OP08-036,2025-12-01,0.81,tcgplayer
OP08-036,2025-12-08,0.69,tcgplayer
OP08-036,2025-12-15,0.76,tcgplayer
OP08-036,2025-12-22,0.77,tcgplayer
OP08-036,2025-12-29,0.68,tcgplayer
OP08-036,2026-01-05,0.59,tcgplayer
OP08-036,2026-01-12,0.55,tcgplayer
OP08-036,2026-01-19,0.50,tcgplayer
OP08-036,2026-01-26,0.56,tcgplayer
OP08-036,2026-02-02,0.62,tcgplayer
OP08-036,2026-02-09,0.53,tcgplayer
OP08-036,2026-02-16,0.50,tcgplayer
OP08-036,2026-02-23,0.48,tcgplayer
OP08-036,2026-03-02,0.49,tcgplayer
OP08-036,2026-03-09,0.64,tcgplayer
OP08-036,2026-03-16,0.87,tcgplayer
OP08-036,2026-03-23,1.50,tcgplayer
OP08-036,2026-03-30,5.74,tcgplayer
OP08-036,2026-04-06,6.10,tcgplayer
OP08-036,2026-04-13,7.13,tcgplayer
OP08-036,2026-04-20,7.27,tcgplayer
OP08-036,2026-04-27,7.51,tcgplayer
OP08-036,2026-05-04,7.90,tcgplayer
OP08-036,2026-05-11,8.32,tcgplayer
OP08-036,2026-05-18,7.36,tcgplayer
OP08-036,2026-05-25,7.12,tcgplayer
OP08-036,2026-06-01,6.52,tcgplayer
OP08-036,2026-06-08,7.44,tcgplayer
OP08-036,2026-06-15,7.86,tcgplayer
OP08-036,2026-06-22,8.39,tcgplayer
OP08-036,2026-06-29,9.03,tcgplayer
OP08-036,2026-07-06,10.34,tcgplayer
OP08-036,2026-07-13,13.85,tcgplayer
OP08-036,2026-07-20,11.70,tcgplayer
OP08-036,2026-07-27,9.40,tcgplayer
OP08-036,2026-08-03,7.54,tcgplayer
OP08-036,2026-08-10,8.64,tcgplayer
OP08-036,2026-08-17,8.50,tcgplayer
OP08-036,2026-08-24,8.77,tcgplayer
OP08-036,2026-08-31,7.57,tcgplayer
OP08-036,2026-09-05,7.68,limitless
OP08-037,2025-09-08,0.04,tcgplayer
OP08-037,2025-09-15,0.05,tcgplayer
OP08-037,2025-09-22,0.05,tcgplayer
OP08-037,2025-09-29,0.05,tcgplayer
OP08-037,2025-10-06,0.05,tcgplayer
OP08-037,2025-10-13,0.05,tcgplayer
OP08-037,2025-10-20,0.06,tcgplayer
OP08-037,2025-10-27,0.06,tcgplayer
OP08-037,2025-11-03,0.07,tcgplayer
OP08-037,2025-11-10,0.05,tcgplayer
OP08-037,2025-11-17,0.05,tcgplayer
OP08-037,2025-11-24,0.07,tcgplayer
OP08-037,2025-12-01,0.09,tcgplayer
OP08-037,2025-12-08,0.10,tcgplayer
OP08-037,2025-12-15,0.09,tcgplayer
OP08-037,2025-12-22,0.08,tcgplayer
OP08-037,2025-12-29,0.09,tcgplayer
OP08-037,2026-01-05,0.07,tcgplayer
OP08-037,2026-01-12,0.07,tcgplayer
OP08-037,2026-01-19,0.11,tcgplayer
OP08-037,2026-01-26,0.08,tcgplayer
OP08-037,2026-02-02,0.07,tcgplayer
OP08-037,2026-02-09,0.09,tcgplayer
OP08-037,2026-02-16,0.07,tcgplayer
OP08-037,2026-02-23,0.08,tcgplayer
OP08-037,2026-03-02,0.09,tcgplayer
OP08-037,2026-03-09,0.08,tcgplayer
OP08-037,2026-03-16,0.10,tcgplayer
OP08-037,2026-03-23,0.13,tcgplayer
OP08-037,2026-03-30,0.11,tcgplayer
OP08-037,2026-04-06,0.12,tcgplayer
OP08-037,2026-04-13,0.12,tcgplayer
OP08-037,2026-04-20,0.11,tcgplayer
OP08-037,2026-04-27,0.11,tcgplayer
OP08-037,2026-05-04,0.09,tcgplayer
OP08-037,2026-05-11,0.08,tcgplayer
OP08-037,2026-05-18,0.08,tcgplayer
OP08-037,2026-05-25,0.07,tcgplayer
OP08-037,2026-06-01,0.08,tcgplayer
OP08-037,2026-06-08,0.07,tcgplayer
OP08-037,2026-06-15,0.07,tcgplayer
OP08-037,2026-06-22,0.08,tcgplayer
OP08-037,2026-06-29,0.08,tcgplayer
OP08-037,2026-07-06,0.09,tcgplayer
OP08-037,2026-07-13,0.09,tcgplayer
OP08-037,2026-07-20,0.10,tcgplayer
OP08-037,2026-07-27,0.10,tcgplayer
OP08-037,2026-08-03,0.10,tcgplayer
OP08-037,2026-08-10,0.11,tcgplayer
OP08-037,2026-08-17,0.10,tcgplayer
OP08-037,2026-08-24,0.10,tcgplayer
OP08-037,2026-08-31,0.10,tcgplayer
OP08-037,2026-09-05,0.10,limitless
OP08-038,2025-09-08,0.06,tcgplayer
OP08-038,2025-09-15,0.06,tcgplayer
OP08-038,2025-09-22,0.07,tcgplayer
OP08-038,2025-09-29,0.08,tcgplayer
OP08-038,2025-10-06,0.07,tcgplayer
OP08-038,2025-10-13,0.06,tcgplayer
OP08-038,2025-10-20,0.06,tcgplayer
OP08-038,2025-10-27,0.05,tcgplayer
OP08-038,2025-11-03,0.05,tcgplayer
OP08-038,2025-11-10,0.03,tcgplayer
OP08-038,2025-11-17,0.03,tcgplayer
OP08-038,2025-11-24,0.03,tcgplayer
OP08-038,2025-12-01,0.04,tcgplayer
OP08-038,2025-12-08,0.04,tcgplayer
OP08-038,2025-12-15,0.05,tcgplayer
OP08-038,2025-12-22,0.04,tcgplayer
OP08-038,2025-12-29,0.04,tcgplayer
OP08-038,2026-01-05,0.05,tcgplayer
OP08-038,2026-01-12,0.05,tcgplayer
OP08-038,2026-01-19,0.07,tcgplayer
OP08-038,2026-01-26,0.08,tcgplayer
OP08-038,2026-02-02,0.06,tcgplayer
OP08-038,2026-02-09,0.06,tcgplayer
OP08-038,2026-02-16,0.05,tcgplayer
OP08-038,2026-02-23,0.02,tcgplayer
OP08-038,2026-03-02,0.03,tcgplayer
OP08-038,2026-03-09,0.03,tcgplayer
OP08-038,2026-03-16,0.03,tcgplayer
OP08-038,2026-03-23,0.03,tcgplayer
OP08-038,2026-03-30,0.03,tcgplayer
OP08-038,2026-04-06,0.03,tcgplayer
OP08-038,2026-04-13,0.04,tcgplayer
OP08-038,2026-04-20,0.03,tcgplayer
OP08-038,2026-04-27,0.04,tcgplayer
OP08-038,2026-05-04,0.04,tcgplayer
OP08-038,2026-05-11,0.04,tcgplayer
OP08-038,2026-05-18,0.04,tcgplayer
OP08-038,2026-05-25,0.04,tcgplayer
OP08-038,2026-06-01,0.04,tcgplayer
OP08-038,2026-06-08,0.04,tcgplayer
OP08-038,2026-06-15,0.04,tcgplayer
OP08-038,2026-06-22,0.04,tcgplayer
OP08-038,2026-06-29,0.04,tcgplayer
OP08-038,2026-07-06,0.04,tcgplayer
OP08-038,2026-07-13,0.05,tcgplayer
OP08-038,2026-07-20,0.05,tcgplayer
OP08-038,2026-07-27,0.06,tcgplayer
OP08-038,2026-08-03,0.07,tcgplayer
OP08-038,2026-08-10,0.08,tcgplayer
OP08-038,2026-08-17,0.08,tcgplayer
OP08-038,2026-08-24,0.08,tcgplayer
OP08-038,2026-08-31,0.08,tcgplayer
OP08-038,2026-09-05,0.08,limitless
OP08-039,2025-09-08,0.11,tcgplayer
OP08-039,2025-09-15,0.12,tcgplayer
OP08-039,2025-09-22,0.10,tcgplayer
OP08-039,2025-09-29,0.10,tcgplayer
OP08-039,2025-10-06,0.11,tcgplayer
OP08-039,2025-10-13,0.11,tcgplayer
OP08-039,2025-10-20,0.12,tcgplayer
OP08-039,2025-10-27,0.14,tcgplayer
OP08-039,2025-11-03,0.13,tcgplayer
OP08-039,2025-11-10,0.12,tcgplayer
OP08-039,2025-11-17,0.13,tcgplayer
OP08-039,2025-11-24,0.13,tcgplayer
OP08-039,2025-12-01,0.11,tcgplayer
OP08-039,2025-12-08,0.16,tcgplayer
OP08-039,2025-12-15,0.19,tcgplayer
OP08-039,2025-12-22,0.18,tcgplayer
OP08-039,2025-12-29,0.16,tcgplayer
OP08-039,2026-01-05,0.16,tcgplayer
OP08-039,2026-01-12,0.26,tcgplayer
OP08-039,2026-01-19,0.21,tcgplayer
OP08-039,2026-01-26,0.27,tcgplayer
OP08-039,2026-02-02,0.26,tcgplayer
OP08-039,2026-02-09,0.20,tcgplayer
OP08-039,2026-02-16,0.22,tcgplayer
OP08-039,2026-02-23,0.23,tcgplayer
OP08-039,2026-03-02,0.25,tcgplayer
OP08-039,2026-03-09,0.24,tcgplayer
OP08-039,2026-03-16,0.27,tcgplayer
OP08-039,2026-03-23,0.24,tcgplayer
OP08-039,2026-03-30,0.24,tcgplayer
OP08-039,2026-04-06,0.22,tcgplayer
OP08-039,2026-04-13,0.23,tcgplayer
OP08-039,2026-04-20,0.24,tcgplayer
OP08-039,2026-04-27,0.24,tcgplayer
OP08-039,2026-05-04,0.23,tcgplayer
OP08-039,2026-05-11,0.24,tcgplayer
OP08-039,2026-05-18,0.23,tcgplayer
OP08-039,2026-05-25,0.22,tcgplayer
OP08-039,2026-06-01,0.21,tcgplayer
OP08-039,2026-06-08,0.19,tcgplayer
OP08-039,2026-06-15,0.22,tcgplayer
OP08-039,2026-06-22,0.26,tcgplayer
OP08-039,2026-06-29,0.28,tcgplayer
OP08-039,2026-07-06,0.25,tcgplayer
OP08-039,2026-07-13,0.23,tcgplayer
OP08-039,2026-07-20,0.23,tcgplayer
OP08-039,2026-07-27,0.26,tcgplayer
OP08-039,2026-08-03,0.29,tcgplayer
OP08-039,2026-08-10,0.24,tcgplayer
OP08-039,2026-08-17,0.23,tcgplayer
OP08-039,2026-08-24,0.26,tcgplayer
OP08-039,2026-08-31,0.25,tcgplayer
OP08-039,2026-09-05,0.25,limitless
OP08-040,2025-09-08,0.11,tcgplayer
OP08-040,2025-09-15,0.15,tcgplayer
OP08-040,2025-09-22,0.17,tcgplayer
OP08-040,2025-09-29,0.14,tcgplayer
OP08-040,2025-10-06,0.14,tcgplayer
OP08-040,2025-10-13,0.14,tcgplayer
OP08-040,2025-10-20,0.20,tcgplayer
OP08-040,2025-10-27,0.30,tcgplayer
OP08-040,2025-11-03,0.50,tcgplayer
OP08-040,2025-11-10,0.46,tcgplayer
OP08-040,2025-11-17,0.49,tcgplayer
OP08-040,2025-11-24,0.58,tcgplayer
OP08-040,2025-12-01,0.62,tcgplayer
OP08-040,2025-12-08,0.55,tcgplayer
OP08-040,2025-12-15,0.65,tcgplayer
OP08-040,2025-12-22,0.42,tcgplayer
OP08-040,2025-12-29,0.48,tcgplayer
OP08-040,2026-01-05,0.45,tcgplayer
OP08-040,2026-01-12,0.34,tcgplayer
OP08-040,2026-01-19,0.44,tcgplayer
OP08-040,2026-01-26,0.46,tcgplayer
OP08-040,2026-02-02,0.47,tcgplayer
OP08-040,2026-02-09,0.47,tcgplayer
OP08-040,2026-02-16,0.49,tcgplayer
OP08-040,2026-02-23,0.47,tcgplayer
OP08-040,2026-03-02,0.30,tcgplayer
OP08-040,2026-03-09,0.32,tcgplayer
OP08-040,2026-03-16,0.28,tcgplayer
OP08-040,2026-03-23,0.36,tcgplayer
OP08-040,2026-03-30,0.38,tcgplayer
OP08-040,2026-04-06,0.45,tcgplayer
OP08-040,2026-04-13,0.43,tcgplayer
OP08-040,2026-04-20,0.47,tcgplayer
OP08-040,2026-04-27,0.51,tcgplayer
OP08-040,2026-05-04,0.55,tcgplayer
OP08-040,2026-05-11,0.49,tcgplayer
OP08-040,2026-05-18,0.59,tcgplayer
OP08-040,2026-05-25,0.39,tcgplayer
OP08-040,2026-06-01,0.44,tcgplayer
OP08-040,2026-06-08,0.36,tcgplayer
OP08-040,2026-06-15,0.34,tcgplayer
OP08-040,2026-06-22,0.33,tcgplayer
OP08-040,2026-06-29,0.35,tcgplayer
OP08-040,2026-07-06,0.33,tcgplayer
OP08-040,2026-07-13,0.32,tcgplayer
OP08-040,2026-07-20,0.28,tcgplayer
OP08-040,2026-07-27,0.27,tcgplayer
OP08-040,2026-08-03,0.23,tcgplayer
OP08-040,2026-08-10,0.23,tcgplayer
OP08-040,2026-08-17,0.22,tcgplayer
OP08-040,2026-08-24,0.21,tcgplayer
OP08-040,2026-08-31,0.20,tcgplayer
OP08-040,2026-09-05,0.21,limitless
OP08-041,2025-09-08,0.08,tcgplayer
OP08-041,2025-09-15,0.08,tcgplayer
OP08-041,2025-09-22,0.08,tcgplayer
OP08-041,2025-09-29,0.09,tcgplayer
OP08-041,2025-10-06,0.07,tcgplayer
OP08-041,2025-10-13,0.06,tcgplayer
OP08-041,2025-10-20,0.07,tcgplayer
OP08-041,2025-10-27,0.08,tcgplayer
OP08-041,2025-11-03,0.08,tcgplayer
OP08-041,2025-11-10,0.07,tcgplayer
OP08-041,2025-11-17,0.07,tcgplayer
OP08-041,2025-11-24,0.08,tcgplayer
OP08-041,2025-12-01,0.08,tcgplayer
OP08-041,2025-12-08,0.10,tcgplayer
OP08-041,2025-12-15,0.10,tcgplayer
OP08-041,2025-12-22,0.10,tcgplayer
OP08-041,2025-12-29,0.09,tcgplayer
OP08-041,2026-01-05,0.06,tcgplayer
OP08-041,2026-01-12,0.04,tcgplayer
OP08-041,2026-01-19,0.07,tcgplayer
OP08-041,2026-01-26,0.10,tcgplayer
OP08-041,2026-02-02,0.07,tcgplayer
OP08-041,2026-02-09,0.06,tcgplayer
OP08-041,2026-02-16,0.07,tcgplayer
OP08-041,2026-02-23,0.07,tcgplayer
OP08-041,2026-03-02,0.06,tcgplayer
OP08-041,2026-03-09,0.05,tcgplayer
OP08-041,2026-03-16,0.06,tcgplayer
OP08-041,2026-03-23,0.07,tcgplayer
OP08-041,2026-03-30,0.08,tcgplayer
OP08-041,2026-04-06,0.07,tcgplayer
OP08-041,2026-04-13,0.08,tcgplayer
OP08-041,2026-04-20,0.06,tcgplayer
OP08-041,2026-04-27,0.07,tcgplayer
OP08-041,2026-05-04,0.06,tcgplayer
OP08-041,2026-05-11,0.07,tcgplayer
OP08-041,2026-05-18,0.08,tcgplayer
OP08-041,2026-05-25,0.09,tcgplayer
OP08-041,2026-06-01,0.09,tcgplayer
OP08-041,2026-06-08,0.09,tcgplayer
OP08-041,2026-06-15,0.07,tcgplayer
OP08-041,2026-06-22,0.09,tcgplayer
OP08-041,2026-06-29,0.09,tcgplayer
OP08-041,2026-07-06,0.08,tcgplayer
OP08-041,2026-07-13,0.10,tcgplayer
OP08-041,2026-07-20,0.11,tcgplayer
OP08-041,2026-07-27,0.12,tcgplayer
OP08-041,2026-08-03,0.11,tcgplayer
OP08-041,2026-08-10,0.11,tcgplayer
OP08-041,2026-08-17,0.09,tcgplayer
OP08-041,2026-08-24,0.10,tcgplayer
OP08-041,2026-08-31,0.09,tcgplayer
OP08-041,2026-09-05,0.09,limitless
OP08-042,2025-09-08,0.08,tcgplayer
OP08-042,2025-09-15,0.09,tcgplayer
OP08-042,2025-09-22,0.07,tcgplayer
OP08-042,2025-09-29,0.06,tcgplayer
OP08-042,2025-10-06,0.06,tcgplayer
OP08-042,2025-10-13,0.05,tcgplayer
OP08-042,2025-10-20,0.06,tcgplayer
OP08-042,2025-10-27,0.05,tcgplayer
OP08-042,2025-11-03,0.06,tcgplayer
OP08-042,2025-11-10,0.05,tcgplayer
OP08-042,2025-11-17,0.05,tcgplayer
OP08-042,2025-11-24,0.05,tcgplayer
OP08-042,2025-12-01,0.05,tcgplayer
OP08-042,2025-12-08,0.05,tcgplayer
OP08-042,2025-12-15,0.06,tcgplayer
OP08-042,2025-12-22,0.06,tcgplayer
OP08-042,2025-12-29,0.05,tcgplayer
OP08-042,2026-01-05,0.05,tcgplayer
OP08-042,2026-01-12,0.05,tcgplayer
OP08-042,2026-01-19,0.06,tcgplayer
OP08-042,2026-01-26,0.06,tcgplayer
OP08-042,2026-02-02,0.05,tcgplayer
OP08-042,2026-02-09,0.05,tcgplayer
OP08-042,2026-02-16,0.05,tcgplayer
OP08-042,2026-02-23,0.06,tcgplayer
OP08-042,2026-03-02,0.05,tcgplayer
OP08-042,2026-03-09,0.05,tcgplayer
OP08-042,2026-03-16,0.07,tcgplayer
OP08-042,2026-03-23,0.08,tcgplayer
OP08-042,2026-03-30,0.08,tcgplayer
OP08-042,2026-04-06,0.08,tcgplayer
OP08-042,2026-04-13,0.08,tcgplayer
OP08-042,2026-04-20,0.08,tcgplayer
OP08-042,2026-04-27,0.08,tcgplayer
OP08-042,2026-05-04,0.06,tcgplayer
OP08-042,2026-05-11,0.06,tcgplayer
OP08-042,2026-05-18,0.06,tcgplayer
OP08-042,2026-05-25,0.06,tcgplayer
OP08-042,2026-06-01,0.05,tcgplayer
OP08-042,2026-06-08,0.05,tcgplayer
OP08-042,2026-06-15,0.05,tcgplayer
OP08-042,2026-06-22,0.05,tcgplayer
OP08-042,2026-06-29,0.06,tcgplayer
OP08-042,2026-07-06,0.06,tcgplayer
OP08-042,2026-07-13,0.06,tcgplayer
OP08-042,2026-07-20,0.06,tcgplayer
OP08-042,2026-07-27,0.06,tcgplayer
OP08-042,2026-08-03,0.06,tcgplayer
OP08-042,2026-08-10,0.07,tcgplayer
OP08-042,2026-08-17,0.07,tcgplayer
OP08-042,2026-08-24,0.06,tcgplayer
OP08-042,2026-08-31,0.06,tcgplayer
OP08-042,2026-09-05,0.06,limitless
OP08-043,2025-09-08,3.18,tcgplayer
OP08-043,2025-09-15,2.97,tcgplayer
OP08-043,2025-09-22,2.61,tcgplayer
OP08-043,2025-09-29,2.33,tcgplayer
OP08-043,2025-10-06,2.83,tcgplayer
OP08-043,2025-10-13,2.32,tcgplayer
OP08-043,2025-10-20,2.56,tcgplayer
OP08-043,2025-10-27,1.74,tcgplayer
OP08-043,2025-11-03,2.43,tcgplayer
OP08-043,2025-11-10,1.81,tcgplayer
OP08-043,2025-11-17,1.29,tcgplayer
OP08-043,2025-11-24,0.89,tcgplayer
OP08-043,2025-12-01,1.02,tcgplayer
OP08-043,2025-12-08,1.30,tcgplayer
OP08-043,2025-12-15,0.85,tcgplayer
OP08-043,2025-12-22,0.57,tcgplayer
OP08-043,2025-12-29,0.86,tcgplayer
OP08-043,2026-01-05,0.85,tcgplayer
OP08-043,2026-01-12,0.65,tcgplayer
OP08-043,2026-01-19,0.69,tcgplayer
OP08-043,2026-01-26,0.86,tcgplayer
OP08-043,2026-02-02,0.84,tcgplayer
OP08-043,2026-02-09,0.53,tcgplayer
OP08-043,2026-02-16,0.53,tcgplayer
OP08-043,2026-02-23,0.88,tcgplayer
OP08-043,2026-03-02,0.54,tcgplayer
OP08-043,2026-03-09,0.49,tcgplayer
OP08-043,2026-03-16,0.58,tcgplayer
OP08-043,2026-03-23,0.52,tcgplayer
OP08-043,2026-03-30,0.70,tcgplayer
OP08-043,2026-04-06,0.51,tcgplayer
OP08-043,2026-04-13,0.73,tcgplayer
OP08-043,2026-04-20,0.75,tcgplayer
OP08-043,2026-04-27,0.82,tcgplayer
OP08-043,2026-05-04,0.82,tcgplayer
OP08-043,2026-05-11,0.81,tcgplayer
OP08-043,2026-05-18,0.85,tcgplayer
OP08-043,2026-05-25,0.84,tcgplayer
OP08-043,2026-06-01,0.91,tcgplayer
OP08-043,2026-06-08,0.95,tcgplayer
OP08-043,2026-06-15,0.96,tcgplayer
OP08-043,2026-06-22,0.83,tcgplayer
OP08-043,2026-06-29,0.74,tcgplayer
OP08-043,2026-07-06,0.66,tcgplayer
OP08-043,2026-07-13,0.78,tcgplayer
OP08-043,2026-07-20,0.70,tcgplayer
OP08-043,2026-07-27,0.58,tcgplayer
OP08-043,2026-08-03,0.45,tcgplayer
OP08-043,2026-08-10,0.48,tcgplayer
OP08-043,2026-08-17,0.44,tcgplayer
OP08-043,2026-08-24,0.44,tcgplayer
OP08-043,2026-08-31,0.49,tcgplayer
OP08-043,2026-09-05,0.50,limitless
OP08-043p1,2025-09-08,24.35,tcgplayer
OP08-043p1,2025-09-15,25.62,tcgplayer
OP08-043p1,2025-09-22,26.53,tcgplayer
OP08-043p1,2025-09-29,25.08,tcgplayer
OP08-043p1,2025-10-06,24.39,tcgplayer
OP08-043p1,2025-10-13,21.60,tcgplayer
OP08-043p1,2025-10-20,18.58,tcgplayer
OP08-043p1,2025-10-27,18.11,tcgplayer
OP08-043p1,2025-11-03,18.89,tcgplayer
OP08-043p1,2025-11-10,16.67,tcgplayer
OP08-043p1,2025-11-17,11.96,tcgplayer
OP08-043p1,2025-11-24,8.37,tcgplayer
OP08-043p1,2025-12-01,8.56,tcgplayer
OP08-043p1,2025-12-08,8.88,tcgplayer
OP08-043p1,2025-12-15,7.79,tcgplayer
OP08-043p1,2025-12-22,8.44,tcgplayer
OP08-043p1,2025-12-29,8.22,tcgplayer
OP08-043p1,2026-01-05,7.59,tcgplayer
OP08-043p1,2026-01-12,8.31,tcgplayer
OP08-043p1,2026-01-19,7.86,tcgplayer
OP08-043p1,2026-01-26,8.24,tcgplayer
OP08-043p1,2026-02-02,8.08,tcgplayer
OP08-043p1,2026-02-09,7.37,tcgplayer
OP08-043p1,2026-02-16,6.93,tcgplayer
OP08-043p1,2026-02-23,6.19,tcgplayer
OP08-043p1,2026-03-02,6.09,tcgplayer
OP08-043p1,2026-03-09,6.04,tcgplayer
OP08-043p1,2026-03-16,6.08,tcgplayer
OP08-043p1,2026-03-23,6.71,tcgplayer
OP08-043p1,2026-03-30,7.65,tcgplayer
OP08-043p1,2026-04-06,8.15,tcgplayer
OP08-043p1,2026-04-13,8.23,tcgplayer
OP08-043p1,2026-04-20,8.84,tcgplayer
OP08-043p1,2026-04-27,8.98,tcgplayer
OP08-043p1,2026-05-04,9.84,tcgplayer
OP08-043p1,2026-05-11,9.77,tcgplayer
OP08-043p1,2026-05-18,9.71,tcgplayer
OP08-043p1,2026-05-25,9.23,tcgplayer
OP08-043p1,2026-06-01,9.39,tcgplayer
OP08-043p1,2026-06-08,9.96,tcgplayer
OP08-043p1,2026-06-15,10.10,tcgplayer
OP08-043p1,2026-06-22,10.70,tcgplayer
OP08-043p1,2026-06-29,11.08,tcgplayer
OP08-043p1,2026-07-06,11.09,tcgplayer
OP08-043p1,2026-07-13,10.54,tcgplayer
OP08-043p1,2026-07-20,9.70,tcgplayer
OP08-043p1,2026-07-27,9.38,tcgplayer
OP08-043p1,2026-08-03,8.55,tcgplayer
OP08-043p1,2026-08-10,8.00,tcgplayer
OP08-043p1,2026-08-17,7.82,tcgplayer
OP08-043p1,2026-08-24,7.61,tcgplayer
OP08-043p1,2026-08-31,7.26,tcgplayer
OP08-043p1,2026-09-05,7.43,limitless
OP08-044,2025-09-08,0.10,tcgplayer
OP08-044,2025-09-15,0.10,tcgplayer
OP08-044,2025-09-22,0.15,tcgplayer
OP08-044,2025-09-29,0.11,tcgplayer
OP08-044,2025-10-06,0.12,tcgplayer
OP08-044,2025-10-13,0.09,tcgplayer
OP08-044,2025-10-20,0.14,tcgplayer
OP08-044,2025-10-27,0.14,tcgplayer
OP08-044,2025-11-03,0.15,tcgplayer
OP08-044,2025-11-10,0.13,tcgplayer
OP08-044,2025-11-17,0.11,tcgplayer
OP08-044,2025-11-24,0.10,tcgplayer
OP08-044,2025-12-01,0.14,tcgplayer
OP08-044,2025-12-08,0.12,tcgplayer
OP08-044,2025-12-15,0.14,tcgplayer
OP08-044,2025-12-22,0.17,tcgplayer
OP08-044,2025-12-29,0.12,tcgplayer
OP08-044,2026-01-05,0.10,tcgplayer
OP08-044,2026-01-12,0.12,tcgplayer
OP08-044,2026-01-19,0.14,tcgplayer
OP08-044,2026-01-26,0.13,tcgplayer
OP08-044,2026-02-02,0.14,tcgplayer
OP08-044,2026-02-09,0.13,tcgplayer
OP08-044,2026-02-16,0.13,tcgplayer
OP08-044,2026-02-23,0.13,tcgplayer
OP08-044,2026-03-02,0.14,tcgplayer
OP08-044,2026-03-09,0.12,tcgplayer
OP08-044,2026-03-16,0.13,tcgplayer
OP08-044,2026-03-23,0.17,tcgplayer
OP08-044,2026-03-30,0.20,tcgplayer
OP08-044,2026-04-06,0.17,tcgplayer
OP08-044,2026-04-13,0.16,tcgplayer
OP08-044,2026-04-20,0.21,tcgplayer
OP08-044,2026-04-27,0.24,tcgplayer
OP08-044,2026-05-04,0.22,tcgplayer
OP08-044,2026-05-11,0.21,tcgplayer
OP08-044,2026-05-18,0.24,tcgplayer
OP08-044,2026-05-25,0.19,tcgplayer
OP08-044,2026-06-01,0.18,tcgplayer
OP08-044,2026-06-08,0.18,tcgplayer
OP08-044,2026-06-15,0.16,tcgplayer
OP08-044,2026-06-22,0.16,tcgplayer
OP08-044,2026-06-29,0.17,tcgplayer
OP08-044,2026-07-06,0.18,tcgplayer
OP08-044,2026-07-13,0.18,tcgplayer
OP08-044,2026-07-20,0.19,tcgplayer
OP08-044,2026-07-27,0.18,tcgplayer
OP08-044,2026-08-03,0.18,tcgplayer
OP08-044,2026-08-10,0.18,tcgplayer
OP08-044,2026-08-17,0.17,tcgplayer
OP08-044,2026-08-24,0.16,tcgplayer
OP08-044,2026-08-31,0.17,tcgplayer
OP08-044,2026-09-05,0.16,limitless
OP08-045,2025-09-08,0.05,tcgplayer
OP08-045,2025-09-15,0.09,tcgplayer
OP08-045,2025-09-22,0.10,tcgplayer
OP08-045,2025-09-29,0.08,tcgplayer
OP08-045,2025-10-06,0.07,tcgplayer
OP08-045,2025-10-13,0.06,tcgplayer
OP08-045,2025-10-20,0.06,tcgplayer
OP08-045,2025-10-27,0.06,tcgplayer
OP08-045,2025-11-03,0.07,tcgplayer
OP08-045,2025-11-10,0.06,tcgplayer
OP08-045,2025-11-17,0.06,tcgplayer
OP08-045,2025-11-24,0.07,tcgplayer
OP08-045,2025-12-01,0.07,tcgplayer
OP08-045,2025-12-08,0.07,tcgplayer
OP08-045,2025-12-15,0.07,tcgplayer
OP08-045,2025-12-22,0.07,tcgplayer
OP08-045,2025-12-29,0.06,tcgplayer
OP08-045,2026-01-05,0.07,tcgplayer
OP08-045,2026-01-12,0.07,tcgplayer
OP08-045,2026-01-19,0.07,tcgplayer
OP08-045,2026-01-26,0.07,tcgplayer
OP08-045,2026-02-02,0.07,tcgplayer
OP08-045,2026-02-09,0.06,tcgplayer
OP08-045,2026-02-16,0.06,tcgplayer
OP08-045,2026-02-23,0.06,tcgplayer
OP08-045,2026-03-02,0.06,tcgplayer
OP08-045,2026-03-09,0.04,tcgplayer
OP08-045,2026-03-16,0.04,tcgplayer
OP08-045,2026-03-23,0.04,tcgplayer
OP08-045,2026-03-30,0.04,tcgplayer
OP08-045,2026-04-06,0.04,tcgplayer
OP08-045,2026-04-13,0.04,tcgplayer
OP08-045,2026-04-20,0.04,tcgplayer
OP08-045,2026-04-27,0.05,tcgplayer
OP08-045,2026-05-04,0.05,tcgplayer
OP08-045,2026-05-11,0.05,tcgplayer
OP08-045,2026-05-18,0.04,tcgplayer
OP08-045,2026-05-25,0.05,tcgplayer
OP08-045,2026-06-01,0.05,tcgplayer
OP08-045,2026-06-08,0.06,tcgplayer
OP08-045,2026-06-15,0.05,tcgplayer
OP08-045,2026-06-22,0.05,tcgplayer
OP08-045,2026-06-29,0.05,tcgplayer
OP08-045,2026-07-06,0.05,tcgplayer
OP08-045,2026-07-13,0.06,tcgplayer
OP08-045,2026-07-20,0.05,tcgplayer
OP08-045,2026-07-27,0.06,tcgplayer
OP08-045,2026-08-03,0.05,tcgplayer
OP08-045,2026-08-10,0.05,tcgplayer
OP08-045,2026-08-17,0.05,tcgplayer
OP08-045,2026-08-24,0.05,tcgplayer
OP08-045,2026-08-31,0.07,tcgplayer
OP08-045,2026-09-05,0.07,limitless
OP08-046,2025-09-08,0.10,tcgplayer
OP08-046,2025-09-15,0.09,tcgplayer
OP08-046,2025-09-22,0.13,tcgplayer
OP08-046,2025-09-29,0.14,tcgplayer
OP08-046,2025-10-06,0.14,tcgplayer
OP08-046,2025-10-13,0.07,tcgplayer
OP08-046,2025-10-20,0.09,tcgplayer
OP08-046,2025-10-27,0.12,tcgplayer
OP08-046,2025-11-03,0.13,tcgplayer
OP08-046,2025-11-10,0.12,tcgplayer
OP08-046,2025-11-17,0.11,tcgplayer
OP08-046,2025-11-24,0.10,tcgplayer
OP08-046,2025-12-01,0.11,tcgplayer
OP08-046,2025-12-08,0.12,tcgplayer
OP08-046,2025-12-15,0.12,tcgplayer
OP08-046,2025-12-22,0.12,tcgplayer
OP08-046,2025-12-29,0.09,tcgplayer
OP08-046,2026-01-05,0.09,tcgplayer
OP08-046,2026-01-12,0.10,tcgplayer
OP08-046,2026-01-19,0.12,tcgplayer
OP08-046,2026-01-26,0.12,tcgplayer
OP08-046,2026-02-02,0.14,tcgplayer
OP08-046,2026-02-09,0.16,tcgplayer
OP08-046,2026-02-16,0.13,tcgplayer
OP08-046,2026-02-23,0.11,tcgplayer
OP08-046,2026-03-02,0.15,tcgplayer
OP08-046,2026-03-09,0.15,tcgplayer
OP08-046,2026-03-16,0.12,tcgplayer
OP08-046,2026-03-23,0.09,tcgplayer
OP08-046,2026-03-30,0.12,tcgplayer
OP08-046,2026-04-06,0.11,tcgplayer
OP08-046,2026-04-13,0.12,tcgplayer
OP08-046,2026-04-20,0.17,tcgplayer
OP08-046,2026-04-27,0.17,tcgplayer
OP08-046,2026-05-04,0.19,tcgplayer
OP08-046,2026-05-11,0.15,tcgplayer
OP08-046,2026-05-18,0.14,tcgplayer
OP08-046,2026-05-25,0.11,tcgplayer
OP08-046,2026-06-01,0.12,tcgplayer
OP08-046,2026-06-08,0.14,tcgplayer
OP08-046,2026-06-15,0.16,tcgplayer
OP08-046,2026-06-22,0.18,tcgplayer
OP08-046,2026-06-29,0.18,tcgplayer
OP08-046,2026-07-06,0.14,tcgplayer
OP08-046,2026-07-13,0.16,tcgplayer
OP08-046,2026-07-20,0.18,tcgplayer
OP08-046,2026-07-27,0.20,tcgplayer
OP08-046,2026-08-03,0.18,tcgplayer
OP08-046,2026-08-10,0.19,tcgplayer
OP08-046,2026-08-17,0.16,tcgplayer
OP08-046,2026-08-24,0.17,tcgplayer
OP08-046,2026-08-31,0.14,tcgplayer
OP08-046,2026-09-05,0.14,limitless
OP08-047,2025-09-08,3.16,tcgplayer
OP08-047,2025-09-15,3.50,tcgplayer
OP08-047,2025-09-22,3.37,tcgplayer
OP08-047,2025-09-29,3.34,tcgplayer
OP08-047,2025-10-06,3.74,tcgplayer
OP08-047,2025-10-13,3.66,tcgplayer
OP08-047,2025-10-20,3.53,tcgplayer
OP08-047,2025-10-27,3.30,tcgplayer
OP08-047,2025-11-03,3.55,tcgplayer
OP08-047,2025-11-10,3.78,tcgplayer
OP08-047,2025-11-17,3.13,tcgplayer
OP08-047,2025-11-24,3.73,tcgplayer
OP08-047,2025-12-01,3.24,tcgplayer
OP08-047,2025-12-08,2.51,tcgplayer
OP08-047,2025-12-15,2.66,tcgplayer
OP08-047,2025-12-22,2.99,tcgplayer
OP08-047,2025-12-29,3.08,tcgplayer
OP08-047,2026-01-05,2.92,tcgplayer
OP08-047,2026-01-12,3.62,tcgplayer
OP08-047,2026-01-19,3.84,tcgplayer
OP08-047,2026-01-26,1.96,tcgplayer
OP08-047,2026-02-02,2.16,tcgplayer
OP08-047,2026-02-09,2.77,tcgplayer
OP08-047,2026-02-16,2.94,tcgplayer
OP08-047,2026-02-23,2.90,tcgplayer
OP08-047,2026-03-02,2.80,tcgplayer
OP08-047,2026-03-09,2.59,tcgplayer
OP08-047,2026-03-16,2.77,tcgplayer
OP08-047,2026-03-23,3.07,tcgplayer
OP08-047,2026-03-30,2.71,tcgplayer
OP08-047,2026-04-06,2.59,tcgplayer
OP08-047,2026-04-13,2.52,tcgplayer
OP08-047,2026-04-20,2.33,tcgplayer
OP08-047,2026-04-27,2.96,tcgplayer
OP08-047,2026-05-04,2.81,tcgplayer
OP08-047,2026-05-11,2.91,tcgplayer
OP08-047,2026-05-18,2.56,tcgplayer
OP08-047,2026-05-25,2.65,tcgplayer
OP08-047,2026-06-01,2.19,tcgplayer
OP08-047,2026-06-08,2.44,tcgplayer
OP08-047,2026-06-15,2.43,tcgplayer
OP08-047,2026-06-22,2.84,tcgplayer
OP08-047,2026-06-29,2.76,tcgplayer
OP08-047,2026-07-06,2.45,tcgplayer
OP08-047,2026-07-13,2.39,tcgplayer
OP08-047,2026-07-20,2.34,tcgplayer
OP08-047,2026-07-27,1.90,tcgplayer
OP08-047,2026-08-03,1.62,tcgplayer
OP08-047,2026-08-10,1.36,tcgplayer
OP08-047,2026-08-17,1.12,tcgplayer
OP08-047,2026-08-24,0.95,tcgplayer
OP08-047,2026-08-31,1.22,tcgplayer
OP08-047,2026-09-05,1.16,limitless
OP08-048,2025-09-08,0.04,tcgplayer
OP08-048,2025-09-15,0.04,tcgplayer
OP08-048,2025-09-22,0.04,tcgplayer
OP08-048,2025-09-29,0.04,tcgplayer
OP08-048,2025-10-06,0.04,tcgplayer
OP08-048,2025-10-13,0.04,tcgplayer
OP08-048,2025-10-20,0.04,tcgplayer
OP08-048,2025-10-27,0.04,tcgplayer
OP08-048,2025-11-03,0.03,tcgplayer
OP08-048,2025-11-10,0.04,tcgplayer
OP08-048,2025-11-17,0.04,tcgplayer
OP08-048,2025-11-24,0.04,tcgplayer
OP08-048,2025-12-01,0.05,tcgplayer
OP08-048,2025-12-08,0.04,tcgplayer
OP08-048,2025-12-15,0.04,tcgplayer
OP08-048,2025-12-22,0.04,tcgplayer
OP08-048,2025-12-29,0.04,tcgplayer
OP08-048,2026-01-05,0.04,tcgplayer
OP08-048,2026-01-12,0.03,tcgplayer
OP08-048,2026-01-19,0.03,tcgplayer
OP08-048,2026-01-26,0.03,tcgplayer
OP08-048,2026-02-02,0.03,tcgplayer
OP08-048,2026-02-09,0.04,tcgplayer
OP08-048,2026-02-16,0.04,tcgplayer
OP08-048,2026-02-23,0.04,tcgplayer
OP08-048,2026-03-02,0.04,tcgplayer
OP08-048,2026-03-09,0.04,tcgplayer
OP08-048,2026-03-16,0.03,tcgplayer
OP08-048,2026-03-23,0.03,tcgplayer
OP08-048,2026-03-30,0.03,tcgplayer
OP08-048,2026-04-06,0.03,tcgplayer
OP08-048,2026-04-13,0.03,tcgplayer
OP08-048,2026-04-20,0.03,tcgplayer
OP08-048,2026-04-27,0.03,tcgplayer
OP08-048,2026-05-04,0.03,tcgplayer
OP08-048,2026-05-11,0.03,tcgplayer
OP08-048,2026-05-18,0.03,tcgplayer
OP08-048,2026-05-25,0.03,tcgplayer
OP08-048,2026-06-01,0.02,tcgplayer
OP08-048,2026-06-08,0.02,tcgplayer
OP08-048,2026-06-15,0.03,tcgplayer
OP08-048,2026-06-22,0.04,tcgplayer
OP08-048,2026-06-29,0.04,tcgplayer
OP08-048,2026-07-06,0.04,tcgplayer
OP08-048,2026-07-13,0.05,tcgplayer
OP08-048,2026-07-20,0.06,tcgplayer
OP08-048,2026-07-27,0.06,tcgplayer
OP08-048,2026-08-03,0.07,tcgplayer
OP08-048,2026-08-10,0.08,tcgplayer
OP08-048,2026-08-17,0.07,tcgplayer
OP08-048,2026-08-24,0.07,tcgplayer
OP08-048,2026-08-31,0.07,tcgplayer
OP08-048,2026-09-05,0.07,limitless
OP08-049,2025-09-08,0.05,tcgplayer
OP08-049,2025-09-15,0.07,tcgplayer
OP08-049,2025-09-22,0.10,tcgplayer
OP08-049,2025-09-29,0.06,tcgplayer
OP08-049,2025-10-06,0.06,tcgplayer
OP08-049,2025-10-13,0.06,tcgplayer
OP08-049,2025-10-20,0.05,tcgplayer
OP08-049,2025-10-27,0.07,tcgplayer
OP08-049,2025-11-03,0.08,tcgplayer
OP08-049,2025-11-10,0.08,tcgplayer
OP08-049,2025-11-17,0.08,tcgplayer
OP08-049,2025-11-24,0.08,tcgplayer
OP08-049,2025-12-01,0.06,tcgplayer
OP08-049,2025-12-08,0.06,tcgplayer
OP08-049,2025-12-15,0.06,tcgplayer
OP08-049,2025-12-22,0.08,tcgplayer
OP08-049,2025-12-29,0.07,tcgplayer
OP08-049,2026-01-05,0.07,tcgplayer
OP08-049,2026-01-12,0.06,tcgplayer
OP08-049,2026-01-19,0.06,tcgplayer
OP08-049,2026-01-26,0.05,tcgplayer
OP08-049,2026-02-02,0.06,tcgplayer
OP08-049,2026-02-09,0.07,tcgplayer
OP08-049,2026-02-16,0.07,tcgplayer
OP08-049,2026-02-23,0.06,tcgplayer
OP08-049,2026-03-02,0.07,tcgplayer
OP08-049,2026-03-09,0.06,tcgplayer
OP08-049,2026-03-16,0.05,tcgplayer
OP08-049,2026-03-23,0.05,tcgplayer
OP08-049,2026-03-30,0.05,tcgplayer
OP08-049,2026-04-06,0.06,tcgplayer
OP08-049,2026-04-13,0.05,tcgplayer
OP08-049,2026-04-20,0.06,tcgplayer
OP08-049,2026-04-27,0.06,tcgplayer
OP08-049,2026-05-04,0.05,tcgplayer
OP08-049,2026-05-11,0.06,tcgplayer
OP08-049,2026-05-18,0.06,tcgplayer
OP08-049,2026-05-25,0.07,tcgplayer
OP08-049,2026-06-01,0.07,tcgplayer
OP08-049,2026-06-08,0.07,tcgplayer
OP08-049,2026-06-15,0.07,tcgplayer
OP08-049,2026-06-22,0.07,tcgplayer
OP08-049,2026-06-29,0.08,tcgplayer
OP08-049,2026-07-06,0.08,tcgplayer
OP08-049,2026-07-13,0.08,tcgplayer
OP08-049,2026-07-20,0.08,tcgplayer
OP08-049,2026-07-27,0.08,tcgplayer
OP08-049,2026-08-03,0.08,tcgplayer
OP08-049,2026-08-10,0.08,tcgplayer
OP08-049,2026-08-17,0.08,tcgplayer
OP08-049,2026-08-24,0.08,tcgplayer
OP08-049,2026-08-31,0.07,tcgplayer
OP08-049,2026-09-05,0.07,limitless
OP08-050,2025-09-08,0.08,tcgplayer
OP08-050,2025-09-15,0.08,tcgplayer
OP08-050,2025-09-22,0.07,tcgplayer
OP08-050,2025-09-29,0.05,tcgplayer
OP08-050,2025-10-06,0.09,tcgplayer
OP08-050,2025-10-13,0.10,tcgplayer
OP08-050,2025-10-20,0.08,tcgplayer
OP08-050,2025-10-27,0.08,tcgplayer
OP08-050,2025-11-03,0.08,tcgplayer
OP08-050,2025-11-10,0.09,tcgplayer
OP08-050,2025-11-17,0.07,tcgplayer
OP08-050,2025-11-24,0.06,tcgplayer
OP08-050,2025-12-01,0.07,tcgplayer
OP08-050,2025-12-08,0.06,tcgplayer
OP08-050,2025-12-15,0.08,tcgplayer
OP08-050,2025-12-22,0.07,tcgplayer
OP08-050,2025-12-29,0.09,tcgplayer
OP08-050,2026-01-05,0.08,tcgplayer
OP08-050,2026-01-12,0.08,tcgplayer
OP08-050,2026-01-19,0.10,tcgplayer
OP08-050,2026-01-26,0.09,tcgplayer
OP08-050,2026-02-02,0.10,tcgplayer
OP08-050,2026-02-09,0.10,tcgplayer
OP08-050,2026-02-16,0.09,tcgplayer
OP08-050,2026-02-23,0.09,tcgplayer
OP08-050,2026-03-02,0.07,tcgplayer
OP08-050,2026-03-09,0.06,tcgplayer
OP08-050,2026-03-16,0.10,tcgplayer
OP08-050,2026-03-23,0.08,tcgplayer
OP08-050,2026-03-30,0.08,tcgplayer
OP08-050,2026-04-06,0.08,tcgplayer
OP08-050,2026-04-13,0.08,tcgplayer
OP08-050,2026-04-20,0.10,tcgplayer
OP08-050,2026-04-27,0.14,tcgplayer
OP08-050,2026-05-04,0.12,tcgplayer
OP08-050,2026-05-11,0.13,tcgplayer
OP08-050,2026-05-18,0.11,tcgplayer
OP08-050,2026-05-25,0.09,tcgplayer
OP08-050,2026-06-01,0.07,tcgplayer
OP08-050,2026-06-08,0.08,tcgplayer
OP08-050,2026-06-15,0.08,tcgplayer
OP08-050,2026-06-22,0.07,tcgplayer
OP08-050,2026-06-29,0.09,tcgplayer
OP08-050,2026-07-06,0.08,tcgplayer
OP08-050,2026-07-13,0.09,tcgplayer
OP08-050,2026-07-20,0.09,tcgplayer
OP08-050,2026-07-27,0.08,tcgplayer
OP08-050,2026-08-03,0.08,tcgplayer
OP08-050,2026-08-10,0.07,tcgplayer
OP08-050,2026-08-17,0.10,tcgplayer
OP08-050,2026-08-24,0.09,tcgplayer
OP08-050,2026-08-31,0.09,tcgplayer
OP08-050,2026-09-05,0.10,limitless
OP08-051,2025-09-08,0.03,tcgplayer
OP08-051,2025-09-15,0.03,tcgplayer
OP08-051,2025-09-22,0.03,tcgplayer
OP08-051,2025-09-29,0.03,tcgplayer
OP08-051,2025-10-06,0.03,tcgplayer
OP08-051,2025-10-13,0.03,tcgplayer
OP08-051,2025-10-20,0.03,tcgplayer
OP08-051,2025-10-27,0.03,tcgplayer
OP08-051,2025-11-03,0.04,tcgplayer
OP08-051,2025-11-10,0.03,tcgplayer
OP08-051,2025-11-17,0.04,tcgplayer
OP08-051,2025-11-24,0.04,tcgplayer
OP08-051,2025-12-01,0.04,tcgplayer
OP08-051,2025-12-08,0.03,tcgplayer
OP08-051,2025-12-15,0.03,tcgplayer
OP08-051,2025-12-22,0.03,tcgplayer
OP08-051,2025-12-29,0.03,tcgplayer
OP08-051,2026-01-05,0.03,tcgplayer
OP08-051,2026-01-12,0.03,tcgplayer
OP08-051,2026-01-19,0.03,tcgplayer
OP08-051,2026-01-26,0.03,tcgplayer
OP08-051,2026-02-02,0.03,tcgplayer
OP08-051,2026-02-09,0.03,tcgplayer
OP08-051,2026-02-16,0.02,tcgplayer
OP08-051,2026-02-23,0.02,tcgplayer
OP08-051,2026-03-02,0.02,tcgplayer
OP08-051,2026-03-09,0.02,tcgplayer
OP08-051,2026-03-16,0.02,tcgplayer
OP08-051,2026-03-23,0.02,tcgplayer
OP08-051,2026-03-30,0.02,tcgplayer
OP08-051,2026-04-06,0.02,tcgplayer
OP08-051,2026-04-13,0.02,tcgplayer
OP08-051,2026-04-20,0.02,tcgplayer
OP08-051,2026-04-27,0.03,tcgplayer
OP08-051,2026-05-04,0.02,tcgplayer
OP08-051,2026-05-11,0.02,tcgplayer
OP08-051,2026-05-18,0.02,tcgplayer
OP08-051,2026-05-25,0.02,tcgplayer
OP08-051,2026-06-01,0.02,tcgplayer
OP08-051,2026-06-08,0.02,tcgplayer
OP08-051,2026-06-15,0.02,tcgplayer
OP08-051,2026-06-22,0.03,tcgplayer
OP08-051,2026-06-29,0.03,tcgplayer
OP08-051,2026-07-06,0.03,tcgplayer
OP08-051,2026-07-13,0.04,tcgplayer
OP08-051,2026-07-20,0.04,tcgplayer
OP08-051,2026-07-27,0.04,tcgplayer
OP08-051,2026-08-03,0.06,tcgplayer
OP08-051,2026-08-10,0.09,tcgplayer
OP08-051,2026-08-17,0.13,tcgplayer
OP08-051,2026-08-24,0.21,tcgplayer
OP08-051,2026-08-31,0.25,tcgplayer
OP08-051,2026-09-05,0.25,limitless
OP08-052,2025-09-08,0.21,tcgplayer
OP08-052,2025-09-15,0.24,tcgplayer
OP08-052,2025-09-22,0.22,tcgplayer
OP08-052,2025-09-29,0.25,tcgplayer
OP08-052,2025-10-06,0.35,tcgplayer
OP08-052,2025-10-13,0.26,tcgplayer
OP08-052,2025-10-20,0.29,tcgplayer
OP08-052,2025-10-27,0.30,tcgplayer
OP08-052,2025-11-03,0.30,tcgplayer
OP08-052,2025-11-10,0.35,tcgplayer
OP08-052,2025-11-17,0.25,tcgplayer
OP08-052,2025-11-24,0.25,tcgplayer
OP08-052,2025-12-01,0.20,tcgplayer
OP08-052,2025-12-08,0.21,tcgplayer
OP08-052,2025-12-15,0.26,tcgplayer
OP08-052,2025-12-22,0.22,tcgplayer
OP08-052,2025-12-29,0.24,tcgplayer
OP08-052,2026-01-05,0.23,tcgplayer
OP08-052,2026-01-12,0.26,tcgplayer
OP08-052,2026-01-19,0.22,tcgplayer
OP08-052,2026-01-26,0.21,tcgplayer
OP08-052,2026-02-02,0.24,tcgplayer
OP08-052,2026-02-09,0.28,tcgplayer
OP08-052,2026-02-16,0.27,tcgplayer
OP08-052,2026-02-23,0.27,tcgplayer
OP08-052,2026-03-02,0.22,tcgplayer
OP08-052,2026-03-09,0.25,tcgplayer
OP08-052,2026-03-16,0.26,tcgplayer
OP08-052,2026-03-23,0.23,tcgplayer
OP08-052,2026-03-30,0.25,tcgplayer
OP08-052,2026-04-06,0.24,tcgplayer
OP08-052,2026-04-13,0.22,tcgplayer
OP08-052,2026-04-20,0.30,tcgplayer
OP08-052,2026-04-27,0.28,tcgplayer
OP08-052,2026-05-04,0.30,tcgplayer
OP08-052,2026-05-11,0.31,tcgplayer
OP08-052,2026-05-18,0.24,tcgplayer
OP08-052,2026-05-25,0.26,tcgplayer
OP08-052,2026-06-01,0.24,tcgplayer
OP08-052,2026-06-08,0.23,tcgplayer
OP08-052,2026-06-15,0.26,tcgplayer
OP08-052,2026-06-22,0.24,tcgplayer
OP08-052,2026-06-29,0.28,tcgplayer
OP08-052,2026-07-06,0.26,tcgplayer
OP08-052,2026-07-13,0.25,tcgplayer
OP08-052,2026-07-20,0.22,tcgplayer
OP08-052,2026-07-27,0.21,tcgplayer
OP08-052,2026-08-03,0.22,tcgplayer
OP08-052,2026-08-10,0.22,tcgplayer
OP08-052,2026-08-17,0.22,tcgplayer
OP08-052,2026-08-24,0.20,tcgplayer
OP08-052,2026-08-31,0.19,tcgplayer
OP08-052,2026-09-05,0.19,limitless
OP08-052p1,2025-09-08,8.32,tcgplayer
OP08-052p1,2025-09-15,8.35,tcgplayer
OP08-052p1,2025-09-22,8.05,tcgplayer
OP08-052p1,2025-09-29,8.18,tcgplayer
OP08-052p1,2025-10-06,8.30,tcgplayer
OP08-052p1,2025-10-13,8.00,tcgplayer
OP08-052p1,2025-10-20,7.28,tcgplayer
OP08-052p1,2025-10-27,7.52,tcgplayer
OP08-052p1,2025-11-03,7.45,tcgplayer
OP08-052p1,2025-11-10,6.82,tcgplayer
OP08-052p1,2025-11-17,6.17,tcgplayer
OP08-052p1,2025-11-24,5.41,tcgplayer
OP08-052p1,2025-12-01,6.15,tcgplayer
OP08-052p1,2025-12-08,7.14,tcgplayer
OP08-052p1,2025-12-15,7.63,tcgplayer
OP08-052p1,2025-12-22,8.55,tcgplayer
OP08-052p1,2025-12-29,10.39,tcgplayer
OP08-052p1,2026-01-05,14.03,tcgplayer
OP08-052p1,2026-01-12,13.44,tcgplayer
OP08-052p1,2026-01-19,13.48,tcgplayer
OP08-052p1,2026-01-26,13.38,tcgplayer
OP08-052p1,2026-02-02,12.46,tcgplayer
OP08-052p1,2026-02-09,12.02,tcgplayer
OP08-052p1,2026-02-16,10.19,tcgplayer
OP08-052p1,2026-02-23,7.57,tcgplayer
OP08-052p1,2026-03-02,8.18,tcgplayer
OP08-052p1,2026-03-09,8.11,tcgplayer
OP08-052p1,2026-03-16,7.87,tcgplayer
OP08-052p1,2026-03-23,7.51,tcgplayer
OP08-052p1,2026-03-30,7.08,tcgplayer
OP08-052p1,2026-04-06,6.22,tcgplayer
OP08-052p1,2026-04-13,6.20,tcgplayer
OP08-052p1,2026-04-20,5.82,tcgplayer
OP08-052p1,2026-04-27,6.59,tcgplayer
OP08-052p1,2026-05-04,7.05,tcgplayer
OP08-052p1,2026-05-11,6.60,tcgplayer
OP08-052p1,2026-05-18,6.77,tcgplayer
OP08-052p1,2026-05-25,7.64,tcgplayer
OP08-052p1,2026-06-01,7.86,tcgplayer
OP08-052p1,2026-06-08,8.08,tcgplayer
OP08-052p1,2026-06-15,8.21,tcgplayer
OP08-052p1,2026-06-22,8.17,tcgplayer
OP08-052p1,2026-06-29,8.29,tcgplayer
OP08-052p1,2026-07-06,8.56,tcgplayer
OP08-052p1,2026-07-13,8.92,tcgplayer
OP08-052p1,2026-07-20,8.61,tcgplayer
OP08-052p1,2026-07-27,8.40,tcgplayer
OP08-052p1,2026-08-03,8.33,tcgplayer
OP08-052p1,2026-08-10,8.28,tcgplayer
OP08-052p1,2026-08-17,7.67,tcgplayer
OP08-052p1,2026-08-24,7.13,tcgplayer
OP08-052p1,2026-08-31,6.83,tcgplayer
OP08-052p1,2026-09-05,6.87,limitless
OP08-053,2025-09-08,0.14,tcgplayer
OP08-053,2025-09-15,0.15,tcgplayer
OP08-053,2025-09-22,0.16,tcgplayer
OP08-053,2025-09-29,0.17,tcgplayer
OP08-053,2025-10-06,0.19,tcgplayer
OP08-053,2025-10-13,0.18,tcgplayer
OP08-053,2025-10-20,0.18,tcgplayer
OP08-053,2025-10-27,0.18,tcgplayer
OP08-053,2025-11-03,0.19,tcgplayer
OP08-053,2025-11-10,0.23,tcgplayer
OP08-053,2025-11-17,0.16,tcgplayer
OP08-053,2025-11-24,0.16,tcgplayer
OP08-053,2025-12-01,0.15,tcgplayer
OP08-053,2025-12-08,0.19,tcgplayer
OP08-053,2025-12-15,0.22,tcgplayer
OP08-053,2025-12-22,0.17,tcgplayer
OP08-053,2025-12-29,0.16,tcgplayer
OP08-053,2026-01-05,0.18,tcgplayer
OP08-053,2026-01-12,0.24,tcgplayer
OP08-053,2026-01-19,0.24,tcgplayer
OP08-053,2026-01-26,0.15,tcgplayer
OP08-053,2026-02-02,0.16,tcgplayer
OP08-053,2026-02-09,0.17,tcgplayer
OP08-053,2026-02-16,0.19,tcgplayer
OP08-053,2026-02-23,0.23,tcgplayer
OP08-053,2026-03-02,0.19,tcgplayer
OP08-053,2026-03-09,0.21,tcgplayer
OP08-053,2026-03-16,0.18,tcgplayer
OP08-053,2026-03-23,0.15,tcgplayer
OP08-053,2026-03-30,0.15,tcgplayer
OP08-053,2026-04-06,0.16,tcgplayer
OP08-053,2026-04-13,0.16,tcgplayer
OP08-053,2026-04-20,0.15,tcgplayer
OP08-053,2026-04-27,0.18,tcgplayer
OP08-053,2026-05-04,0.19,tcgplayer
OP08-053,2026-05-11,0.35,tcgplayer
OP08-053,2026-05-18,0.24,tcgplayer
OP08-053,2026-05-25,0.25,tcgplayer
OP08-053,2026-06-01,0.20,tcgplayer
OP08-053,2026-06-08,0.20,tcgplayer
OP08-053,2026-06-15,0.23,tcgplayer
OP08-053,2026-06-22,0.23,tcgplayer
OP08-053,2026-06-29,0.25,tcgplayer
OP08-053,2026-07-06,0.24,tcgplayer
OP08-053,2026-07-13,0.21,tcgplayer
OP08-053,2026-07-20,0.25,tcgplayer
OP08-053,2026-07-27,0.27,tcgplayer
OP08-053,2026-08-03,0.23,tcgplayer
OP08-053,2026-08-10,0.20,tcgplayer
OP08-053,2026-08-17,0.17,tcgplayer
OP08-053,2026-08-24,0.17,tcgplayer
OP08-053,2026-08-31,0.19,tcgplayer
OP08-053,2026-09-05,0.20,limitless
OP08-054,2025-09-08,0.06,tcgplayer
OP08-054,2025-09-15,0.06,tcgplayer
OP08-054,2025-09-22,0.06,tcgplayer
OP08-054,2025-09-29,0.06,tcgplayer
OP08-054,2025-10-06,0.07,tcgplayer
OP08-054,2025-10-13,0.07,tcgplayer
OP08-054,2025-10-20,0.06,tcgplayer
OP08-054,2025-10-27,0.06,tcgplayer
OP08-054,2025-11-03,0.07,tcgplayer
OP08-054,2025-11-10,0.06,tcgplayer
OP08-054,2025-11-17,0.06,tcgplayer
OP08-054,2025-11-24,0.06,tcgplayer
OP08-054,2025-12-01,0.07,tcgplayer
OP08-054,2025-12-08,0.07,tcgplayer
OP08-054,2025-12-15,0.07,tcgplayer
OP08-054,2025-12-22,0.07,tcgplayer
OP08-054,2025-12-29,0.07,tcgplayer
OP08-054,2026-01-05,0.06,tcgplayer
OP08-054,2026-01-12,0.06,tcgplayer
OP08-054,2026-01-19,0.06,tcgplayer
OP08-054,2026-01-26,0.05,tcgplayer
OP08-054,2026-02-02,0.05,tcgplayer
OP08-054,2026-02-09,0.06,tcgplayer
OP08-054,2026-02-16,0.05,tcgplayer
OP08-054,2026-02-23,0.05,tcgplayer
OP08-054,2026-03-02,0.05,tcgplayer
OP08-054,2026-03-09,0.05,tcgplayer
OP08-054,2026-03-16,0.05,tcgplayer
OP08-054,2026-03-23,0.05,tcgplayer
OP08-054,2026-03-30,0.08,tcgplayer
OP08-054,2026-04-06,0.07,tcgplayer
OP08-054,2026-04-13,0.08,tcgplayer
OP08-054,2026-04-20,0.08,tcgplayer
OP08-054,2026-04-27,0.08,tcgplayer
OP08-054,2026-05-04,0.06,tcgplayer
OP08-054,2026-05-11,0.06,tcgplayer
OP08-054,2026-05-18,0.05,tcgplayer
OP08-054,2026-05-25,0.05,tcgplayer
OP08-054,2026-06-01,0.06,tcgplayer
OP08-054,2026-06-08,0.06,tcgplayer
OP08-054,2026-06-15,0.07,tcgplayer
OP08-054,2026-06-22,0.07,tcgplayer
OP08-054,2026-06-29,0.06,tcgplayer
OP08-054,2026-07-06,0.06,tcgplayer
OP08-054,2026-07-13,0.07,tcgplayer
OP08-054,2026-07-20,0.06,tcgplayer
OP08-054,2026-07-27,0.05,tcgplayer
OP08-054,2026-08-03,0.06,tcgplayer
OP08-054,2026-08-10,0.06,tcgplayer
OP08-054,2026-08-17,0.05,tcgplayer
OP08-054,2026-08-24,0.05,tcgplayer
OP08-054,2026-08-31,0.05,tcgplayer
OP08-054,2026-09-05,0.05,limitless
OP08-055,2025-09-08,0.04,tcgplayer
OP08-055,2025-09-15,0.08,tcgplayer
OP08-055,2025-09-22,0.09,tcgplayer
OP08-055,2025-09-29,0.09,tcgplayer
OP08-055,2025-10-06,0.06,tcgplayer
OP08-055,2025-10-13,0.06,tcgplayer
OP08-055,2025-10-20,0.05,tcgplayer
OP08-055,2025-10-27,0.05,tcgplayer
OP08-055,2025-11-03,0.06,tcgplayer
OP08-055,2025-11-10,0.06,tcgplayer
OP08-055,2025-11-17,0.06,tcgplayer
OP08-055,2025-11-24,0.06,tcgplayer
OP08-055,2025-12-01,0.07,tcgplayer
OP08-055,2025-12-08,0.07,tcgplayer
OP08-055,2025-12-15,0.07,tcgplayer
OP08-055,2025-12-22,0.07,tcgplayer
OP08-055,2025-12-29,0.06,tcgplayer
OP08-055,2026-01-05,0.06,tcgplayer
OP08-055,2026-01-12,0.08,tcgplayer
OP08-055,2026-01-19,0.07,tcgplayer
OP08-055,2026-01-26,0.07,tcgplayer
OP08-055,2026-02-02,0.07,tcgplayer
OP08-055,2026-02-09,0.07,tcgplayer
OP08-055,2026-02-16,0.07,tcgplayer
OP08-055,2026-02-23,0.06,tcgplayer
OP08-055,2026-03-02,0.06,tcgplayer
OP08-055,2026-03-09,0.05,tcgplayer
OP08-055,2026-03-16,0.05,tcgplayer
OP08-055,2026-03-23,0.05,tcgplayer
OP08-055,2026-03-30,0.05,tcgplayer
OP08-055,2026-04-06,0.05,tcgplayer
OP08-055,2026-04-13,0.06,tcgplayer
OP08-055,2026-04-20,0.06,tcgplayer
OP08-055,2026-04-27,0.07,tcgplayer
OP08-055,2026-05-04,0.06,tcgplayer
OP08-055,2026-05-11,0.07,tcgplayer
OP08-055,2026-05-18,0.07,tcgplayer
OP08-055,2026-05-25,0.07,tcgplayer
OP08-055,2026-06-01,0.08,tcgplayer
OP08-055,2026-06-08,0.08,tcgplayer
OP08-055,2026-06-15,0.08,tcgplayer
OP08-055,2026-06-22,0.08,tcgplayer
OP08-055,2026-06-29,0.06,tcgplayer
OP08-055,2026-07-06,0.06,tcgplayer
OP08-055,2026-07-13,0.05,tcgplayer
OP08-055,2026-07-20,0.05,tcgplayer
OP08-055,2026-07-27,0.05,tcgplayer
OP08-055,2026-08-03,0.06,tcgplayer
OP08-055,2026-08-10,0.06,tcgplayer
OP08-055,2026-08-17,0.06,tcgplayer
OP08-055,2026-08-24,0.07,tcgplayer
OP08-055,2026-08-31,0.06,tcgplayer
OP08-055,2026-09-05,0.07,limitless
OP08-056,2025-09-08,0.04,tcgplayer
OP08-056,2025-09-15,0.05,tcgplayer
OP08-056,2025-09-22,0.06,tcgplayer
OP08-056,2025-09-29,0.05,tcgplayer
OP08-056,2025-10-06,0.06,tcgplayer
OP08-056,2025-10-13,0.05,tcgplayer
OP08-056,2025-10-20,0.05,tcgplayer
OP08-056,2025-10-27,0.06,tcgplayer
OP08-056,2025-11-03,0.05,tcgplayer
OP08-056,2025-11-10,0.06,tcgplayer
OP08-056,2025-11-17,0.05,tcgplayer
OP08-056,2025-11-24,0.05,tcgplayer
OP08-056,2025-12-01,0.06,tcgplayer
OP08-056,2025-12-08,0.05,tcgplayer
OP08-056,2025-12-15,0.05,tcgplayer
OP08-056,2025-12-22,0.05,tcgplayer
OP08-056,2025-12-29,0.05,tcgplayer
OP08-056,2026-01-05,0.04,tcgplayer
OP08-056,2026-01-12,0.06,tcgplayer
OP08-056,2026-01-19,0.06,tcgplayer
OP08-056,2026-01-26,0.07,tcgplayer
OP08-056,2026-02-02,0.06,tcgplayer
OP08-056,2026-02-09,0.04,tcgplayer
OP08-056,2026-02-16,0.04,tcgplayer
OP08-056,2026-02-23,0.03,tcgplayer
OP08-056,2026-03-02,0.03,tcgplayer
OP08-056,2026-03-09,0.04,tcgplayer
OP08-056,2026-03-16,0.05,tcgplayer
OP08-056,2026-03-23,0.06,tcgplayer
OP08-056,2026-03-30,0.06,tcgplayer
OP08-056,2026-04-06,0.06,tcgplayer
OP08-056,2026-04-13,0.05,tcgplayer
OP08-056,2026-04-20,0.05,tcgplayer
OP08-056,2026-04-27,0.04,tcgplayer
OP08-056,2026-05-04,0.05,tcgplayer
OP08-056,2026-05-11,0.06,tcgplayer
OP08-056,2026-05-18,0.05,tcgplayer
OP08-056,2026-05-25,0.05,tcgplayer
OP08-056,2026-06-01,0.06,tcgplayer
OP08-056,2026-06-08,0.06,tcgplayer
OP08-056,2026-06-15,0.07,tcgplayer
OP08-056,2026-06-22,0.06,tcgplayer
OP08-056,2026-06-29,0.06,tcgplayer
OP08-056,2026-07-06,0.06,tcgplayer
OP08-056,2026-07-13,0.06,tcgplayer
OP08-056,2026-07-20,0.06,tcgplayer
OP08-056,2026-07-27,0.07,tcgplayer
OP08-056,2026-08-03,0.07,tcgplayer
OP08-056,2026-08-10,0.06,tcgplayer
OP08-056,2026-08-17,0.08,tcgplayer
OP08-056,2026-08-24,0.08,tcgplayer
OP08-056,2026-08-31,0.07,tcgplayer
OP08-056,2026-09-05,0.07,limitless
OP08-057,2025-09-08,0.07,tcgplayer
OP08-057,2025-09-15,0.09,tcgplayer
OP08-057,2025-09-22,0.11,tcgplayer
OP08-057,2025-09-29,0.09,tcgplayer
OP08-057,2025-10-06,0.08,tcgplayer
OP08-057,2025-10-13,0.11,tcgplayer
OP08-057,2025-10-20,0.10,tcgplayer
OP08-057,2025-10-27,0.09,tcgplayer
OP08-057,2025-11-03,0.11,tcgplayer
OP08-057,2025-11-10,0.10,tcgplayer
OP08-057,2025-11-17,0.11,tcgplayer
OP08-057,2025-11-24,0.11,tcgplayer
OP08-057,2025-12-01,0.11,tcgplayer
OP08-057,2025-12-08,0.13,tcgplayer
OP08-057,2025-12-15,0.12,tcgplayer
OP08-057,2025-12-22,0.09,tcgplayer
OP08-057,2025-12-29,0.10,tcgplayer
OP08-057,2026-01-05,0.08,tcgplayer
OP08-057,2026-01-12,0.12,tcgplayer
OP08-057,2026-01-19,0.11,tcgplayer
OP08-057,2026-01-26,0.10,tcgplayer
OP08-057,2026-02-02,0.10,tcgplayer
OP08-057,2026-02-09,0.11,tcgplayer
OP08-057,2026-02-16,0.09,tcgplayer
OP08-057,2026-02-23,0.13,tcgplayer
OP08-057,2026-03-02,0.10,tcgplayer
OP08-057,2026-03-09,0.13,tcgplayer
OP08-057,2026-03-16,0.09,tcgplayer
OP08-057,2026-03-23,0.12,tcgplayer
OP08-057,2026-03-30,0.16,tcgplayer
OP08-057,2026-04-06,0.18,tcgplayer
OP08-057,2026-04-13,0.17,tcgplayer
OP08-057,2026-04-20,0.15,tcgplayer
OP08-057,2026-04-27,0.09,tcgplayer
OP08-057,2026-05-04,0.10,tcgplayer
OP08-057,2026-05-11,0.11,tcgplayer
OP08-057,2026-05-18,0.09,tcgplayer
OP08-057,2026-05-25,0.10,tcgplayer
OP08-057,2026-06-01,0.10,tcgplayer
OP08-057,2026-06-08,0.11,tcgplayer
OP08-057,2026-06-15,0.12,tcgplayer
OP08-057,2026-06-22,0.13,tcgplayer
OP08-057,2026-06-29,0.14,tcgplayer
OP08-057,2026-07-06,0.14,tcgplayer
OP08-057,2026-07-13,0.14,tcgplayer
OP08-057,2026-07-20,0.13,tcgplayer
OP08-057,2026-07-27,0.13,tcgplayer
OP08-057,2026-08-03,0.14,tcgplayer
OP08-057,2026-08-10,0.15,tcgplayer
OP08-057,2026-08-17,0.16,tcgplayer
OP08-057,2026-08-24,0.17,tcgplayer
OP08-057,2026-08-31,0.17,tcgplayer
OP08-057,2026-09-05,0.18,limitless
OP08-057p1,2025-09-08,9.32,tcgplayer
OP08-057p1,2025-09-15,9.59,tcgplayer
OP08-057p1,2025-09-22,9.84,tcgplayer
OP08-057p1,2025-09-29,9.91,tcgplayer
OP08-057p1,2025-10-06,9.05,tcgplayer
OP08-057p1,2025-10-13,8.28,tcgplayer
OP08-057p1,2025-10-20,8.96,tcgplayer
OP08-057p1,2025-10-27,9.00,tcgplayer
OP08-057p1,2025-11-03,8.90,tcgplayer
OP08-057p1,2025-11-10,8.12,tcgplayer
OP08-057p1,2025-11-17,7.42,tcgplayer
OP08-057p1,2025-11-24,12.09,tcgplayer
OP08-057p1,2025-12-01,15.48,tcgplayer
OP08-057p1,2025-12-08,15.31,tcgplayer
OP08-057p1,2025-12-15,16.29,tcgplayer
OP08-057p1,2025-12-22,19.88,tcgplayer
OP08-057p1,2025-12-29,21.57,tcgplayer
OP08-057p1,2026-01-05,22.61,tcgplayer
OP08-057p1,2026-01-12,24.52,tcgplayer
OP08-057p1,2026-01-19,23.10,tcgplayer
OP08-057p1,2026-01-26,21.37,tcgplayer
OP08-057p1,2026-02-02,21.12,tcgplayer
OP08-057p1,2026-02-09,19.99,tcgplayer
OP08-057p1,2026-02-16,18.35,tcgplayer
OP08-057p1,2026-02-23,15.50,tcgplayer
OP08-057p1,2026-03-02,13.82,tcgplayer
OP08-057p1,2026-03-09,12.83,tcgplayer
OP08-057p1,2026-03-16,12.67,tcgplayer
OP08-057p1,2026-03-23,12.87,tcgplayer
OP08-057p1,2026-03-30,11.77,tcgplayer
OP08-057p1,2026-04-06,11.03,tcgplayer
OP08-057p1,2026-04-13,10.90,tcgplayer
OP08-057p1,2026-04-20,11.09,tcgplayer
OP08-057p1,2026-04-27,11.13,tcgplayer
OP08-057p1,2026-05-04,10.94,tcgplayer
OP08-057p1,2026-05-11,10.74,tcgplayer
OP08-057p1,2026-05-18,10.36,tcgplayer
OP08-057p1,2026-05-25,10.71,tcgplayer
OP08-057p1,2026-06-01,10.92,tcgplayer
OP08-057p1,2026-06-08,11.34,tcgplayer
OP08-057p1,2026-06-15,10.67,tcgplayer
OP08-057p1,2026-06-22,11.23,tcgplayer
OP08-057p1,2026-06-29,11.51,tcgplayer
OP08-057p1,2026-07-06,12.60,tcgplayer
OP08-057p1,2026-07-13,14.92,tcgplayer
OP08-057p1,2026-07-20,18.19,tcgplayer
OP08-057p1,2026-07-27,18.90,tcgplayer
OP08-057p1,2026-08-03,18.77,tcgplayer
OP08-057p1,2026-08-10,15.84,tcgplayer
OP08-057p1,2026-08-17,16.68,tcgplayer
OP08-057p1,2026-08-24,17.13,tcgplayer
OP08-057p1,2026-08-31,16.94,tcgplayer
OP08-057p1,2026-09-05,16.94,limitless
OP08-058,2025-09-08,0.09,tcgplayer
OP08-058,2025-09-15,0.12,tcgplayer
OP08-058,2025-09-22,0.14,tcgplayer
OP08-058,2025-09-29,0.13,tcgplayer
OP08-058,2025-10-06,0.09,tcgplayer
OP08-058,2025-10-13,0.13,tcgplayer
OP08-058,2025-10-20,0.12,tcgplayer
OP08-058,2025-10-27,0.13,tcgplayer
OP08-058,2025-11-03,0.12,tcgplayer
OP08-058,2025-11-10,0.11,tcgplayer
OP08-058,2025-11-17,0.10,tcgplayer
OP08-058,2025-11-24,0.10,tcgplayer
OP08-058,2025-12-01,0.08,tcgplayer
OP08-058,2025-12-08,0.10,tcgplayer
OP08-058,2025-12-15,0.12,tcgplayer
OP08-058,2025-12-22,0.11,tcgplayer
OP08-058,2025-12-29,0.10,tcgplayer
OP08-058,2026-01-05,0.12,tcgplayer
OP08-058,2026-01-12,0.12,tcgplayer
OP08-058,2026-01-19,0.12,tcgplayer
OP08-058,2026-01-26,0.12,tcgplayer
OP08-058,2026-02-02,0.10,tcgplayer
OP08-058,2026-02-09,0.14,tcgplayer
OP08-058,2026-02-16,0.16,tcgplayer
OP08-058,2026-02-23,0.22,tcgplayer
OP08-058,2026-03-02,0.16,tcgplayer
OP08-058,2026-03-09,0.14,tcgplayer
OP08-058,2026-03-16,0.21,tcgplayer
OP08-058,2026-03-23,0.21,tcgplayer
OP08-058,2026-03-30,0.18,tcgplayer
OP08-058,2026-04-06,0.15,tcgplayer
OP08-058,2026-04-13,0.14,tcgplayer
OP08-058,2026-04-20,0.11,tcgplayer
OP08-058,2026-04-27,0.12,tcgplayer
OP08-058,2026-05-04,0.13,tcgplayer
OP08-058,2026-05-11,0.14,tcgplayer
OP08-058,2026-05-18,0.12,tcgplayer
OP08-058,2026-05-25,0.12,tcgplayer
OP08-058,2026-06-01,0.13,tcgplayer
OP08-058,2026-06-08,0.13,tcgplayer
OP08-058,2026-06-15,0.13,tcgplayer
OP08-058,2026-06-22,0.14,tcgplayer
OP08-058,2026-06-29,0.14,tcgplayer
OP08-058,2026-07-06,0.15,tcgplayer
OP08-058,2026-07-13,0.20,tcgplayer
OP08-058,2026-07-20,0.16,tcgplayer
OP08-058,2026-07-27,0.15,tcgplayer
OP08-058,2026-08-03,0.15,tcgplayer
OP08-058,2026-08-10,0.17,tcgplayer
OP08-058,2026-08-17,0.16,tcgplayer
OP08-058,2026-08-24,0.19,tcgplayer
OP08-058,2026-08-31,0.19,tcgplayer
OP08-058,2026-09-05,0.16,limitless
OP08-058p1,2025-09-08,24.24,tcgplayer
OP08-058p1,2025-09-15,24.54,tcgplayer
OP08-058p1,2025-09-22,24.78,tcgplayer
OP08-058p1,2025-09-29,24.57,tcgplayer
OP08-058p1,2025-10-06,24.87,tcgplayer
OP08-058p1,2025-10-13,26.11,tcgplayer
OP08-058p1,2025-10-20,26.87,tcgplayer
OP08-058p1,2025-10-27,27.43,tcgplayer
OP08-058p1,2025-11-03,27.03,tcgplayer
OP08-058p1,2025-11-10,28.12,tcgplayer
OP08-058p1,2025-11-17,28.28,tcgplayer
OP08-058p1,2025-11-24,26.57,tcgplayer
OP08-058p1,2025-12-01,29.03,tcgplayer
OP08-058p1,2025-12-08,30.23,tcgplayer
OP08-058p1,2025-12-15,30.04,tcgplayer
OP08-058p1,2025-12-22,30.18,tcgplayer
OP08-058p1,2025-12-29,31.91,tcgplayer
OP08-058p1,2026-01-05,31.73,tcgplayer
OP08-058p1,2026-01-12,31.40,tcgplayer
OP08-058p1,2026-01-19,31.23,tcgplayer
OP08-058p1,2026-01-26,32.53,tcgplayer
OP08-058p1,2026-02-02,34.00,tcgplayer
OP08-058p1,2026-02-09,33.72,tcgplayer
OP08-058p1,2026-02-16,34.40,tcgplayer
OP08-058p1,2026-02-23,35.73,tcgplayer
OP08-058p1,2026-03-02,35.07,tcgplayer
OP08-058p1,2026-03-09,33.85,tcgplayer
OP08-058p1,2026-03-16,33.07,tcgplayer
OP08-058p1,2026-03-23,32.93,tcgplayer
OP08-058p1,2026-03-30,33.31,tcgplayer
OP08-058p1,2026-04-06,33.32,tcgplayer
OP08-058p1,2026-04-13,32.33,tcgplayer
OP08-058p1,2026-04-20,31.84,tcgplayer
OP08-058p1,2026-04-27,30.87,tcgplayer
OP08-058p1,2026-05-04,30.29,tcgplayer
OP08-058p1,2026-05-11,30.06,tcgplayer
OP08-058p1,2026-05-18,30.58,tcgplayer
OP08-058p1,2026-05-25,30.58,tcgplayer
OP08-058p1,2026-06-01,30.47,tcgplayer
OP08-058p1,2026-06-08,30.02,tcgplayer
OP08-058p1,2026-06-15,30.98,tcgplayer
OP08-058p1,2026-06-22,32.78,tcgplayer
OP08-058p1,2026-06-29,33.50,tcgplayer
OP08-058p1,2026-07-06,34.81,tcgplayer
OP08-058p1,2026-07-13,36.06,tcgplayer
OP08-058p1,2026-07-20,38.03,tcgplayer
OP08-058p1,2026-07-27,40.01,tcgplayer
OP08-058p1,2026-08-03,40.56,tcgplayer
OP08-058p1,2026-08-10,43.61,tcgplayer
OP08-058p1,2026-08-17,45.89,tcgplayer
OP08-058p1,2026-08-24,67.62,tcgplayer
OP08-058p1,2026-08-31,70.83,tcgplayer
OP08-058p1,2026-09-05,70.83,limitless
OP08-059,2025-09-08,0.07,tcgplayer
OP08-059,2025-09-15,0.06,tcgplayer
OP08-059,2025-09-22,0.06,tcgplayer
OP08-059,2025-09-29,0.06,tcgplayer
OP08-059,2025-10-06,0.05,tcgplayer
OP08-059,2025-10-13,0.06,tcgplayer
OP08-059,2025-10-20,0.06,tcgplayer
OP08-059,2025-10-27,0.06,tcgplayer
OP08-059,2025-11-03,0.07,tcgplayer
OP08-059,2025-11-10,0.07,tcgplayer
OP08-059,2025-11-17,0.07,tcgplayer
OP08-059,2025-11-24,0.08,tcgplayer
OP08-059,2025-12-01,0.07,tcgplayer
OP08-059,2025-12-08,0.06,tcgplayer
OP08-059,2025-12-15,0.07,tcgplayer
OP08-059,2025-12-22,0.07,tcgplayer
OP08-059,2025-12-29,0.09,tcgplayer
OP08-059,2026-01-05,0.09,tcgplayer
OP08-059,2026-01-12,0.09,tcgplayer
OP08-059,2026-01-19,0.09,tcgplayer
OP08-059,2026-01-26,0.13,tcgplayer
OP08-059,2026-02-02,0.11,tcgplayer
OP08-059,2026-02-09,0.09,tcgplayer
OP08-059,2026-02-16,0.08,tcgplayer
OP08-059,2026-02-23,0.08,tcgplayer
OP08-059,2026-03-02,0.07,tcgplayer
OP08-059,2026-03-09,0.08,tcgplayer
OP08-059,2026-03-16,0.08,tcgplayer
OP08-059,2026-03-23,0.09,tcgplayer
OP08-059,2026-03-30,0.09,tcgplayer
OP08-059,2026-04-06,0.09,tcgplayer
OP08-059,2026-04-13,0.09,tcgplayer
OP08-059,2026-04-20,0.08,tcgplayer
OP08-059,2026-04-27,0.07,tcgplayer
OP08-059,2026-05-04,0.06,tcgplayer
OP08-059,2026-05-11,0.07,tcgplayer
OP08-059,2026-05-18,0.07,tcgplayer
OP08-059,2026-05-25,0.08,tcgplayer
OP08-059,2026-06-01,0.09,tcgplayer
OP08-059,2026-06-08,0.08,tcgplayer
OP08-059,2026-06-15,0.07,tcgplayer
OP08-059,2026-06-22,0.08,tcgplayer
OP08-059,2026-06-29,0.09,tcgplayer
OP08-059,2026-07-06,0.10,tcgplayer
OP08-059,2026-07-13,0.08,tcgplayer
OP08-059,2026-07-20,0.09,tcgplayer
OP08-059,2026-07-27,0.12,tcgplayer
OP08-059,2026-08-03,0.13,tcgplayer
OP08-059,2026-08-10,0.11,tcgplayer
OP08-059,2026-08-17,0.09,tcgplayer
OP08-059,2026-08-24,0.10,tcgplayer
OP08-059,2026-08-31,0.11,tcgplayer
OP08-059,2026-09-05,0.10,limitless
OP08-060,2025-09-08,0.13,tcgplayer
OP08-060,2025-09-15,0.14,tcgplayer
OP08-060,2025-09-22,0.11,tcgplayer
OP08-060,2025-09-29,0.13,tcgplayer
OP08-060,2025-10-06,0.11,tcgplayer
OP08-060,2025-10-13,0.08,tcgplayer
OP08-060,2025-10-20,0.07,tcgplayer
OP08-060,2025-10-27,0.10,tcgplayer
OP08-060,2025-11-03,0.07,tcgplayer
OP08-060,2025-11-10,0.08,tcgplayer
OP08-060,2025-11-17,0.09,tcgplayer
OP08-060,2025-11-24,0.09,tcgplayer
OP08-060,2025-12-01,0.11,tcgplayer
OP08-060,2025-12-08,0.09,tcgplayer
OP08-060,2025-12-15,0.08,tcgplayer
OP08-060,2025-12-22,0.08,tcgplayer
OP08-060,2025-12-29,0.10,tcgplayer
OP08-060,2026-01-05,0.08,tcgplayer
OP08-060,2026-01-12,0.12,tcgplayer
OP08-060,2026-01-19,0.11,tcgplayer
OP08-060,2026-01-26,0.10,tcgplayer
OP08-060,2026-02-02,0.08,tcgplayer
OP08-060,2026-02-09,0.08,tcgplayer
OP08-060,2026-02-16,0.08,tcgplayer
OP08-060,2026-02-23,0.10,tcgplayer
OP08-060,2026-03-02,0.10,tcgplayer
OP08-060,2026-03-09,0.11,tcgplayer
OP08-060,2026-03-16,0.12,tcgplayer
OP08-060,2026-03-23,0.13,tcgplayer
OP08-060,2026-03-30,0.14,tcgplayer
OP08-060,2026-04-06,0.12,tcgplayer
OP08-060,2026-04-13,0.13,tcgplayer
OP08-060,2026-04-20,0.11,tcgplayer
OP08-060,2026-04-27,0.12,tcgplayer
OP08-060,2026-05-04,0.09,tcgplayer
OP08-060,2026-05-11,0.10,tcgplayer
OP08-060,2026-05-18,0.09,tcgplayer
OP08-060,2026-05-25,0.11,tcgplayer
OP08-060,2026-06-01,0.12,tcgplayer
OP08-060,2026-06-08,0.12,tcgplayer
OP08-060,2026-06-15,0.09,tcgplayer
OP08-060,2026-06-22,0.10,tcgplayer
OP08-060,2026-06-29,0.13,tcgplayer
OP08-060,2026-07-06,0.10,tcgplayer
OP08-060,2026-07-13,0.13,tcgplayer
OP08-060,2026-07-20,0.16,tcgplayer
OP08-060,2026-07-27,0.20,tcgplayer
OP08-060,2026-08-03,0.16,tcgplayer
OP08-060,2026-08-10,0.20,tcgplayer
OP08-060,2026-08-17,0.19,tcgplayer
OP08-060,2026-08-24,0.20,tcgplayer
OP08-060,2026-08-31,0.15,tcgplayer
OP08-060,2026-09-05,0.14,limitless
OP08-061,2025-09-08,0.05,tcgplayer
OP08-061,2025-09-15,0.05,tcgplayer
OP08-061,2025-09-22,0.04,tcgplayer
OP08-061,2025-09-29,0.06,tcgplayer
OP08-061,2025-10-06,0.06,tcgplayer
OP08-061,2025-10-13,0.06,tcgplayer
OP08-061,2025-10-20,0.06,tcgplayer
OP08-061,2025-10-27,0.06,tcgplayer
OP08-061,2025-11-03,0.07,tcgplayer
OP08-061,2025-11-10,0.06,tcgplayer
OP08-061,2025-11-17,0.05,tcgplayer
OP08-061,2025-11-24,0.04,tcgplayer
OP08-061,2025-12-01,0.04,tcgplayer
OP08-061,2025-12-08,0.04,tcgplayer
OP08-061,2025-12-15,0.05,tcgplayer
OP08-061,2025-12-22,0.06,tcgplayer
OP08-061,2025-12-29,0.06,tcgplayer
OP08-061,2026-01-05,0.06,tcgplayer
OP08-061,2026-01-12,0.06,tcgplayer
OP08-061,2026-01-19,0.08,tcgplayer
OP08-061,2026-01-26,0.08,tcgplayer
OP08-061,2026-02-02,0.08,tcgplayer
OP08-061,2026-02-09,0.07,tcgplayer
OP08-061,2026-02-16,0.04,tcgplayer
OP08-061,2026-02-23,0.03,tcgplayer
OP08-061,2026-03-02,0.03,tcgplayer
OP08-061,2026-03-09,0.03,tcgplayer
OP08-061,2026-03-16,0.03,tcgplayer
OP08-061,2026-03-23,0.03,tcgplayer
OP08-061,2026-03-30,0.04,tcgplayer
OP08-061,2026-04-06,0.04,tcgplayer
OP08-061,2026-04-13,0.04,tcgplayer
OP08-061,2026-04-20,0.04,tcgplayer
OP08-061,2026-04-27,0.04,tcgplayer
OP08-061,2026-05-04,0.05,tcgplayer
OP08-061,2026-05-11,0.05,tcgplayer
OP08-061,2026-05-18,0.05,tcgplayer
OP08-061,2026-05-25,0.05,tcgplayer
OP08-061,2026-06-01,0.05,tcgplayer
OP08-061,2026-06-08,0.06,tcgplayer
OP08-061,2026-06-15,0.08,tcgplayer
OP08-061,2026-06-22,0.09,tcgplayer
OP08-061,2026-06-29,0.07,tcgplayer
OP08-061,2026-07-06,0.07,tcgplayer
OP08-061,2026-07-13,0.07,tcgplayer
OP08-061,2026-07-20,0.07,tcgplayer
OP08-061,2026-07-27,0.07,tcgplayer
OP08-061,2026-08-03,0.06,tcgplayer
OP08-061,2026-08-10,0.07,tcgplayer
OP08-061,2026-08-17,0.07,tcgplayer
OP08-061,2026-08-24,0.07,tcgplayer
OP08-061,2026-08-31,0.07,tcgplayer
OP08-061,2026-09-05,0.07,limitless
OP08-062,2025-09-08,0.16,tcgplayer
OP08-062,2025-09-15,0.25,tcgplayer
OP08-062,2025-09-22,0.23,tcgplayer
OP08-062,2025-09-29,0.19,tcgplayer
OP08-062,2025-10-06,0.18,tcgplayer
OP08-062,2025-10-13,0.15,tcgplayer
OP08-062,2025-10-20,0.20,tcgplayer
OP08-062,2025-10-27,0.21,tcgplayer
OP08-062,2025-11-03,0.15,tcgplayer
OP08-062,2025-11-10,0.15,tcgplayer
OP08-062,2025-11-17,0.14,tcgplayer
OP08-062,2025-11-24,0.16,tcgplayer
OP08-062,2025-12-01,0.15,tcgplayer
OP08-062,2025-12-08,0.13,tcgplayer
OP08-062,2025-12-15,0.15,tcgplayer
OP08-062,2025-12-22,0.17,tcgplayer
OP08-062,2025-12-29,0.18,tcgplayer
OP08-062,2026-01-05,0.18,tcgplayer
OP08-062,2026-01-12,0.14,tcgplayer
OP08-062,2026-01-19,0.12,tcgplayer
OP08-062,2026-01-26,0.13,tcgplayer
OP08-062,2026-02-02,0.13,tcgplayer
OP08-062,2026-02-09,0.15,tcgplayer
OP08-062,2026-02-16,0.17,tcgplayer
OP08-062,2026-02-23,0.18,tcgplayer
OP08-062,2026-03-02,0.16,tcgplayer
OP08-062,2026-03-09,0.12,tcgplayer
OP08-062,2026-03-16,0.13,tcgplayer
OP08-062,2026-03-23,0.16,tcgplayer
OP08-062,2026-03-30,0.16,tcgplayer
OP08-062,2026-04-06,0.15,tcgplayer
OP08-062,2026-04-13,0.13,tcgplayer
OP08-062,2026-04-20,0.13,tcgplayer
OP08-062,2026-04-27,0.14,tcgplayer
OP08-062,2026-05-04,0.15,tcgplayer
OP08-062,2026-05-11,0.15,tcgplayer
OP08-062,2026-05-18,0.15,tcgplayer
OP08-062,2026-05-25,0.13,tcgplayer
OP08-062,2026-06-01,0.13,tcgplayer
OP08-062,2026-06-08,0.15,tcgplayer
OP08-062,2026-06-15,0.12,tcgplayer
OP08-062,2026-06-22,0.16,tcgplayer
OP08-062,2026-06-29,0.16,tcgplayer
OP08-062,2026-07-06,0.19,tcgplayer
OP08-062,2026-07-13,0.15,tcgplayer
OP08-062,2026-07-20,0.13,tcgplayer
OP08-062,2026-07-27,0.18,tcgplayer
OP08-062,2026-08-03,0.23,tcgplayer
OP08-062,2026-08-10,0.24,tcgplayer
OP08-062,2026-08-17,0.24,tcgplayer
OP08-062,2026-08-24,0.25,tcgplayer
OP08-062,2026-08-31,0.26,tcgplayer
OP08-062,2026-09-05,0.26,limitless
OP08-063,2025-09-08,0.12,tcgplayer
OP08-063,2025-09-15,0.11,tcgplayer
OP08-063,2025-09-22,0.10,tcgplayer
OP08-063,2025-09-29,0.20,tcgplayer
OP08-063,2025-10-06,0.14,tcgplayer
OP08-063,2025-10-13,0.12,tcgplayer
OP08-063,2025-10-20,0.17,tcgplayer
OP08-063,2025-10-27,0.14,tcgplayer
OP08-063,2025-11-03,0.13,tcgplayer
OP08-063,2025-11-10,0.14,tcgplayer
OP08-063,2025-11-17,0.13,tcgplayer
OP08-063,2025-11-24,0.14,tcgplayer
OP08-063,2025-12-01,0.15,tcgplayer
OP08-063,2025-12-08,0.13,tcgplayer
OP08-063,2025-12-15,0.11,tcgplayer
OP08-063,2025-12-22,0.10,tcgplayer
OP08-063,2025-12-29,0.16,tcgplayer
OP08-063,2026-01-05,0.14,tcgplayer
OP08-063,2026-01-12,0.12,tcgplayer
OP08-063,2026-01-19,0.12,tcgplayer
OP08-063,2026-01-26,0.12,tcgplayer
OP08-063,2026-02-02,0.10,tcgplayer
OP08-063,2026-02-09,0.11,tcgplayer
OP08-063,2026-02-16,0.13,tcgplayer
OP08-063,2026-02-23,0.16,tcgplayer
OP08-063,2026-03-02,0.12,tcgplayer
OP08-063,2026-03-09,0.11,tcgplayer
OP08-063,2026-03-16,0.11,tcgplayer
OP08-063,2026-03-23,0.12,tcgplayer
OP08-063,2026-03-30,0.12,tcgplayer
OP08-063,2026-04-06,0.11,tcgplayer
OP08-063,2026-04-13,0.13,tcgplayer
OP08-063,2026-04-20,0.12,tcgplayer
OP08-063,2026-04-27,0.11,tcgplayer
OP08-063,2026-05-04,0.15,tcgplayer
OP08-063,2026-05-11,0.16,tcgplayer
OP08-063,2026-05-18,0.15,tcgplayer
OP08-063,2026-05-25,0.10,tcgplayer
OP08-063,2026-06-01,0.13,tcgplayer
OP08-063,2026-06-08,0.15,tcgplayer
OP08-063,2026-06-15,0.19,tcgplayer
OP08-063,2026-06-22,0.13,tcgplayer
OP08-063,2026-06-29,0.11,tcgplayer
OP08-063,2026-07-06,0.12,tcgplayer
OP08-063,2026-07-13,0.12,tcgplayer
OP08-063,2026-07-20,0.11,tcgplayer
OP08-063,2026-07-27,0.14,tcgplayer
OP08-063,2026-08-03,0.17,tcgplayer
OP08-063,2026-08-10,0.15,tcgplayer
OP08-063,2026-08-17,0.14,tcgplayer
OP08-063,2026-08-24,0.21,tcgplayer
OP08-063,2026-08-31,0.21,tcgplayer
OP08-063,2026-09-05,0.21,limitless
OP08-064,2025-09-08,0.06,tcgplayer
OP08-064,2025-09-15,0.05,tcgplayer
OP08-064,2025-09-22,0.05,tcgplayer
OP08-064,2025-09-29,0.05,tcgplayer
OP08-064,2025-10-06,0.05,tcgplayer
OP08-064,2025-10-13,0.05,tcgplayer
OP08-064,2025-10-20,0.05,tcgplayer
OP08-064,2025-10-27,0.05,tcgplayer
OP08-064,2025-11-03,0.03,tcgplayer
OP08-064,2025-11-10,0.03,tcgplayer
OP08-064,2025-11-17,0.03,tcgplayer
OP08-064,2025-11-24,0.04,tcgplayer
OP08-064,2025-12-01,0.04,tcgplayer
OP08-064,2025-12-08,0.04,tcgplayer
OP08-064,2025-12-15,0.05,tcgplayer
OP08-064,2025-12-22,0.06,tcgplayer
OP08-064,2025-12-29,0.07,tcgplayer
OP08-064,2026-01-05,0.07,tcgplayer
OP08-064,2026-01-12,0.08,tcgplayer
OP08-064,2026-01-19,0.07,tcgplayer
OP08-064,2026-01-26,0.06,tcgplayer
OP08-064,2026-02-02,0.06,tcgplayer
OP08-064,2026-02-09,0.05,tcgplayer
OP08-064,2026-02-16,0.04,tcgplayer
OP08-064,2026-02-23,0.04,tcgplayer
OP08-064,2026-03-02,0.03,tcgplayer
OP08-064,2026-03-09,0.03,tcgplayer
OP08-064,2026-03-16,0.03,tcgplayer
OP08-064,2026-03-23,0.04,tcgplayer
OP08-064,2026-03-30,0.05,tcgplayer
OP08-064,2026-04-06,0.06,tcgplayer
OP08-064,2026-04-13,0.07,tcgplayer
OP08-064,2026-04-20,0.07,tcgplayer
OP08-064,2026-04-27,0.06,tcgplayer
OP08-064,2026-05-04,0.08,tcgplayer
OP08-064,2026-05-11,0.09,tcgplayer
OP08-064,2026-05-18,0.08,tcgplayer
OP08-064,2026-05-25,0.08,tcgplayer
OP08-064,2026-06-01,0.06,tcgplayer
OP08-064,2026-06-08,0.06,tcgplayer
OP08-064,2026-06-15,0.05,tcgplayer
OP08-064,2026-06-22,0.06,tcgplayer
OP08-064,2026-06-29,0.06,tcgplayer
OP08-064,2026-07-06,0.06,tcgplayer
OP08-064,2026-07-13,0.06,tcgplayer
OP08-064,2026-07-20,0.07,tcgplayer
OP08-064,2026-07-27,0.06,tcgplayer
OP08-064,2026-08-03,0.06,tcgplayer
OP08-064,2026-08-10,0.06,tcgplayer
OP08-064,2026-08-17,0.08,tcgplayer
OP08-064,2026-08-24,0.07,tcgplayer
OP08-064,2026-08-31,0.07,tcgplayer
OP08-064,2026-09-05,0.07,limitless
OP08-065,2025-09-08,0.07,tcgplayer
OP08-065,2025-09-15,0.07,tcgplayer
OP08-065,2025-09-22,0.07,tcgplayer
OP08-065,2025-09-29,0.07,tcgplayer
OP08-065,2025-10-06,0.07,tcgplayer
OP08-065,2025-10-13,0.07,tcgplayer
OP08-065,2025-10-20,0.06,tcgplayer
OP08-065,2025-10-27,0.05,tcgplayer
OP08-065,2025-11-03,0.05,tcgplayer
OP08-065,2025-11-10,0.05,tcgplayer
OP08-065,2025-11-17,0.05,tcgplayer
OP08-065,2025-11-24,0.05,tcgplayer
OP08-065,2025-12-01,0.05,tcgplayer
OP08-065,2025-12-08,0.05,tcgplayer
OP08-065,2025-12-15,0.04,tcgplayer
OP08-065,2025-12-22,0.05,tcgplayer
OP08-065,2025-12-29,0.05,tcgplayer
OP08-065,2026-01-05,0.05,tcgplayer
OP08-065,2026-01-12,0.05,tcgplayer
OP08-065,2026-01-19,0.04,tcgplayer
OP08-065,2026-01-26,0.06,tcgplayer
OP08-065,2026-02-02,0.05,tcgplayer
OP08-065,2026-02-09,0.06,tcgplayer
OP08-065,2026-02-16,0.07,tcgplayer
OP08-065,2026-02-23,0.09,tcgplayer
OP08-065,2026-03-02,0.09,tcgplayer
OP08-065,2026-03-09,0.07,tcgplayer
OP08-065,2026-03-16,0.05,tcgplayer
OP08-065,2026-03-23,0.07,tcgplayer
OP08-065,2026-03-30,0.06,tcgplayer
OP08-065,2026-04-06,0.06,tcgplayer
OP08-065,2026-04-13,0.07,tcgplayer
OP08-065,2026-04-20,0.07,tcgplayer
OP08-065,2026-04-27,0.06,tcgplayer
OP08-065,2026-05-04,0.06,tcgplayer
OP08-065,2026-05-11,0.07,tcgplayer
OP08-065,2026-05-18,0.06,tcgplayer
OP08-065,2026-05-25,0.07,tcgplayer
OP08-065,2026-06-01,0.07,tcgplayer
OP08-065,2026-06-08,0.07,tcgplayer
OP08-065,2026-06-15,0.07,tcgplayer
OP08-065,2026-06-22,0.08,tcgplayer
OP08-065,2026-06-29,0.07,tcgplayer
OP08-065,2026-07-06,0.06,tcgplayer
OP08-065,2026-07-13,0.06,tcgplayer
OP08-065,2026-07-20,0.06,tcgplayer
OP08-065,2026-07-27,0.06,tcgplayer
OP08-065,2026-08-03,0.05,tcgplayer
OP08-065,2026-08-10,0.05,tcgplayer
OP08-065,2026-08-17,0.06,tcgplayer
OP08-065,2026-08-24,0.07,tcgplayer
OP08-065,2026-08-31,0.06,tcgplayer
OP08-065,2026-09-05,0.06,limitless
OP08-066,2025-09-08,0.08,tcgplayer
OP08-066,2025-09-15,0.08,tcgplayer
OP08-066,2025-09-22,0.09,tcgplayer
OP08-066,2025-09-29,0.09,tcgplayer
OP08-066,2025-10-06,0.08,tcgplayer
OP08-066,2025-10-13,0.08,tcgplayer
OP08-066,2025-10-20,0.08,tcgplayer
OP08-066,2025-10-27,0.11,tcgplayer
OP08-066,2025-11-03,0.12,tcgplayer
OP08-066,2025-11-10,0.13,tcgplayer
OP08-066,2025-11-17,0.11,tcgplayer
OP08-066,2025-11-24,0.11,tcgplayer
OP08-066,2025-12-01,0.10,tcgplayer
OP08-066,2025-12-08,0.11,tcgplayer
OP08-066,2025-12-15,0.11,tcgplayer
OP08-066,2025-12-22,0.11,tcgplayer
OP08-066,2025-12-29,0.10,tcgplayer
OP08-066,2026-01-05,0.09,tcgplayer
OP08-066,2026-01-12,0.10,tcgplayer
OP08-066,2026-01-19,0.08,tcgplayer
OP08-066,2026-01-26,0.10,tcgplayer
OP08-066,2026-02-02,0.11,tcgplayer
OP08-066,2026-02-09,0.10,tcgplayer
OP08-066,2026-02-16,0.10,tcgplayer
OP08-066,2026-02-23,0.11,tcgplayer
OP08-066,2026-03-02,0.09,tcgplayer
OP08-066,2026-03-09,0.09,tcgplayer
OP08-066,2026-03-16,0.10,tcgplayer
OP08-066,2026-03-23,0.09,tcgplayer
OP08-066,2026-03-30,0.09,tcgplayer
OP08-066,2026-04-06,0.09,tcgplayer
OP08-066,2026-04-13,0.09,tcgplayer
OP08-066,2026-04-20,0.09,tcgplayer
OP08-066,2026-04-27,0.07,tcgplayer
OP08-066,2026-05-04,0.07,tcgplayer
OP08-066,2026-05-11,0.09,tcgplayer
OP08-066,2026-05-18,0.08,tcgplayer
OP08-066,2026-05-25,0.08,tcgplayer
OP08-066,2026-06-01,0.08,tcgplayer
OP08-066,2026-06-08,0.08,tcgplayer
OP08-066,2026-06-15,0.07,tcgplayer
OP08-066,2026-06-22,0.09,tcgplayer
OP08-066,2026-06-29,0.09,tcgplayer
OP08-066,2026-07-06,0.09,tcgplayer
OP08-066,2026-07-13,0.10,tcgplayer
OP08-066,2026-07-20,0.10,tcgplayer
OP08-066,2026-07-27,0.11,tcgplayer
OP08-066,2026-08-03,0.12,tcgplayer
OP08-066,2026-08-10,0.11,tcgplayer
OP08-066,2026-08-17,0.11,tcgplayer
OP08-066,2026-08-24,0.12,tcgplayer
OP08-066,2026-08-31,0.12,tcgplayer
OP08-066,2026-09-05,0.12,limitless
OP08-067,2025-09-08,0.48,tcgplayer
OP08-067,2025-09-15,0.48,tcgplayer
OP08-067,2025-09-22,0.48,tcgplayer
OP08-067,2025-09-29,0.20,tcgplayer
OP08-067,2025-10-06,0.29,tcgplayer
OP08-067,2025-10-13,0.28,tcgplayer
OP08-067,2025-10-20,0.34,tcgplayer
OP08-067,2025-10-27,0.34,tcgplayer
OP08-067,2025-11-03,0.31,tcgplayer
OP08-067,2025-11-10,0.33,tcgplayer
OP08-067,2025-11-17,0.31,tcgplayer
OP08-067,2025-11-24,0.26,tcgplayer
OP08-067,2025-12-01,0.23,tcgplayer
OP08-067,2025-12-08,0.25,tcgplayer
OP08-067,2025-12-15,0.20,tcgplayer
OP08-067,2025-12-22,0.26,tcgplayer
OP08-067,2025-12-29,0.29,tcgplayer
OP08-067,2026-01-05,0.24,tcgplayer
OP08-067,2026-01-12,0.26,tcgplayer
OP08-067,2026-01-19,0.22,tcgplayer
OP08-067,2026-01-26,0.19,tcgplayer
OP08-067,2026-02-02,0.18,tcgplayer
OP08-067,2026-02-09,0.21,tcgplayer
OP08-067,2026-02-16,0.22,tcgplayer
OP08-067,2026-02-23,0.21,tcgplayer
OP08-067,2026-03-02,0.20,tcgplayer
OP08-067,2026-03-09,0.17,tcgplayer
OP08-067,2026-03-16,0.19,tcgplayer
OP08-067,2026-03-23,0.20,tcgplayer
OP08-067,2026-03-30,0.20,tcgplayer
OP08-067,2026-04-06,0.23,tcgplayer
OP08-067,2026-04-13,0.21,tcgplayer
OP08-067,2026-04-20,0.22,tcgplayer
OP08-067,2026-04-27,0.21,tcgplayer
OP08-067,2026-05-04,0.19,tcgplayer
OP08-067,2026-05-11,0.21,tcgplayer
OP08-067,2026-05-18,0.22,tcgplayer
OP08-067,2026-05-25,0.21,tcgplayer
OP08-067,2026-06-01,0.19,tcgplayer
OP08-067,2026-06-08,0.22,tcgplayer
OP08-067,2026-06-15,0.24,tcgplayer
OP08-067,2026-06-22,0.25,tcgplayer
OP08-067,2026-06-29,0.20,tcgplayer
OP08-067,2026-07-06,0.28,tcgplayer
OP08-067,2026-07-13,0.45,tcgplayer
OP08-067,2026-07-20,0.32,tcgplayer
OP08-067,2026-07-27,0.26,tcgplayer
OP08-067,2026-08-03,0.29,tcgplayer
OP08-067,2026-08-10,0.26,tcgplayer
OP08-067,2026-08-17,0.20,tcgplayer
OP08-067,2026-08-24,0.22,tcgplayer
OP08-067,2026-08-31,0.25,tcgplayer
OP08-067,2026-09-05,0.25,limitless
OP08-067p1,2025-09-08,11.08,tcgplayer
OP08-067p1,2025-09-15,10.40,tcgplayer
OP08-067p1,2025-09-22,9.12,tcgplayer
OP08-067p1,2025-09-29,8.38,tcgplayer
OP08-067p1,2025-10-06,9.06,tcgplayer
OP08-067p1,2025-10-13,8.96,tcgplayer
OP08-067p1,2025-10-20,8.45,tcgplayer
OP08-067p1,2025-10-27,8.29,tcgplayer
OP08-067p1,2025-11-03,8.10,tcgplayer
OP08-067p1,2025-11-10,7.44,tcgplayer
OP08-067p1,2025-11-17,7.66,tcgplayer
OP08-067p1,2025-11-24,6.98,tcgplayer
OP08-067p1,2025-12-01,7.10,tcgplayer
OP08-067p1,2025-12-08,7.60,tcgplayer
OP08-067p1,2025-12-15,8.05,tcgplayer
OP08-067p1,2025-12-22,8.85,tcgplayer
OP08-067p1,2025-12-29,8.89,tcgplayer
OP08-067p1,2026-01-05,8.61,tcgplayer
OP08-067p1,2026-01-12,9.25,tcgplayer
OP08-067p1,2026-01-19,9.65,tcgplayer
OP08-067p1,2026-01-26,9.26,tcgplayer
OP08-067p1,2026-02-02,9.56,tcgplayer
OP08-067p1,2026-02-09,9.38,tcgplayer
OP08-067p1,2026-02-16,8.41,tcgplayer
OP08-067p1,2026-02-23,8.38,tcgplayer
OP08-067p1,2026-03-02,8.48,tcgplayer
OP08-067p1,2026-03-09,8.53,tcgplayer
OP08-067p1,2026-03-16,8.75,tcgplayer
OP08-067p1,2026-03-23,9.15,tcgplayer
OP08-067p1,2026-03-30,9.94,tcgplayer
OP08-067p1,2026-04-06,10.09,tcgplayer
OP08-067p1,2026-04-13,9.45,tcgplayer
OP08-067p1,2026-04-20,9.23,tcgplayer
OP08-067p1,2026-04-27,9.46,tcgplayer
OP08-067p1,2026-05-04,9.82,tcgplayer
OP08-067p1,2026-05-11,10.39,tcgplayer
OP08-067p1,2026-05-18,10.12,tcgplayer
OP08-067p1,2026-05-25,9.91,tcgplayer
OP08-067p1,2026-06-01,10.89,tcgplayer
OP08-067p1,2026-06-08,12.10,tcgplayer
OP08-067p1,2026-06-15,18.18,tcgplayer
OP08-067p1,2026-06-22,19.06,tcgplayer
OP08-067p1,2026-06-29,19.56,tcgplayer
OP08-067p1,2026-07-06,19.53,tcgplayer
OP08-067p1,2026-07-13,19.81,tcgplayer
OP08-067p1,2026-07-20,18.95,tcgplayer
OP08-067p1,2026-07-27,17.92,tcgplayer
OP08-067p1,2026-08-03,16.99,tcgplayer
OP08-067p1,2026-08-10,16.33,tcgplayer
OP08-067p1,2026-08-17,15.91,tcgplayer
OP08-067p1,2026-08-24,14.26,tcgplayer
OP08-067p1,2026-08-31,13.95,tcgplayer
OP08-067p1,2026-09-05,14.17,limitless
OP08-068,2025-09-08,0.04,tcgplayer
OP08-068,2025-09-15,0.05,tcgplayer
OP08-068,2025-09-22,0.05,tcgplayer
OP08-068,2025-09-29,0.05,tcgplayer
OP08-068,2025-10-06,0.05,tcgplayer
OP08-068,2025-10-13,0.04,tcgplayer
OP08-068,2025-10-20,0.04,tcgplayer
OP08-068,2025-10-27,0.04,tcgplayer
OP08-068,2025-11-03,0.04,tcgplayer
OP08-068,2025-11-10,0.04,tcgplayer
OP08-068,2025-11-17,0.04,tcgplayer
OP08-068,2025-11-24,0.04,tcgplayer
OP08-068,2025-12-01,0.05,tcgplayer
OP08-068,2025-12-08,0.04,tcgplayer
OP08-068,2025-12-15,0.04,tcgplayer
OP08-068,2025-12-22,0.04,tcgplayer
OP08-068,2025-12-29,0.04,tcgplayer
OP08-068,2026-01-05,0.06,tcgplayer
OP08-068,2026-01-12,0.06,tcgplayer
OP08-068,2026-01-19,0.05,tcgplayer
OP08-068,2026-01-26,0.05,tcgplayer
OP08-068,2026-02-02,0.05,tcgplayer
OP08-068,2026-02-09,0.05,tcgplayer
OP08-068,2026-02-16,0.05,tcgplayer
OP08-068,2026-02-23,0.06,tcgplayer
OP08-068,2026-03-02,0.04,tcgplayer
OP08-068,2026-03-09,0.04,tcgplayer
OP08-068,2026-03-16,0.04,tcgplayer
OP08-068,2026-03-23,0.05,tcgplayer
OP08-068,2026-03-30,0.07,tcgplayer
OP08-068,2026-04-06,0.07,tcgplayer
OP08-068,2026-04-13,0.07,tcgplayer
OP08-068,2026-04-20,0.07,tcgplayer
OP08-068,2026-04-27,0.05,tcgplayer
OP08-068,2026-05-04,0.04,tcgplayer
OP08-068,2026-05-11,0.05,tcgplayer
OP08-068,2026-05-18,0.05,tcgplayer
OP08-068,2026-05-25,0.05,tcgplayer
OP08-068,2026-06-01,0.05,tcgplayer
OP08-068,2026-06-08,0.05,tcgplayer
OP08-068,2026-06-15,0.05,tcgplayer
OP08-068,2026-06-22,0.05,tcgplayer
OP08-068,2026-06-29,0.05,tcgplayer
OP08-068,2026-07-06,0.05,tcgplayer
OP08-068,2026-07-13,0.05,tcgplayer
OP08-068,2026-07-20,0.04,tcgplayer
OP08-068,2026-07-27,0.04,tcgplayer
OP08-068,2026-08-03,0.04,tcgplayer
OP08-068,2026-08-10,0.04,tcgplayer
OP08-068,2026-08-17,0.04,tcgplayer
OP08-068,2026-08-24,0.04,tcgplayer
OP08-068,2026-08-31,0.05,tcgplayer
OP08-068,2026-09-05,0.05,limitless
OP08-069,2025-09-08,1.32,tcgplayer
OP08-069,2025-09-15,1.12,tcgplayer
OP08-069,2025-09-22,1.26,tcgplayer
OP08-069,2025-09-29,1.02,tcgplayer
OP08-069,2025-10-06,1.11,tcgplayer
OP08-069,2025-10-13,1.42,tcgplayer
OP08-069,2025-10-20,1.22,tcgplayer
OP08-069,2025-10-27,1.35,tcgplayer
OP08-069,2025-11-03,1.04,tcgplayer
OP08-069,2025-11-10,1.01,tcgplayer
OP08-069,2025-11-17,0.93,tcgplayer
OP08-069,2025-11-24,0.97,tcgplayer
OP08-069,2025-12-01,0.84,tcgplayer
OP08-069,2025-12-08,0.86,tcgplayer
OP08-069,2025-12-15,0.81,tcgplayer
OP08-069,2025-12-22,0.81,tcgplayer
OP08-069,2025-12-29,0.91,tcgplayer
OP08-069,2026-01-05,0.82,tcgplayer
OP08-069,2026-01-12,0.75,tcgplayer
OP08-069,2026-01-19,0.73,tcgplayer
OP08-069,2026-01-26,0.86,tcgplayer
OP08-069,2026-02-02,0.84,tcgplayer
OP08-069,2026-02-09,0.73,tcgplayer
OP08-069,2026-02-16,0.76,tcgplayer
OP08-069,2026-02-23,0.75,tcgplayer
OP08-069,2026-03-02,0.69,tcgplayer
OP08-069,2026-03-09,0.69,tcgplayer
OP08-069,2026-03-16,0.69,tcgplayer
OP08-069,2026-03-23,0.60,tcgplayer
OP08-069,2026-03-30,0.95,tcgplayer
OP08-069,2026-04-06,0.78,tcgplayer
OP08-069,2026-04-13,0.69,tcgplayer
OP08-069,2026-04-20,0.68,tcgplayer
OP08-069,2026-04-27,0.67,tcgplayer
OP08-069,2026-05-04,0.59,tcgplayer
OP08-069,2026-05-11,0.65,tcgplayer
OP08-069,2026-05-18,0.62,tcgplayer
OP08-069,2026-05-25,0.75,tcgplayer
OP08-069,2026-06-01,0.74,tcgplayer
OP08-069,2026-06-08,0.68,tcgplayer
OP08-069,2026-06-15,0.89,tcgplayer
OP08-069,2026-06-22,0.93,tcgplayer
OP08-069,2026-06-29,0.80,tcgplayer
OP08-069,2026-07-06,0.84,tcgplayer
OP08-069,2026-07-13,0.75,tcgplayer
OP08-069,2026-07-20,0.81,tcgplayer
OP08-069,2026-07-27,1.09,tcgplayer
OP08-069,2026-08-03,1.00,tcgplayer
OP08-069,2026-08-10,1.04,tcgplayer
OP08-069,2026-08-17,2.02,tcgplayer
OP08-069,2026-08-24,3.66,tcgplayer
OP08-069,2026-08-31,3.42,tcgplayer
OP08-069,2026-09-05,3.34,limitless
OP08-069p1,2025-09-08,7.95,tcgplayer
OP08-069p1,2025-09-15,8.57,tcgplayer
OP08-069p1,2025-09-22,8.74,tcgplayer
OP08-069p1,2025-09-29,8.67,tcgplayer
OP08-069p1,2025-10-06,8.04,tcgplayer
OP08-069p1,2025-10-13,8.44,tcgplayer
OP08-069p1,2025-10-20,8.61,tcgplayer
OP08-069p1,2025-10-27,8.22,tcgplayer
OP08-069p1,2025-11-03,7.85,tcgplayer
OP08-069p1,2025-11-10,7.78,tcgplayer
OP08-069p1,2025-11-17,7.06,tcgplayer
OP08-069p1,2025-11-24,6.77,tcgplayer
OP08-069p1,2025-12-01,5.80,tcgplayer
OP08-069p1,2025-12-08,6.19,tcgplayer
OP08-069p1,2025-12-15,6.36,tcgplayer
OP08-069p1,2025-12-22,7.15,tcgplayer
OP08-069p1,2025-12-29,8.15,tcgplayer
OP08-069p1,2026-01-05,8.54,tcgplayer
OP08-069p1,2026-01-12,12.84,tcgplayer
OP08-069p1,2026-01-19,15.21,tcgplayer
OP08-069p1,2026-01-26,13.60,tcgplayer
OP08-069p1,2026-02-02,12.99,tcgplayer
OP08-069p1,2026-02-09,11.11,tcgplayer
OP08-069p1,2026-02-16,8.56,tcgplayer
OP08-069p1,2026-02-23,8.58,tcgplayer
OP08-069p1,2026-03-02,8.47,tcgplayer
OP08-069p1,2026-03-09,8.09,tcgplayer
OP08-069p1,2026-03-16,7.85,tcgplayer
OP08-069p1,2026-03-23,7.99,tcgplayer
OP08-069p1,2026-03-30,7.82,tcgplayer
OP08-069p1,2026-04-06,7.38,tcgplayer
OP08-069p1,2026-04-13,7.09,tcgplayer
OP08-069p1,2026-04-20,7.08,tcgplayer
OP08-069p1,2026-04-27,7.14,tcgplayer
OP08-069p1,2026-05-04,7.69,tcgplayer
OP08-069p1,2026-05-11,8.18,tcgplayer
OP08-069p1,2026-05-18,8.50,tcgplayer
OP08-069p1,2026-05-25,10.79,tcgplayer
OP08-069p1,2026-06-01,12.87,tcgplayer
OP08-069p1,2026-06-08,12.99,tcgplayer
OP08-069p1,2026-06-15,14.33,tcgplayer
OP08-069p1,2026-06-22,13.82,tcgplayer
OP08-069p1,2026-06-29,13.45,tcgplayer
OP08-069p1,2026-07-06,11.03,tcgplayer
OP08-069p1,2026-07-13,11.12,tcgplayer
OP08-069p1,2026-07-20,11.47,tcgplayer
OP08-069p1,2026-07-27,11.79,tcgplayer
OP08-069p1,2026-08-03,11.58,tcgplayer
OP08-069p1,2026-08-10,11.53,tcgplayer
OP08-069p1,2026-08-17,12.26,tcgplayer
OP08-069p1,2026-08-24,12.94,tcgplayer
OP08-069p1,2026-08-31,13.42,tcgplayer
OP08-069p1,2026-09-05,13.38,limitless
OP08-070,2025-09-08,0.03,tcgplayer
OP08-070,2025-09-15,0.04,tcgplayer
OP08-070,2025-09-22,0.04,tcgplayer
OP08-070,2025-09-29,0.04,tcgplayer
OP08-070,2025-10-06,0.04,tcgplayer
OP08-070,2025-10-13,0.04,tcgplayer
OP08-070,2025-10-20,0.04,tcgplayer
OP08-070,2025-10-27,0.04,tcgplayer
OP08-070,2025-11-03,0.05,tcgplayer
OP08-070,2025-11-10,0.05,tcgplayer
OP08-070,2025-11-17,0.04,tcgplayer
OP08-070,2025-11-24,0.04,tcgplayer
OP08-070,2025-12-01,0.04,tcgplayer
OP08-070,2025-12-08,0.04,tcgplayer
OP08-070,2025-12-15,0.04,tcgplayer
OP08-070,2025-12-22,0.04,tcgplayer
OP08-070,2025-12-29,0.04,tcgplayer
OP08-070,2026-01-05,0.03,tcgplayer
OP08-070,2026-01-12,0.04,tcgplayer
OP08-070,2026-01-19,0.03,tcgplayer
OP08-070,2026-01-26,0.03,tcgplayer
OP08-070,2026-02-02,0.03,tcgplayer
OP08-070,2026-02-09,0.03,tcgplayer
OP08-070,2026-02-16,0.03,tcgplayer
OP08-070,2026-02-23,0.03,tcgplayer
OP08-070,2026-03-02,0.02,tcgplayer
OP08-070,2026-03-09,0.02,tcgplayer
OP08-070,2026-03-16,0.02,tcgplayer
OP08-070,2026-03-23,0.03,tcgplayer
OP08-070,2026-03-30,0.02,tcgplayer
OP08-070,2026-04-06,0.03,tcgplayer
OP08-070,2026-04-13,0.06,tcgplayer
OP08-070,2026-04-20,0.05,tcgplayer
OP08-070,2026-04-27,0.07,tcgplayer
OP08-070,2026-05-04,0.05,tcgplayer
OP08-070,2026-05-11,0.07,tcgplayer
OP08-070,2026-05-18,0.06,tcgplayer
OP08-070,2026-05-25,0.05,tcgplayer
OP08-070,2026-06-01,0.05,tcgplayer
OP08-070,2026-06-08,0.05,tcgplayer
OP08-070,2026-06-15,0.04,tcgplayer
OP08-070,2026-06-22,0.04,tcgplayer
OP08-070,2026-06-29,0.04,tcgplayer
OP08-070,2026-07-06,0.04,tcgplayer
OP08-070,2026-07-13,0.05,tcgplayer
OP08-070,2026-07-20,0.04,tcgplayer
OP08-070,2026-07-27,0.05,tcgplayer
OP08-070,2026-08-03,0.05,tcgplayer
OP08-070,2026-08-10,0.06,tcgplayer
OP08-070,2026-08-17,0.05,tcgplayer
OP08-070,2026-08-24,0.05,tcgplayer
OP08-070,2026-08-31,0.05,tcgplayer
OP08-070,2026-09-05,0.05,limitless
OP08-071,2025-09-08,0.03,tcgplayer
OP08-071,2025-09-15,0.04,tcgplayer
OP08-071,2025-09-22,0.04,tcgplayer
OP08-071,2025-09-29,0.04,tcgplayer
OP08-071,2025-10-06,0.04,tcgplayer
OP08-071,2025-10-13,0.03,tcgplayer
OP08-071,2025-10-20,0.03,tcgplayer
OP08-071,2025-10-27,0.03,tcgplayer
OP08-071,2025-11-03,0.04,tcgplayer
OP08-071,2025-11-10,0.04,tcgplayer
OP08-071,2025-11-17,0.04,tcgplayer
OP08-071,2025-11-24,0.04,tcgplayer
OP08-071,2025-12-01,0.04,tcgplayer
OP08-071,2025-12-08,0.04,tcgplayer
OP08-071,2025-12-15,0.04,tcgplayer
OP08-071,2025-12-22,0.04,tcgplayer
OP08-071,2025-12-29,0.04,tcgplayer
OP08-071,2026-01-05,0.03,tcgplayer
OP08-071,2026-01-12,0.03,tcgplayer
OP08-071,2026-01-19,0.03,tcgplayer
OP08-071,2026-01-26,0.03,tcgplayer
OP08-071,2026-02-02,0.03,tcgplayer
OP08-071,2026-02-09,0.03,tcgplayer
OP08-071,2026-02-16,0.02,tcgplayer
OP08-071,2026-02-23,0.02,tcgplayer
OP08-071,2026-03-02,0.02,tcgplayer
OP08-071,2026-03-09,0.02,tcgplayer
OP08-071,2026-03-16,0.02,tcgplayer
OP08-071,2026-03-23,0.02,tcgplayer
OP08-071,2026-03-30,0.02,tcgplayer
OP08-071,2026-04-06,0.03,tcgplayer
OP08-071,2026-04-13,0.03,tcgplayer
OP08-071,2026-04-20,0.03,tcgplayer
OP08-071,2026-04-27,0.04,tcgplayer
OP08-071,2026-05-04,0.05,tcgplayer
OP08-071,2026-05-11,0.07,tcgplayer
OP08-071,2026-05-18,0.07,tcgplayer
OP08-071,2026-05-25,0.06,tcgplayer
OP08-071,2026-06-01,0.05,tcgplayer
OP08-071,2026-06-08,0.06,tcgplayer
OP08-071,2026-06-15,0.05,tcgplayer
OP08-071,2026-06-22,0.05,tcgplayer
OP08-071,2026-06-29,0.05,tcgplayer
OP08-071,2026-07-06,0.05,tcgplayer
OP08-071,2026-07-13,0.06,tcgplayer
OP08-071,2026-07-20,0.05,tcgplayer
OP08-071,2026-07-27,0.05,tcgplayer
OP08-071,2026-08-03,0.06,tcgplayer
OP08-071,2026-08-10,0.05,tcgplayer
OP08-071,2026-08-17,0.05,tcgplayer
OP08-071,2026-08-24,0.05,tcgplayer
OP08-071,2026-08-31,0.05,tcgplayer
OP08-071,2026-09-05,0.05,limitless
OP08-072,2025-09-08,0.07,tcgplayer
OP08-072,2025-09-15,0.10,tcgplayer
OP08-072,2025-09-22,0.08,tcgplayer
OP08-072,2025-09-29,0.08,tcgplayer
OP08-072,2025-10-06,0.10,tcgplayer
OP08-072,2025-10-13,0.10,tcgplayer
OP08-072,2025-10-20,0.09,tcgplayer
OP08-072,2025-10-27,0.09,tcgplayer
OP08-072,2025-11-03,0.10,tcgplayer
OP08-072,2025-11-10,0.10,tcgplayer
OP08-072,2025-11-17,0.12,tcgplayer
OP08-072,2025-11-24,0.10,tcgplayer
OP08-072,2025-12-01,0.11,tcgplayer
OP08-072,2025-12-08,0.10,tcgplayer
OP08-072,2025-12-15,0.09,tcgplayer
OP08-072,2025-12-22,0.09,tcgplayer
OP08-072,2025-12-29,0.08,tcgplayer
OP08-072,2026-01-05,0.06,tcgplayer
OP08-072,2026-01-12,0.06,tcgplayer
OP08-072,2026-01-19,0.06,tcgplayer
OP08-072,2026-01-26,0.06,tcgplayer
OP08-072,2026-02-02,0.06,tcgplayer
OP08-072,2026-02-09,0.07,tcgplayer
OP08-072,2026-02-16,0.05,tcgplayer
OP08-072,2026-02-23,0.06,tcgplayer
OP08-072,2026-03-02,0.04,tcgplayer
OP08-072,2026-03-09,0.04,tcgplayer
OP08-072,2026-03-16,0.03,tcgplayer
OP08-072,2026-03-23,0.05,tcgplayer
OP08-072,2026-03-30,0.05,tcgplayer
OP08-072,2026-04-06,0.05,tcgplayer
OP08-072,2026-04-13,0.07,tcgplayer
OP08-072,2026-04-20,0.08,tcgplayer
OP08-072,2026-04-27,0.19,tcgplayer
OP08-072,2026-05-04,0.11,tcgplayer
OP08-072,2026-05-11,0.12,tcgplayer
OP08-072,2026-05-18,0.12,tcgplayer
OP08-072,2026-05-25,0.12,tcgplayer
OP08-072,2026-06-01,0.09,tcgplayer
OP08-072,2026-06-08,0.09,tcgplayer
OP08-072,2026-06-15,0.08,tcgplayer
OP08-072,2026-06-22,0.09,tcgplayer
OP08-072,2026-06-29,0.09,tcgplayer
OP08-072,2026-07-06,0.08,tcgplayer
OP08-072,2026-07-13,0.07,tcgplayer
OP08-072,2026-07-20,0.08,tcgplayer
OP08-072,2026-07-27,0.07,tcgplayer
OP08-072,2026-08-03,0.08,tcgplayer
OP08-072,2026-08-10,0.08,tcgplayer
OP08-072,2026-08-17,0.09,tcgplayer
OP08-072,2026-08-24,0.10,tcgplayer
OP08-072,2026-08-31,0.11,tcgplayer
OP08-072,2026-09-05,0.11,limitless
OP08-073,2025-09-08,0.05,tcgplayer
OP08-073,2025-09-15,0.06,tcgplayer
OP08-073,2025-09-22,0.06,tcgplayer
OP08-073,2025-09-29,0.05,tcgplayer
OP08-073,2025-10-06,0.05,tcgplayer
OP08-073,2025-10-13,0.05,tcgplayer
OP08-073,2025-10-20,0.04,tcgplayer
OP08-073,2025-10-27,0.04,tcgplayer
OP08-073,2025-11-03,0.04,tcgplayer
OP08-073,2025-11-10,0.04,tcgplayer
OP08-073,2025-11-17,0.05,tcgplayer
OP08-073,2025-11-24,0.05,tcgplayer
OP08-073,2025-12-01,0.04,tcgplayer
OP08-073,2025-12-08,0.04,tcgplayer
OP08-073,2025-12-15,0.04,tcgplayer
OP08-073,2025-12-22,0.04,tcgplayer
OP08-073,2025-12-29,0.04,tcgplayer
OP08-073,2026-01-05,0.04,tcgplayer
OP08-073,2026-01-12,0.04,tcgplayer
OP08-073,2026-01-19,0.04,tcgplayer
OP08-073,2026-01-26,0.04,tcgplayer
OP08-073,2026-02-02,0.04,tcgplayer
OP08-073,2026-02-09,0.04,tcgplayer
OP08-073,2026-02-16,0.03,tcgplayer
OP08-073,2026-02-23,0.03,tcgplayer
OP08-073,2026-03-02,0.03,tcgplayer
OP08-073,2026-03-09,0.03,tcgplayer
OP08-073,2026-03-16,0.02,tcgplayer
OP08-073,2026-03-23,0.03,tcgplayer
OP08-073,2026-03-30,0.02,tcgplayer
OP08-073,2026-04-06,0.03,tcgplayer
OP08-073,2026-04-13,0.03,tcgplayer
OP08-073,2026-04-20,0.03,tcgplayer
OP08-073,2026-04-27,0.04,tcgplayer
OP08-073,2026-05-04,0.05,tcgplayer
OP08-073,2026-05-11,0.07,tcgplayer
OP08-073,2026-05-18,0.06,tcgplayer
OP08-073,2026-05-25,0.06,tcgplayer
OP08-073,2026-06-01,0.06,tcgplayer
OP08-073,2026-06-08,0.06,tcgplayer
OP08-073,2026-06-15,0.04,tcgplayer
OP08-073,2026-06-22,0.05,tcgplayer
OP08-073,2026-06-29,0.05,tcgplayer
OP08-073,2026-07-06,0.05,tcgplayer
OP08-073,2026-07-13,0.06,tcgplayer
OP08-073,2026-07-20,0.05,tcgplayer
OP08-073,2026-07-27,0.06,tcgplayer
OP08-073,2026-08-03,0.07,tcgplayer
OP08-073,2026-08-10,0.07,tcgplayer
OP08-073,2026-08-17,0.07,tcgplayer
OP08-073,2026-08-24,0.07,tcgplayer
OP08-073,2026-08-31,0.07,tcgplayer
OP08-073,2026-09-05,0.07,limitless
OP08-074,2025-09-08,2.09,tcgplayer
OP08-074,2025-09-15,2.21,tcgplayer
OP08-074,2025-09-22,1.67,tcgplayer
OP08-074,2025-09-29,1.04,tcgplayer
OP08-074,2025-10-06,0.97,tcgplayer
OP08-074,2025-10-13,0.82,tcgplayer
OP08-074,2025-10-20,0.79,tcgplayer
OP08-074,2025-10-27,0.69,tcgplayer
OP08-074,2025-11-03,0.61,tcgplayer
OP08-074,2025-11-10,0.59,tcgplayer
OP08-074,2025-11-17,0.51,tcgplayer
OP08-074,2025-11-24,0.63,tcgplayer
OP08-074,2025-12-01,0.53,tcgplayer
OP08-074,2025-12-08,0.61,tcgplayer
OP08-074,2025-12-15,0.72,tcgplayer
OP08-074,2025-12-22,0.77,tcgplayer
OP08-074,2025-12-29,0.80,tcgplayer
OP08-074,2026-01-05,0.81,tcgplayer
OP08-074,2026-01-12,0.96,tcgplayer
OP08-074,2026-01-19,0.87,tcgplayer
OP08-074,2026-01-26,0.96,tcgplayer
OP08-074,2026-02-02,1.05,tcgplayer
OP08-074,2026-02-09,0.95,tcgplayer
OP08-074,2026-02-16,1.19,tcgplayer
OP08-074,2026-02-23,1.00,tcgplayer
OP08-074,2026-03-02,0.86,tcgplayer
OP08-074,2026-03-09,1.09,tcgplayer
OP08-074,2026-03-16,1.12,tcgplayer
OP08-074,2026-03-23,0.86,tcgplayer
OP08-074,2026-03-30,0.93,tcgplayer
OP08-074,2026-04-06,0.85,tcgplayer
OP08-074,2026-04-13,0.72,tcgplayer
OP08-074,2026-04-20,0.58,tcgplayer
OP08-074,2026-04-27,0.63,tcgplayer
OP08-074,2026-05-04,0.77,tcgplayer
OP08-074,2026-05-11,0.87,tcgplayer
OP08-074,2026-05-18,0.97,tcgplayer
OP08-074,2026-05-25,0.84,tcgplayer
OP08-074,2026-06-01,0.86,tcgplayer
OP08-074,2026-06-08,1.01,tcgplayer
OP08-074,2026-06-15,0.96,tcgplayer
OP08-074,2026-06-22,0.84,tcgplayer
OP08-074,2026-06-29,0.93,tcgplayer
OP08-074,2026-07-06,1.04,tcgplayer
OP08-074,2026-07-13,1.03,tcgplayer
OP08-074,2026-07-20,0.95,tcgplayer
OP08-074,2026-07-27,0.87,tcgplayer
OP08-074,2026-08-03,1.07,tcgplayer
OP08-074,2026-08-10,1.27,tcgplayer
OP08-074,2026-08-17,1.19,tcgplayer
OP08-074,2026-08-24,1.36,tcgplayer
OP08-074,2026-08-31,1.78,tcgplayer
OP08-074,2026-09-05,1.40,limitless
OP08-074p1,2025-09-08,6.81,tcgplayer
OP08-074p1,2025-09-15,6.57,tcgplayer
OP08-074p1,2025-09-22,6.44,tcgplayer
OP08-074p1,2025-09-29,6.48,tcgplayer
OP08-074p1,2025-10-06,5.70,tcgplayer
OP08-074p1,2025-10-13,5.11,tcgplayer
OP08-074p1,2025-10-20,4.67,tcgplayer
OP08-074p1,2025-10-27,5.79,tcgplayer
OP08-074p1,2025-11-03,6.05,tcgplayer
OP08-074p1,2025-11-10,6.27,tcgplayer
OP08-074p1,2025-11-17,5.39,tcgplayer
OP08-074p1,2025-11-24,6.88,tcgplayer
OP08-074p1,2025-12-01,7.33,tcgplayer
OP08-074p1,2025-12-08,7.03,tcgplayer
OP08-074p1,2025-12-15,9.53,tcgplayer
OP08-074p1,2025-12-22,9.84,tcgplayer
OP08-074p1,2025-12-29,12.73,tcgplayer
OP08-074p1,2026-01-05,13.30,tcgplayer
OP08-074p1,2026-01-12,12.93,tcgplayer
OP08-074p1,2026-01-19,13.15,tcgplayer
OP08-074p1,2026-01-26,12.39,tcgplayer
OP08-074p1,2026-02-02,11.35,tcgplayer
OP08-074p1,2026-02-09,10.59,tcgplayer
OP08-074p1,2026-02-16,10.25,tcgplayer
OP08-074p1,2026-02-23,9.83,tcgplayer
OP08-074p1,2026-03-02,7.86,tcgplayer
OP08-074p1,2026-03-09,8.22,tcgplayer
OP08-074p1,2026-03-16,10.95,tcgplayer
OP08-074p1,2026-03-23,10.98,tcgplayer
OP08-074p1,2026-03-30,10.92,tcgplayer
OP08-074p1,2026-04-06,10.52,tcgplayer
OP08-074p1,2026-04-13,9.62,tcgplayer
OP08-074p1,2026-04-20,8.64,tcgplayer
OP08-074p1,2026-04-27,8.01,tcgplayer
OP08-074p1,2026-05-04,8.11,tcgplayer
OP08-074p1,2026-05-11,8.08,tcgplayer
OP08-074p1,2026-05-18,7.84,tcgplayer
OP08-074p1,2026-05-25,7.74,tcgplayer
OP08-074p1,2026-06-01,7.23,tcgplayer
OP08-074p1,2026-06-08,7.08,tcgplayer
OP08-074p1,2026-06-15,8.72,tcgplayer
OP08-074p1,2026-06-22,9.26,tcgplayer
OP08-074p1,2026-06-29,9.77,tcgplayer
OP08-074p1,2026-07-06,10.71,tcgplayer
OP08-074p1,2026-07-13,11.26,tcgplayer
OP08-074p1,2026-07-20,11.52,tcgplayer
OP08-074p1,2026-07-27,11.48,tcgplayer
OP08-074p1,2026-08-03,11.18,tcgplayer
OP08-074p1,2026-08-10,11.54,tcgplayer
OP08-074p1,2026-08-17,11.65,tcgplayer
OP08-074p1,2026-08-24,11.92,tcgplayer
OP08-074p1,2026-08-31,11.51,tcgplayer
OP08-074p1,2026-09-05,11.45,limitless
OP08-075,2025-09-08,0.03,tcgplayer
OP08-075,2025-09-15,0.03,tcgplayer
OP08-075,2025-09-22,0.03,tcgplayer
OP08-075,2025-09-29,0.03,tcgplayer
OP08-075,2025-10-06,0.03,tcgplayer
OP08-075,2025-10-13,0.03,tcgplayer
OP08-075,2025-10-20,0.03,tcgplayer
OP08-075,2025-10-27,0.03,tcgplayer
OP08-075,2025-11-03,0.04,tcgplayer
OP08-075,2025-11-10,0.04,tcgplayer
OP08-075,2025-11-17,0.05,tcgplayer
OP08-075,2025-11-24,0.05,tcgplayer
OP08-075,2025-12-01,0.05,tcgplayer
OP08-075,2025-12-08,0.05,tcgplayer
OP08-075,2025-12-15,0.05,tcgplayer
OP08-075,2025-12-22,0.05,tcgplayer
OP08-075,2025-12-29,0.05,tcgplayer
OP08-075,2026-01-05,0.05,tcgplayer
OP08-075,2026-01-12,0.05,tcgplayer
OP08-075,2026-01-19,0.05,tcgplayer
OP08-075,2026-01-26,0.04,tcgplayer
OP08-075,2026-02-02,0.04,tcgplayer
OP08-075,2026-02-09,0.04,tcgplayer
OP08-075,2026-02-16,0.03,tcgplayer
OP08-075,2026-02-23,0.03,tcgplayer
OP08-075,2026-03-02,0.02,tcgplayer
OP08-075,2026-03-09,0.02,tcgplayer
OP08-075,2026-03-16,0.03,tcgplayer
OP08-075,2026-03-23,0.03,tcgplayer
OP08-075,2026-03-30,0.03,tcgplayer
OP08-075,2026-04-06,0.03,tcgplayer
OP08-075,2026-04-13,0.03,tcgplayer
OP08-075,2026-04-20,0.05,tcgplayer
OP08-075,2026-04-27,0.05,tcgplayer
OP08-075,2026-05-04,0.05,tcgplayer
OP08-075,2026-05-11,0.04,tcgplayer
OP08-075,2026-05-18,0.04,tcgplayer
OP08-075,2026-05-25,0.04,tcgplayer
OP08-075,2026-06-01,0.04,tcgplayer
OP08-075,2026-06-08,0.04,tcgplayer
OP08-075,2026-06-15,0.04,tcgplayer
OP08-075,2026-06-22,0.05,tcgplayer
OP08-075,2026-06-29,0.05,tcgplayer
OP08-075,2026-07-06,0.04,tcgplayer
OP08-075,2026-07-13,0.05,tcgplayer
OP08-075,2026-07-20,0.05,tcgplayer
OP08-075,2026-07-27,0.05,tcgplayer
OP08-075,2026-08-03,0.06,tcgplayer
OP08-075,2026-08-10,0.06,tcgplayer
OP08-075,2026-08-17,0.06,tcgplayer
OP08-075,2026-08-24,0.06,tcgplayer
OP08-075,2026-08-31,0.07,tcgplayer
OP08-075,2026-09-05,0.07,limitless
OP08-076,2025-09-08,0.19,tcgplayer
OP08-076,2025-09-15,0.23,tcgplayer
OP08-076,2025-09-22,0.20,tcgplayer
OP08-076,2025-09-29,0.15,tcgplayer
OP08-076,2025-10-06,0.16,tcgplayer
OP08-076,2025-10-13,0.15,tcgplayer
OP08-076,2025-10-20,0.13,tcgplayer
OP08-076,2025-10-27,0.11,tcgplayer
OP08-076,2025-11-03,0.10,tcgplayer
OP08-076,2025-11-10,0.10,tcgplayer
OP08-076,2025-11-17,0.12,tcgplayer
OP08-076,2025-11-24,0.11,tcgplayer
OP08-076,2025-12-01,0.12,tcgplayer
OP08-076,2025-12-08,0.12,tcgplayer
OP08-076,2025-12-15,0.12,tcgplayer
OP08-076,2025-12-22,0.11,tcgplayer
OP08-076,2025-12-29,0.10,tcgplayer
OP08-076,2026-01-05,0.12,tcgplayer
OP08-076,2026-01-12,0.15,tcgplayer
OP08-076,2026-01-19,0.14,tcgplayer
OP08-076,2026-01-26,0.15,tcgplayer
OP08-076,2026-02-02,0.19,tcgplayer
OP08-076,2026-02-09,0.18,tcgplayer
OP08-076,2026-02-16,0.17,tcgplayer
OP08-076,2026-02-23,0.17,tcgplayer
OP08-076,2026-03-02,0.17,tcgplayer
OP08-076,2026-03-09,0.15,tcgplayer
OP08-076,2026-03-16,0.14,tcgplayer
OP08-076,2026-03-23,0.13,tcgplayer
OP08-076,2026-03-30,0.13,tcgplayer
OP08-076,2026-04-06,0.14,tcgplayer
OP08-076,2026-04-13,0.13,tcgplayer
OP08-076,2026-04-20,0.13,tcgplayer
OP08-076,2026-04-27,0.11,tcgplayer
OP08-076,2026-05-04,0.11,tcgplayer
OP08-076,2026-05-11,0.14,tcgplayer
OP08-076,2026-05-18,0.14,tcgplayer
OP08-076,2026-05-25,0.11,tcgplayer
OP08-076,2026-06-01,0.10,tcgplayer
OP08-076,2026-06-08,0.10,tcgplayer
OP08-076,2026-06-15,0.13,tcgplayer
OP08-076,2026-06-22,0.15,tcgplayer
OP08-076,2026-06-29,0.15,tcgplayer
OP08-076,2026-07-06,0.17,tcgplayer
OP08-076,2026-07-13,0.18,tcgplayer
OP08-076,2026-07-20,0.17,tcgplayer
OP08-076,2026-07-27,0.20,tcgplayer
OP08-076,2026-08-03,0.17,tcgplayer
OP08-076,2026-08-10,0.14,tcgplayer
OP08-076,2026-08-17,0.14,tcgplayer
OP08-076,2026-08-24,0.20,tcgplayer
OP08-076,2026-08-31,0.21,tcgplayer
OP08-076,2026-09-05,0.20,limitless
OP08-077,2025-09-08,0.15,tcgplayer
OP08-077,2025-09-15,0.20,tcgplayer
OP08-077,2025-09-22,0.13,tcgplayer
OP08-077,2025-09-29,0.21,tcgplayer
OP08-077,2025-10-06,0.17,tcgplayer
OP08-077,2025-10-13,0.16,tcgplayer
OP08-077,2025-10-20,0.15,tcgplayer
OP08-077,2025-10-27,0.20,tcgplayer
OP08-077,2025-11-03,0.22,tcgplayer
OP08-077,2025-11-10,0.28,tcgplayer
OP08-077,2025-11-17,0.25,tcgplayer
OP08-077,2025-11-24,0.13,tcgplayer
OP08-077,2025-12-01,0.16,tcgplayer
OP08-077,2025-12-08,0.17,tcgplayer
OP08-077,2025-12-15,0.17,tcgplayer
OP08-077,2025-12-22,0.20,tcgplayer
OP08-077,2025-12-29,0.14,tcgplayer
OP08-077,2026-01-05,0.16,tcgplayer
OP08-077,2026-01-12,0.14,tcgplayer
OP08-077,2026-01-19,0.14,tcgplayer
OP08-077,2026-01-26,0.23,tcgplayer
OP08-077,2026-02-02,0.20,tcgplayer
OP08-077,2026-02-09,0.16,tcgplayer
OP08-077,2026-02-16,0.12,tcgplayer
OP08-077,2026-02-23,0.13,tcgplayer
OP08-077,2026-03-02,0.13,tcgplayer
OP08-077,2026-03-09,0.15,tcgplayer
OP08-077,2026-03-16,0.16,tcgplayer
OP08-077,2026-03-23,0.23,tcgplayer
OP08-077,2026-03-30,0.23,tcgplayer
OP08-077,2026-04-06,0.17,tcgplayer
OP08-077,2026-04-13,0.15,tcgplayer
OP08-077,2026-04-20,0.14,tcgplayer
OP08-077,2026-04-27,0.14,tcgplayer
OP08-077,2026-05-04,0.15,tcgplayer
OP08-077,2026-05-11,0.18,tcgplayer
OP08-077,2026-05-18,0.17,tcgplayer
OP08-077,2026-05-25,0.17,tcgplayer
OP08-077,2026-06-01,0.16,tcgplayer
OP08-077,2026-06-08,0.21,tcgplayer
OP08-077,2026-06-15,0.17,tcgplayer
OP08-077,2026-06-22,0.16,tcgplayer
OP08-077,2026-06-29,0.18,tcgplayer
OP08-077,2026-07-06,0.16,tcgplayer
OP08-077,2026-07-13,0.16,tcgplayer
OP08-077,2026-07-20,0.20,tcgplayer
OP08-077,2026-07-27,0.28,tcgplayer
OP08-077,2026-08-03,0.29,tcgplayer
OP08-077,2026-08-10,0.35,tcgplayer
OP08-077,2026-08-17,0.37,tcgplayer
OP08-077,2026-08-24,0.43,tcgplayer
OP08-077,2026-08-31,0.54,tcgplayer
OP08-077,2026-09-05,0.48,limitless
OP08-078,2025-09-08,0.07,tcgplayer
OP08-078,2025-09-15,0.08,tcgplayer
OP08-078,2025-09-22,0.08,tcgplayer
OP08-078,2025-09-29,0.08,tcgplayer
OP08-078,2025-10-06,0.08,tcgplayer
OP08-078,2025-10-13,0.08,tcgplayer
OP08-078,2025-10-20,0.07,tcgplayer
OP08-078,2025-10-27,0.08,tcgplayer
OP08-078,2025-11-03,0.11,tcgplayer
OP08-078,2025-11-10,0.11,tcgplayer
OP08-078,2025-11-17,0.13,tcgplayer
OP08-078,2025-11-24,0.11,tcgplayer
OP08-078,2025-12-01,0.09,tcgplayer
OP08-078,2025-12-08,0.08,tcgplayer
OP08-078,2025-12-15,0.06,tcgplayer
OP08-078,2025-12-22,0.07,tcgplayer
OP08-078,2025-12-29,0.08,tcgplayer
OP08-078,2026-01-05,0.09,tcgplayer
OP08-078,2026-01-12,0.10,tcgplayer
OP08-078,2026-01-19,0.12,tcgplayer
OP08-078,2026-01-26,0.12,tcgplayer
OP08-078,2026-02-02,0.10,tcgplayer
OP08-078,2026-02-09,0.12,tcgplayer
OP08-078,2026-02-16,0.11,tcgplayer
OP08-078,2026-02-23,0.12,tcgplayer
OP08-078,2026-03-02,0.15,tcgplayer
OP08-078,2026-03-09,0.16,tcgplayer
OP08-078,2026-03-16,0.14,tcgplayer
OP08-078,2026-03-23,0.12,tcgplayer
OP08-078,2026-03-30,0.12,tcgplayer
OP08-078,2026-04-06,0.12,tcgplayer
OP08-078,2026-04-13,0.10,tcgplayer
OP08-078,2026-04-20,0.11,tcgplayer
OP08-078,2026-04-27,0.10,tcgplayer
OP08-078,2026-05-04,0.13,tcgplayer
OP08-078,2026-05-11,0.14,tcgplayer
OP08-078,2026-05-18,0.14,tcgplayer
OP08-078,2026-05-25,0.14,tcgplayer
OP08-078,2026-06-01,0.12,tcgplayer
OP08-078,2026-06-08,0.13,tcgplayer
OP08-078,2026-06-15,0.12,tcgplayer
OP08-078,2026-06-22,0.09,tcgplayer
OP08-078,2026-06-29,0.08,tcgplayer
OP08-078,2026-07-06,0.12,tcgplayer
OP08-078,2026-07-13,0.13,tcgplayer
OP08-078,2026-07-20,0.13,tcgplayer
OP08-078,2026-07-27,0.13,tcgplayer
OP08-078,2026-08-03,0.11,tcgplayer
OP08-078,2026-08-10,0.11,tcgplayer
OP08-078,2026-08-17,0.11,tcgplayer
OP08-078,2026-08-24,0.12,tcgplayer
OP08-078,2026-08-31,0.13,tcgplayer
OP08-078,2026-09-05,0.13,limitless
OP08-079,2025-09-08,0.25,tcgplayer
OP08-079,2025-09-15,0.33,tcgplayer
OP08-079,2025-09-22,0.30,tcgplayer
OP08-079,2025-09-29,0.28,tcgplayer
OP08-079,2025-10-06,0.29,tcgplayer
OP08-079,2025-10-13,0.39,tcgplayer
OP08-079,2025-10-20,0.42,tcgplayer
OP08-079,2025-10-27,0.29,tcgplayer
OP08-079,2025-11-03,0.29,tcgplayer
OP08-079,2025-11-10,0.36,tcgplayer
OP08-079,2025-11-17,0.25,tcgplayer
OP08-079,2025-11-24,0.28,tcgplayer
OP08-079,2025-12-01,0.29,tcgplayer
OP08-079,2025-12-08,0.33,tcgplayer
OP08-079,2025-12-15,0.37,tcgplayer
OP08-079,2025-12-22,0.37,tcgplayer
OP08-079,2025-12-29,0.36,tcgplayer
OP08-079,2026-01-05,0.34,tcgplayer
OP08-079,2026-01-12,0.36,tcgplayer
OP08-079,2026-01-19,0.37,tcgplayer
OP08-079,2026-01-26,0.38,tcgplayer
OP08-079,2026-02-02,0.32,tcgplayer
OP08-079,2026-02-09,0.29,tcgplayer
OP08-079,2026-02-16,0.38,tcgplayer
OP08-079,2026-02-23,0.33,tcgplayer
OP08-079,2026-03-02,0.38,tcgplayer
OP08-079,2026-03-09,0.43,tcgplayer
OP08-079,2026-03-16,0.44,tcgplayer
OP08-079,2026-03-23,0.43,tcgplayer
OP08-079,2026-03-30,0.43,tcgplayer
OP08-079,2026-04-06,0.45,tcgplayer
OP08-079,2026-04-13,0.49,tcgplayer
OP08-079,2026-04-20,0.49,tcgplayer
OP08-079,2026-04-27,0.53,tcgplayer
OP08-079,2026-05-04,0.48,tcgplayer
OP08-079,2026-05-11,0.60,tcgplayer
OP08-079,2026-05-18,0.47,tcgplayer
OP08-079,2026-05-25,0.49,tcgplayer
OP08-079,2026-06-01,0.61,tcgplayer
OP08-079,2026-06-08,0.43,tcgplayer
OP08-079,2026-06-15,0.44,tcgplayer
OP08-079,2026-06-22,0.34,tcgplayer
OP08-079,2026-06-29,0.34,tcgplayer
OP08-079,2026-07-06,0.36,tcgplayer
OP08-079,2026-07-13,0.38,tcgplayer
OP08-079,2026-07-20,0.38,tcgplayer
OP08-079,2026-07-27,0.41,tcgplayer
OP08-079,2026-08-03,0.42,tcgplayer
OP08-079,2026-08-10,0.37,tcgplayer
OP08-079,2026-08-17,0.40,tcgplayer
OP08-079,2026-08-24,0.36,tcgplayer
OP08-079,2026-08-31,0.31,tcgplayer
OP08-079,2026-09-05,0.31,limitless
OP08-079p1,2025-09-08,4.72,tcgplayer
OP08-079p1,2025-09-15,4.96,tcgplayer
OP08-079p1,2025-09-22,4.79,tcgplayer
OP08-079p1,2025-09-29,4.47,tcgplayer
OP08-079p1,2025-10-06,4.25,tcgplayer
OP08-079p1,2025-10-13,4.40,tcgplayer
OP08-079p1,2025-10-20,4.60,tcgplayer
OP08-079p1,2025-10-27,4.65,tcgplayer
OP08-079p1,2025-11-03,4.81,tcgplayer
OP08-079p1,2025-11-10,4.10,tcgplayer
OP08-079p1,2025-11-17,3.88,tcgplayer
OP08-079p1,2025-11-24,4.28,tcgplayer
OP08-079p1,2025-12-01,5.13,tcgplayer
OP08-079p1,2025-12-08,5.47,tcgplayer
OP08-079p1,2025-12-15,6.26,tcgplayer
OP08-079p1,2025-12-22,8.46,tcgplayer
OP08-079p1,2025-12-29,10.95,tcgplayer
OP08-079p1,2026-01-05,10.78,tcgplayer
OP08-079p1,2026-01-12,10.68,tcgplayer
OP08-079p1,2026-01-19,9.93,tcgplayer
OP08-079p1,2026-01-26,10.10,tcgplayer
OP08-079p1,2026-02-02,9.95,tcgplayer
OP08-079p1,2026-02-09,9.74,tcgplayer
OP08-079p1,2026-02-16,9.10,tcgplayer
OP08-079p1,2026-02-23,8.77,tcgplayer
OP08-079p1,2026-03-02,8.36,tcgplayer
OP08-079p1,2026-03-09,8.33,tcgplayer
OP08-079p1,2026-03-16,7.94,tcgplayer
OP08-079p1,2026-03-23,8.23,tcgplayer
OP08-079p1,2026-03-30,8.05,tcgplayer
OP08-079p1,2026-04-06,7.94,tcgplayer
OP08-079p1,2026-04-13,7.88,tcgplayer
OP08-079p1,2026-04-20,7.99,tcgplayer
OP08-079p1,2026-04-27,8.84,tcgplayer
OP08-079p1,2026-05-04,8.75,tcgplayer
OP08-079p1,2026-05-11,9.93,tcgplayer
OP08-079p1,2026-05-18,10.78,tcgplayer
OP08-079p1,2026-05-25,11.73,tcgplayer
OP08-079p1,2026-06-01,11.85,tcgplayer
OP08-079p1,2026-06-08,11.07,tcgplayer
OP08-079p1,2026-06-15,9.89,tcgplayer
OP08-079p1,2026-06-22,9.59,tcgplayer
OP08-079p1,2026-06-29,9.45,tcgplayer
OP08-079p1,2026-07-06,8.97,tcgplayer
OP08-079p1,2026-07-13,8.86,tcgplayer
OP08-079p1,2026-07-20,8.07,tcgplayer
OP08-079p1,2026-07-27,7.46,tcgplayer
OP08-079p1,2026-08-03,6.68,tcgplayer
OP08-079p1,2026-08-10,7.10,tcgplayer
OP08-079p1,2026-08-17,7.09,tcgplayer
OP08-079p1,2026-08-24,6.81,tcgplayer
OP08-079p1,2026-08-31,6.36,tcgplayer
OP08-079p1,2026-09-05,6.50,limitless
OP08-080,2025-09-08,0.11,tcgplayer
OP08-080,2025-09-15,0.13,tcgplayer
OP08-080,2025-09-22,0.09,tcgplayer
OP08-080,2025-09-29,0.09,tcgplayer
OP08-080,2025-10-06,0.10,tcgplayer
OP08-080,2025-10-13,0.09,tcgplayer
OP08-080,2025-10-20,0.10,tcgplayer
OP08-080,2025-10-27,0.11,tcgplayer
OP08-080,2025-11-03,0.10,tcgplayer
OP08-080,2025-11-10,0.15,tcgplayer
OP08-080,2025-11-17,0.16,tcgplayer
OP08-080,2025-11-24,0.14,tcgplayer
OP08-080,2025-12-01,0.09,tcgplayer
OP08-080,2025-12-08,0.08,tcgplayer
OP08-080,2025-12-15,0.13,tcgplayer
OP08-080,2025-12-22,0.17,tcgplayer
OP08-080,2025-12-29,0.12,tcgplayer
OP08-080,2026-01-05,0.10,tcgplayer
OP08-080,2026-01-12,0.13,tcgplayer
OP08-080,2026-01-19,0.15,tcgplayer
OP08-080,2026-01-26,0.17,tcgplayer
OP08-080,2026-02-02,0.18,tcgplayer
OP08-080,2026-02-09,0.13,tcgplayer
OP08-080,2026-02-16,0.11,tcgplayer
OP08-080,2026-02-23,0.09,tcgplayer
OP08-080,2026-03-02,0.08,tcgplayer
OP08-080,2026-03-09,0.08,tcgplayer
OP08-080,2026-03-16,0.08,tcgplayer
OP08-080,2026-03-23,0.08,tcgplayer
OP08-080,2026-03-30,0.09,tcgplayer
OP08-080,2026-04-06,0.10,tcgplayer
OP08-080,2026-04-13,0.11,tcgplayer
OP08-080,2026-04-20,0.12,tcgplayer
OP08-080,2026-04-27,0.11,tcgplayer
OP08-080,2026-05-04,0.12,tcgplayer
OP08-080,2026-05-11,0.11,tcgplayer
OP08-080,2026-05-18,0.14,tcgplayer
OP08-080,2026-05-25,0.14,tcgplayer
OP08-080,2026-06-01,0.15,tcgplayer
OP08-080,2026-06-08,0.15,tcgplayer
OP08-080,2026-06-15,0.16,tcgplayer
OP08-080,2026-06-22,0.17,tcgplayer
OP08-080,2026-06-29,0.13,tcgplayer
OP08-080,2026-07-06,0.12,tcgplayer
OP08-080,2026-07-13,0.13,tcgplayer
OP08-080,2026-07-20,0.13,tcgplayer
OP08-080,2026-07-27,0.14,tcgplayer
OP08-080,2026-08-03,0.16,tcgplayer
OP08-080,2026-08-10,0.19,tcgplayer
OP08-080,2026-08-17,0.26,tcgplayer
OP08-080,2026-08-24,0.25,tcgplayer
OP08-080,2026-08-31,0.21,tcgplayer
OP08-080,2026-09-05,0.29,limitless
OP08-080p1,2025-09-08,1.68,tcgplayer
OP08-080p1,2025-09-15,2.28,tcgplayer
OP08-080p1,2025-09-22,2.43,tcgplayer
OP08-080p1,2025-09-29,2.42,tcgplayer
OP08-080p1,2025-10-06,2.45,tcgplayer
OP08-080p1,2025-10-13,2.46,tcgplayer
OP08-080p1,2025-10-20,2.61,tcgplayer
OP08-080p1,2025-10-27,2.45,tcgplayer
OP08-080p1,2025-11-03,2.09,tcgplayer
OP08-080p1,2025-11-10,1.65,tcgplayer
OP08-080p1,2025-11-17,1.85,tcgplayer
OP08-080p1,2025-11-24,3.15,tcgplayer
OP08-080p1,2025-12-01,3.99,tcgplayer
OP08-080p1,2025-12-08,4.74,tcgplayer
OP08-080p1,2025-12-15,4.85,tcgplayer
OP08-080p1,2025-12-22,5.30,tcgplayer
OP08-080p1,2025-12-29,5.19,tcgplayer
OP08-080p1,2026-01-05,5.25,tcgplayer
OP08-080p1,2026-01-12,4.59,tcgplayer
OP08-080p1,2026-01-19,4.45,tcgplayer
OP08-080p1,2026-01-26,4.57,tcgplayer
OP08-080p1,2026-02-02,4.60,tcgplayer
OP08-080p1,2026-02-09,4.68,tcgplayer
OP08-080p1,2026-02-16,4.79,tcgplayer
OP08-080p1,2026-02-23,4.64,tcgplayer
OP08-080p1,2026-03-02,4.48,tcgplayer
OP08-080p1,2026-03-09,3.88,tcgplayer
OP08-080p1,2026-03-16,3.43,tcgplayer
OP08-080p1,2026-03-23,3.10,tcgplayer
OP08-080p1,2026-03-30,2.61,tcgplayer
OP08-080p1,2026-04-06,2.62,tcgplayer
OP08-080p1,2026-04-13,2.50,tcgplayer
OP08-080p1,2026-04-20,2.63,tcgplayer
OP08-080p1,2026-04-27,2.55,tcgplayer
OP08-080p1,2026-05-04,2.48,tcgplayer
OP08-080p1,2026-05-11,2.45,tcgplayer
OP08-080p1,2026-05-18,2.50,tcgplayer
OP08-080p1,2026-05-25,2.45,tcgplayer
OP08-080p1,2026-06-01,2.44,tcgplayer
OP08-080p1,2026-06-08,2.42,tcgplayer
OP08-080p1,2026-06-15,2.58,tcgplayer
OP08-080p1,2026-06-22,2.64,tcgplayer
OP08-080p1,2026-06-29,2.29,tcgplayer
OP08-080p1,2026-07-06,2.23,tcgplayer
OP08-080p1,2026-07-13,2.63,tcgplayer
OP08-080p1,2026-07-20,2.47,tcgplayer
OP08-080p1,2026-07-27,2.51,tcgplayer
OP08-080p1,2026-08-03,2.45,tcgplayer
OP08-080p1,2026-08-10,2.66,tcgplayer
OP08-080p1,2026-08-17,2.77,tcgplayer
OP08-080p1,2026-08-24,2.75,tcgplayer
OP08-080p1,2026-08-31,2.76,tcgplayer
OP08-080p1,2026-09-05,2.79,limitless
OP08-081,2025-09-08,0.07,tcgplayer
OP08-081,2025-09-15,0.08,tcgplayer
OP08-081,2025-09-22,0.07,tcgplayer
OP08-081,2025-09-29,0.07,tcgplayer
OP08-081,2025-10-06,0.07,tcgplayer
OP08-081,2025-10-13,0.07,tcgplayer
OP08-081,2025-10-20,0.05,tcgplayer
OP08-081,2025-10-27,0.05,tcgplayer
OP08-081,2025-11-03,0.06,tcgplayer
OP08-081,2025-11-10,0.04,tcgplayer
OP08-081,2025-11-17,0.04,tcgplayer
OP08-081,2025-11-24,0.05,tcgplayer
OP08-081,2025-12-01,0.06,tcgplayer
OP08-081,2025-12-08,0.06,tcgplayer
OP08-081,2025-12-15,0.06,tcgplayer
OP08-081,2025-12-22,0.07,tcgplayer
OP08-081,2025-12-29,0.06,tcgplayer
OP08-081,2026-01-05,0.06,tcgplayer
OP08-081,2026-01-12,0.06,tcgplayer
OP08-081,2026-01-19,0.06,tcgplayer
OP08-081,2026-01-26,0.04,tcgplayer
OP08-081,2026-02-02,0.04,tcgplayer
OP08-081,2026-02-09,0.04,tcgplayer
OP08-081,2026-02-16,0.04,tcgplayer
OP08-081,2026-02-23,0.03,tcgplayer
OP08-081,2026-03-02,0.03,tcgplayer
OP08-081,2026-03-09,0.03,tcgplayer
OP08-081,2026-03-16,0.04,tcgplayer
OP08-081,2026-03-23,0.03,tcgplayer
OP08-081,2026-03-30,0.04,tcgplayer
OP08-081,2026-04-06,0.04,tcgplayer
OP08-081,2026-04-13,0.04,tcgplayer
OP08-081,2026-04-20,0.05,tcgplayer
OP08-081,2026-04-27,0.04,tcgplayer
OP08-081,2026-05-04,0.04,tcgplayer
OP08-081,2026-05-11,0.04,tcgplayer
OP08-081,2026-05-18,0.04,tcgplayer
OP08-081,2026-05-25,0.03,tcgplayer
OP08-081,2026-06-01,0.03,tcgplayer
OP08-081,2026-06-08,0.04,tcgplayer
OP08-081,2026-06-15,0.04,tcgplayer
OP08-081,2026-06-22,0.06,tcgplayer
OP08-081,2026-06-29,0.05,tcgplayer
OP08-081,2026-07-06,0.05,tcgplayer
OP08-081,2026-07-13,0.05,tcgplayer
OP08-081,2026-07-20,0.05,tcgplayer
OP08-081,2026-07-27,0.05,tcgplayer
OP08-081,2026-08-03,0.06,tcgplayer
OP08-081,2026-08-10,0.06,tcgplayer
OP08-081,2026-08-17,0.07,tcgplayer
OP08-081,2026-08-24,0.07,tcgplayer
OP08-081,2026-08-31,0.07,tcgplayer
OP08-081,2026-09-05,0.07,limitless
OP08-082,2025-09-08,0.07,tcgplayer
OP08-082,2025-09-15,0.09,tcgplayer
OP08-082,2025-09-22,0.09,tcgplayer
OP08-082,2025-09-29,0.07,tcgplayer
OP08-082,2025-10-06,0.05,tcgplayer
OP08-082,2025-10-13,0.06,tcgplayer
OP08-082,2025-10-20,0.06,tcgplayer
OP08-082,2025-10-27,0.07,tcgplayer
OP08-082,2025-11-03,0.08,tcgplayer
OP08-082,2025-11-10,0.07,tcgplayer
OP08-082,2025-11-17,0.08,tcgplayer
OP08-082,2025-11-24,0.08,tcgplayer
OP08-082,2025-12-01,0.09,tcgplayer
OP08-082,2025-12-08,0.07,tcgplayer
OP08-082,2025-12-15,0.08,tcgplayer
OP08-082,2025-12-22,0.11,tcgplayer
OP08-082,2025-12-29,0.09,tcgplayer
OP08-082,2026-01-05,0.08,tcgplayer
OP08-082,2026-01-12,0.10,tcgplayer
OP08-082,2026-01-19,0.11,tcgplayer
OP08-082,2026-01-26,0.08,tcgplayer
OP08-082,2026-02-02,0.08,tcgplayer
OP08-082,2026-02-09,0.07,tcgplayer
OP08-082,2026-02-16,0.08,tcgplayer
OP08-082,2026-02-23,0.07,tcgplayer
OP08-082,2026-03-02,0.07,tcgplayer
OP08-082,2026-03-09,0.07,tcgplayer
OP08-082,2026-03-16,0.07,tcgplayer
OP08-082,2026-03-23,0.07,tcgplayer
OP08-082,2026-03-30,0.07,tcgplayer
OP08-082,2026-04-06,0.10,tcgplayer
OP08-082,2026-04-13,0.10,tcgplayer
OP08-082,2026-04-20,0.11,tcgplayer
OP08-082,2026-04-27,0.11,tcgplayer
OP08-082,2026-05-04,0.10,tcgplayer
OP08-082,2026-05-11,0.10,tcgplayer
OP08-082,2026-05-18,0.11,tcgplayer
OP08-082,2026-05-25,0.09,tcgplayer
OP08-082,2026-06-01,0.11,tcgplayer
OP08-082,2026-06-08,0.13,tcgplayer
OP08-082,2026-06-15,0.13,tcgplayer
OP08-082,2026-06-22,0.12,tcgplayer
OP08-082,2026-06-29,0.09,tcgplayer
OP08-082,2026-07-06,0.10,tcgplayer
OP08-082,2026-07-13,0.11,tcgplayer
OP08-082,2026-07-20,0.12,tcgplayer
OP08-082,2026-07-27,0.13,tcgplayer
OP08-082,2026-08-03,0.12,tcgplayer
OP08-082,2026-08-10,0.12,tcgplayer
OP08-082,2026-08-17,0.22,tcgplayer
OP08-082,2026-08-24,0.20,tcgplayer
OP08-082,2026-08-31,0.19,tcgplayer
OP08-082,2026-09-05,0.19,limitless
OP08-083,2025-09-08,0.06,tcgplayer
OP08-083,2025-09-15,0.06,tcgplayer
OP08-083,2025-09-22,0.05,tcgplayer
OP08-083,2025-09-29,0.05,tcgplayer
OP08-083,2025-10-06,0.04,tcgplayer
OP08-083,2025-10-13,0.04,tcgplayer
OP08-083,2025-10-20,0.04,tcgplayer
OP08-083,2025-10-27,0.04,tcgplayer
OP08-083,2025-11-03,0.04,tcgplayer
OP08-083,2025-11-10,0.05,tcgplayer
OP08-083,2025-11-17,0.04,tcgplayer
OP08-083,2025-11-24,0.03,tcgplayer
OP08-083,2025-12-01,0.04,tcgplayer
OP08-083,2025-12-08,0.04,tcgplayer
OP08-083,2025-12-15,0.04,tcgplayer
OP08-083,2025-12-22,0.05,tcgplayer
OP08-083,2025-12-29,0.05,tcgplayer
OP08-083,2026-01-05,0.05,tcgplayer
OP08-083,2026-01-12,0.05,tcgplayer
OP08-083,2026-01-19,0.04,tcgplayer
OP08-083,2026-01-26,0.04,tcgplayer
OP08-083,2026-02-02,0.04,tcgplayer
OP08-083,2026-02-09,0.04,tcgplayer
OP08-083,2026-02-16,0.04,tcgplayer
OP08-083,2026-02-23,0.04,tcgplayer
OP08-083,2026-03-02,0.04,tcgplayer
OP08-083,2026-03-09,0.05,tcgplayer
OP08-083,2026-03-16,0.05,tcgplayer
OP08-083,2026-03-23,0.05,tcgplayer
OP08-083,2026-03-30,0.05,tcgplayer
OP08-083,2026-04-06,0.06,tcgplayer
OP08-083,2026-04-13,0.06,tcgplayer
OP08-083,2026-04-20,0.06,tcgplayer
OP08-083,2026-04-27,0.06,tcgplayer
OP08-083,2026-05-04,0.05,tcgplayer
OP08-083,2026-05-11,0.05,tcgplayer
OP08-083,2026-05-18,0.05,tcgplayer
OP08-083,2026-05-25,0.05,tcgplayer
OP08-083,2026-06-01,0.05,tcgplayer
OP08-083,2026-06-08,0.07,tcgplayer
OP08-083,2026-06-15,0.06,tcgplayer
OP08-083,2026-06-22,0.06,tcgplayer
OP08-083,2026-06-29,0.06,tcgplayer
OP08-083,2026-07-06,0.06,tcgplayer
OP08-083,2026-07-13,0.06,tcgplayer
OP08-083,2026-07-20,0.06,tcgplayer
OP08-083,2026-07-27,0.06,tcgplayer
OP08-083,2026-08-03,0.05,tcgplayer
OP08-083,2026-08-10,0.06,tcgplayer
OP08-083,2026-08-17,0.06,tcgplayer
OP08-083,2026-08-24,0.06,tcgplayer
OP08-083,2026-08-31,0.06,tcgplayer
OP08-083,2026-09-05,0.06,limitless
OP08-084,2025-09-08,0.62,tcgplayer
OP08-084,2025-09-15,0.63,tcgplayer
OP08-084,2025-09-22,0.62,tcgplayer
OP08-084,2025-09-29,0.52,tcgplayer
OP08-084,2025-10-06,0.59,tcgplayer
OP08-084,2025-10-13,0.58,tcgplayer
OP08-084,2025-10-20,0.56,tcgplayer
OP08-084,2025-10-27,0.45,tcgplayer
OP08-084,2025-11-03,0.41,tcgplayer
OP08-084,2025-11-10,0.35,tcgplayer
OP08-084,2025-11-17,0.33,tcgplayer
OP08-084,2025-11-24,0.37,tcgplayer
OP08-084,2025-12-01,0.42,tcgplayer
OP08-084,2025-12-08,0.48,tcgplayer
OP08-084,2025-12-15,0.40,tcgplayer
OP08-084,2025-12-22,0.42,tcgplayer
OP08-084,2025-12-29,0.44,tcgplayer
OP08-084,2026-01-05,0.43,tcgplayer
OP08-084,2026-01-12,0.34,tcgplayer
OP08-084,2026-01-19,0.47,tcgplayer
OP08-084,2026-01-26,0.34,tcgplayer
OP08-084,2026-02-02,0.35,tcgplayer
OP08-084,2026-02-09,0.32,tcgplayer
OP08-084,2026-02-16,0.33,tcgplayer
OP08-084,2026-02-23,0.27,tcgplayer
OP08-084,2026-03-02,0.36,tcgplayer
OP08-084,2026-03-09,0.30,tcgplayer
OP08-084,2026-03-16,0.35,tcgplayer
OP08-084,2026-03-23,0.31,tcgplayer
OP08-084,2026-03-30,0.32,tcgplayer
OP08-084,2026-04-06,0.30,tcgplayer
OP08-084,2026-04-13,0.36,tcgplayer
OP08-084,2026-04-20,0.36,tcgplayer
OP08-084,2026-04-27,0.29,tcgplayer
OP08-084,2026-05-04,0.25,tcgplayer
OP08-084,2026-05-11,0.30,tcgplayer
OP08-084,2026-05-18,0.32,tcgplayer
OP08-084,2026-05-25,0.37,tcgplayer
OP08-084,2026-06-01,0.32,tcgplayer
OP08-084,2026-06-08,0.31,tcgplayer
OP08-084,2026-06-15,0.30,tcgplayer
OP08-084,2026-06-22,0.36,tcgplayer
OP08-084,2026-06-29,0.32,tcgplayer
OP08-084,2026-07-06,0.31,tcgplayer
OP08-084,2026-07-13,0.32,tcgplayer
OP08-084,2026-07-20,0.31,tcgplayer
OP08-084,2026-07-27,0.28,tcgplayer
OP08-084,2026-08-03,0.28,tcgplayer
OP08-084,2026-08-10,0.32,tcgplayer
OP08-084,2026-08-17,0.32,tcgplayer
OP08-084,2026-08-24,0.32,tcgplayer
OP08-084,2026-08-31,0.30,tcgplayer
OP08-084,2026-09-05,0.35,limitless
OP08-084p1,2025-09-08,6.31,tcgplayer
OP08-084p1,2025-09-15,6.19,tcgplayer
OP08-084p1,2025-09-22,6.15,tcgplayer
OP08-084p1,2025-09-29,6.29,tcgplayer
OP08-084p1,2025-10-06,5.38,tcgplayer
OP08-084p1,2025-10-13,4.94,tcgplayer
OP08-084p1,2025-10-20,5.09,tcgplayer
OP08-084p1,2025-10-27,5.02,tcgplayer
OP08-084p1,2025-11-03,4.88,tcgplayer
OP08-084p1,2025-11-10,4.27,tcgplayer
OP08-084p1,2025-11-17,3.91,tcgplayer
OP08-084p1,2025-11-24,3.70,tcgplayer
OP08-084p1,2025-12-01,3.76,tcgplayer
OP08-084p1,2025-12-08,3.74,tcgplayer
OP08-084p1,2025-12-15,4.86,tcgplayer
OP08-084p1,2025-12-22,4.86,tcgplayer
OP08-084p1,2025-12-29,5.14,tcgplayer
OP08-084p1,2026-01-05,5.48,tcgplayer
OP08-084p1,2026-01-12,5.60,tcgplayer
OP08-084p1,2026-01-19,4.97,tcgplayer
OP08-084p1,2026-01-26,4.62,tcgplayer
OP08-084p1,2026-02-02,4.66,tcgplayer
OP08-084p1,2026-02-09,4.56,tcgplayer
OP08-084p1,2026-02-16,4.11,tcgplayer
OP08-084p1,2026-02-23,3.59,tcgplayer
OP08-084p1,2026-03-02,3.70,tcgplayer
OP08-084p1,2026-03-09,3.65,tcgplayer
OP08-084p1,2026-03-16,3.27,tcgplayer
OP08-084p1,2026-03-23,3.23,tcgplayer
OP08-084p1,2026-03-30,2.91,tcgplayer
OP08-084p1,2026-04-06,2.86,tcgplayer
OP08-084p1,2026-04-13,2.44,tcgplayer
OP08-084p1,2026-04-20,2.47,tcgplayer
OP08-084p1,2026-04-27,2.16,tcgplayer
OP08-084p1,2026-05-04,2.27,tcgplayer
OP08-084p1,2026-05-11,2.51,tcgplayer
OP08-084p1,2026-05-18,2.50,tcgplayer
OP08-084p1,2026-05-25,2.22,tcgplayer
OP08-084p1,2026-06-01,2.29,tcgplayer
OP08-084p1,2026-06-08,2.50,tcgplayer
OP08-084p1,2026-06-15,3.03,tcgplayer
OP08-084p1,2026-06-22,2.97,tcgplayer
OP08-084p1,2026-06-29,2.78,tcgplayer
OP08-084p1,2026-07-06,2.75,tcgplayer
OP08-084p1,2026-07-13,2.68,tcgplayer
OP08-084p1,2026-07-20,2.62,tcgplayer
OP08-084p1,2026-07-27,2.58,tcgplayer
OP08-084p1,2026-08-03,2.61,tcgplayer
OP08-084p1,2026-08-10,2.74,tcgplayer
OP08-084p1,2026-08-17,2.73,tcgplayer
OP08-084p1,2026-08-24,2.88,tcgplayer
OP08-084p1,2026-08-31,2.95,tcgplayer
OP08-084p1,2026-09-05,2.92,limitless
OP08-085,2025-09-08,0.11,tcgplayer
OP08-085,2025-09-15,0.10,tcgplayer
OP08-085,2025-09-22,0.07,tcgplayer
OP08-085,2025-09-29,0.07,tcgplayer
OP08-085,2025-10-06,0.07,tcgplayer
OP08-085,2025-10-13,0.07,tcgplayer
OP08-085,2025-10-20,0.07,tcgplayer
OP08-085,2025-10-27,0.09,tcgplayer
OP08-085,2025-11-03,0.10,tcgplayer
OP08-085,2025-11-10,0.09,tcgplayer
OP08-085,2025-11-17,0.08,tcgplayer
OP08-085,2025-11-24,0.08,tcgplayer
OP08-085,2025-12-01,0.08,tcgplayer
OP08-085,2025-12-08,0.07,tcgplayer
OP08-085,2025-12-15,0.08,tcgplayer
OP08-085,2025-12-22,0.07,tcgplayer
OP08-085,2025-12-29,0.07,tcgplayer
OP08-085,2026-01-05,0.06,tcgplayer
OP08-085,2026-01-12,0.09,tcgplayer
OP08-085,2026-01-19,0.10,tcgplayer
OP08-085,2026-01-26,0.10,tcgplayer
OP08-085,2026-02-02,0.11,tcgplayer
OP08-085,2026-02-09,0.09,tcgplayer
OP08-085,2026-02-16,0.08,tcgplayer
OP08-085,2026-02-23,0.06,tcgplayer
OP08-085,2026-03-02,0.07,tcgplayer
OP08-085,2026-03-09,0.08,tcgplayer
OP08-085,2026-03-16,0.12,tcgplayer
OP08-085,2026-03-23,0.13,tcgplayer
OP08-085,2026-03-30,0.15,tcgplayer
OP08-085,2026-04-06,0.19,tcgplayer
OP08-085,2026-04-13,0.15,tcgplayer
OP08-085,2026-04-20,0.13,tcgplayer
OP08-085,2026-04-27,0.11,tcgplayer
OP08-085,2026-05-04,0.09,tcgplayer
OP08-085,2026-05-11,0.09,tcgplayer
OP08-085,2026-05-18,0.09,tcgplayer
OP08-085,2026-05-25,0.09,tcgplayer
OP08-085,2026-06-01,0.09,tcgplayer
OP08-085,2026-06-08,0.10,tcgplayer
OP08-085,2026-06-15,0.11,tcgplayer
OP08-085,2026-06-22,0.11,tcgplayer
OP08-085,2026-06-29,0.09,tcgplayer
OP08-085,2026-07-06,0.11,tcgplayer
OP08-085,2026-07-13,0.11,tcgplayer
OP08-085,2026-07-20,0.08,tcgplayer
OP08-085,2026-07-27,0.12,tcgplayer
OP08-085,2026-08-03,0.12,tcgplayer
OP08-085,2026-08-10,0.13,tcgplayer
OP08-085,2026-08-17,0.12,tcgplayer
OP08-085,2026-08-24,0.11,tcgplayer
OP08-085,2026-08-31,0.11,tcgplayer
OP08-085,2026-09-05,0.11,limitless
OP08-086,2025-09-08,0.05,tcgplayer
OP08-086,2025-09-15,0.05,tcgplayer
OP08-086,2025-09-22,0.05,tcgplayer
OP08-086,2025-09-29,0.04,tcgplayer
OP08-086,2025-10-06,0.04,tcgplayer
OP08-086,2025-10-13,0.04,tcgplayer
OP08-086,2025-10-20,0.04,tcgplayer
OP08-086,2025-10-27,0.04,tcgplayer
OP08-086,2025-11-03,0.04,tcgplayer
OP08-086,2025-11-10,0.05,tcgplayer
OP08-086,2025-11-17,0.05,tcgplayer
OP08-086,2025-11-24,0.04,tcgplayer
OP08-086,2025-12-01,0.04,tcgplayer
OP08-086,2025-12-08,0.04,tcgplayer
OP08-086,2025-12-15,0.04,tcgplayer
OP08-086,2025-12-22,0.04,tcgplayer
OP08-086,2025-12-29,0.06,tcgplayer
OP08-086,2026-01-05,0.06,tcgplayer
OP08-086,2026-01-12,0.06,tcgplayer
OP08-086,2026-01-19,0.06,tcgplayer
OP08-086,2026-01-26,0.07,tcgplayer
OP08-086,2026-02-02,0.05,tcgplayer
OP08-086,2026-02-09,0.06,tcgplayer
OP08-086,2026-02-16,0.05,tcgplayer
OP08-086,2026-02-23,0.06,tcgplayer
OP08-086,2026-03-02,0.05,tcgplayer
OP08-086,2026-03-09,0.04,tcgplayer
OP08-086,2026-03-16,0.04,tcgplayer
OP08-086,2026-03-23,0.04,tcgplayer
OP08-086,2026-03-30,0.05,tcgplayer
OP08-086,2026-04-06,0.06,tcgplayer
OP08-086,2026-04-13,0.06,tcgplayer
OP08-086,2026-04-20,0.08,tcgplayer
OP08-086,2026-04-27,0.08,tcgplayer
OP08-086,2026-05-04,0.05,tcgplayer
OP08-086,2026-05-11,0.05,tcgplayer
OP08-086,2026-05-18,0.05,tcgplayer
OP08-086,2026-05-25,0.06,tcgplayer
OP08-086,2026-06-01,0.05,tcgplayer
OP08-086,2026-06-08,0.05,tcgplayer
OP08-086,2026-06-15,0.05,tcgplayer
OP08-086,2026-06-22,0.06,tcgplayer
OP08-086,2026-06-29,0.07,tcgplayer
OP08-086,2026-07-06,0.06,tcgplayer
OP08-086,2026-07-13,0.07,tcgplayer
OP08-086,2026-07-20,0.06,tcgplayer
OP08-086,2026-07-27,0.06,tcgplayer
OP08-086,2026-08-03,0.06,tcgplayer
OP08-086,2026-08-10,0.06,tcgplayer
OP08-086,2026-08-17,0.06,tcgplayer
OP08-086,2026-08-24,0.08,tcgplayer
OP08-086,2026-08-31,0.07,tcgplayer
OP08-086,2026-09-05,0.07,limitless
OP08-087,2025-09-08,0.05,tcgplayer
OP08-087,2025-09-15,0.05,tcgplayer
OP08-087,2025-09-22,0.04,tcgplayer
OP08-087,2025-09-29,0.05,tcgplayer
OP08-087,2025-10-06,0.06,tcgplayer
OP08-087,2025-10-13,0.06,tcgplayer
OP08-087,2025-10-20,0.06,tcgplayer
OP08-087,2025-10-27,0.06,tcgplayer
OP08-087,2025-11-03,0.08,tcgplayer
OP08-087,2025-11-10,0.08,tcgplayer
OP08-087,2025-11-17,0.08,tcgplayer
OP08-087,2025-11-24,0.08,tcgplayer
OP08-087,2025-12-01,0.09,tcgplayer
OP08-087,2025-12-08,0.09,tcgplayer
OP08-087,2025-12-15,0.07,tcgplayer
OP08-087,2025-12-22,0.07,tcgplayer
OP08-087,2025-12-29,0.08,tcgplayer
OP08-087,2026-01-05,0.08,tcgplayer
OP08-087,2026-01-12,0.07,tcgplayer
OP08-087,2026-01-19,0.06,tcgplayer
OP08-087,2026-01-26,0.06,tcgplayer
OP08-087,2026-02-02,0.06,tcgplayer
OP08-087,2026-02-09,0.05,tcgplayer
OP08-087,2026-02-16,0.04,tcgplayer
OP08-087,2026-02-23,0.04,tcgplayer
OP08-087,2026-03-02,0.04,tcgplayer
OP08-087,2026-03-09,0.03,tcgplayer
OP08-087,2026-03-16,0.03,tcgplayer
OP08-087,2026-03-23,0.03,tcgplayer
OP08-087,2026-03-30,0.03,tcgplayer
OP08-087,2026-04-06,0.04,tcgplayer
OP08-087,2026-04-13,0.04,tcgplayer
OP08-087,2026-04-20,0.04,tcgplayer
OP08-087,2026-04-27,0.04,tcgplayer
OP08-087,2026-05-04,0.04,tcgplayer
OP08-087,2026-05-11,0.05,tcgplayer
OP08-087,2026-05-18,0.04,tcgplayer
OP08-087,2026-05-25,0.04,tcgplayer
OP08-087,2026-06-01,0.04,tcgplayer
OP08-087,2026-06-08,0.05,tcgplayer
OP08-087,2026-06-15,0.05,tcgplayer
OP08-087,2026-06-22,0.05,tcgplayer
OP08-087,2026-06-29,0.04,tcgplayer
OP08-087,2026-07-06,0.04,tcgplayer
OP08-087,2026-07-13,0.05,tcgplayer
OP08-087,2026-07-20,0.05,tcgplayer
OP08-087,2026-07-27,0.05,tcgplayer
OP08-087,2026-08-03,0.05,tcgplayer
OP08-087,2026-08-10,0.05,tcgplayer
OP08-087,2026-08-17,0.05,tcgplayer
OP08-087,2026-08-24,0.05,tcgplayer
OP08-087,2026-08-31,0.05,tcgplayer
OP08-087,2026-09-05,0.05,limitless
OP08-088,2025-09-08,0.05,tcgplayer
OP08-088,2025-09-15,0.05,tcgplayer
OP08-088,2025-09-22,0.05,tcgplayer
OP08-088,2025-09-29,0.05,tcgplayer
OP08-088,2025-10-06,0.05,tcgplayer
OP08-088,2025-10-13,0.05,tcgplayer
OP08-088,2025-10-20,0.04,tcgplayer
OP08-088,2025-10-27,0.03,tcgplayer
OP08-088,2025-11-03,0.04,tcgplayer
OP08-088,2025-11-10,0.04,tcgplayer
OP08-088,2025-11-17,0.05,tcgplayer
OP08-088,2025-11-24,0.04,tcgplayer
OP08-088,2025-12-01,0.04,tcgplayer
OP08-088,2025-12-08,0.04,tcgplayer
OP08-088,2025-12-15,0.05,tcgplayer
OP08-088,2025-12-22,0.04,tcgplayer
OP08-088,2025-12-29,0.04,tcgplayer
OP08-088,2026-01-05,0.03,tcgplayer
OP08-088,2026-01-12,0.03,tcgplayer
OP08-088,2026-01-19,0.03,tcgplayer
OP08-088,2026-01-26,0.03,tcgplayer
OP08-088,2026-02-02,0.03,tcgplayer
OP08-088,2026-02-09,0.03,tcgplayer
OP08-088,2026-02-16,0.03,tcgplayer
OP08-088,2026-02-23,0.03,tcgplayer
OP08-088,2026-03-02,0.03,tcgplayer
OP08-088,2026-03-09,0.03,tcgplayer
OP08-088,2026-03-16,0.03,tcgplayer
OP08-088,2026-03-23,0.04,tcgplayer
OP08-088,2026-03-30,0.04,tcgplayer
OP08-088,2026-04-06,0.06,tcgplayer
OP08-088,2026-04-13,0.06,tcgplayer
OP08-088,2026-04-20,0.06,tcgplayer
OP08-088,2026-04-27,0.06,tcgplayer
OP08-088,2026-05-04,0.06,tcgplayer
OP08-088,2026-05-11,0.06,tcgplayer
OP08-088,2026-05-18,0.05,tcgplayer
OP08-088,2026-05-25,0.05,tcgplayer
OP08-088,2026-06-01,0.05,tcgplayer
OP08-088,2026-06-08,0.05,tcgplayer
OP08-088,2026-06-15,0.04,tcgplayer
OP08-088,2026-06-22,0.05,tcgplayer
OP08-088,2026-06-29,0.05,tcgplayer
OP08-088,2026-07-06,0.05,tcgplayer
OP08-088,2026-07-13,0.05,tcgplayer
OP08-088,2026-07-20,0.05,tcgplayer
OP08-088,2026-07-27,0.07,tcgplayer
OP08-088,2026-08-03,0.08,tcgplayer
OP08-088,2026-08-10,0.08,tcgplayer
OP08-088,2026-08-17,0.08,tcgplayer
OP08-088,2026-08-24,0.08,tcgplayer
OP08-088,2026-08-31,0.08,tcgplayer
OP08-088,2026-09-05,0.08,limitless
OP08-089,2025-09-08,0.05,tcgplayer
OP08-089,2025-09-15,0.05,tcgplayer
OP08-089,2025-09-22,0.05,tcgplayer
OP08-089,2025-09-29,0.07,tcgplayer
OP08-089,2025-10-06,0.06,tcgplayer
OP08-089,2025-10-13,0.06,tcgplayer
OP08-089,2025-10-20,0.06,tcgplayer
OP08-089,2025-10-27,0.06,tcgplayer
OP08-089,2025-11-03,0.06,tcgplayer
OP08-089,2025-11-10,0.06,tcgplayer
OP08-089,2025-11-17,0.07,tcgplayer
OP08-089,2025-11-24,0.07,tcgplayer
OP08-089,2025-12-01,0.06,tcgplayer
OP08-089,2025-12-08,0.06,tcgplayer
OP08-089,2025-12-15,0.06,tcgplayer
OP08-089,2025-12-22,0.06,tcgplayer
OP08-089,2025-12-29,0.05,tcgplayer
OP08-089,2026-01-05,0.05,tcgplayer
OP08-089,2026-01-12,0.04,tcgplayer
OP08-089,2026-01-19,0.05,tcgplayer
OP08-089,2026-01-26,0.04,tcgplayer
OP08-089,2026-02-02,0.05,tcgplayer
OP08-089,2026-02-09,0.05,tcgplayer
OP08-089,2026-02-16,0.05,tcgplayer
OP08-089,2026-02-23,0.05,tcgplayer
OP08-089,2026-03-02,0.05,tcgplayer
OP08-089,2026-03-09,0.04,tcgplayer
OP08-089,2026-03-16,0.05,tcgplayer
OP08-089,2026-03-23,0.03,tcgplayer
OP08-089,2026-03-30,0.03,tcgplayer
OP08-089,2026-04-06,0.03,tcgplayer
OP08-089,2026-04-13,0.03,tcgplayer
OP08-089,2026-04-20,0.03,tcgplayer
OP08-089,2026-04-27,0.04,tcgplayer
OP08-089,2026-05-04,0.04,tcgplayer
OP08-089,2026-05-11,0.05,tcgplayer
OP08-089,2026-05-18,0.05,tcgplayer
OP08-089,2026-05-25,0.05,tcgplayer
OP08-089,2026-06-01,0.04,tcgplayer
OP08-089,2026-06-08,0.06,tcgplayer
OP08-089,2026-06-15,0.06,tcgplayer
OP08-089,2026-06-22,0.07,tcgplayer
OP08-089,2026-06-29,0.07,tcgplayer
OP08-089,2026-07-06,0.07,tcgplayer
OP08-089,2026-07-13,0.08,tcgplayer
OP08-089,2026-07-20,0.08,tcgplayer
OP08-089,2026-07-27,0.08,tcgplayer
OP08-089,2026-08-03,0.08,tcgplayer
OP08-089,2026-08-10,0.08,tcgplayer
OP08-089,2026-08-17,0.09,tcgplayer
OP08-089,2026-08-24,0.09,tcgplayer
OP08-089,2026-08-31,0.08,tcgplayer
OP08-089,2026-09-05,0.08,limitless
OP08-090,2025-09-08,0.03,tcgplayer
OP08-090,2025-09-15,0.03,tcgplayer
OP08-090,2025-09-22,0.03,tcgplayer
OP08-090,2025-09-29,0.03,tcgplayer
OP08-090,2025-10-06,0.03,tcgplayer
OP08-090,2025-10-13,0.03,tcgplayer
OP08-090,2025-10-20,0.03,tcgplayer
OP08-090,2025-10-27,0.03,tcgplayer
OP08-090,2025-11-03,0.03,tcgplayer
OP08-090,2025-11-10,0.03,tcgplayer
OP08-090,2025-11-17,0.03,tcgplayer
OP08-090,2025-11-24,0.03,tcgplayer
OP08-090,2025-12-01,0.03,tcgplayer
OP08-090,2025-12-08,0.03,tcgplayer
OP08-090,2025-12-15,0.03,tcgplayer
OP08-090,2025-12-22,0.03,tcgplayer
OP08-090,2025-12-29,0.03,tcgplayer
OP08-090,2026-01-05,0.03,tcgplayer
OP08-090,2026-01-12,0.03,tcgplayer
OP08-090,2026-01-19,0.03,tcgplayer
OP08-090,2026-01-26,0.03,tcgplayer
OP08-090,2026-02-02,0.03,tcgplayer
OP08-090,2026-02-09,0.02,tcgplayer
OP08-090,2026-02-16,0.02,tcgplayer
OP08-090,2026-02-23,0.02,tcgplayer
OP08-090,2026-03-02,0.02,tcgplayer
OP08-090,2026-03-09,0.02,tcgplayer
OP08-090,2026-03-16,0.02,tcgplayer
OP08-090,2026-03-23,0.02,tcgplayer
OP08-090,2026-03-30,0.03,tcgplayer
OP08-090,2026-04-06,0.03,tcgplayer
OP08-090,2026-04-13,0.03,tcgplayer
OP08-090,2026-04-20,0.03,tcgplayer
OP08-090,2026-04-27,0.03,tcgplayer
OP08-090,2026-05-04,0.02,tcgplayer
OP08-090,2026-05-11,0.03,tcgplayer
OP08-090,2026-05-18,0.02,tcgplayer
OP08-090,2026-05-25,0.02,tcgplayer
OP08-090,2026-06-01,0.02,tcgplayer
OP08-090,2026-06-08,0.02,tcgplayer
OP08-090,2026-06-15,0.02,tcgplayer
OP08-090,2026-06-22,0.02,tcgplayer
OP08-090,2026-06-29,0.02,tcgplayer
OP08-090,2026-07-06,0.03,tcgplayer
OP08-090,2026-07-13,0.04,tcgplayer
OP08-090,2026-07-20,0.04,tcgplayer
OP08-090,2026-07-27,0.04,tcgplayer
OP08-090,2026-08-03,0.05,tcgplayer
OP08-090,2026-08-10,0.05,tcgplayer
OP08-090,2026-08-17,0.05,tcgplayer
OP08-090,2026-08-24,0.05,tcgplayer
OP08-090,2026-08-31,0.05,tcgplayer
OP08-090,2026-09-05,0.05,limitless
OP08-091,2025-09-08,0.15,tcgplayer
OP08-091,2025-09-15,0.12,tcgplayer
OP08-091,2025-09-22,0.10,tcgplayer
OP08-091,2025-09-29,0.11,tcgplayer
OP08-091,2025-10-06,0.13,tcgplayer
OP08-091,2025-10-13,0.13,tcgplayer
OP08-091,2025-10-20,0.11,tcgplayer
OP08-091,2025-10-27,0.12,tcgplayer
OP08-091,2025-11-03,0.12,tcgplayer
OP08-091,2025-11-10,0.14,tcgplayer
OP08-091,2025-11-17,0.14,tcgplayer
OP08-091,2025-11-24,0.10,tcgplayer
OP08-091,2025-12-01,0.11,tcgplayer
OP08-091,2025-12-08,0.12,tcgplayer
OP08-091,2025-12-15,0.14,tcgplayer
OP08-091,2025-12-22,0.14,tcgplayer
OP08-091,2025-12-29,0.13,tcgplayer
OP08-091,2026-01-05,0.15,tcgplayer
OP08-091,2026-01-12,0.14,tcgplayer
OP08-091,2026-01-19,0.14,tcgplayer
OP08-091,2026-01-26,0.13,tcgplayer
OP08-091,2026-02-02,0.12,tcgplayer
OP08-091,2026-02-09,0.13,tcgplayer
OP08-091,2026-02-16,0.10,tcgplayer
OP08-091,2026-02-23,0.10,tcgplayer
OP08-091,2026-03-02,0.07,tcgplayer
OP08-091,2026-03-09,0.11,tcgplayer
OP08-091,2026-03-16,0.10,tcgplayer
OP08-091,2026-03-23,0.10,tcgplayer
OP08-091,2026-03-30,0.09,tcgplayer
OP08-091,2026-04-06,0.16,tcgplayer
OP08-091,2026-04-13,0.14,tcgplayer
OP08-091,2026-04-20,0.12,tcgplayer
OP08-091,2026-04-27,0.13,tcgplayer
OP08-091,2026-05-04,0.13,tcgplayer
OP08-091,2026-05-11,0.13,tcgplayer
OP08-091,2026-05-18,0.13,tcgplayer
OP08-091,2026-05-25,0.12,tcgplayer
OP08-091,2026-06-01,0.13,tcgplayer
OP08-091,2026-06-08,0.14,tcgplayer
OP08-091,2026-06-15,0.15,tcgplayer
OP08-091,2026-06-22,0.15,tcgplayer
OP08-091,2026-06-29,0.13,tcgplayer
OP08-091,2026-07-06,0.12,tcgplayer
OP08-091,2026-07-13,0.12,tcgplayer
OP08-091,2026-07-20,0.12,tcgplayer
OP08-091,2026-07-27,0.13,tcgplayer
OP08-091,2026-08-03,0.13,tcgplayer
OP08-091,2026-08-10,0.13,tcgplayer
OP08-091,2026-08-17,0.14,tcgplayer
OP08-091,2026-08-24,0.13,tcgplayer
OP08-091,2026-08-31,0.10,tcgplayer
OP08-091,2026-09-05,0.10,limitless
OP08-092,2025-09-08,0.07,tcgplayer
OP08-092,2025-09-15,0.07,tcgplayer
OP08-092,2025-09-22,0.07,tcgplayer
OP08-092,2025-09-29,0.08,tcgplayer
OP08-092,2025-10-06,0.06,tcgplayer
OP08-092,2025-10-13,0.06,tcgplayer
OP08-092,2025-10-20,0.05,tcgplayer
OP08-092,2025-10-27,0.07,tcgplayer
OP08-092,2025-11-03,0.09,tcgplayer
OP08-092,2025-11-10,0.10,tcgplayer
OP08-092,2025-11-17,0.09,tcgplayer
OP08-092,2025-11-24,0.09,tcgplayer
OP08-092,2025-12-01,0.08,tcgplayer
OP08-092,2025-12-08,0.06,tcgplayer
OP08-092,2025-12-15,0.05,tcgplayer
OP08-092,2025-12-22,0.05,tcgplayer
OP08-092,2025-12-29,0.07,tcgplayer
OP08-092,2026-01-05,0.06,tcgplayer
OP08-092,2026-01-12,0.08,tcgplayer
OP08-092,2026-01-19,0.07,tcgplayer
OP08-092,2026-01-26,0.06,tcgplayer
OP08-092,2026-02-02,0.04,tcgplayer
OP08-092,2026-02-09,0.04,tcgplayer
OP08-092,2026-02-16,0.06,tcgplayer
OP08-092,2026-02-23,0.06,tcgplayer
OP08-092,2026-03-02,0.07,tcgplayer
OP08-092,2026-03-09,0.08,tcgplayer
OP08-092,2026-03-16,0.08,tcgplayer
OP08-092,2026-03-23,0.07,tcgplayer
OP08-092,2026-03-30,0.08,tcgplayer
OP08-092,2026-04-06,0.08,tcgplayer
OP08-092,2026-04-13,0.07,tcgplayer
OP08-092,2026-04-20,0.05,tcgplayer
OP08-092,2026-04-27,0.05,tcgplayer
OP08-092,2026-05-04,0.05,tcgplayer
OP08-092,2026-05-11,0.09,tcgplayer
OP08-092,2026-05-18,0.10,tcgplayer
OP08-092,2026-05-25,0.08,tcgplayer
OP08-092,2026-06-01,0.10,tcgplayer
OP08-092,2026-06-08,0.11,tcgplayer
OP08-092,2026-06-15,0.11,tcgplayer
OP08-092,2026-06-22,0.10,tcgplayer
OP08-092,2026-06-29,0.09,tcgplayer
OP08-092,2026-07-06,0.09,tcgplayer
OP08-092,2026-07-13,0.08,tcgplayer
OP08-092,2026-07-20,0.07,tcgplayer
OP08-092,2026-07-27,0.06,tcgplayer
OP08-092,2026-08-03,0.07,tcgplayer
OP08-092,2026-08-10,0.07,tcgplayer
OP08-092,2026-08-17,0.08,tcgplayer
OP08-092,2026-08-24,0.07,tcgplayer
OP08-092,2026-08-31,0.07,tcgplayer
OP08-092,2026-09-05,0.07,limitless
OP08-093,2025-09-08,0.04,tcgplayer
OP08-093,2025-09-15,0.04,tcgplayer
OP08-093,2025-09-22,0.05,tcgplayer
OP08-093,2025-09-29,0.05,tcgplayer
OP08-093,2025-10-06,0.05,tcgplayer
OP08-093,2025-10-13,0.05,tcgplayer
OP08-093,2025-10-20,0.05,tcgplayer
OP08-093,2025-10-27,0.05,tcgplayer
OP08-093,2025-11-03,0.05,tcgplayer
OP08-093,2025-11-10,0.05,tcgplayer
OP08-093,2025-11-17,0.05,tcgplayer
OP08-093,2025-11-24,0.05,tcgplayer
OP08-093,2025-12-01,0.05,tcgplayer
OP08-093,2025-12-08,0.05,tcgplayer
OP08-093,2025-12-15,0.05,tcgplayer
OP08-093,2025-12-22,0.04,tcgplayer
OP08-093,2025-12-29,0.04,tcgplayer
OP08-093,2026-01-05,0.05,tcgplayer
OP08-093,2026-01-12,0.05,tcgplayer
OP08-093,2026-01-19,0.05,tcgplayer
OP08-093,2026-01-26,0.04,tcgplayer
OP08-093,2026-02-02,0.05,tcgplayer
OP08-093,2026-02-09,0.05,tcgplayer
OP08-093,2026-02-16,0.04,tcgplayer
OP08-093,2026-02-23,0.04,tcgplayer
OP08-093,2026-03-02,0.04,tcgplayer
OP08-093,2026-03-09,0.04,tcgplayer
OP08-093,2026-03-16,0.03,tcgplayer
OP08-093,2026-03-23,0.02,tcgplayer
OP08-093,2026-03-30,0.03,tcgplayer
OP08-093,2026-04-06,0.03,tcgplayer
OP08-093,2026-04-13,0.02,tcgplayer
OP08-093,2026-04-20,0.03,tcgplayer
OP08-093,2026-04-27,0.05,tcgplayer
OP08-093,2026-05-04,0.04,tcgplayer
OP08-093,2026-05-11,0.05,tcgplayer
OP08-093,2026-05-18,0.04,tcgplayer
OP08-093,2026-05-25,0.04,tcgplayer
OP08-093,2026-06-01,0.04,tcgplayer
OP08-093,2026-06-08,0.04,tcgplayer
OP08-093,2026-06-15,0.05,tcgplayer
OP08-093,2026-06-22,0.05,tcgplayer
OP08-093,2026-06-29,0.05,tcgplayer
OP08-093,2026-07-06,0.05,tcgplayer
OP08-093,2026-07-13,0.05,tcgplayer
OP08-093,2026-07-20,0.05,tcgplayer
OP08-093,2026-07-27,0.05,tcgplayer
OP08-093,2026-08-03,0.04,tcgplayer
OP08-093,2026-08-10,0.05,tcgplayer
OP08-093,2026-08-17,0.05,tcgplayer
OP08-093,2026-08-24,0.05,tcgplayer
OP08-093,2026-08-31,0.05,tcgplayer
OP08-093,2026-09-05,0.05,limitless
OP08-094,2025-09-08,0.06,tcgplayer
OP08-094,2025-09-15,0.09,tcgplayer
OP08-094,2025-09-22,0.08,tcgplayer
OP08-094,2025-09-29,0.09,tcgplayer
OP08-094,2025-10-06,0.08,tcgplayer
OP08-094,2025-10-13,0.08,tcgplayer
OP08-094,2025-10-20,0.07,tcgplayer
OP08-094,2025-10-27,0.09,tcgplayer
OP08-094,2025-11-03,0.06,tcgplayer
OP08-094,2025-11-10,0.06,tcgplayer
OP08-094,2025-11-17,0.06,tcgplayer
OP08-094,2025-11-24,0.05,tcgplayer
OP08-094,2025-12-01,0.05,tcgplayer
OP08-094,2025-12-08,0.05,tcgplayer
OP08-094,2025-12-15,0.05,tcgplayer
OP08-094,2025-12-22,0.05,tcgplayer
OP08-094,2025-12-29,0.06,tcgplayer
OP08-094,2026-01-05,0.08,tcgplayer
OP08-094,2026-01-12,0.12,tcgplayer
OP08-094,2026-01-19,0.11,tcgplayer
OP08-094,2026-01-26,0.09,tcgplayer
OP08-094,2026-02-02,0.07,tcgplayer
OP08-094,2026-02-09,0.07,tcgplayer
OP08-094,2026-02-16,0.07,tcgplayer
OP08-094,2026-02-23,0.10,tcgplayer
OP08-094,2026-03-02,0.11,tcgplayer
OP08-094,2026-03-09,0.12,tcgplayer
OP08-094,2026-03-16,0.12,tcgplayer
OP08-094,2026-03-23,0.10,tcgplayer
OP08-094,2026-03-30,0.09,tcgplayer
OP08-094,2026-04-06,0.11,tcgplayer
OP08-094,2026-04-13,0.10,tcgplayer
OP08-094,2026-04-20,0.08,tcgplayer
OP08-094,2026-04-27,0.09,tcgplayer
OP08-094,2026-05-04,0.09,tcgplayer
OP08-094,2026-05-11,0.09,tcgplayer
OP08-094,2026-05-18,0.07,tcgplayer
OP08-094,2026-05-25,0.10,tcgplayer
OP08-094,2026-06-01,0.13,tcgplayer
OP08-094,2026-06-08,0.14,tcgplayer
OP08-094,2026-06-15,0.15,tcgplayer
OP08-094,2026-06-22,0.14,tcgplayer
OP08-094,2026-06-29,0.15,tcgplayer
OP08-094,2026-07-06,0.11,tcgplayer
OP08-094,2026-07-13,0.10,tcgplayer
OP08-094,2026-07-20,0.10,tcgplayer
OP08-094,2026-07-27,0.11,tcgplayer
OP08-094,2026-08-03,0.12,tcgplayer
OP08-094,2026-08-10,0.12,tcgplayer
OP08-094,2026-08-17,0.12,tcgplayer
OP08-094,2026-08-24,0.12,tcgplayer
OP08-094,2026-08-31,0.11,tcgplayer
OP08-094,2026-09-05,0.11,limitless
OP08-095,2025-09-08,0.05,tcgplayer
OP08-095,2025-09-15,0.06,tcgplayer
OP08-095,2025-09-22,0.06,tcgplayer
OP08-095,2025-09-29,0.07,tcgplayer
OP08-095,2025-10-06,0.08,tcgplayer
OP08-095,2025-10-13,0.05,tcgplayer
OP08-095,2025-10-20,0.05,tcgplayer
OP08-095,2025-10-27,0.05,tcgplayer
OP08-095,2025-11-03,0.05,tcgplayer
OP08-095,2025-11-10,0.06,tcgplayer
OP08-095,2025-11-17,0.05,tcgplayer
OP08-095,2025-11-24,0.06,tcgplayer
OP08-095,2025-12-01,0.06,tcgplayer
OP08-095,2025-12-08,0.05,tcgplayer
OP08-095,2025-12-15,0.05,tcgplayer
OP08-095,2025-12-22,0.05,tcgplayer
OP08-095,2025-12-29,0.05,tcgplayer
OP08-095,2026-01-05,0.05,tcgplayer
OP08-095,2026-01-12,0.05,tcgplayer
OP08-095,2026-01-19,0.06,tcgplayer
OP08-095,2026-01-26,0.05,tcgplayer
OP08-095,2026-02-02,0.05,tcgplayer
OP08-095,2026-02-09,0.05,tcgplayer
OP08-095,2026-02-16,0.04,tcgplayer
OP08-095,2026-02-23,0.04,tcgplayer
OP08-095,2026-03-02,0.04,tcgplayer
OP08-095,2026-03-09,0.04,tcgplayer
OP08-095,2026-03-16,0.05,tcgplayer
OP08-095,2026-03-23,0.06,tcgplayer
OP08-095,2026-03-30,0.06,tcgplayer
OP08-095,2026-04-06,0.06,tcgplayer
OP08-095,2026-04-13,0.06,tcgplayer
OP08-095,2026-04-20,0.06,tcgplayer
OP08-095,2026-04-27,0.05,tcgplayer
OP08-095,2026-05-04,0.05,tcgplayer
OP08-095,2026-05-11,0.05,tcgplayer
OP08-095,2026-05-18,0.04,tcgplayer
OP08-095,2026-05-25,0.04,tcgplayer
OP08-095,2026-06-01,0.05,tcgplayer
OP08-095,2026-06-08,0.06,tcgplayer
OP08-095,2026-06-15,0.06,tcgplayer
OP08-095,2026-06-22,0.06,tcgplayer
OP08-095,2026-06-29,0.06,tcgplayer
OP08-095,2026-07-06,0.06,tcgplayer
OP08-095,2026-07-13,0.07,tcgplayer
OP08-095,2026-07-20,0.07,tcgplayer
OP08-095,2026-07-27,0.05,tcgplayer
OP08-095,2026-08-03,0.06,tcgplayer
OP08-095,2026-08-10,0.06,tcgplayer
OP08-095,2026-08-17,0.07,tcgplayer
OP08-095,2026-08-24,0.07,tcgplayer
OP08-095,2026-08-31,0.06,tcgplayer
OP08-095,2026-09-05,0.07,limitless
OP08-096,2025-09-08,0.09,tcgplayer
OP08-096,2025-09-15,0.09,tcgplayer
OP08-096,2025-09-22,0.09,tcgplayer
OP08-096,2025-09-29,0.06,tcgplayer
OP08-096,2025-10-06,0.06,tcgplayer
OP08-096,2025-10-13,0.07,tcgplayer
OP08-096,2025-10-20,0.06,tcgplayer
OP08-096,2025-10-27,0.05,tcgplayer
OP08-096,2025-11-03,0.06,tcgplayer
OP08-096,2025-11-10,0.05,tcgplayer
OP08-096,2025-11-17,0.08,tcgplayer
OP08-096,2025-11-24,0.08,tcgplayer
OP08-096,2025-12-01,0.09,tcgplayer
OP08-096,2025-12-08,0.09,tcgplayer
OP08-096,2025-12-15,0.08,tcgplayer
OP08-096,2025-12-22,0.07,tcgplayer
OP08-096,2025-12-29,0.07,tcgplayer
OP08-096,2026-01-05,0.06,tcgplayer
OP08-096,2026-01-12,0.14,tcgplayer
OP08-096,2026-01-19,0.14,tcgplayer
OP08-096,2026-01-26,0.10,tcgplayer
OP08-096,2026-02-02,0.11,tcgplayer
OP08-096,2026-02-09,0.11,tcgplayer
OP08-096,2026-02-16,0.09,tcgplayer
OP08-096,2026-02-23,0.09,tcgplayer
OP08-096,2026-03-02,0.07,tcgplayer
OP08-096,2026-03-09,0.07,tcgplayer
OP08-096,2026-03-16,0.06,tcgplayer
OP08-096,2026-03-23,0.06,tcgplayer
OP08-096,2026-03-30,0.06,tcgplayer
OP08-096,2026-04-06,0.08,tcgplayer
OP08-096,2026-04-13,0.08,tcgplayer
OP08-096,2026-04-20,0.11,tcgplayer
OP08-096,2026-04-27,0.08,tcgplayer
OP08-096,2026-05-04,0.09,tcgplayer
OP08-096,2026-05-11,0.09,tcgplayer
OP08-096,2026-05-18,0.09,tcgplayer
OP08-096,2026-05-25,0.08,tcgplayer
OP08-096,2026-06-01,0.08,tcgplayer
OP08-096,2026-06-08,0.12,tcgplayer
OP08-096,2026-06-15,0.11,tcgplayer
OP08-096,2026-06-22,0.10,tcgplayer
OP08-096,2026-06-29,0.10,tcgplayer
OP08-096,2026-07-06,0.09,tcgplayer
OP08-096,2026-07-13,0.08,tcgplayer
OP08-096,2026-07-20,0.07,tcgplayer
OP08-096,2026-07-27,0.06,tcgplayer
OP08-096,2026-08-03,0.06,tcgplayer
OP08-096,2026-08-10,0.05,tcgplayer
OP08-096,2026-08-17,0.07,tcgplayer
OP08-096,2026-08-24,0.07,tcgplayer
OP08-096,2026-08-31,0.06,tcgplayer
OP08-096,2026-09-05,0.06,limitless
OP08-097,2025-09-08,0.03,tcgplayer
OP08-097,2025-09-15,0.03,tcgplayer
OP08-097,2025-09-22,0.03,tcgplayer
OP08-097,2025-09-29,0.03,tcgplayer
OP08-097,2025-10-06,0.03,tcgplayer
OP08-097,2025-10-13,0.03,tcgplayer
OP08-097,2025-10-20,0.02,tcgplayer
OP08-097,2025-10-27,0.02,tcgplayer
OP08-097,2025-11-03,0.04,tcgplayer
OP08-097,2025-11-10,0.04,tcgplayer
OP08-097,2025-11-17,0.04,tcgplayer
OP08-097,2025-11-24,0.04,tcgplayer
OP08-097,2025-12-01,0.04,tcgplayer
OP08-097,2025-12-08,0.04,tcgplayer
OP08-097,2025-12-15,0.05,tcgplayer
OP08-097,2025-12-22,0.04,tcgplayer
OP08-097,2025-12-29,0.05,tcgplayer
OP08-097,2026-01-05,0.06,tcgplayer
OP08-097,2026-01-12,0.04,tcgplayer
OP08-097,2026-01-19,0.05,tcgplayer
OP08-097,2026-01-26,0.05,tcgplayer
OP08-097,2026-02-02,0.05,tcgplayer
OP08-097,2026-02-09,0.04,tcgplayer
OP08-097,2026-02-16,0.04,tcgplayer
OP08-097,2026-02-23,0.04,tcgplayer
OP08-097,2026-03-02,0.04,tcgplayer
OP08-097,2026-03-09,0.03,tcgplayer
OP08-097,2026-03-16,0.02,tcgplayer
OP08-097,2026-03-23,0.03,tcgplayer
OP08-097,2026-03-30,0.04,tcgplayer
OP08-097,2026-04-06,0.04,tcgplayer
OP08-097,2026-04-13,0.04,tcgplayer
OP08-097,2026-04-20,0.03,tcgplayer
OP08-097,2026-04-27,0.04,tcgplayer
OP08-097,2026-05-04,0.02,tcgplayer
OP08-097,2026-05-11,0.03,tcgplayer
OP08-097,2026-05-18,0.02,tcgplayer
OP08-097,2026-05-25,0.02,tcgplayer
OP08-097,2026-06-01,0.02,tcgplayer
OP08-097,2026-06-08,0.02,tcgplayer
OP08-097,2026-06-15,0.02,tcgplayer
OP08-097,2026-06-22,0.03,tcgplayer
OP08-097,2026-06-29,0.03,tcgplayer
OP08-097,2026-07-06,0.04,tcgplayer
OP08-097,2026-07-13,0.04,tcgplayer
OP08-097,2026-07-20,0.04,tcgplayer
OP08-097,2026-07-27,0.04,tcgplayer
OP08-097,2026-08-03,0.05,tcgplayer
OP08-097,2026-08-10,0.05,tcgplayer
OP08-097,2026-08-17,0.05,tcgplayer
OP08-097,2026-08-24,0.05,tcgplayer
OP08-097,2026-08-31,0.05,tcgplayer
OP08-097,2026-09-05,0.05,limitless
OP08-098,2025-09-08,0.09,tcgplayer
OP08-098,2025-09-15,0.08,tcgplayer
OP08-098,2025-09-22,0.07,tcgplayer
OP08-098,2025-09-29,0.09,tcgplayer
OP08-098,2025-10-06,0.11,tcgplayer
OP08-098,2025-10-13,0.11,tcgplayer
OP08-098,2025-10-20,0.10,tcgplayer
OP08-098,2025-10-27,0.11,tcgplayer
OP08-098,2025-11-03,0.18,tcgplayer
OP08-098,2025-11-10,0.19,tcgplayer
OP08-098,2025-11-17,0.15,tcgplayer
OP08-098,2025-11-24,0.08,tcgplayer
OP08-098,2025-12-01,0.09,tcgplayer
OP08-098,2025-12-08,0.08,tcgplayer
OP08-098,2025-12-15,0.10,tcgplayer
OP08-098,2025-12-22,0.09,tcgplayer
OP08-098,2025-12-29,0.10,tcgplayer
OP08-098,2026-01-05,0.07,tcgplayer
OP08-098,2026-01-12,0.08,tcgplayer
OP08-098,2026-01-19,0.07,tcgplayer
OP08-098,2026-01-26,0.11,tcgplayer
OP08-098,2026-02-02,0.12,tcgplayer
OP08-098,2026-02-09,0.10,tcgplayer
OP08-098,2026-02-16,0.11,tcgplayer
OP08-098,2026-02-23,0.13,tcgplayer
OP08-098,2026-03-02,0.12,tcgplayer
OP08-098,2026-03-09,0.14,tcgplayer
OP08-098,2026-03-16,0.16,tcgplayer
OP08-098,2026-03-23,0.16,tcgplayer
OP08-098,2026-03-30,0.12,tcgplayer
OP08-098,2026-04-06,0.14,tcgplayer
OP08-098,2026-04-13,0.15,tcgplayer
OP08-098,2026-04-20,0.10,tcgplayer
OP08-098,2026-04-27,0.12,tcgplayer
OP08-098,2026-05-04,0.10,tcgplayer
OP08-098,2026-05-11,0.12,tcgplayer
OP08-098,2026-05-18,0.13,tcgplayer
OP08-098,2026-05-25,0.12,tcgplayer
OP08-098,2026-06-01,0.13,tcgplayer
OP08-098,2026-06-08,0.11,tcgplayer
OP08-098,2026-06-15,0.11,tcgplayer
OP08-098,2026-06-22,0.13,tcgplayer
OP08-098,2026-06-29,0.10,tcgplayer
OP08-098,2026-07-06,0.12,tcgplayer
OP08-098,2026-07-13,0.12,tcgplayer
OP08-098,2026-07-20,0.11,tcgplayer
OP08-098,2026-07-27,0.11,tcgplayer
OP08-098,2026-08-03,0.12,tcgplayer
OP08-098,2026-08-10,0.14,tcgplayer
OP08-098,2026-08-17,0.14,tcgplayer
OP08-098,2026-08-24,0.14,tcgplayer
OP08-098,2026-08-31,0.17,tcgplayer
OP08-098,2026-09-05,0.14,limitless
OP08-098p1,2025-09-08,16.89,tcgplayer
OP08-098p1,2025-09-15,16.69,tcgplayer
OP08-098p1,2025-09-22,16.34,tcgplayer
OP08-098p1,2025-09-29,16.14,tcgplayer
OP08-098p1,2025-10-06,16.34,tcgplayer
OP08-098p1,2025-10-13,15.92,tcgplayer
OP08-098p1,2025-10-20,15.55,tcgplayer
OP08-098p1,2025-10-27,15.01,tcgplayer
OP08-098p1,2025-11-03,14.14,tcgplayer
OP08-098p1,2025-11-10,12.75,tcgplayer
OP08-098p1,2025-11-17,11.21,tcgplayer
OP08-098p1,2025-11-24,11.20,tcgplayer
OP08-098p1,2025-12-01,10.62,tcgplayer
OP08-098p1,2025-12-08,12.21,tcgplayer
OP08-098p1,2025-12-15,12.37,tcgplayer
OP08-098p1,2025-12-22,16.42,tcgplayer
OP08-098p1,2025-12-29,18.44,tcgplayer
OP08-098p1,2026-01-05,18.68,tcgplayer
OP08-098p1,2026-01-12,24.98,tcgplayer
OP08-098p1,2026-01-19,30.27,tcgplayer
OP08-098p1,2026-01-26,30.85,tcgplayer
OP08-098p1,2026-02-02,30.50,tcgplayer
OP08-098p1,2026-02-09,29.81,tcgplayer
OP08-098p1,2026-02-16,28.06,tcgplayer
OP08-098p1,2026-02-23,24.90,tcgplayer
OP08-098p1,2026-03-02,22.25,tcgplayer
OP08-098p1,2026-03-09,26.15,tcgplayer
OP08-098p1,2026-03-16,29.48,tcgplayer
OP08-098p1,2026-03-23,33.36,tcgplayer
OP08-098p1,2026-03-30,34.97,tcgplayer
OP08-098p1,2026-04-06,35.04,tcgplayer
OP08-098p1,2026-04-13,34.24,tcgplayer
OP08-098p1,2026-04-20,33.05,tcgplayer
OP08-098p1,2026-04-27,31.91,tcgplayer
OP08-098p1,2026-05-04,31.18,tcgplayer
OP08-098p1,2026-05-11,27.40,tcgplayer
OP08-098p1,2026-05-18,24.74,tcgplayer
OP08-098p1,2026-05-25,20.11,tcgplayer
OP08-098p1,2026-06-01,15.40,tcgplayer
OP08-098p1,2026-06-08,13.77,tcgplayer
OP08-098p1,2026-06-15,13.36,tcgplayer
OP08-098p1,2026-06-22,13.66,tcgplayer
OP08-098p1,2026-06-29,12.85,tcgplayer
OP08-098p1,2026-07-06,13.33,tcgplayer
OP08-098p1,2026-07-13,13.10,tcgplayer
OP08-098p1,2026-07-20,12.39,tcgplayer
OP08-098p1,2026-07-27,12.08,tcgplayer
OP08-098p1,2026-08-03,11.79,tcgplayer
OP08-098p1,2026-08-10,11.31,tcgplayer
OP08-098p1,2026-08-17,9.93,tcgplayer
OP08-098p1,2026-08-24,9.43,tcgplayer
OP08-098p1,2026-08-31,9.72,tcgplayer
OP08-098p1,2026-09-05,9.49,limitless
OP08-099,2025-09-08,0.06,tcgplayer
OP08-099,2025-09-15,0.06,tcgplayer
OP08-099,2025-09-22,0.06,tcgplayer
OP08-099,2025-09-29,0.07,tcgplayer
OP08-099,2025-10-06,0.07,tcgplayer
OP08-099,2025-10-13,0.07,tcgplayer
OP08-099,2025-10-20,0.06,tcgplayer
OP08-099,2025-10-27,0.05,tcgplayer
OP08-099,2025-11-03,0.05,tcgplayer
OP08-099,2025-11-10,0.05,tcgplayer
OP08-099,2025-11-17,0.05,tcgplayer
OP08-099,2025-11-24,0.06,tcgplayer
OP08-099,2025-12-01,0.05,tcgplayer
OP08-099,2025-12-08,0.06,tcgplayer
OP08-099,2025-12-15,0.07,tcgplayer
OP08-099,2025-12-22,0.06,tcgplayer
OP08-099,2025-12-29,0.08,tcgplayer
OP08-099,2026-01-05,0.08,tcgplayer
OP08-099,2026-01-12,0.08,tcgplayer
OP08-099,2026-01-19,0.06,tcgplayer
OP08-099,2026-01-26,0.05,tcgplayer
OP08-099,2026-02-02,0.04,tcgplayer
OP08-099,2026-02-09,0.04,tcgplayer
OP08-099,2026-02-16,0.04,tcgplayer
OP08-099,2026-02-23,0.04,tcgplayer
OP08-099,2026-03-02,0.05,tcgplayer
OP08-099,2026-03-09,0.05,tcgplayer
OP08-099,2026-03-16,0.06,tcgplayer
OP08-099,2026-03-23,0.07,tcgplayer
OP08-099,2026-03-30,0.07,tcgplayer
OP08-099,2026-04-06,0.08,tcgplayer
OP08-099,2026-04-13,0.08,tcgplayer
OP08-099,2026-04-20,0.07,tcgplayer
OP08-099,2026-04-27,0.06,tcgplayer
OP08-099,2026-05-04,0.05,tcgplayer
OP08-099,2026-05-11,0.06,tcgplayer
OP08-099,2026-05-18,0.05,tcgplayer
OP08-099,2026-05-25,0.06,tcgplayer
OP08-099,2026-06-01,0.06,tcgplayer
OP08-099,2026-06-08,0.06,tcgplayer
OP08-099,2026-06-15,0.05,tcgplayer
OP08-099,2026-06-22,0.06,tcgplayer
OP08-099,2026-06-29,0.06,tcgplayer
OP08-099,2026-07-06,0.05,tcgplayer
OP08-099,2026-07-13,0.06,tcgplayer
OP08-099,2026-07-20,0.06,tcgplayer
OP08-099,2026-07-27,0.06,tcgplayer
OP08-099,2026-08-03,0.06,tcgplayer
OP08-099,2026-08-10,0.06,tcgplayer
OP08-099,2026-08-17,0.06,tcgplayer
OP08-099,2026-08-24,0.06,tcgplayer
OP08-099,2026-08-31,0.06,tcgplayer
OP08-099,2026-09-05,0.06,limitless
OP08-100,2025-09-08,0.08,tcgplayer
OP08-100,2025-09-15,0.07,tcgplayer
OP08-100,2025-09-22,0.07,tcgplayer
OP08-100,2025-09-29,0.07,tcgplayer
OP08-100,2025-10-06,0.05,tcgplayer
OP08-100,2025-10-13,0.04,tcgplayer
OP08-100,2025-10-20,0.04,tcgplayer
OP08-100,2025-10-27,0.04,tcgplayer
OP08-100,2025-11-03,0.05,tcgplayer
OP08-100,2025-11-10,0.06,tcgplayer
OP08-100,2025-11-17,0.06,tcgplayer
OP08-100,2025-11-24,0.07,tcgplayer
OP08-100,2025-12-01,0.08,tcgplayer
OP08-100,2025-12-08,0.08,tcgplayer
OP08-100,2025-12-15,0.08,tcgplayer
OP08-100,2025-12-22,0.08,tcgplayer
OP08-100,2025-12-29,0.07,tcgplayer
OP08-100,2026-01-05,0.08,tcgplayer
OP08-100,2026-01-12,0.07,tcgplayer
OP08-100,2026-01-19,0.06,tcgplayer
OP08-100,2026-01-26,0.05,tcgplayer
OP08-100,2026-02-02,0.06,tcgplayer
OP08-100,2026-02-09,0.05,tcgplayer
OP08-100,2026-02-16,0.05,tcgplayer
OP08-100,2026-02-23,0.05,tcgplayer
OP08-100,2026-03-02,0.05,tcgplayer
OP08-100,2026-03-09,0.06,tcgplayer
OP08-100,2026-03-16,0.06,tcgplayer
OP08-100,2026-03-23,0.05,tcgplayer
OP08-100,2026-03-30,0.06,tcgplayer
OP08-100,2026-04-06,0.07,tcgplayer
OP08-100,2026-04-13,0.07,tcgplayer
OP08-100,2026-04-20,0.07,tcgplayer
OP08-100,2026-04-27,0.09,tcgplayer
OP08-100,2026-05-04,0.08,tcgplayer
OP08-100,2026-05-11,0.07,tcgplayer
OP08-100,2026-05-18,0.08,tcgplayer
OP08-100,2026-05-25,0.08,tcgplayer
OP08-100,2026-06-01,0.09,tcgplayer
OP08-100,2026-06-08,0.08,tcgplayer
OP08-100,2026-06-15,0.06,tcgplayer
OP08-100,2026-06-22,0.06,tcgplayer
OP08-100,2026-06-29,0.06,tcgplayer
OP08-100,2026-07-06,0.06,tcgplayer
OP08-100,2026-07-13,0.06,tcgplayer
OP08-100,2026-07-20,0.06,tcgplayer
OP08-100,2026-07-27,0.06,tcgplayer
OP08-100,2026-08-03,0.06,tcgplayer
OP08-100,2026-08-10,0.07,tcgplayer
OP08-100,2026-08-17,0.07,tcgplayer
OP08-100,2026-08-24,0.07,tcgplayer
OP08-100,2026-08-31,0.07,tcgplayer
OP08-100,2026-09-05,0.07,limitless
OP08-101,2025-09-08,0.06,tcgplayer
OP08-101,2025-09-15,0.05,tcgplayer
OP08-101,2025-09-22,0.05,tcgplayer
OP08-101,2025-09-29,0.04,tcgplayer
OP08-101,2025-10-06,0.05,tcgplayer
OP08-101,2025-10-13,0.05,tcgplayer
OP08-101,2025-10-20,0.04,tcgplayer
OP08-101,2025-10-27,0.04,tcgplayer
OP08-101,2025-11-03,0.04,tcgplayer
OP08-101,2025-11-10,0.04,tcgplayer
OP08-101,2025-11-17,0.05,tcgplayer
OP08-101,2025-11-24,0.04,tcgplayer
OP08-101,2025-12-01,0.04,tcgplayer
OP08-101,2025-12-08,0.05,tcgplayer
OP08-101,2025-12-15,0.04,tcgplayer
OP08-101,2025-12-22,0.04,tcgplayer
OP08-101,2025-12-29,0.05,tcgplayer
OP08-101,2026-01-05,0.05,tcgplayer
OP08-101,2026-01-12,0.05,tcgplayer
OP08-101,2026-01-19,0.04,tcgplayer
OP08-101,2026-01-26,0.05,tcgplayer
OP08-101,2026-02-02,0.05,tcgplayer
OP08-101,2026-02-09,0.06,tcgplayer
OP08-101,2026-02-16,0.06,tcgplayer
OP08-101,2026-02-23,0.06,tcgplayer
OP08-101,2026-03-02,0.06,tcgplayer
OP08-101,2026-03-09,0.06,tcgplayer
OP08-101,2026-03-16,0.04,tcgplayer
OP08-101,2026-03-23,0.04,tcgplayer
OP08-101,2026-03-30,0.05,tcgplayer
OP08-101,2026-04-06,0.07,tcgplayer
OP08-101,2026-04-13,0.08,tcgplayer
OP08-101,2026-04-20,0.08,tcgplayer
OP08-101,2026-04-27,0.06,tcgplayer
OP08-101,2026-05-04,0.05,tcgplayer
OP08-101,2026-05-11,0.06,tcgplayer
OP08-101,2026-05-18,0.05,tcgplayer
OP08-101,2026-05-25,0.04,tcgplayer
OP08-101,2026-06-01,0.04,tcgplayer
OP08-101,2026-06-08,0.04,tcgplayer
OP08-101,2026-06-15,0.04,tcgplayer
OP08-101,2026-06-22,0.05,tcgplayer
OP08-101,2026-06-29,0.05,tcgplayer
OP08-101,2026-07-06,0.06,tcgplayer
OP08-101,2026-07-13,0.06,tcgplayer
OP08-101,2026-07-20,0.06,tcgplayer
OP08-101,2026-07-27,0.06,tcgplayer
OP08-101,2026-08-03,0.05,tcgplayer
OP08-101,2026-08-10,0.04,tcgplayer
OP08-101,2026-08-17,0.05,tcgplayer
OP08-101,2026-08-24,0.05,tcgplayer
OP08-101,2026-08-31,0.05,tcgplayer
OP08-101,2026-09-05,0.05,limitless
OP08-102,2025-09-08,0.05,tcgplayer
OP08-102,2025-09-15,0.05,tcgplayer
OP08-102,2025-09-22,0.06,tcgplayer
OP08-102,2025-09-29,0.06,tcgplayer
OP08-102,2025-10-06,0.04,tcgplayer
OP08-102,2025-10-13,0.05,tcgplayer
OP08-102,2025-10-20,0.05,tcgplayer
OP08-102,2025-10-27,0.04,tcgplayer
OP08-102,2025-11-03,0.04,tcgplayer
OP08-102,2025-11-10,0.05,tcgplayer
OP08-102,2025-11-17,0.05,tcgplayer
OP08-102,2025-11-24,0.05,tcgplayer
OP08-102,2025-12-01,0.04,tcgplayer
OP08-102,2025-12-08,0.04,tcgplayer
OP08-102,2025-12-15,0.04,tcgplayer
OP08-102,2025-12-22,0.04,tcgplayer
OP08-102,2025-12-29,0.04,tcgplayer
OP08-102,2026-01-05,0.04,tcgplayer
OP08-102,2026-01-12,0.04,tcgplayer
OP08-102,2026-01-19,0.04,tcgplayer
OP08-102,2026-01-26,0.04,tcgplayer
OP08-102,2026-02-02,0.04,tcgplayer
OP08-102,2026-02-09,0.04,tcgplayer
OP08-102,2026-02-16,0.04,tcgplayer
OP08-102,2026-02-23,0.07,tcgplayer
OP08-102,2026-03-02,0.07,tcgplayer
OP08-102,2026-03-09,0.07,tcgplayer
OP08-102,2026-03-16,0.07,tcgplayer
OP08-102,2026-03-23,0.08,tcgplayer
OP08-102,2026-03-30,0.09,tcgplayer
OP08-102,2026-04-06,0.09,tcgplayer
OP08-102,2026-04-13,0.09,tcgplayer
OP08-102,2026-04-20,0.05,tcgplayer
OP08-102,2026-04-27,0.05,tcgplayer
OP08-102,2026-05-04,0.04,tcgplayer
OP08-102,2026-05-11,0.05,tcgplayer
OP08-102,2026-05-18,0.05,tcgplayer
OP08-102,2026-05-25,0.05,tcgplayer
OP08-102,2026-06-01,0.05,tcgplayer
OP08-102,2026-06-08,0.06,tcgplayer
OP08-102,2026-06-15,0.06,tcgplayer
OP08-102,2026-06-22,0.06,tcgplayer
OP08-102,2026-06-29,0.06,tcgplayer
OP08-102,2026-07-06,0.06,tcgplayer
OP08-102,2026-07-13,0.06,tcgplayer
OP08-102,2026-07-20,0.06,tcgplayer
OP08-102,2026-07-27,0.06,tcgplayer
OP08-102,2026-08-03,0.08,tcgplayer
OP08-102,2026-08-10,0.09,tcgplayer
OP08-102,2026-08-17,0.09,tcgplayer
OP08-102,2026-08-24,0.09,tcgplayer
OP08-102,2026-08-31,0.09,tcgplayer
OP08-102,2026-09-05,0.09,limitless
OP08-103,2025-09-08,0.07,tcgplayer
OP08-103,2025-09-15,0.08,tcgplayer
OP08-103,2025-09-22,0.07,tcgplayer
OP08-103,2025-09-29,0.09,tcgplayer
OP08-103,2025-10-06,0.07,tcgplayer
OP08-103,2025-10-13,0.08,tcgplayer
OP08-103,2025-10-20,0.08,tcgplayer
OP08-103,2025-10-27,0.06,tcgplayer
OP08-103,2025-11-03,0.07,tcgplayer
OP08-103,2025-11-10,0.07,tcgplayer
OP08-103,2025-11-17,0.07,tcgplayer
OP08-103,2025-11-24,0.07,tcgplayer
OP08-103,2025-12-01,0.06,tcgplayer
OP08-103,2025-12-08,0.05,tcgplayer
OP08-103,2025-12-15,0.05,tcgplayer
OP08-103,2025-12-22,0.06,tcgplayer
OP08-103,2025-12-29,0.06,tcgplayer
OP08-103,2026-01-05,0.07,tcgplayer
OP08-103,2026-01-12,0.07,tcgplayer
OP08-103,2026-01-19,0.09,tcgplayer
OP08-103,2026-01-26,0.07,tcgplayer
OP08-103,2026-02-02,0.06,tcgplayer
OP08-103,2026-02-09,0.06,tcgplayer
OP08-103,2026-02-16,0.04,tcgplayer
OP08-103,2026-02-23,0.03,tcgplayer
OP08-103,2026-03-02,0.04,tcgplayer
OP08-103,2026-03-09,0.04,tcgplayer
OP08-103,2026-03-16,0.04,tcgplayer
OP08-103,2026-03-23,0.06,tcgplayer
OP08-103,2026-03-30,0.07,tcgplayer
OP08-103,2026-04-06,0.07,tcgplayer
OP08-103,2026-04-13,0.07,tcgplayer
OP08-103,2026-04-20,0.07,tcgplayer
OP08-103,2026-04-27,0.07,tcgplayer
OP08-103,2026-05-04,0.07,tcgplayer
OP08-103,2026-05-11,0.07,tcgplayer
OP08-103,2026-05-18,0.07,tcgplayer
OP08-103,2026-05-25,0.08,tcgplayer
OP08-103,2026-06-01,0.09,tcgplayer
OP08-103,2026-06-08,0.08,tcgplayer
OP08-103,2026-06-15,0.07,tcgplayer
OP08-103,2026-06-22,0.07,tcgplayer
OP08-103,2026-06-29,0.07,tcgplayer
OP08-103,2026-07-06,0.07,tcgplayer
OP08-103,2026-07-13,0.08,tcgplayer
OP08-103,2026-07-20,0.07,tcgplayer
OP08-103,2026-07-27,0.07,tcgplayer
OP08-103,2026-08-03,0.06,tcgplayer
OP08-103,2026-08-10,0.06,tcgplayer
OP08-103,2026-08-17,0.06,tcgplayer
OP08-103,2026-08-24,0.06,tcgplayer
OP08-103,2026-08-31,0.05,tcgplayer
OP08-103,2026-09-05,0.05,limitless
OP08-104,2025-09-08,0.08,tcgplayer
OP08-104,2025-09-15,0.09,tcgplayer
OP08-104,2025-09-22,0.09,tcgplayer
OP08-104,2025-09-29,0.10,tcgplayer
OP08-104,2025-10-06,0.11,tcgplayer
OP08-104,2025-10-13,0.09,tcgplayer
OP08-104,2025-10-20,0.07,tcgplayer
OP08-104,2025-10-27,0.08,tcgplayer
OP08-104,2025-11-03,0.07,tcgplayer
OP08-104,2025-11-10,0.08,tcgplayer
OP08-104,2025-11-17,0.08,tcgplayer
OP08-104,2025-11-24,0.08,tcgplayer
OP08-104,2025-12-01,0.07,tcgplayer
OP08-104,2025-12-08,0.07,tcgplayer
OP08-104,2025-12-15,0.06,tcgplayer
OP08-104,2025-12-22,0.06,tcgplayer
OP08-104,2025-12-29,0.06,tcgplayer
OP08-104,2026-01-05,0.07,tcgplayer
OP08-104,2026-01-12,0.08,tcgplayer
OP08-104,2026-01-19,0.09,tcgplayer
OP08-104,2026-01-26,0.09,tcgplayer
OP08-104,2026-02-02,0.07,tcgplayer
OP08-104,2026-02-09,0.06,tcgplayer
OP08-104,2026-02-16,0.06,tcgplayer
OP08-104,2026-02-23,0.07,tcgplayer
OP08-104,2026-03-02,0.07,tcgplayer
OP08-104,2026-03-09,0.08,tcgplayer
OP08-104,2026-03-16,0.08,tcgplayer
OP08-104,2026-03-23,0.09,tcgplayer
OP08-104,2026-03-30,0.11,tcgplayer
OP08-104,2026-04-06,0.10,tcgplayer
OP08-104,2026-04-13,0.10,tcgplayer
OP08-104,2026-04-20,0.09,tcgplayer
OP08-104,2026-04-27,0.09,tcgplayer
OP08-104,2026-05-04,0.07,tcgplayer
OP08-104,2026-05-11,0.06,tcgplayer
OP08-104,2026-05-18,0.06,tcgplayer
OP08-104,2026-05-25,0.06,tcgplayer
OP08-104,2026-06-01,0.08,tcgplayer
OP08-104,2026-06-08,0.07,tcgplayer
OP08-104,2026-06-15,0.08,tcgplayer
OP08-104,2026-06-22,0.09,tcgplayer
OP08-104,2026-06-29,0.07,tcgplayer
OP08-104,2026-07-06,0.07,tcgplayer
OP08-104,2026-07-13,0.08,tcgplayer
OP08-104,2026-07-20,0.07,tcgplayer
OP08-104,2026-07-27,0.07,tcgplayer
OP08-104,2026-08-03,0.07,tcgplayer
OP08-104,2026-08-10,0.07,tcgplayer
OP08-104,2026-08-17,0.09,tcgplayer
OP08-104,2026-08-24,0.11,tcgplayer
OP08-104,2026-08-31,0.12,tcgplayer
OP08-104,2026-09-05,0.12,limitless
OP08-105,2025-09-08,0.71,tcgplayer
OP08-105,2025-09-15,0.76,tcgplayer
OP08-105,2025-09-22,0.77,tcgplayer
OP08-105,2025-09-29,0.67,tcgplayer
OP08-105,2025-10-06,0.60,tcgplayer
OP08-105,2025-10-13,0.92,tcgplayer
OP08-105,2025-10-20,0.94,tcgplayer
OP08-105,2025-10-27,0.96,tcgplayer
OP08-105,2025-11-03,1.70,tcgplayer
OP08-105,2025-11-10,2.07,tcgplayer
OP08-105,2025-11-17,1.95,tcgplayer
OP08-105,2025-11-24,2.97,tcgplayer
OP08-105,2025-12-01,3.45,tcgplayer
OP08-105,2025-12-08,3.08,tcgplayer
OP08-105,2025-12-15,2.39,tcgplayer
OP08-105,2025-12-22,1.56,tcgplayer
OP08-105,2025-12-29,1.86,tcgplayer
OP08-105,2026-01-05,1.45,tcgplayer
OP08-105,2026-01-12,1.34,tcgplayer
OP08-105,2026-01-19,1.82,tcgplayer
OP08-105,2026-01-26,1.35,tcgplayer
OP08-105,2026-02-02,1.08,tcgplayer
OP08-105,2026-02-09,1.45,tcgplayer
OP08-105,2026-02-16,1.12,tcgplayer
OP08-105,2026-02-23,1.50,tcgplayer
OP08-105,2026-03-02,1.14,tcgplayer
OP08-105,2026-03-09,1.41,tcgplayer
OP08-105,2026-03-16,1.32,tcgplayer
OP08-105,2026-03-23,1.13,tcgplayer
OP08-105,2026-03-30,0.97,tcgplayer
OP08-105,2026-04-06,0.95,tcgplayer
OP08-105,2026-04-13,1.18,tcgplayer
OP08-105,2026-04-20,1.04,tcgplayer
OP08-105,2026-04-27,1.05,tcgplayer
OP08-105,2026-05-04,0.90,tcgplayer
OP08-105,2026-05-11,0.93,tcgplayer
OP08-105,2026-05-18,1.01,tcgplayer
OP08-105,2026-05-25,0.87,tcgplayer
OP08-105,2026-06-01,0.80,tcgplayer
OP08-105,2026-06-08,0.79,tcgplayer
OP08-105,2026-06-15,0.87,tcgplayer
OP08-105,2026-06-22,0.83,tcgplayer
OP08-105,2026-06-29,0.76,tcgplayer
OP08-105,2026-07-06,0.94,tcgplayer
OP08-105,2026-07-13,1.30,tcgplayer
OP08-105,2026-07-20,1.22,tcgplayer
OP08-105,2026-07-27,1.26,tcgplayer
OP08-105,2026-08-03,1.29,tcgplayer
OP08-105,2026-08-10,1.28,tcgplayer
OP08-105,2026-08-17,0.99,tcgplayer
OP08-105,2026-08-24,0.97,tcgplayer
OP08-105,2026-08-31,1.43,tcgplayer
OP08-105,2026-09-05,1.21,limitless
OP08-105p1,2025-09-08,16.02,tcgplayer
OP08-105p1,2025-09-15,15.98,tcgplayer
OP08-105p1,2025-09-22,15.47,tcgplayer
OP08-105p1,2025-09-29,15.62,tcgplayer
OP08-105p1,2025-10-06,14.77,tcgplayer
OP08-105p1,2025-10-13,15.29,tcgplayer
OP08-105p1,2025-10-20,15.57,tcgplayer
OP08-105p1,2025-10-27,15.54,tcgplayer
OP08-105p1,2025-11-03,15.37,tcgplayer
OP08-105p1,2025-11-10,16.26,tcgplayer
OP08-105p1,2025-11-17,16.22,tcgplayer
OP08-105p1,2025-11-24,15.79,tcgplayer
OP08-105p1,2025-12-01,17.18,tcgplayer
OP08-105p1,2025-12-08,17.55,tcgplayer
OP08-105p1,2025-12-15,18.49,tcgplayer
OP08-105p1,2025-12-22,18.68,tcgplayer
OP08-105p1,2025-12-29,18.77,tcgplayer
OP08-105p1,2026-01-05,18.42,tcgplayer
OP08-105p1,2026-01-12,18.09,tcgplayer
OP08-105p1,2026-01-19,17.75,tcgplayer
OP08-105p1,2026-01-26,17.80,tcgplayer
OP08-105p1,2026-02-02,17.85,tcgplayer
OP08-105p1,2026-02-09,17.86,tcgplayer
OP08-105p1,2026-02-16,16.52,tcgplayer
OP08-105p1,2026-02-23,14.94,tcgplayer
OP08-105p1,2026-03-02,13.74,tcgplayer
OP08-105p1,2026-03-09,12.27,tcgplayer
OP08-105p1,2026-03-16,11.14,tcgplayer
OP08-105p1,2026-03-23,9.58,tcgplayer
OP08-105p1,2026-03-30,8.87,tcgplayer
OP08-105p1,2026-04-06,8.72,tcgplayer
OP08-105p1,2026-04-13,8.82,tcgplayer
OP08-105p1,2026-04-20,8.63,tcgplayer
OP08-105p1,2026-04-27,8.54,tcgplayer
OP08-105p1,2026-05-04,8.55,tcgplayer
OP08-105p1,2026-05-11,8.54,tcgplayer
OP08-105p1,2026-05-18,8.67,tcgplayer
OP08-105p1,2026-05-25,9.10,tcgplayer
OP08-105p1,2026-06-01,9.28,tcgplayer
OP08-105p1,2026-06-08,9.33,tcgplayer
OP08-105p1,2026-06-15,9.73,tcgplayer
OP08-105p1,2026-06-22,10.07,tcgplayer
OP08-105p1,2026-06-29,9.99,tcgplayer
OP08-105p1,2026-07-06,14.76,tcgplayer
OP08-105p1,2026-07-13,18.47,tcgplayer
OP08-105p1,2026-07-20,18.94,tcgplayer
OP08-105p1,2026-07-27,18.86,tcgplayer
OP08-105p1,2026-08-03,19.23,tcgplayer
OP08-105p1,2026-08-10,17.90,tcgplayer
OP08-105p1,2026-08-17,16.78,tcgplayer
OP08-105p1,2026-08-24,16.57,tcgplayer
OP08-105p1,2026-08-31,16.29,tcgplayer
OP08-105p1,2026-09-05,16.55,limitless
OP08-106,2025-09-08,3.57,tcgplayer
OP08-106,2025-09-15,3.70,tcgplayer
OP08-106,2025-09-22,4.26,tcgplayer
OP08-106,2025-09-29,3.98,tcgplayer
OP08-106,2025-10-06,4.26,tcgplayer
OP08-106,2025-10-13,4.24,tcgplayer
OP08-106,2025-10-20,4.70,tcgplayer
OP08-106,2025-10-27,4.50,tcgplayer
OP08-106,2025-11-03,5.68,tcgplayer
OP08-106,2025-11-10,6.32,tcgplayer
OP08-106,2025-11-17,6.85,tcgplayer
OP08-106,2025-11-24,7.50,tcgplayer
OP08-106,2025-12-01,6.48,tcgplayer
OP08-106,2025-12-08,6.14,tcgplayer
OP08-106,2025-12-15,6.89,tcgplayer
OP08-106,2025-12-22,6.02,tcgplayer
OP08-106,2025-12-29,6.89,tcgplayer
OP08-106,2026-01-05,7.54,tcgplayer
OP08-106,2026-01-12,9.48,tcgplayer
OP08-106,2026-01-19,16.82,tcgplayer
OP08-106,2026-01-26,13.09,tcgplayer
OP08-106,2026-02-02,7.88,tcgplayer
OP08-106,2026-02-09,8.41,tcgplayer
OP08-106,2026-02-16,6.52,tcgplayer
OP08-106,2026-02-23,5.70,tcgplayer
OP08-106,2026-03-02,4.30,tcgplayer
OP08-106,2026-03-09,3.79,tcgplayer
OP08-106,2026-03-16,4.23,tcgplayer
OP08-106,2026-03-23,3.52,tcgplayer
OP08-106,2026-03-30,3.90,tcgplayer
OP08-106,2026-04-06,2.93,tcgplayer
OP08-106,2026-04-13,3.19,tcgplayer
OP08-106,2026-04-20,3.59,tcgplayer
OP08-106,2026-04-27,2.90,tcgplayer
OP08-106,2026-05-04,3.84,tcgplayer
OP08-106,2026-05-11,3.69,tcgplayer
OP08-106,2026-05-18,3.89,tcgplayer
OP08-106,2026-05-25,3.81,tcgplayer
OP08-106,2026-06-01,3.33,tcgplayer
OP08-106,2026-06-08,3.67,tcgplayer
OP08-106,2026-06-15,5.64,tcgplayer
OP08-106,2026-06-22,5.90,tcgplayer
OP08-106,2026-06-29,5.58,tcgplayer
OP08-106,2026-07-06,5.23,tcgplayer
OP08-106,2026-07-13,5.58,tcgplayer
OP08-106,2026-07-20,4.83,tcgplayer
OP08-106,2026-07-27,3.81,tcgplayer
OP08-106,2026-08-03,3.19,tcgplayer
OP08-106,2026-08-10,2.99,tcgplayer
OP08-106,2026-08-17,3.05,tcgplayer
OP08-106,2026-08-24,2.59,tcgplayer
OP08-106,2026-08-31,2.56,tcgplayer
OP08-106,2026-09-05,2.55,limitless
OP08-106p1,2025-09-08,23.00,tcgplayer
OP08-106p1,2025-09-15,23.53,tcgplayer
OP08-106p1,2025-09-22,24.65,tcgplayer
OP08-106p1,2025-09-29,24.95,tcgplayer
OP08-106p1,2025-10-06,25.06,tcgplayer
OP08-106p1,2025-10-13,24.17,tcgplayer
OP08-106p1,2025-10-20,24.27,tcgplayer
OP08-106p1,2025-10-27,24.43,tcgplayer
OP08-106p1,2025-11-03,24.16,tcgplayer
OP08-106p1,2025-11-10,24.85,tcgplayer
OP08-106p1,2025-11-17,26.02,tcgplayer
OP08-106p1,2025-11-24,30.00,tcgplayer
OP08-106p1,2025-12-01,35.49,tcgplayer
OP08-106p1,2025-12-08,33.30,tcgplayer
OP08-106p1,2025-12-15,29.76,tcgplayer
OP08-106p1,2025-12-22,31.64,tcgplayer
OP08-106p1,2025-12-29,34.30,tcgplayer
OP08-106p1,2026-01-05,37.75,tcgplayer
OP08-106p1,2026-01-12,38.31,tcgplayer
OP08-106p1,2026-01-19,45.67,tcgplayer
OP08-106p1,2026-01-26,47.23,tcgplayer
OP08-106p1,2026-02-02,47.51,tcgplayer
OP08-106p1,2026-02-09,43.71,tcgplayer
OP08-106p1,2026-02-16,41.26,tcgplayer
OP08-106p1,2026-02-23,35.62,tcgplayer
OP08-106p1,2026-03-02,31.61,tcgplayer
OP08-106p1,2026-03-09,29.81,tcgplayer
OP08-106p1,2026-03-16,27.42,tcgplayer
OP08-106p1,2026-03-23,26.37,tcgplayer
OP08-106p1,2026-03-30,25.01,tcgplayer
OP08-106p1,2026-04-06,24.42,tcgplayer
OP08-106p1,2026-04-13,24.20,tcgplayer
OP08-106p1,2026-04-20,24.23,tcgplayer
OP08-106p1,2026-04-27,23.91,tcgplayer
OP08-106p1,2026-05-04,23.12,tcgplayer
OP08-106p1,2026-05-11,23.07,tcgplayer
OP08-106p1,2026-05-18,22.88,tcgplayer
OP08-106p1,2026-05-25,22.94,tcgplayer
OP08-106p1,2026-06-01,22.60,tcgplayer
OP08-106p1,2026-06-08,22.98,tcgplayer
OP08-106p1,2026-06-15,26.01,tcgplayer
OP08-106p1,2026-06-22,28.16,tcgplayer
OP08-106p1,2026-06-29,27.73,tcgplayer
OP08-106p1,2026-07-06,28.84,tcgplayer
OP08-106p1,2026-07-13,29.03,tcgplayer
OP08-106p1,2026-07-20,28.48,tcgplayer
OP08-106p1,2026-07-27,27.55,tcgplayer
OP08-106p1,2026-08-03,25.21,tcgplayer
OP08-106p1,2026-08-10,20.44,tcgplayer
OP08-106p1,2026-08-17,19.53,tcgplayer
OP08-106p1,2026-08-24,18.90,tcgplayer
OP08-106p1,2026-08-31,18.83,tcgplayer
OP08-106p1,2026-09-05,18.83,limitless
OP08-107,2025-09-08,0.03,tcgplayer
OP08-107,2025-09-15,0.03,tcgplayer
OP08-107,2025-09-22,0.03,tcgplayer
OP08-107,2025-09-29,0.03,tcgplayer
OP08-107,2025-10-06,0.03,tcgplayer
OP08-107,2025-10-13,0.03,tcgplayer
OP08-107,2025-10-20,0.02,tcgplayer
OP08-107,2025-10-27,0.02,tcgplayer
OP08-107,2025-11-03,0.03,tcgplayer
OP08-107,2025-11-10,0.03,tcgplayer
OP08-107,2025-11-17,0.03,tcgplayer
OP08-107,2025-11-24,0.03,tcgplayer
OP08-107,2025-12-01,0.03,tcgplayer
OP08-107,2025-12-08,0.03,tcgplayer
OP08-107,2025-12-15,0.03,tcgplayer
OP08-107,2025-12-22,0.03,tcgplayer
OP08-107,2025-12-29,0.03,tcgplayer
OP08-107,2026-01-05,0.02,tcgplayer
OP08-107,2026-01-12,0.03,tcgplayer
OP08-107,2026-01-19,0.03,tcgplayer
OP08-107,2026-01-26,0.03,tcgplayer
OP08-107,2026-02-02,0.03,tcgplayer
OP08-107,2026-02-09,0.03,tcgplayer
OP08-107,2026-02-16,0.03,tcgplayer
OP08-107,2026-02-23,0.03,tcgplayer
OP08-107,2026-03-02,0.03,tcgplayer
OP08-107,2026-03-09,0.03,tcgplayer
OP08-107,2026-03-16,0.03,tcgplayer
OP08-107,2026-03-23,0.03,tcgplayer
OP08-107,2026-03-30,0.04,tcgplayer
OP08-107,2026-04-06,0.03,tcgplayer
OP08-107,2026-04-13,0.03,tcgplayer
OP08-107,2026-04-20,0.03,tcgplayer
OP08-107,2026-04-27,0.02,tcgplayer
OP08-107,2026-05-04,0.02,tcgplayer
OP08-107,2026-05-11,0.04,tcgplayer
OP08-107,2026-05-18,0.04,tcgplayer
OP08-107,2026-05-25,0.04,tcgplayer
OP08-107,2026-06-01,0.04,tcgplayer
OP08-107,2026-06-08,0.04,tcgplayer
OP08-107,2026-06-15,0.05,tcgplayer
OP08-107,2026-06-22,0.05,tcgplayer
OP08-107,2026-06-29,0.03,tcgplayer
OP08-107,2026-07-06,0.03,tcgplayer
OP08-107,2026-07-13,0.05,tcgplayer
OP08-107,2026-07-20,0.05,tcgplayer
OP08-107,2026-07-27,0.05,tcgplayer
OP08-107,2026-08-03,0.05,tcgplayer
OP08-107,2026-08-10,0.05,tcgplayer
OP08-107,2026-08-17,0.05,tcgplayer
OP08-107,2026-08-24,0.05,tcgplayer
OP08-107,2026-08-31,0.06,tcgplayer
OP08-107,2026-09-05,0.06,limitless
OP08-108,2025-09-08,0.04,tcgplayer
OP08-108,2025-09-15,0.04,tcgplayer
OP08-108,2025-09-22,0.04,tcgplayer
OP08-108,2025-09-29,0.04,tcgplayer
OP08-108,2025-10-06,0.04,tcgplayer
OP08-108,2025-10-13,0.04,tcgplayer
OP08-108,2025-10-20,0.04,tcgplayer
OP08-108,2025-10-27,0.04,tcgplayer
OP08-108,2025-11-03,0.04,tcgplayer
OP08-108,2025-11-10,0.04,tcgplayer
OP08-108,2025-11-17,0.04,tcgplayer
OP08-108,2025-11-24,0.04,tcgplayer
OP08-108,2025-12-01,0.03,tcgplayer
OP08-108,2025-12-08,0.03,tcgplayer
OP08-108,2025-12-15,0.03,tcgplayer
OP08-108,2025-12-22,0.03,tcgplayer
OP08-108,2025-12-29,0.03,tcgplayer
OP08-108,2026-01-05,0.03,tcgplayer
OP08-108,2026-01-12,0.03,tcgplayer
OP08-108,2026-01-19,0.03,tcgplayer
OP08-108,2026-01-26,0.03,tcgplayer
OP08-108,2026-02-02,0.05,tcgplayer
OP08-108,2026-02-09,0.04,tcgplayer
OP08-108,2026-02-16,0.04,tcgplayer
OP08-108,2026-02-23,0.04,tcgplayer
OP08-108,2026-03-02,0.04,tcgplayer
OP08-108,2026-03-09,0.04,tcgplayer
OP08-108,2026-03-16,0.04,tcgplayer
OP08-108,2026-03-23,0.04,tcgplayer
OP08-108,2026-03-30,0.03,tcgplayer
OP08-108,2026-04-06,0.02,tcgplayer
OP08-108,2026-04-13,0.03,tcgplayer
OP08-108,2026-04-20,0.03,tcgplayer
OP08-108,2026-04-27,0.03,tcgplayer
OP08-108,2026-05-04,0.02,tcgplayer
OP08-108,2026-05-11,0.02,tcgplayer
OP08-108,2026-05-18,0.02,tcgplayer
OP08-108,2026-05-25,0.03,tcgplayer
OP08-108,2026-06-01,0.03,tcgplayer
OP08-108,2026-06-08,0.03,tcgplayer
OP08-108,2026-06-15,0.04,tcgplayer
OP08-108,2026-06-22,0.04,tcgplayer
OP08-108,2026-06-29,0.05,tcgplayer
OP08-108,2026-07-06,0.05,tcgplayer
OP08-108,2026-07-13,0.05,tcgplayer
OP08-108,2026-07-20,0.05,tcgplayer
OP08-108,2026-07-27,0.06,tcgplayer
OP08-108,2026-08-03,0.06,tcgplayer
OP08-108,2026-08-10,0.06,tcgplayer
OP08-108,2026-08-17,0.06,tcgplayer
OP08-108,2026-08-24,0.06,tcgplayer
OP08-108,2026-08-31,0.06,tcgplayer
OP08-108,2026-09-05,0.06,limitless
OP08-109,2025-09-08,0.09,tcgplayer
OP08-109,2025-09-15,0.11,tcgplayer
OP08-109,2025-09-22,0.09,tcgplayer
OP08-109,2025-09-29,0.14,tcgplayer
OP08-109,2025-10-06,0.14,tcgplayer
OP08-109,2025-10-13,0.14,tcgplayer
OP08-109,2025-10-20,0.14,tcgplayer
OP08-109,2025-10-27,0.14,tcgplayer
OP08-109,2025-11-03,0.10,tcgplayer
OP08-109,2025-11-10,0.10,tcgplayer
OP08-109,2025-11-17,0.10,tcgplayer
OP08-109,2025-11-24,0.10,tcgplayer
OP08-109,2025-12-01,0.11,tcgplayer
OP08-109,2025-12-08,0.09,tcgplayer
OP08-109,2025-12-15,0.12,tcgplayer
OP08-109,2025-12-22,0.11,tcgplayer
OP08-109,2025-12-29,0.09,tcgplayer
OP08-109,2026-01-05,0.09,tcgplayer
OP08-109,2026-01-12,0.10,tcgplayer
OP08-109,2026-01-19,0.08,tcgplayer
OP08-109,2026-01-26,0.11,tcgplayer
OP08-109,2026-02-02,0.12,tcgplayer
OP08-109,2026-02-09,0.09,tcgplayer
OP08-109,2026-02-16,0.11,tcgplayer
OP08-109,2026-02-23,0.12,tcgplayer
OP08-109,2026-03-02,0.09,tcgplayer
OP08-109,2026-03-09,0.11,tcgplayer
OP08-109,2026-03-16,0.13,tcgplayer
OP08-109,2026-03-23,0.15,tcgplayer
OP08-109,2026-03-30,0.14,tcgplayer
OP08-109,2026-04-06,0.12,tcgplayer
OP08-109,2026-04-13,0.14,tcgplayer
OP08-109,2026-04-20,0.12,tcgplayer
OP08-109,2026-04-27,0.13,tcgplayer
OP08-109,2026-05-04,0.17,tcgplayer
OP08-109,2026-05-11,0.17,tcgplayer
OP08-109,2026-05-18,0.12,tcgplayer
OP08-109,2026-05-25,0.12,tcgplayer
OP08-109,2026-06-01,0.13,tcgplayer
OP08-109,2026-06-08,0.11,tcgplayer
OP08-109,2026-06-15,0.12,tcgplayer
OP08-109,2026-06-22,0.12,tcgplayer
OP08-109,2026-06-29,0.14,tcgplayer
OP08-109,2026-07-06,0.15,tcgplayer
OP08-109,2026-07-13,0.15,tcgplayer
OP08-109,2026-07-20,0.18,tcgplayer
OP08-109,2026-07-27,0.18,tcgplayer
OP08-109,2026-08-03,0.18,tcgplayer
OP08-109,2026-08-10,0.16,tcgplayer
OP08-109,2026-08-17,0.20,tcgplayer
OP08-109,2026-08-24,0.16,tcgplayer
OP08-109,2026-08-31,0.17,tcgplayer
OP08-109,2026-09-05,0.17,limitless
OP08-110,2025-09-08,0.10,tcgplayer
OP08-110,2025-09-15,0.12,tcgplayer
OP08-110,2025-09-22,0.13,tcgplayer
OP08-110,2025-09-29,0.16,tcgplayer
OP08-110,2025-10-06,0.16,tcgplayer
OP08-110,2025-10-13,0.16,tcgplayer
OP08-110,2025-10-20,0.16,tcgplayer
OP08-110,2025-10-27,0.18,tcgplayer
OP08-110,2025-11-03,0.17,tcgplayer
OP08-110,2025-11-10,0.18,tcgplayer
OP08-110,2025-11-17,0.21,tcgplayer
OP08-110,2025-11-24,0.22,tcgplayer
OP08-110,2025-12-01,0.16,tcgplayer
OP08-110,2025-12-08,0.15,tcgplayer
OP08-110,2025-12-15,0.15,tcgplayer
OP08-110,2025-12-22,0.14,tcgplayer
OP08-110,2025-12-29,0.16,tcgplayer
OP08-110,2026-01-05,0.15,tcgplayer
OP08-110,2026-01-12,0.11,tcgplayer
OP08-110,2026-01-19,0.12,tcgplayer
OP08-110,2026-01-26,0.13,tcgplayer
OP08-110,2026-02-02,0.13,tcgplayer
OP08-110,2026-02-09,0.12,tcgplayer
OP08-110,2026-02-16,0.13,tcgplayer
OP08-110,2026-02-23,0.13,tcgplayer
OP08-110,2026-03-02,0.17,tcgplayer
OP08-110,2026-03-09,0.13,tcgplayer
OP08-110,2026-03-16,0.17,tcgplayer
OP08-110,2026-03-23,0.14,tcgplayer
OP08-110,2026-03-30,0.14,tcgplayer
OP08-110,2026-04-06,0.15,tcgplayer
OP08-110,2026-04-13,0.16,tcgplayer
OP08-110,2026-04-20,0.14,tcgplayer
OP08-110,2026-04-27,0.16,tcgplayer
OP08-110,2026-05-04,0.17,tcgplayer
OP08-110,2026-05-11,0.15,tcgplayer
OP08-110,2026-05-18,0.13,tcgplayer
OP08-110,2026-05-25,0.14,tcgplayer
OP08-110,2026-06-01,0.15,tcgplayer
OP08-110,2026-06-08,0.14,tcgplayer
OP08-110,2026-06-15,0.16,tcgplayer
OP08-110,2026-06-22,0.15,tcgplayer
OP08-110,2026-06-29,0.14,tcgplayer
OP08-110,2026-07-06,0.17,tcgplayer
OP08-110,2026-07-13,0.19,tcgplayer
OP08-110,2026-07-20,0.21,tcgplayer
OP08-110,2026-07-27,0.22,tcgplayer
OP08-110,2026-08-03,0.22,tcgplayer
OP08-110,2026-08-10,0.20,tcgplayer
OP08-110,2026-08-17,0.21,tcgplayer
OP08-110,2026-08-24,0.18,tcgplayer
OP08-110,2026-08-31,0.17,tcgplayer
OP08-110,2026-09-05,0.17,limitless
OP08-110p1,2025-09-08,2.62,tcgplayer
OP08-110p1,2025-09-15,2.60,tcgplayer
OP08-110p1,2025-09-22,2.99,tcgplayer
OP08-110p1,2025-09-29,3.02,tcgplayer
OP08-110p1,2025-10-06,2.57,tcgplayer
OP08-110p1,2025-10-13,2.35,tcgplayer
OP08-110p1,2025-10-20,2.19,tcgplayer
OP08-110p1,2025-10-27,2.30,tcgplayer
OP08-110p1,2025-11-03,2.21,tcgplayer
OP08-110p1,2025-11-10,1.74,tcgplayer
OP08-110p1,2025-11-17,1.39,tcgplayer
OP08-110p1,2025-11-24,1.27,tcgplayer
OP08-110p1,2025-12-01,1.47,tcgplayer
OP08-110p1,2025-12-08,1.74,tcgplayer
OP08-110p1,2025-12-15,1.94,tcgplayer
OP08-110p1,2025-12-22,2.25,tcgplayer
OP08-110p1,2025-12-29,3.97,tcgplayer
OP08-110p1,2026-01-05,3.47,tcgplayer
OP08-110p1,2026-01-12,5.57,tcgplayer
OP08-110p1,2026-01-19,5.40,tcgplayer
OP08-110p1,2026-01-26,4.29,tcgplayer
OP08-110p1,2026-02-02,4.25,tcgplayer
OP08-110p1,2026-02-09,4.27,tcgplayer
OP08-110p1,2026-02-16,4.36,tcgplayer
OP08-110p1,2026-02-23,4.30,tcgplayer
OP08-110p1,2026-03-02,4.66,tcgplayer
OP08-110p1,2026-03-09,4.55,tcgplayer
OP08-110p1,2026-03-16,4.70,tcgplayer
OP08-110p1,2026-03-23,4.86,tcgplayer
OP08-110p1,2026-03-30,4.98,tcgplayer
OP08-110p1,2026-04-06,4.96,tcgplayer
OP08-110p1,2026-04-13,4.70,tcgplayer
OP08-110p1,2026-04-20,4.36,tcgplayer
OP08-110p1,2026-04-27,4.18,tcgplayer
OP08-110p1,2026-05-04,3.92,tcgplayer
OP08-110p1,2026-05-11,3.65,tcgplayer
OP08-110p1,2026-05-18,3.53,tcgplayer
OP08-110p1,2026-05-25,3.42,tcgplayer
OP08-110p1,2026-06-01,3.36,tcgplayer
OP08-110p1,2026-06-08,3.10,tcgplayer
OP08-110p1,2026-06-15,3.05,tcgplayer
OP08-110p1,2026-06-22,2.70,tcgplayer
OP08-110p1,2026-06-29,2.34,tcgplayer
OP08-110p1,2026-07-06,2.00,tcgplayer
OP08-110p1,2026-07-13,1.61,tcgplayer
OP08-110p1,2026-07-20,1.55,tcgplayer
OP08-110p1,2026-07-27,1.52,tcgplayer
OP08-110p1,2026-08-03,1.52,tcgplayer
OP08-110p1,2026-08-10,1.55,tcgplayer
OP08-110p1,2026-08-17,1.54,tcgplayer
OP08-110p1,2026-08-24,1.43,tcgplayer
OP08-110p1,2026-08-31,1.42,tcgplayer
OP08-110p1,2026-09-05,1.40,limitless
OP08-111,2025-09-08,0.06,tcgplayer
OP08-111,2025-09-15,0.12,tcgplayer
OP08-111,2025-09-22,0.12,tcgplayer
OP08-111,2025-09-29,0.12,tcgplayer
OP08-111,2025-10-06,0.09,tcgplayer
OP08-111,2025-10-13,0.08,tcgplayer
OP08-111,2025-10-20,0.09,tcgplayer
OP08-111,2025-10-27,0.08,tcgplayer
OP08-111,2025-11-03,0.08,tcgplayer
OP08-111,2025-11-10,0.05,tcgplayer
OP08-111,2025-11-17,0.07,tcgplayer
OP08-111,2025-11-24,0.12,tcgplayer
OP08-111,2025-12-01,0.14,tcgplayer
OP08-111,2025-12-08,0.09,tcgplayer
OP08-111,2025-12-15,0.09,tcgplayer
OP08-111,2025-12-22,0.12,tcgplayer
OP08-111,2025-12-29,0.11,tcgplayer
OP08-111,2026-01-05,0.11,tcgplayer
OP08-111,2026-01-12,0.08,tcgplayer
OP08-111,2026-01-19,0.12,tcgplayer
OP08-111,2026-01-26,0.10,tcgplayer
OP08-111,2026-02-02,0.10,tcgplayer
OP08-111,2026-02-09,0.12,tcgplayer
OP08-111,2026-02-16,0.11,tcgplayer
OP08-111,2026-02-23,0.11,tcgplayer
OP08-111,2026-03-02,0.11,tcgplayer
OP08-111,2026-03-09,0.10,tcgplayer
OP08-111,2026-03-16,0.15,tcgplayer
OP08-111,2026-03-23,0.16,tcgplayer
OP08-111,2026-03-30,0.12,tcgplayer
OP08-111,2026-04-06,0.12,tcgplayer
OP08-111,2026-04-13,0.10,tcgplayer
OP08-111,2026-04-20,0.11,tcgplayer
OP08-111,2026-04-27,0.11,tcgplayer
OP08-111,2026-05-04,0.11,tcgplayer
OP08-111,2026-05-11,0.11,tcgplayer
OP08-111,2026-05-18,0.10,tcgplayer
OP08-111,2026-05-25,0.10,tcgplayer
OP08-111,2026-06-01,0.09,tcgplayer
OP08-111,2026-06-08,0.10,tcgplayer
OP08-111,2026-06-15,0.10,tcgplayer
OP08-111,2026-06-22,0.10,tcgplayer
OP08-111,2026-06-29,0.08,tcgplayer
OP08-111,2026-07-06,0.08,tcgplayer
OP08-111,2026-07-13,0.08,tcgplayer
OP08-111,2026-07-20,0.09,tcgplayer
OP08-111,2026-07-27,0.10,tcgplayer
OP08-111,2026-08-03,0.10,tcgplayer
OP08-111,2026-08-10,0.10,tcgplayer
OP08-111,2026-08-17,0.10,tcgplayer
OP08-111,2026-08-24,0.10,tcgplayer
OP08-111,2026-08-31,0.11,tcgplayer
OP08-111,2026-09-05,0.10,limitless
OP08-112,2025-09-08,0.40,tcgplayer
OP08-112,2025-09-15,0.44,tcgplayer
OP08-112,2025-09-22,0.49,tcgplayer
OP08-112,2025-09-29,0.36,tcgplayer
OP08-112,2025-10-06,0.35,tcgplayer
OP08-112,2025-10-13,0.37,tcgplayer
OP08-112,2025-10-20,0.34,tcgplayer
OP08-112,2025-10-27,0.49,tcgplayer
OP08-112,2025-11-03,0.50,tcgplayer
OP08-112,2025-11-10,0.51,tcgplayer
OP08-112,2025-11-17,0.54,tcgplayer
OP08-112,2025-11-24,0.54,tcgplayer
OP08-112,2025-12-01,0.52,tcgplayer
OP08-112,2025-12-08,0.50,tcgplayer
OP08-112,2025-12-15,0.58,tcgplayer
OP08-112,2025-12-22,0.62,tcgplayer
OP08-112,2025-12-29,0.67,tcgplayer
OP08-112,2026-01-05,0.64,tcgplayer
OP08-112,2026-01-12,0.70,tcgplayer
OP08-112,2026-01-19,0.74,tcgplayer
OP08-112,2026-01-26,0.77,tcgplayer
OP08-112,2026-02-02,0.69,tcgplayer
OP08-112,2026-02-09,0.68,tcgplayer
OP08-112,2026-02-16,0.75,tcgplayer
OP08-112,2026-02-23,0.65,tcgplayer
OP08-112,2026-03-02,0.60,tcgplayer
OP08-112,2026-03-09,0.66,tcgplayer
OP08-112,2026-03-16,0.66,tcgplayer
OP08-112,2026-03-23,0.65,tcgplayer
OP08-112,2026-03-30,0.77,tcgplayer
OP08-112,2026-04-06,0.66,tcgplayer
OP08-112,2026-04-13,0.47,tcgplayer
OP08-112,2026-04-20,0.55,tcgplayer
OP08-112,2026-04-27,0.57,tcgplayer
OP08-112,2026-05-04,0.46,tcgplayer
OP08-112,2026-05-11,0.46,tcgplayer
OP08-112,2026-05-18,0.48,tcgplayer
OP08-112,2026-05-25,0.51,tcgplayer
OP08-112,2026-06-01,0.54,tcgplayer
OP08-112,2026-06-08,0.63,tcgplayer
OP08-112,2026-06-15,0.55,tcgplayer
OP08-112,2026-06-22,0.54,tcgplayer
OP08-112,2026-06-29,0.47,tcgplayer
OP08-112,2026-07-06,0.45,tcgplayer
OP08-112,2026-07-13,0.55,tcgplayer
OP08-112,2026-07-20,0.59,tcgplayer
OP08-112,2026-07-27,0.53,tcgplayer
OP08-112,2026-08-03,0.43,tcgplayer
OP08-112,2026-08-10,0.39,tcgplayer
OP08-112,2026-08-17,0.39,tcgplayer
OP08-112,2026-08-24,0.41,tcgplayer
OP08-112,2026-08-31,0.37,tcgplayer
OP08-112,2026-09-05,0.36,limitless
OP08-112p1,2025-09-08,9.67,tcgplayer
OP08-112p1,2025-09-15,9.76,tcgplayer
OP08-112p1,2025-09-22,9.61,tcgplayer
OP08-112p1,2025-09-29,8.86,tcgplayer
OP08-112p1,2025-10-06,9.27,tcgplayer
OP08-112p1,2025-10-13,9.39,tcgplayer
OP08-112p1,2025-10-20,9.53,tcgplayer
OP08-112p1,2025-10-27,9.92,tcgplayer
OP08-112p1,2025-11-03,9.57,tcgplayer
OP08-112p1,2025-11-10,10.15,tcgplayer
OP08-112p1,2025-11-17,11.55,tcgplayer
OP08-112p1,2025-11-24,14.09,tcgplayer
OP08-112p1,2025-12-01,13.55,tcgplayer
OP08-112p1,2025-12-08,13.86,tcgplayer
OP08-112p1,2025-12-15,13.64,tcgplayer
OP08-112p1,2025-12-22,13.67,tcgplayer
OP08-112p1,2025-12-29,12.87,tcgplayer
OP08-112p1,2026-01-05,13.43,tcgplayer
OP08-112p1,2026-01-12,13.64,tcgplayer
OP08-112p1,2026-01-19,15.18,tcgplayer
OP08-112p1,2026-01-26,16.40,tcgplayer
OP08-112p1,2026-02-02,17.99,tcgplayer
OP08-112p1,2026-02-09,17.88,tcgplayer
OP08-112p1,2026-02-16,17.20,tcgplayer
OP08-112p1,2026-02-23,15.60,tcgplayer
OP08-112p1,2026-03-02,14.70,tcgplayer
OP08-112p1,2026-03-09,13.24,tcgplayer
OP08-112p1,2026-03-16,11.82,tcgplayer
OP08-112p1,2026-03-23,10.53,tcgplayer
OP08-112p1,2026-03-30,9.99,tcgplayer
OP08-112p1,2026-04-06,9.83,tcgplayer
OP08-112p1,2026-04-13,9.73,tcgplayer
OP08-112p1,2026-04-20,9.56,tcgplayer
OP08-112p1,2026-04-27,9.40,tcgplayer
OP08-112p1,2026-05-04,9.39,tcgplayer
OP08-112p1,2026-05-11,8.89,tcgplayer
OP08-112p1,2026-05-18,8.69,tcgplayer
OP08-112p1,2026-05-25,8.71,tcgplayer
OP08-112p1,2026-06-01,8.81,tcgplayer
OP08-112p1,2026-06-08,8.72,tcgplayer
OP08-112p1,2026-06-15,8.35,tcgplayer
OP08-112p1,2026-06-22,9.40,tcgplayer
OP08-112p1,2026-06-29,9.58,tcgplayer
OP08-112p1,2026-07-06,9.58,tcgplayer
OP08-112p1,2026-07-13,10.00,tcgplayer
OP08-112p1,2026-07-20,10.00,tcgplayer
OP08-112p1,2026-07-27,9.44,tcgplayer
OP08-112p1,2026-08-03,8.37,tcgplayer
OP08-112p1,2026-08-10,8.47,tcgplayer
OP08-112p1,2026-08-17,8.18,tcgplayer
OP08-112p1,2026-08-24,8.04,tcgplayer
OP08-112p1,2026-08-31,7.71,tcgplayer
OP08-112p1,2026-09-05,7.73,limitless
OP08-113,2025-09-08,0.05,tcgplayer
OP08-113,2025-09-15,0.04,tcgplayer
OP08-113,2025-09-22,0.05,tcgplayer
OP08-113,2025-09-29,0.06,tcgplayer
OP08-113,2025-10-06,0.05,tcgplayer
OP08-113,2025-10-13,0.06,tcgplayer
OP08-113,2025-10-20,0.06,tcgplayer
OP08-113,2025-10-27,0.06,tcgplayer
OP08-113,2025-11-03,0.07,tcgplayer
OP08-113,2025-11-10,0.06,tcgplayer
OP08-113,2025-11-17,0.06,tcgplayer
OP08-113,2025-11-24,0.08,tcgplayer
OP08-113,2025-12-01,0.07,tcgplayer
OP08-113,2025-12-08,0.06,tcgplayer
OP08-113,2025-12-15,0.06,tcgplayer
OP08-113,2025-12-22,0.06,tcgplayer
OP08-113,2025-12-29,0.06,tcgplayer
OP08-113,2026-01-05,0.04,tcgplayer
OP08-113,2026-01-12,0.04,tcgplayer
OP08-113,2026-01-19,0.06,tcgplayer
OP08-113,2026-01-26,0.06,tcgplayer
OP08-113,2026-02-02,0.06,tcgplayer
OP08-113,2026-02-09,0.06,tcgplayer
OP08-113,2026-02-16,0.05,tcgplayer
OP08-113,2026-02-23,0.04,tcgplayer
OP08-113,2026-03-02,0.04,tcgplayer
OP08-113,2026-03-09,0.03,tcgplayer
OP08-113,2026-03-16,0.02,tcgplayer
OP08-113,2026-03-23,0.03,tcgplayer
OP08-113,2026-03-30,0.05,tcgplayer
OP08-113,2026-04-06,0.04,tcgplayer
OP08-113,2026-04-13,0.04,tcgplayer
OP08-113,2026-04-20,0.04,tcgplayer
OP08-113,2026-04-27,0.05,tcgplayer
OP08-113,2026-05-04,0.05,tcgplayer
OP08-113,2026-05-11,0.05,tcgplayer
OP08-113,2026-05-18,0.05,tcgplayer
OP08-113,2026-05-25,0.05,tcgplayer
OP08-113,2026-06-01,0.05,tcgplayer
OP08-113,2026-06-08,0.05,tcgplayer
OP08-113,2026-06-15,0.05,tcgplayer
OP08-113,2026-06-22,0.05,tcgplayer
OP08-113,2026-06-29,0.06,tcgplayer
OP08-113,2026-07-06,0.06,tcgplayer
OP08-113,2026-07-13,0.06,tcgplayer
OP08-113,2026-07-20,0.05,tcgplayer
OP08-113,2026-07-27,0.07,tcgplayer
OP08-113,2026-08-03,0.07,tcgplayer
OP08-113,2026-08-10,0.08,tcgplayer
OP08-113,2026-08-17,0.08,tcgplayer
OP08-113,2026-08-24,0.08,tcgplayer
OP08-113,2026-08-31,0.07,tcgplayer
OP08-113,2026-09-05,0.07,limitless
OP08-114,2025-09-08,0.10,tcgplayer
OP08-114,2025-09-15,0.15,tcgplayer
OP08-114,2025-09-22,0.15,tcgplayer
OP08-114,2025-09-29,0.16,tcgplayer
OP08-114,2025-10-06,0.13,tcgplayer
OP08-114,2025-10-13,0.11,tcgplayer
OP08-114,2025-10-20,0.11,tcgplayer
OP08-114,2025-10-27,0.11,tcgplayer
OP08-114,2025-11-03,0.11,tcgplayer
OP08-114,2025-11-10,0.13,tcgplayer
OP08-114,2025-11-17,0.16,tcgplayer
OP08-114,2025-11-24,0.19,tcgplayer
OP08-114,2025-12-01,0.10,tcgplayer
OP08-114,2025-12-08,0.10,tcgplayer
OP08-114,2025-12-15,0.09,tcgplayer
OP08-114,2025-12-22,0.12,tcgplayer
OP08-114,2025-12-29,0.11,tcgplayer
OP08-114,2026-01-05,0.11,tcgplayer
OP08-114,2026-01-12,0.14,tcgplayer
OP08-114,2026-01-19,0.16,tcgplayer
OP08-114,2026-01-26,0.14,tcgplayer
OP08-114,2026-02-02,0.14,tcgplayer
OP08-114,2026-02-09,0.13,tcgplayer
OP08-114,2026-02-16,0.12,tcgplayer
OP08-114,2026-02-23,0.13,tcgplayer
OP08-114,2026-03-02,0.14,tcgplayer
OP08-114,2026-03-09,0.13,tcgplayer
OP08-114,2026-03-16,0.14,tcgplayer
OP08-114,2026-03-23,0.11,tcgplayer
OP08-114,2026-03-30,0.12,tcgplayer
OP08-114,2026-04-06,0.13,tcgplayer
OP08-114,2026-04-13,0.10,tcgplayer
OP08-114,2026-04-20,0.13,tcgplayer
OP08-114,2026-04-27,0.15,tcgplayer
OP08-114,2026-05-04,0.17,tcgplayer
OP08-114,2026-05-11,0.17,tcgplayer
OP08-114,2026-05-18,0.16,tcgplayer
OP08-114,2026-05-25,0.10,tcgplayer
OP08-114,2026-06-01,0.11,tcgplayer
OP08-114,2026-06-08,0.11,tcgplayer
OP08-114,2026-06-15,0.11,tcgplayer
OP08-114,2026-06-22,0.12,tcgplayer
OP08-114,2026-06-29,0.15,tcgplayer
OP08-114,2026-07-06,0.15,tcgplayer
OP08-114,2026-07-13,0.17,tcgplayer
OP08-114,2026-07-20,0.17,tcgplayer
OP08-114,2026-07-27,0.15,tcgplayer
OP08-114,2026-08-03,0.14,tcgplayer
OP08-114,2026-08-10,0.15,tcgplayer
OP08-114,2026-08-17,0.15,tcgplayer
OP08-114,2026-08-24,0.14,tcgplayer
OP08-114,2026-08-31,0.15,tcgplayer
OP08-114,2026-09-05,0.14,limitless
OP08-115,2025-09-08,0.13,tcgplayer
OP08-115,2025-09-15,0.14,tcgplayer
OP08-115,2025-09-22,0.13,tcgplayer
OP08-115,2025-09-29,0.15,tcgplayer
OP08-115,2025-10-06,0.17,tcgplayer
OP08-115,2025-10-13,0.15,tcgplayer
OP08-115,2025-10-20,0.13,tcgplayer
OP08-115,2025-10-27,0.17,tcgplayer
OP08-115,2025-11-03,0.17,tcgplayer
OP08-115,2025-11-10,0.21,tcgplayer
OP08-115,2025-11-17,0.20,tcgplayer
OP08-115,2025-11-24,0.16,tcgplayer
OP08-115,2025-12-01,0.13,tcgplayer
OP08-115,2025-12-08,0.11,tcgplayer
OP08-115,2025-12-15,0.15,tcgplayer
OP08-115,2025-12-22,0.17,tcgplayer
OP08-115,2025-12-29,0.15,tcgplayer
OP08-115,2026-01-05,0.15,tcgplayer
OP08-115,2026-01-12,0.12,tcgplayer
OP08-115,2026-01-19,0.09,tcgplayer
OP08-115,2026-01-26,0.08,tcgplayer
OP08-115,2026-02-02,0.10,tcgplayer
OP08-115,2026-02-09,0.11,tcgplayer
OP08-115,2026-02-16,0.10,tcgplayer
OP08-115,2026-02-23,0.08,tcgplayer
OP08-115,2026-03-02,0.11,tcgplayer
OP08-115,2026-03-09,0.13,tcgplayer
OP08-115,2026-03-16,0.14,tcgplayer
OP08-115,2026-03-23,0.15,tcgplayer
OP08-115,2026-03-30,0.13,tcgplayer
OP08-115,2026-04-06,0.14,tcgplayer
OP08-115,2026-04-13,0.16,tcgplayer
OP08-115,2026-04-20,0.15,tcgplayer
OP08-115,2026-04-27,0.16,tcgplayer
OP08-115,2026-05-04,0.15,tcgplayer
OP08-115,2026-05-11,0.15,tcgplayer
OP08-115,2026-05-18,0.14,tcgplayer
OP08-115,2026-05-25,0.15,tcgplayer
OP08-115,2026-06-01,0.15,tcgplayer
OP08-115,2026-06-08,0.18,tcgplayer
OP08-115,2026-06-15,0.18,tcgplayer
OP08-115,2026-06-22,0.15,tcgplayer
OP08-115,2026-06-29,0.16,tcgplayer
OP08-115,2026-07-06,0.17,tcgplayer
OP08-115,2026-07-13,0.20,tcgplayer
OP08-115,2026-07-20,0.18,tcgplayer
OP08-115,2026-07-27,0.17,tcgplayer
OP08-115,2026-08-03,0.14,tcgplayer
OP08-115,2026-08-10,0.13,tcgplayer
OP08-115,2026-08-17,0.14,tcgplayer
OP08-115,2026-08-24,0.12,tcgplayer
OP08-115,2026-08-31,0.12,tcgplayer
OP08-115,2026-09-05,0.13,limitless
OP08-116,2025-09-08,0.04,tcgplayer
OP08-116,2025-09-15,0.02,tcgplayer
OP08-116,2025-09-22,0.02,tcgplayer
OP08-116,2025-09-29,0.02,tcgplayer
OP08-116,2025-10-06,0.02,tcgplayer
OP08-116,2025-10-13,0.02,tcgplayer
OP08-116,2025-10-20,0.02,tcgplayer
OP08-116,2025-10-27,0.02,tcgplayer
OP08-116,2025-11-03,0.03,tcgplayer
OP08-116,2025-11-10,0.03,tcgplayer
OP08-116,2025-11-17,0.03,tcgplayer
OP08-116,2025-11-24,0.03,tcgplayer
OP08-116,2025-12-01,0.04,tcgplayer
OP08-116,2025-12-08,0.04,tcgplayer
OP08-116,2025-12-15,0.04,tcgplayer
OP08-116,2025-12-22,0.04,tcgplayer
OP08-116,2025-12-29,0.03,tcgplayer
OP08-116,2026-01-05,0.03,tcgplayer
OP08-116,2026-01-12,0.02,tcgplayer
OP08-116,2026-01-19,0.04,tcgplayer
OP08-116,2026-01-26,0.04,tcgplayer
OP08-116,2026-02-02,0.04,tcgplayer
OP08-116,2026-02-09,0.04,tcgplayer
OP08-116,2026-02-16,0.04,tcgplayer
OP08-116,2026-02-23,0.02,tcgplayer
OP08-116,2026-03-02,0.02,tcgplayer
OP08-116,2026-03-09,0.03,tcgplayer
OP08-116,2026-03-16,0.03,tcgplayer
OP08-116,2026-03-23,0.03,tcgplayer
OP08-116,2026-03-30,0.04,tcgplayer
OP08-116,2026-04-06,0.04,tcgplayer
OP08-116,2026-04-13,0.04,tcgplayer
OP08-116,2026-04-20,0.04,tcgplayer
OP08-116,2026-04-27,0.04,tcgplayer
OP08-116,2026-05-04,0.03,tcgplayer
OP08-116,2026-05-11,0.04,tcgplayer
OP08-116,2026-05-18,0.04,tcgplayer
OP08-116,2026-05-25,0.04,tcgplayer
OP08-116,2026-06-01,0.03,tcgplayer
OP08-116,2026-06-08,0.03,tcgplayer
OP08-116,2026-06-15,0.03,tcgplayer
OP08-116,2026-06-22,0.04,tcgplayer
OP08-116,2026-06-29,0.04,tcgplayer
OP08-116,2026-07-06,0.03,tcgplayer
OP08-116,2026-07-13,0.04,tcgplayer
OP08-116,2026-07-20,0.04,tcgplayer
OP08-116,2026-07-27,0.04,tcgplayer
OP08-116,2026-08-03,0.05,tcgplayer
OP08-116,2026-08-10,0.05,tcgplayer
OP08-116,2026-08-17,0.05,tcgplayer
OP08-116,2026-08-24,0.05,tcgplayer
OP08-116,2026-08-31,0.05,tcgplayer
OP08-116,2026-09-05,0.05,limitless
OP08-117,2025-09-08,0.08,tcgplayer
OP08-117,2025-09-15,0.07,tcgplayer
OP08-117,2025-09-22,0.07,tcgplayer
OP08-117,2025-09-29,0.07,tcgplayer
OP08-117,2025-10-06,0.07,tcgplayer
OP08-117,2025-10-13,0.06,tcgplayer
OP08-117,2025-10-20,0.05,tcgplayer
OP08-117,2025-10-27,0.05,tcgplayer
OP08-117,2025-11-03,0.09,tcgplayer
OP08-117,2025-11-10,0.09,tcgplayer
OP08-117,2025-11-17,0.07,tcgplayer
OP08-117,2025-11-24,0.07,tcgplayer
OP08-117,2025-12-01,0.08,tcgplayer
OP08-117,2025-12-08,0.09,tcgplayer
OP08-117,2025-12-15,0.11,tcgplayer
OP08-117,2025-12-22,0.09,tcgplayer
OP08-117,2025-12-29,0.09,tcgplayer
OP08-117,2026-01-05,0.09,tcgplayer
OP08-117,2026-01-12,0.10,tcgplayer
OP08-117,2026-01-19,0.09,tcgplayer
OP08-117,2026-01-26,0.09,tcgplayer
OP08-117,2026-02-02,0.09,tcgplayer
OP08-117,2026-02-09,0.07,tcgplayer
OP08-117,2026-02-16,0.05,tcgplayer
OP08-117,2026-02-23,0.06,tcgplayer
OP08-117,2026-03-02,0.06,tcgplayer
OP08-117,2026-03-09,0.05,tcgplayer
OP08-117,2026-03-16,0.05,tcgplayer
OP08-117,2026-03-23,0.05,tcgplayer
OP08-117,2026-03-30,0.06,tcgplayer
OP08-117,2026-04-06,0.11,tcgplayer
OP08-117,2026-04-13,0.08,tcgplayer
OP08-117,2026-04-20,0.16,tcgplayer
OP08-117,2026-04-27,0.17,tcgplayer
OP08-117,2026-05-04,0.09,tcgplayer
OP08-117,2026-05-11,0.10,tcgplayer
OP08-117,2026-05-18,0.09,tcgplayer
OP08-117,2026-05-25,0.10,tcgplayer
OP08-117,2026-06-01,0.10,tcgplayer
OP08-117,2026-06-08,0.10,tcgplayer
OP08-117,2026-06-15,0.09,tcgplayer
OP08-117,2026-06-22,0.09,tcgplayer
OP08-117,2026-06-29,0.09,tcgplayer
OP08-117,2026-07-06,0.09,tcgplayer
OP08-117,2026-07-13,0.09,tcgplayer
OP08-117,2026-07-20,0.09,tcgplayer
OP08-117,2026-07-27,0.09,tcgplayer
OP08-117,2026-08-03,0.07,tcgplayer
OP08-117,2026-08-10,0.08,tcgplayer
OP08-117,2026-08-17,0.06,tcgplayer
OP08-117,2026-08-24,0.07,tcgplayer
OP08-117,2026-08-31,0.07,tcgplayer
OP08-117,2026-09-05,0.07,limitless
OP08-118,2025-09-08,15.78,tcgplayer
OP08-118,2025-09-15,15.41,tcgplayer
OP08-118,2025-09-22,9.84,tcgplayer
OP08-118,2025-09-29,8.76,tcgplayer
OP08-118,2025-10-06,6.73,tcgplayer
OP08-118,2025-10-13,6.73,tcgplayer
OP08-118,2025-10-20,6.79,tcgplayer
OP08-118,2025-10-27,6.70,tcgplayer
OP08-118,2025-11-03,6.48,tcgplayer
OP08-118,2025-11-10,5.20,tcgplayer
OP08-118,2025-11-17,5.28,tcgplayer
OP08-118,2025-11-24,5.37,tcgplayer
OP08-118,2025-12-01,5.79,tcgplayer
OP08-118,2025-12-08,5.11,tcgplayer
OP08-118,2025-12-15,5.36,tcgplayer
OP08-118,2025-12-22,4.95,tcgplayer
OP08-118,2025-12-29,5.41,tcgplayer
OP08-118,2026-01-05,4.05,tcgplayer
OP08-118,2026-01-12,4.39,tcgplayer
OP08-118,2026-01-19,4.41,tcgplayer
OP08-118,2026-01-26,4.50,tcgplayer
OP08-118,2026-02-02,4.87,tcgplayer
OP08-118,2026-02-09,4.89,tcgplayer
OP08-118,2026-02-16,4.91,tcgplayer
OP08-118,2026-02-23,5.72,tcgplayer
OP08-118,2026-03-02,6.29,tcgplayer
OP08-118,2026-03-09,5.57,tcgplayer
OP08-118,2026-03-16,5.51,tcgplayer
OP08-118,2026-03-23,5.76,tcgplayer
OP08-118,2026-03-30,5.41,tcgplayer
OP08-118,2026-04-06,4.59,tcgplayer
OP08-118,2026-04-13,5.24,tcgplayer
OP08-118,2026-04-20,4.53,tcgplayer
OP08-118,2026-04-27,4.69,tcgplayer
OP08-118,2026-05-04,5.05,tcgplayer
OP08-118,2026-05-11,4.94,tcgplayer
OP08-118,2026-05-18,5.16,tcgplayer
OP08-118,2026-05-25,4.90,tcgplayer
OP08-118,2026-06-01,5.03,tcgplayer
OP08-118,2026-06-08,5.56,tcgplayer
OP08-118,2026-06-15,5.45,tcgplayer
OP08-118,2026-06-22,5.62,tcgplayer
OP08-118,2026-06-29,6.05,tcgplayer
OP08-118,2026-07-06,5.39,tcgplayer
OP08-118,2026-07-13,5.34,tcgplayer
OP08-118,2026-07-20,5.00,tcgplayer
OP08-118,2026-07-27,4.36,tcgplayer
OP08-118,2026-08-03,4.37,tcgplayer
OP08-118,2026-08-10,3.73,tcgplayer
OP08-118,2026-08-17,3.37,tcgplayer
OP08-118,2026-08-24,3.98,tcgplayer
OP08-118,2026-08-31,4.72,tcgplayer
OP08-118,2026-09-05,4.66,limitless
OP08-118p1,2025-09-08,29.86,tcgplayer
OP08-118p1,2025-09-15,29.73,tcgplayer
OP08-118p1,2025-09-22,27.72,tcgplayer
OP08-118p1,2025-09-29,27.09,tcgplayer
OP08-118p1,2025-10-06,25.20,tcgplayer
OP08-118p1,2025-10-13,22.99,tcgplayer
OP08-118p1,2025-10-20,20.83,tcgplayer
OP08-118p1,2025-10-27,20.67,tcgplayer
OP08-118p1,2025-11-03,21.04,tcgplayer
OP08-118p1,2025-11-10,18.98,tcgplayer
OP08-118p1,2025-11-17,17.96,tcgplayer
OP08-118p1,2025-11-24,16.44,tcgplayer
OP08-118p1,2025-12-01,17.54,tcgplayer
OP08-118p1,2025-12-08,19.86,tcgplayer
OP08-118p1,2025-12-15,19.61,tcgplayer
OP08-118p1,2025-12-22,18.31,tcgplayer
OP08-118p1,2025-12-29,18.63,tcgplayer
OP08-118p1,2026-01-05,19.71,tcgplayer
OP08-118p1,2026-01-12,20.73,tcgplayer
OP08-118p1,2026-01-19,21.18,tcgplayer
OP08-118p1,2026-01-26,24.76,tcgplayer
OP08-118p1,2026-02-02,25.96,tcgplayer
OP08-118p1,2026-02-09,26.03,tcgplayer
OP08-118p1,2026-02-16,23.76,tcgplayer
OP08-118p1,2026-02-23,22.27,tcgplayer
OP08-118p1,2026-03-02,19.93,tcgplayer
OP08-118p1,2026-03-09,18.53,tcgplayer
OP08-118p1,2026-03-16,19.26,tcgplayer
OP08-118p1,2026-03-23,18.81,tcgplayer
OP08-118p1,2026-03-30,19.53,tcgplayer
OP08-118p1,2026-04-06,19.68,tcgplayer
OP08-118p1,2026-04-13,17.92,tcgplayer
OP08-118p1,2026-04-20,17.98,tcgplayer
OP08-118p1,2026-04-27,18.22,tcgplayer
OP08-118p1,2026-05-04,17.80,tcgplayer
OP08-118p1,2026-05-11,17.53,tcgplayer
OP08-118p1,2026-05-18,17.52,tcgplayer
OP08-118p1,2026-05-25,18.04,tcgplayer
OP08-118p1,2026-06-01,17.67,tcgplayer
OP08-118p1,2026-06-08,17.60,tcgplayer
OP08-118p1,2026-06-15,17.31,tcgplayer
OP08-118p1,2026-06-22,17.20,tcgplayer
OP08-118p1,2026-06-29,17.12,tcgplayer
OP08-118p1,2026-07-06,17.14,tcgplayer
OP08-118p1,2026-07-13,17.00,tcgplayer
OP08-118p1,2026-07-20,16.87,tcgplayer
OP08-118p1,2026-07-27,16.98,tcgplayer
OP08-118p1,2026-08-03,16.51,tcgplayer
OP08-118p1,2026-08-10,16.19,tcgplayer
OP08-118p1,2026-08-17,15.95,tcgplayer
OP08-118p1,2026-08-24,15.93,tcgplayer
OP08-118p1,2026-08-31,15.77,tcgplayer
OP08-118p1,2026-09-05,15.53,limitless
OP08-118p2,2025-09-08,257.93,tcgplayer
OP08-118p2,2025-09-15,258.22,tcgplayer
OP08-118p2,2025-09-22,286.20,tcgplayer
OP08-118p2,2025-09-29,295.52,tcgplayer
OP08-118p2,2025-10-06,313.06,tcgplayer
OP08-118p2,2025-10-13,333.69,tcgplayer
OP08-118p2,2025-10-20,353.52,tcgplayer
OP08-118p2,2025-10-27,372.67,tcgplayer
OP08-118p2,2025-11-03,376.60,tcgplayer
OP08-118p2,2025-11-10,380.17,tcgplayer
OP08-118p2,2025-11-17,377.73,tcgplayer
OP08-118p2,2025-11-24,403.75,tcgplayer
OP08-118p2,2025-12-01,435.93,tcgplayer
OP08-118p2,2025-12-08,461.00,tcgplayer
OP08-118p2,2025-12-15,470.04,tcgplayer
OP08-118p2,2025-12-22,493.36,tcgplayer
OP08-118p2,2025-12-29,542.12,tcgplayer
OP08-118p2,2026-01-05,624.34,tcgplayer
OP08-118p2,2026-01-12,618.42,tcgplayer
OP08-118p2,2026-01-19,648.12,tcgplayer
OP08-118p2,2026-01-26,648.12,tcgplayer
OP08-118p2,2026-02-02,650.16,tcgplayer
OP08-118p2,2026-02-09,650.16,tcgplayer
OP08-118p2,2026-02-16,652.20,tcgplayer
OP08-118p2,2026-02-23,658.21,tcgplayer
OP08-118p2,2026-03-02,658.86,tcgplayer
OP08-118p2,2026-03-09,658.86,tcgplayer
OP08-118p2,2026-03-16,655.76,tcgplayer
OP08-118p2,2026-03-23,652.20,tcgplayer
OP08-118p2,2026-03-30,653.72,tcgplayer
OP08-118p2,2026-04-06,649.59,tcgplayer
OP08-118p2,2026-04-13,647.59,tcgplayer
OP08-118p2,2026-04-20,647.59,tcgplayer
OP08-118p2,2026-04-27,647.59,tcgplayer
OP08-118p2,2026-05-04,645.23,tcgplayer
OP08-118p2,2026-05-11,642.66,tcgplayer
OP08-118p2,2026-05-18,642.66,tcgplayer
OP08-118p2,2026-05-25,635.69,tcgplayer
OP08-118p2,2026-06-01,630.22,tcgplayer
OP08-118p2,2026-06-08,623.22,tcgplayer
OP08-118p2,2026-06-15,619.22,tcgplayer
OP08-118p2,2026-06-22,617.22,tcgplayer
OP08-118p2,2026-06-29,608.68,tcgplayer
OP08-118p2,2026-07-06,608.68,tcgplayer
OP08-118p2,2026-07-13,608.68,tcgplayer
OP08-118p2,2026-07-20,596.14,tcgplayer
OP08-118p2,2026-07-27,596.14,tcgplayer
OP08-118p2,2026-08-03,591.20,tcgplayer
OP08-118p2,2026-08-10,585.76,tcgplayer
OP08-118p2,2026-08-17,585.76,tcgplayer
OP08-118p2,2026-08-24,574.36,tcgplayer
OP08-118p2,2026-08-31,569.88,tcgplayer
OP08-118p2,2026-09-05,574.36,limitless
OP08-119,2025-09-08,1.20,tcgplayer
OP08-119,2025-09-15,1.57,tcgplayer
OP08-119,2025-09-22,1.24,tcgplayer
OP08-119,2025-09-29,1.33,tcgplayer
OP08-119,2025-10-06,1.46,tcgplayer
OP08-119,2025-10-13,1.41,tcgplayer
OP08-119,2025-10-20,1.53,tcgplayer
OP08-119,2025-10-27,1.43,tcgplayer
OP08-119,2025-11-03,1.76,tcgplayer
OP08-119,2025-11-10,1.38,tcgplayer
OP08-119,2025-11-17,1.21,tcgplayer
OP08-119,2025-11-24,1.49,tcgplayer
OP08-119,2025-12-01,1.92,tcgplayer
OP08-119,2025-12-08,2.22,tcgplayer
OP08-119,2025-12-15,2.81,tcgplayer
OP08-119,2025-12-22,2.40,tcgplayer
OP08-119,2025-12-29,2.80,tcgplayer
OP08-119,2026-01-05,2.80,tcgplayer
OP08-119,2026-01-12,2.97,tcgplayer
OP08-119,2026-01-19,3.41,tcgplayer
OP08-119,2026-01-26,3.50,tcgplayer
OP08-119,2026-02-02,3.47,tcgplayer
OP08-119,2026-02-09,3.17,tcgplayer
OP08-119,2026-02-16,3.63,tcgplayer
OP08-119,2026-02-23,3.73,tcgplayer
OP08-119,2026-03-02,3.36,tcgplayer
OP08-119,2026-03-09,2.89,tcgplayer
OP08-119,2026-03-16,3.40,tcgplayer
OP08-119,2026-03-23,3.31,tcgplayer
OP08-119,2026-03-30,3.12,tcgplayer
OP08-119,2026-04-06,3.09,tcgplayer
OP08-119,2026-04-13,2.97,tcgplayer
OP08-119,2026-04-20,2.76,tcgplayer
OP08-119,2026-04-27,3.28,tcgplayer
OP08-119,2026-05-04,2.99,tcgplayer
OP08-119,2026-05-11,3.62,tcgplayer
OP08-119,2026-05-18,4.18,tcgplayer
OP08-119,2026-05-25,5.07,tcgplayer
OP08-119,2026-06-01,4.42,tcgplayer
OP08-119,2026-06-08,6.12,tcgplayer
OP08-119,2026-06-15,8.72,tcgplayer
OP08-119,2026-06-22,7.83,tcgplayer
OP08-119,2026-06-29,8.16,tcgplayer
OP08-119,2026-07-06,7.47,tcgplayer
OP08-119,2026-07-13,7.43,tcgplayer
OP08-119,2026-07-20,6.08,tcgplayer
OP08-119,2026-07-27,5.23,tcgplayer
OP08-119,2026-08-03,4.82,tcgplayer
OP08-119,2026-08-10,4.03,tcgplayer
OP08-119,2026-08-17,3.77,tcgplayer
OP08-119,2026-08-24,3.79,tcgplayer
OP08-119,2026-08-31,3.55,tcgplayer
OP08-119,2026-09-05,3.65,limitless
OP08-119p1,2025-09-08,5.49,tcgplayer
OP08-119p1,2025-09-15,5.57,tcgplayer
OP08-119p1,2025-09-22,5.00,tcgplayer
OP08-119p1,2025-09-29,5.04,tcgplayer
OP08-119p1,2025-10-06,5.40,tcgplayer
OP08-119p1,2025-10-13,5.20,tcgplayer
OP08-119p1,2025-10-20,5.06,tcgplayer
OP08-119p1,2025-10-27,5.66,tcgplayer
OP08-119p1,2025-11-03,5.81,tcgplayer
OP08-119p1,2025-11-10,5.56,tcgplayer
OP08-119p1,2025-11-17,5.82,tcgplayer
OP08-119p1,2025-11-24,5.96,tcgplayer
OP08-119p1,2025-12-01,8.19,tcgplayer
OP08-119p1,2025-12-08,10.16,tcgplayer
OP08-119p1,2025-12-15,11.47,tcgplayer
OP08-119p1,2025-12-22,11.93,tcgplayer
OP08-119p1,2025-12-29,12.90,tcgplayer
OP08-119p1,2026-01-05,15.16,tcgplayer
OP08-119p1,2026-01-12,15.64,tcgplayer
OP08-119p1,2026-01-19,14.53,tcgplayer
OP08-119p1,2026-01-26,13.97,tcgplayer
OP08-119p1,2026-02-02,13.84,tcgplayer
OP08-119p1,2026-02-09,14.08,tcgplayer
OP08-119p1,2026-02-16,14.15,tcgplayer
OP08-119p1,2026-02-23,13.43,tcgplayer
OP08-119p1,2026-03-02,12.15,tcgplayer
OP08-119p1,2026-03-09,10.99,tcgplayer
OP08-119p1,2026-03-16,10.09,tcgplayer
OP08-119p1,2026-03-23,10.02,tcgplayer
OP08-119p1,2026-03-30,10.06,tcgplayer
OP08-119p1,2026-04-06,9.77,tcgplayer
OP08-119p1,2026-04-13,9.46,tcgplayer
OP08-119p1,2026-04-20,8.80,tcgplayer
OP08-119p1,2026-04-27,8.86,tcgplayer
OP08-119p1,2026-05-04,9.17,tcgplayer
OP08-119p1,2026-05-11,9.52,tcgplayer
OP08-119p1,2026-05-18,10.66,tcgplayer
OP08-119p1,2026-05-25,12.86,tcgplayer
OP08-119p1,2026-06-01,12.46,tcgplayer
OP08-119p1,2026-06-08,14.03,tcgplayer
OP08-119p1,2026-06-15,21.18,tcgplayer
OP08-119p1,2026-06-22,21.95,tcgplayer
OP08-119p1,2026-06-29,21.52,tcgplayer
OP08-119p1,2026-07-06,19.75,tcgplayer
OP08-119p1,2026-07-13,19.68,tcgplayer
OP08-119p1,2026-07-20,19.59,tcgplayer
OP08-119p1,2026-07-27,19.20,tcgplayer
OP08-119p1,2026-08-03,14.82,tcgplayer
OP08-119p1,2026-08-10,11.70,tcgplayer
OP08-119p1,2026-08-17,10.58,tcgplayer
OP08-119p1,2026-08-24,10.25,tcgplayer
OP08-119p1,2026-08-31,10.23,tcgplayer
OP08-119p1,2026-09-05,10.15,limitless
