card_number,as_of,market_usd,source
OP13-001,2025-10-20,0.92,tcgplayer
OP13-001,2025-10-27,0.65,tcgplayer
OP13-001,2025-11-03,0.16,tcgplayer
OP13-001,2025-11-10,0.15,tcgplayer
OP13-001,2025-11-17,0.14,tcgplayer
OP13-001,2025-11-24,0.12,tcgplayer
OP13-001,2025-12-01,0.14,tcgplayer
OP13-001,2025-12-08,0.18,tcgplayer
OP13-001,2025-12-15,0.12,tcgplayer
OP13-001,2025-12-22,0.17,tcgplayer
OP13-001,2025-12-29,0.12,tcgplayer
OP13-001,2026-01-05,0.13,tcgplayer
OP13-001,2026-01-12,0.17,tcgplayer
OP13-001,2026-01-19,0.18,tcgplayer
OP13-001,2026-01-26,0.18,tcgplayer
OP13-001,2026-02-02,0.15,tcgplayer
OP13-001,2026-02-09,0.20,tcgplayer
OP13-001,2026-02-16,0.16,tcgplayer
OP13-001,2026-02-23,0.16,tcgplayer
OP13-001,2026-03-02,0.17,tcgplayer
OP13-001,2026-03-09,0.16,tcgplayer
OP13-001,2026-03-16,0.16,tcgplayer
OP13-001,2026-03-23,0.17,tcgplayer
OP13-001,2026-03-30,0.18,tcgplayer
OP13-001,2026-04-06,0.14,tcgplayer
OP13-001,2026-04-13,0.17,tcgplayer
OP13-001,2026-04-20,0.18,tcgplayer
OP13-001,2026-04-27,0.18,tcgplayer
OP13-001,2026-05-04,0.21,tcgplayer
OP13-001,2026-05-11,0.18,tcgplayer
OP13-001,2026-05-18,0.20,tcgplayer
OP13-001,2026-05-25,0.18,tcgplayer
OP13-001,2026-06-01,0.20,tcgplayer
OP13-001,2026-06-08,0.19,tcgplayer
OP13-001,2026-06-15,0.18,tcgplayer
OP13-001,2026-06-22,0.23,tcgplayer
OP13-001,2026-06-29,0.21,tcgplayer
OP13-001,2026-07-06,0.19,tcgplayer
OP13-001,2026-07-13,0.22,tcgplayer
OP13-001,2026-07-20,0.15,tcgplayer
OP13-001,2026-07-27,0.18,tcgplayer
OP13-001,2026-08-03,0.16,tcgplayer
OP13-001,2026-08-10,0.18,tcgplayer
OP13-001,2026-08-17,0.18,tcgplayer
OP13-001,2026-08-24,0.19,tcgplayer
OP13-001,2026-08-31,0.21,tcgplayer
OP13-001,2026-09-05,0.21,limitless
OP13-001p1,2025-10-27,47.31,tcgplayer
OP13-001p1,2025-11-03,40.48,tcgplayer
OP13-001p1,2025-11-10,37.32,tcgplayer
OP13-001p1,2025-11-17,35.54,tcgplayer
OP13-001p1,2025-11-24,34.95,tcgplayer
OP13-001p1,2025-12-01,39.96,tcgplayer
OP13-001p1,2025-12-08,52.42,tcgplayer
OP13-001p1,2025-12-15,65.06,tcgplayer
OP13-001p1,2025-12-22,61.85,tcgplayer
OP13-001p1,2025-12-29,85.76,tcgplayer
OP13-001p1,2026-01-05,96.31,tcgplayer
OP13-001p1,2026-01-12,98.61,tcgplayer
OP13-001p1,2026-01-19,94.99,tcgplayer
OP13-001p1,2026-01-26,91.40,tcgplayer
OP13-001p1,2026-02-02,83.89,tcgplayer
OP13-001p1,2026-02-09,77.49,tcgplayer
OP13-001p1,2026-02-16,65.91,tcgplayer
OP13-001p1,2026-02-23,55.78,tcgplayer
OP13-001p1,2026-03-02,53.68,tcgplayer
OP13-001p1,2026-03-09,51.80,tcgplayer
OP13-001p1,2026-03-16,49.76,tcgplayer
OP13-001p1,2026-03-23,45.54,tcgplayer
OP13-001p1,2026-03-30,44.61,tcgplayer
OP13-001p1,2026-04-06,45.75,tcgplayer
OP13-001p1,2026-04-13,51.79,tcgplayer
OP13-001p1,2026-04-20,50.69,tcgplayer
OP13-001p1,2026-04-27,53.29,tcgplayer
OP13-001p1,2026-05-04,49.65,tcgplayer
OP13-001p1,2026-05-11,47.23,tcgplayer
OP13-001p1,2026-05-18,47.81,tcgplayer
OP13-001p1,2026-05-25,47.62,tcgplayer
OP13-001p1,2026-06-01,47.18,tcgplayer
OP13-001p1,2026-06-08,46.94,tcgplayer
OP13-001p1,2026-06-15,48.78,tcgplayer
OP13-001p1,2026-06-22,63.81,tcgplayer
OP13-001p1,2026-06-29,53.79,tcgplayer
OP13-001p1,2026-07-06,49.99,tcgplayer
OP13-001p1,2026-07-13,66.01,tcgplayer
OP13-001p1,2026-07-20,88.49,tcgplayer
OP13-001p1,2026-07-27,77.74,tcgplayer
OP13-001p1,2026-08-03,69.15,tcgplayer
OP13-001p1,2026-08-10,68.37,tcgplayer
OP13-001p1,2026-08-17,65.24,tcgplayer
OP13-001p1,2026-08-24,55.91,tcgplayer
OP13-001p1,2026-08-31,49.03,tcgplayer
OP13-001p1,2026-09-05,49.67,limitless
OP13-002,2025-10-20,4.35,tcgplayer
OP13-002,2025-10-27,1.02,tcgplayer
OP13-002,2025-11-03,0.20,tcgplayer
OP13-002,2025-11-10,0.17,tcgplayer
OP13-002,2025-11-17,0.26,tcgplayer
OP13-002,2025-11-24,0.11,tcgplayer
OP13-002,2025-12-01,0.12,tcgplayer
OP13-002,2025-12-08,0.14,tcgplayer
OP13-002,2025-12-15,0.14,tcgplayer
OP13-002,2025-12-22,0.13,tcgplayer
OP13-002,2025-12-29,0.15,tcgplayer
OP13-002,2026-01-05,0.14,tcgplayer
OP13-002,2026-01-12,0.15,tcgplayer
OP13-002,2026-01-19,0.12,tcgplayer
OP13-002,2026-01-26,0.18,tcgplayer
OP13-002,2026-02-02,0.14,tcgplayer
OP13-002,2026-02-09,0.15,tcgplayer
OP13-002,2026-02-16,0.13,tcgplayer
OP13-002,2026-02-23,0.12,tcgplayer
OP13-002,2026-03-02,0.17,tcgplayer
OP13-002,2026-03-09,0.12,tcgplayer
OP13-002,2026-03-16,0.13,tcgplayer
OP13-002,2026-03-23,0.13,tcgplayer
OP13-002,2026-03-30,0.18,tcgplayer
OP13-002,2026-04-06,0.13,tcgplayer
OP13-002,2026-04-13,0.12,tcgplayer
OP13-002,2026-04-20,0.16,tcgplayer
OP13-002,2026-04-27,0.15,tcgplayer
OP13-002,2026-05-04,0.13,tcgplayer
OP13-002,2026-05-11,0.14,tcgplayer
OP13-002,2026-05-18,0.18,tcgplayer
OP13-002,2026-05-25,0.14,tcgplayer
OP13-002,2026-06-01,0.21,tcgplayer
OP13-002,2026-06-08,0.15,tcgplayer
OP13-002,2026-06-15,0.15,tcgplayer
OP13-002,2026-06-22,0.16,tcgplayer
OP13-002,2026-06-29,0.19,tcgplayer
OP13-002,2026-07-06,0.16,tcgplayer
OP13-002,2026-07-13,0.19,tcgplayer
OP13-002,2026-07-20,0.17,tcgplayer
OP13-002,2026-07-27,0.15,tcgplayer
OP13-002,2026-08-03,0.13,tcgplayer
OP13-002,2026-08-10,0.14,tcgplayer
OP13-002,2026-08-17,0.17,tcgplayer
OP13-002,2026-08-24,0.17,tcgplayer
OP13-002,2026-08-31,0.15,tcgplayer
OP13-002,2026-09-05,0.15,limitless
OP13-002p1,2025-10-27,149.76,tcgplayer
OP13-002p1,2025-11-03,71.73,tcgplayer
OP13-002p1,2025-11-10,63.93,tcgplayer
OP13-002p1,2025-11-17,58.16,tcgplayer
OP13-002p1,2025-11-24,54.27,tcgplayer
OP13-002p1,2025-12-01,54.05,tcgplayer
OP13-002p1,2025-12-08,55.53,tcgplayer
OP13-002p1,2025-12-15,59.54,tcgplayer
OP13-002p1,2025-12-22,58.65,tcgplayer
OP13-002p1,2025-12-29,59.14,tcgplayer
OP13-002p1,2026-01-05,63.09,tcgplayer
OP13-002p1,2026-01-12,63.51,tcgplayer
OP13-002p1,2026-01-19,66.39,tcgplayer
OP13-002p1,2026-01-26,66.13,tcgplayer
OP13-002p1,2026-02-02,65.84,tcgplayer
OP13-002p1,2026-02-09,64.00,tcgplayer
OP13-002p1,2026-02-16,41.87,tcgplayer
OP13-002p1,2026-02-23,41.88,tcgplayer
OP13-002p1,2026-03-02,39.91,tcgplayer
OP13-002p1,2026-03-09,39.31,tcgplayer
OP13-002p1,2026-03-16,40.30,tcgplayer
OP13-002p1,2026-03-23,40.76,tcgplayer
OP13-002p1,2026-03-30,42.30,tcgplayer
OP13-002p1,2026-04-06,43.50,tcgplayer
OP13-002p1,2026-04-13,43.40,tcgplayer
OP13-002p1,2026-04-20,42.59,tcgplayer
OP13-002p1,2026-04-27,41.32,tcgplayer
OP13-002p1,2026-05-04,42.02,tcgplayer
OP13-002p1,2026-05-11,41.36,tcgplayer
OP13-002p1,2026-05-18,42.80,tcgplayer
OP13-002p1,2026-05-25,42.06,tcgplayer
OP13-002p1,2026-06-01,41.53,tcgplayer
OP13-002p1,2026-06-08,41.22,tcgplayer
OP13-002p1,2026-06-15,39.78,tcgplayer
OP13-002p1,2026-06-22,36.98,tcgplayer
OP13-002p1,2026-06-29,35.42,tcgplayer
OP13-002p1,2026-07-06,34.73,tcgplayer
OP13-002p1,2026-07-13,32.94,tcgplayer
OP13-002p1,2026-07-20,31.31,tcgplayer
OP13-002p1,2026-07-27,30.89,tcgplayer
OP13-002p1,2026-08-03,26.62,tcgplayer
OP13-002p1,2026-08-10,21.91,tcgplayer
OP13-002p1,2026-08-17,20.97,tcgplayer
OP13-002p1,2026-08-24,20.54,tcgplayer
OP13-002p1,2026-08-31,20.30,tcgplayer
OP13-002p1,2026-09-05,20.38,limitless
OP13-003,2025-10-20,0.95,tcgplayer
OP13-003,2025-10-27,0.64,tcgplayer
OP13-003,2025-11-03,0.16,tcgplayer
OP13-003,2025-11-10,0.15,tcgplayer
OP13-003,2025-11-17,0.16,tcgplayer
OP13-003,2025-11-24,0.12,tcgplayer
OP13-003,2025-12-01,0.12,tcgplayer
OP13-003,2025-12-08,0.13,tcgplayer
OP13-003,2025-12-15,0.07,tcgplayer
OP13-003,2025-12-22,0.08,tcgplayer
OP13-003,2025-12-29,0.11,tcgplayer
OP13-003,2026-01-05,0.13,tcgplayer
OP13-003,2026-01-12,0.17,tcgplayer
OP13-003,2026-01-19,0.11,tcgplayer
OP13-003,2026-01-26,0.22,tcgplayer
OP13-003,2026-02-02,0.17,tcgplayer
OP13-003,2026-02-09,0.14,tcgplayer
OP13-003,2026-02-16,0.18,tcgplayer
OP13-003,2026-02-23,0.12,tcgplayer
OP13-003,2026-03-02,0.14,tcgplayer
OP13-003,2026-03-09,0.12,tcgplayer
OP13-003,2026-03-16,0.12,tcgplayer
OP13-003,2026-03-23,0.15,tcgplayer
OP13-003,2026-03-30,0.12,tcgplayer
OP13-003,2026-04-06,0.12,tcgplayer
OP13-003,2026-04-13,0.12,tcgplayer
OP13-003,2026-04-20,0.16,tcgplayer
OP13-003,2026-04-27,0.16,tcgplayer
OP13-003,2026-05-04,0.15,tcgplayer
OP13-003,2026-05-11,0.15,tcgplayer
OP13-003,2026-05-18,0.19,tcgplayer
OP13-003,2026-05-25,0.12,tcgplayer
OP13-003,2026-06-01,0.14,tcgplayer
OP13-003,2026-06-08,0.15,tcgplayer
OP13-003,2026-06-15,0.13,tcgplayer
OP13-003,2026-06-22,0.14,tcgplayer
OP13-003,2026-06-29,0.20,tcgplayer
OP13-003,2026-07-06,0.18,tcgplayer
OP13-003,2026-07-13,0.15,tcgplayer
OP13-003,2026-07-20,0.15,tcgplayer
OP13-003,2026-07-27,0.15,tcgplayer
OP13-003,2026-08-03,0.13,tcgplayer
OP13-003,2026-08-10,0.16,tcgplayer
OP13-003,2026-08-17,0.16,tcgplayer
OP13-003,2026-08-24,0.17,tcgplayer
OP13-003,2026-08-31,0.17,tcgplayer
OP13-003,2026-09-05,0.19,limitless
OP13-003p1,2025-10-27,73.38,tcgplayer
OP13-003p1,2025-11-03,52.29,tcgplayer
OP13-003p1,2025-11-10,53.69,tcgplayer
OP13-003p1,2025-11-17,40.91,tcgplayer
OP13-003p1,2025-11-24,44.89,tcgplayer
OP13-003p1,2025-12-01,41.69,tcgplayer
OP13-003p1,2025-12-08,44.59,tcgplayer
OP13-003p1,2025-12-15,44.47,tcgplayer
OP13-003p1,2025-12-22,47.20,tcgplayer
OP13-003p1,2025-12-29,47.51,tcgplayer
OP13-003p1,2026-01-05,61.86,tcgplayer
OP13-003p1,2026-01-12,64.12,tcgplayer
OP13-003p1,2026-01-19,53.56,tcgplayer
OP13-003p1,2026-01-26,53.82,tcgplayer
OP13-003p1,2026-02-02,46.79,tcgplayer
OP13-003p1,2026-02-09,44.52,tcgplayer
OP13-003p1,2026-02-16,40.03,tcgplayer
OP13-003p1,2026-02-23,35.84,tcgplayer
OP13-003p1,2026-03-02,35.22,tcgplayer
OP13-003p1,2026-03-09,34.02,tcgplayer
OP13-003p1,2026-03-16,32.78,tcgplayer
OP13-003p1,2026-03-23,32.14,tcgplayer
OP13-003p1,2026-03-30,30.28,tcgplayer
OP13-003p1,2026-04-06,28.60,tcgplayer
OP13-003p1,2026-04-13,28.38,tcgplayer
OP13-003p1,2026-04-20,28.10,tcgplayer
OP13-003p1,2026-04-27,29.54,tcgplayer
OP13-003p1,2026-05-04,29.85,tcgplayer
OP13-003p1,2026-05-11,29.74,tcgplayer
OP13-003p1,2026-05-18,31.20,tcgplayer
OP13-003p1,2026-05-25,32.73,tcgplayer
OP13-003p1,2026-06-01,33.03,tcgplayer
OP13-003p1,2026-06-08,33.18,tcgplayer
OP13-003p1,2026-06-15,33.21,tcgplayer
OP13-003p1,2026-06-22,30.15,tcgplayer
OP13-003p1,2026-06-29,29.62,tcgplayer
OP13-003p1,2026-07-06,28.60,tcgplayer
OP13-003p1,2026-07-13,28.83,tcgplayer
OP13-003p1,2026-07-20,27.78,tcgplayer
OP13-003p1,2026-07-27,26.70,tcgplayer
OP13-003p1,2026-08-03,25.27,tcgplayer
OP13-003p1,2026-08-10,23.26,tcgplayer
OP13-003p1,2026-08-17,23.40,tcgplayer
OP13-003p1,2026-08-24,23.40,tcgplayer
OP13-003p1,2026-08-31,23.05,tcgplayer
OP13-003p1,2026-09-05,23.20,limitless
OP13-004,2025-10-20,0.92,tcgplayer
OP13-004,2025-10-27,0.51,tcgplayer
OP13-004,2025-11-03,0.12,tcgplayer
OP13-004,2025-11-10,0.14,tcgplayer
OP13-004,2025-11-17,0.15,tcgplayer
OP13-004,2025-11-24,0.13,tcgplayer
OP13-004,2025-12-01,0.12,tcgplayer
OP13-004,2025-12-08,0.13,tcgplayer
OP13-004,2025-12-15,0.09,tcgplayer
OP13-004,2025-12-22,0.15,tcgplayer
OP13-004,2025-12-29,0.11,tcgplayer
OP13-004,2026-01-05,0.12,tcgplayer
OP13-004,2026-01-12,0.12,tcgplayer
OP13-004,2026-01-19,0.14,tcgplayer
OP13-004,2026-01-26,0.18,tcgplayer
OP13-004,2026-02-02,0.16,tcgplayer
OP13-004,2026-02-09,0.12,tcgplayer
OP13-004,2026-02-16,0.11,tcgplayer
OP13-004,2026-02-23,0.15,tcgplayer
OP13-004,2026-03-02,0.11,tcgplayer
OP13-004,2026-03-09,0.13,tcgplayer
OP13-004,2026-03-16,0.13,tcgplayer
OP13-004,2026-03-23,0.11,tcgplayer
OP13-004,2026-03-30,0.11,tcgplayer
OP13-004,2026-04-06,0.14,tcgplayer
OP13-004,2026-04-13,0.11,tcgplayer
OP13-004,2026-04-20,0.17,tcgplayer
OP13-004,2026-04-27,0.16,tcgplayer
OP13-004,2026-05-04,0.16,tcgplayer
OP13-004,2026-05-11,0.16,tcgplayer
OP13-004,2026-05-18,0.19,tcgplayer
OP13-004,2026-05-25,0.16,tcgplayer
OP13-004,2026-06-01,0.18,tcgplayer
OP13-004,2026-06-08,0.15,tcgplayer
OP13-004,2026-06-15,0.13,tcgplayer
OP13-004,2026-06-22,0.18,tcgplayer
OP13-004,2026-06-29,0.17,tcgplayer
OP13-004,2026-07-06,0.13,tcgplayer
OP13-004,2026-07-13,0.18,tcgplayer
OP13-004,2026-07-20,0.15,tcgplayer
OP13-004,2026-07-27,0.18,tcgplayer
OP13-004,2026-08-03,0.14,tcgplayer
OP13-004,2026-08-10,0.12,tcgplayer
OP13-004,2026-08-17,0.14,tcgplayer
OP13-004,2026-08-24,0.15,tcgplayer
OP13-004,2026-08-31,0.18,tcgplayer
OP13-004,2026-09-05,0.16,limitless
OP13-004p1,2025-10-27,43.34,tcgplayer
OP13-004p1,2025-11-03,26.05,tcgplayer
OP13-004p1,2025-11-10,25.25,tcgplayer
OP13-004p1,2025-11-17,21.27,tcgplayer
OP13-004p1,2025-11-24,19.80,tcgplayer
OP13-004p1,2025-12-01,19.11,tcgplayer
OP13-004p1,2025-12-08,21.29,tcgplayer
OP13-004p1,2025-12-15,22.82,tcgplayer
OP13-004p1,2025-12-22,23.95,tcgplayer
OP13-004p1,2025-12-29,23.70,tcgplayer
OP13-004p1,2026-01-05,24.94,tcgplayer
OP13-004p1,2026-01-12,26.09,tcgplayer
OP13-004p1,2026-01-19,34.61,tcgplayer
OP13-004p1,2026-01-26,33.95,tcgplayer
OP13-004p1,2026-02-02,33.60,tcgplayer
OP13-004p1,2026-02-09,32.51,tcgplayer
OP13-004p1,2026-02-16,23.32,tcgplayer
OP13-004p1,2026-02-23,23.67,tcgplayer
OP13-004p1,2026-03-02,24.11,tcgplayer
OP13-004p1,2026-03-09,23.79,tcgplayer
OP13-004p1,2026-03-16,23.39,tcgplayer
OP13-004p1,2026-03-23,22.82,tcgplayer
OP13-004p1,2026-03-30,20.95,tcgplayer
OP13-004p1,2026-04-06,20.58,tcgplayer
OP13-004p1,2026-04-13,19.62,tcgplayer
OP13-004p1,2026-04-20,17.69,tcgplayer
OP13-004p1,2026-04-27,17.58,tcgplayer
OP13-004p1,2026-05-04,17.42,tcgplayer
OP13-004p1,2026-05-11,16.44,tcgplayer
OP13-004p1,2026-05-18,16.52,tcgplayer
OP13-004p1,2026-05-25,16.28,tcgplayer
OP13-004p1,2026-06-01,17.64,tcgplayer
OP13-004p1,2026-06-08,18.22,tcgplayer
OP13-004p1,2026-06-15,18.42,tcgplayer
OP13-004p1,2026-06-22,18.22,tcgplayer
OP13-004p1,2026-06-29,17.56,tcgplayer
OP13-004p1,2026-07-06,16.36,tcgplayer
OP13-004p1,2026-07-13,15.44,tcgplayer
OP13-004p1,2026-07-20,14.81,tcgplayer
OP13-004p1,2026-07-27,17.90,tcgplayer
OP13-004p1,2026-08-03,17.93,tcgplayer
OP13-004p1,2026-08-10,31.45,tcgplayer
OP13-004p1,2026-08-17,47.26,tcgplayer
OP13-004p1,2026-08-24,42.76,tcgplayer
OP13-004p1,2026-08-31,40.46,tcgplayer
OP13-004p1,2026-09-05,40.83,limitless
OP13-005,2025-10-27,0.73,tcgplayer
OP13-005,2025-11-03,0.11,tcgplayer
OP13-005,2025-11-10,0.10,tcgplayer
OP13-005,2025-11-17,0.06,tcgplayer
OP13-005,2025-11-24,0.07,tcgplayer
OP13-005,2025-12-01,0.08,tcgplayer
OP13-005,2025-12-08,0.09,tcgplayer
OP13-005,2025-12-15,0.10,tcgplayer
OP13-005,2025-12-22,0.10,tcgplayer
OP13-005,2025-12-29,0.09,tcgplayer
OP13-005,2026-01-05,0.07,tcgplayer
OP13-005,2026-01-12,0.09,tcgplayer
OP13-005,2026-01-19,0.09,tcgplayer
OP13-005,2026-01-26,0.08,tcgplayer
OP13-005,2026-02-02,0.06,tcgplayer
OP13-005,2026-02-09,0.07,tcgplayer
OP13-005,2026-02-16,0.07,tcgplayer
OP13-005,2026-02-23,0.09,tcgplayer
OP13-005,2026-03-02,0.10,tcgplayer
OP13-005,2026-03-09,0.08,tcgplayer
OP13-005,2026-03-16,0.08,tcgplayer
OP13-005,2026-03-23,0.08,tcgplayer
OP13-005,2026-03-30,0.09,tcgplayer
OP13-005,2026-04-06,0.10,tcgplayer
OP13-005,2026-04-13,0.10,tcgplayer
OP13-005,2026-04-20,0.11,tcgplayer
OP13-005,2026-04-27,0.10,tcgplayer
OP13-005,2026-05-04,0.09,tcgplayer
OP13-005,2026-05-11,0.09,tcgplayer
OP13-005,2026-05-18,0.09,tcgplayer
OP13-005,2026-05-25,0.09,tcgplayer
OP13-005,2026-06-01,0.09,tcgplayer
OP13-005,2026-06-08,0.09,tcgplayer
OP13-005,2026-06-15,0.08,tcgplayer
OP13-005,2026-06-22,0.07,tcgplayer
OP13-005,2026-06-29,0.07,tcgplayer
OP13-005,2026-07-06,0.06,tcgplayer
OP13-005,2026-07-13,0.07,tcgplayer
OP13-005,2026-07-20,0.07,tcgplayer
OP13-005,2026-07-27,0.07,tcgplayer
OP13-005,2026-08-03,0.07,tcgplayer
OP13-005,2026-08-10,0.07,tcgplayer
OP13-005,2026-08-17,0.07,tcgplayer
OP13-005,2026-08-24,0.06,tcgplayer
OP13-005,2026-08-31,0.06,tcgplayer
OP13-005,2026-09-05,0.06,limitless
OP13-006,2025-11-03,0.04,tcgplayer
OP13-006,2025-11-10,0.04,tcgplayer
OP13-006,2025-11-17,0.03,tcgplayer
OP13-006,2025-11-24,0.03,tcgplayer
OP13-006,2025-12-01,0.03,tcgplayer
OP13-006,2025-12-08,0.03,tcgplayer
OP13-006,2025-12-15,0.04,tcgplayer
OP13-006,2025-12-22,0.03,tcgplayer
OP13-006,2025-12-29,0.03,tcgplayer
OP13-006,2026-01-05,0.03,tcgplayer
OP13-006,2026-01-12,0.02,tcgplayer
OP13-006,2026-01-19,0.02,tcgplayer
OP13-006,2026-01-26,0.03,tcgplayer
OP13-006,2026-02-02,0.03,tcgplayer
OP13-006,2026-02-09,0.03,tcgplayer
OP13-006,2026-02-16,0.04,tcgplayer
OP13-006,2026-02-23,0.04,tcgplayer
OP13-006,2026-03-02,0.05,tcgplayer
OP13-006,2026-03-09,0.05,tcgplayer
OP13-006,2026-03-16,0.05,tcgplayer
OP13-006,2026-03-23,0.04,tcgplayer
OP13-006,2026-03-30,0.05,tcgplayer
OP13-006,2026-04-06,0.06,tcgplayer
OP13-006,2026-04-13,0.05,tcgplayer
OP13-006,2026-04-20,0.05,tcgplayer
OP13-006,2026-04-27,0.05,tcgplayer
OP13-006,2026-05-04,0.05,tcgplayer
OP13-006,2026-05-11,0.05,tcgplayer
OP13-006,2026-05-18,0.05,tcgplayer
OP13-006,2026-05-25,0.05,tcgplayer
OP13-006,2026-06-01,0.04,tcgplayer
OP13-006,2026-06-08,0.05,tcgplayer
OP13-006,2026-06-15,0.05,tcgplayer
OP13-006,2026-06-22,0.05,tcgplayer
OP13-006,2026-06-29,0.04,tcgplayer
OP13-006,2026-07-06,0.04,tcgplayer
OP13-006,2026-07-13,0.04,tcgplayer
OP13-006,2026-07-20,0.04,tcgplayer
OP13-006,2026-07-27,0.03,tcgplayer
OP13-006,2026-08-03,0.04,tcgplayer
OP13-006,2026-08-10,0.04,tcgplayer
OP13-006,2026-08-17,0.04,tcgplayer
OP13-006,2026-08-24,0.05,tcgplayer
OP13-006,2026-08-31,0.06,tcgplayer
OP13-006,2026-09-05,0.06,limitless
OP13-007,2025-10-27,1.09,tcgplayer
OP13-007,2025-11-03,0.34,tcgplayer
OP13-007,2025-11-10,0.51,tcgplayer
OP13-007,2025-11-17,0.35,tcgplayer
OP13-007,2025-11-24,0.41,tcgplayer
OP13-007,2025-12-01,0.48,tcgplayer
OP13-007,2025-12-08,0.61,tcgplayer
OP13-007,2025-12-15,0.53,tcgplayer
OP13-007,2025-12-22,0.67,tcgplayer
OP13-007,2025-12-29,0.79,tcgplayer
OP13-007,2026-01-05,0.81,tcgplayer
OP13-007,2026-01-12,1.35,tcgplayer
OP13-007,2026-01-19,1.76,tcgplayer
OP13-007,2026-01-26,1.51,tcgplayer
OP13-007,2026-02-02,1.62,tcgplayer
OP13-007,2026-02-09,2.05,tcgplayer
OP13-007,2026-02-16,2.18,tcgplayer
OP13-007,2026-02-23,2.09,tcgplayer
OP13-007,2026-03-02,2.59,tcgplayer
OP13-007,2026-03-09,3.13,tcgplayer
OP13-007,2026-03-16,3.22,tcgplayer
OP13-007,2026-03-23,3.62,tcgplayer
OP13-007,2026-03-30,4.41,tcgplayer
OP13-007,2026-04-06,3.54,tcgplayer
OP13-007,2026-04-13,3.46,tcgplayer
OP13-007,2026-04-20,3.75,tcgplayer
OP13-007,2026-04-27,3.79,tcgplayer
OP13-007,2026-05-04,3.40,tcgplayer
OP13-007,2026-05-11,3.39,tcgplayer
OP13-007,2026-05-18,3.63,tcgplayer
OP13-007,2026-05-25,3.75,tcgplayer
OP13-007,2026-06-01,4.08,tcgplayer
OP13-007,2026-06-08,3.73,tcgplayer
OP13-007,2026-06-15,3.73,tcgplayer
OP13-007,2026-06-22,3.34,tcgplayer
OP13-007,2026-06-29,3.40,tcgplayer
OP13-007,2026-07-06,2.83,tcgplayer
OP13-007,2026-07-13,2.32,tcgplayer
OP13-007,2026-07-20,2.68,tcgplayer
OP13-007,2026-07-27,1.65,tcgplayer
OP13-007,2026-08-03,2.24,tcgplayer
OP13-007,2026-08-10,2.20,tcgplayer
OP13-007,2026-08-17,1.92,tcgplayer
OP13-007,2026-08-24,1.60,tcgplayer
OP13-007,2026-08-31,1.80,tcgplayer
OP13-007,2026-09-05,1.85,limitless
OP13-007p1,2025-10-27,34.36,tcgplayer
OP13-007p1,2025-11-03,10.02,tcgplayer
OP13-007p1,2025-11-10,8.78,tcgplayer
OP13-007p1,2025-11-17,9.50,tcgplayer
OP13-007p1,2025-11-24,8.69,tcgplayer
OP13-007p1,2025-12-01,11.85,tcgplayer
OP13-007p1,2025-12-08,18.57,tcgplayer
OP13-007p1,2025-12-15,22.85,tcgplayer
OP13-007p1,2025-12-22,22.02,tcgplayer
OP13-007p1,2025-12-29,23.03,tcgplayer
OP13-007p1,2026-01-05,25.49,tcgplayer
OP13-007p1,2026-01-12,47.04,tcgplayer
OP13-007p1,2026-01-19,45.45,tcgplayer
OP13-007p1,2026-01-26,40.67,tcgplayer
OP13-007p1,2026-02-02,34.26,tcgplayer
OP13-007p1,2026-02-09,23.69,tcgplayer
OP13-007p1,2026-02-16,22.88,tcgplayer
OP13-007p1,2026-02-23,24.24,tcgplayer
OP13-007p1,2026-03-02,32.66,tcgplayer
OP13-007p1,2026-03-09,37.54,tcgplayer
OP13-007p1,2026-03-16,39.63,tcgplayer
OP13-007p1,2026-03-23,40.55,tcgplayer
OP13-007p1,2026-03-30,39.89,tcgplayer
OP13-007p1,2026-04-06,32.65,tcgplayer
OP13-007p1,2026-04-13,31.23,tcgplayer
OP13-007p1,2026-04-20,30.41,tcgplayer
OP13-007p1,2026-04-27,29.89,tcgplayer
OP13-007p1,2026-05-04,30.94,tcgplayer
OP13-007p1,2026-05-11,30.82,tcgplayer
OP13-007p1,2026-05-18,31.70,tcgplayer
OP13-007p1,2026-05-25,33.71,tcgplayer
OP13-007p1,2026-06-01,34.56,tcgplayer
OP13-007p1,2026-06-08,35.32,tcgplayer
OP13-007p1,2026-06-15,35.70,tcgplayer
OP13-007p1,2026-06-22,36.07,tcgplayer
OP13-007p1,2026-06-29,40.79,tcgplayer
OP13-007p1,2026-07-06,42.62,tcgplayer
OP13-007p1,2026-07-13,39.69,tcgplayer
OP13-007p1,2026-07-20,37.86,tcgplayer
OP13-007p1,2026-07-27,34.94,tcgplayer
OP13-007p1,2026-08-03,31.17,tcgplayer
OP13-007p1,2026-08-10,28.52,tcgplayer
OP13-007p1,2026-08-17,28.06,tcgplayer
OP13-007p1,2026-08-24,25.76,tcgplayer
OP13-007p1,2026-08-31,24.62,tcgplayer
OP13-007p1,2026-09-05,24.54,limitless
OP13-008,2025-10-27,0.10,tcgplayer
OP13-008,2025-11-03,0.05,tcgplayer
OP13-008,2025-11-10,0.08,tcgplayer
OP13-008,2025-11-17,0.05,tcgplayer
OP13-008,2025-11-24,0.04,tcgplayer
OP13-008,2025-12-01,0.05,tcgplayer
OP13-008,2025-12-08,0.05,tcgplayer
OP13-008,2025-12-15,0.06,tcgplayer
OP13-008,2025-12-22,0.05,tcgplayer
OP13-008,2025-12-29,0.04,tcgplayer
OP13-008,2026-01-05,0.03,tcgplayer
OP13-008,2026-01-12,0.03,tcgplayer
OP13-008,2026-01-19,0.04,tcgplayer
OP13-008,2026-01-26,0.06,tcgplayer
OP13-008,2026-02-02,0.06,tcgplayer
OP13-008,2026-02-09,0.06,tcgplayer
OP13-008,2026-02-16,0.04,tcgplayer
OP13-008,2026-02-23,0.03,tcgplayer
OP13-008,2026-03-02,0.03,tcgplayer
OP13-008,2026-03-09,0.03,tcgplayer
OP13-008,2026-03-16,0.03,tcgplayer
OP13-008,2026-03-23,0.03,tcgplayer
OP13-008,2026-03-30,0.09,tcgplayer
OP13-008,2026-04-06,0.09,tcgplayer
OP13-008,2026-04-13,0.09,tcgplayer
OP13-008,2026-04-20,0.11,tcgplayer
OP13-008,2026-04-27,0.05,tcgplayer
OP13-008,2026-05-04,0.06,tcgplayer
OP13-008,2026-05-11,0.06,tcgplayer
OP13-008,2026-05-18,0.06,tcgplayer
OP13-008,2026-05-25,0.06,tcgplayer
OP13-008,2026-06-01,0.06,tcgplayer
OP13-008,2026-06-08,0.06,tcgplayer
OP13-008,2026-06-15,0.07,tcgplayer
OP13-008,2026-06-22,0.07,tcgplayer
OP13-008,2026-06-29,0.07,tcgplayer
OP13-008,2026-07-06,0.06,tcgplayer
OP13-008,2026-07-13,0.06,tcgplayer
OP13-008,2026-07-20,0.06,tcgplayer
OP13-008,2026-07-27,0.06,tcgplayer
OP13-008,2026-08-03,0.05,tcgplayer
OP13-008,2026-08-10,0.05,tcgplayer
OP13-008,2026-08-17,0.06,tcgplayer
OP13-008,2026-08-24,0.06,tcgplayer
OP13-008,2026-08-31,0.06,tcgplayer
OP13-008,2026-09-05,0.07,limitless
OP13-009,2025-11-03,0.04,tcgplayer
OP13-009,2025-11-10,0.03,tcgplayer
OP13-009,2025-11-17,0.03,tcgplayer
OP13-009,2025-11-24,0.03,tcgplayer
OP13-009,2025-12-01,0.03,tcgplayer
OP13-009,2025-12-08,0.02,tcgplayer
OP13-009,2025-12-15,0.02,tcgplayer
OP13-009,2025-12-22,0.02,tcgplayer
OP13-009,2025-12-29,0.02,tcgplayer
OP13-009,2026-01-05,0.02,tcgplayer
OP13-009,2026-01-12,0.02,tcgplayer
OP13-009,2026-01-19,0.02,tcgplayer
OP13-009,2026-01-26,0.02,tcgplayer
OP13-009,2026-02-02,0.03,tcgplayer
OP13-009,2026-02-09,0.02,tcgplayer
OP13-009,2026-02-16,0.03,tcgplayer
OP13-009,2026-02-23,0.03,tcgplayer
OP13-009,2026-03-02,0.03,tcgplayer
OP13-009,2026-03-09,0.03,tcgplayer
OP13-009,2026-03-16,0.03,tcgplayer
OP13-009,2026-03-23,0.03,tcgplayer
OP13-009,2026-03-30,0.08,tcgplayer
OP13-009,2026-04-06,0.08,tcgplayer
OP13-009,2026-04-13,0.07,tcgplayer
OP13-009,2026-04-20,0.07,tcgplayer
OP13-009,2026-04-27,0.07,tcgplayer
OP13-009,2026-05-04,0.08,tcgplayer
OP13-009,2026-05-11,0.08,tcgplayer
OP13-009,2026-05-18,0.08,tcgplayer
OP13-009,2026-05-25,0.08,tcgplayer
OP13-009,2026-06-01,0.04,tcgplayer
OP13-009,2026-06-08,0.05,tcgplayer
OP13-009,2026-06-15,0.05,tcgplayer
OP13-009,2026-06-22,0.05,tcgplayer
OP13-009,2026-06-29,0.05,tcgplayer
OP13-009,2026-07-06,0.05,tcgplayer
OP13-009,2026-07-13,0.06,tcgplayer
OP13-009,2026-07-20,0.04,tcgplayer
OP13-009,2026-07-27,0.04,tcgplayer
OP13-009,2026-08-03,0.04,tcgplayer
OP13-009,2026-08-10,0.03,tcgplayer
OP13-009,2026-08-17,0.03,tcgplayer
OP13-009,2026-08-24,0.04,tcgplayer
OP13-009,2026-08-31,0.03,tcgplayer
OP13-009,2026-09-05,0.03,limitless
OP13-010,2025-11-03,0.02,tcgplayer
OP13-010,2025-11-10,0.02,tcgplayer
OP13-010,2025-11-17,0.02,tcgplayer
OP13-010,2025-11-24,0.02,tcgplayer
OP13-010,2025-12-01,0.02,tcgplayer
OP13-010,2025-12-08,0.03,tcgplayer
OP13-010,2025-12-15,0.03,tcgplayer
OP13-010,2025-12-22,0.03,tcgplayer
OP13-010,2025-12-29,0.03,tcgplayer
OP13-010,2026-01-05,0.02,tcgplayer
OP13-010,2026-01-12,0.03,tcgplayer
OP13-010,2026-01-19,0.05,tcgplayer
OP13-010,2026-01-26,0.04,tcgplayer
OP13-010,2026-02-02,0.05,tcgplayer
OP13-010,2026-02-09,0.05,tcgplayer
OP13-010,2026-02-16,0.05,tcgplayer
OP13-010,2026-02-23,0.05,tcgplayer
OP13-010,2026-03-02,0.04,tcgplayer
OP13-010,2026-03-09,0.05,tcgplayer
OP13-010,2026-03-16,0.05,tcgplayer
OP13-010,2026-03-23,0.04,tcgplayer
OP13-010,2026-03-30,0.08,tcgplayer
OP13-010,2026-04-06,0.08,tcgplayer
OP13-010,2026-04-13,0.09,tcgplayer
OP13-010,2026-04-20,0.10,tcgplayer
OP13-010,2026-04-27,0.06,tcgplayer
OP13-010,2026-05-04,0.05,tcgplayer
OP13-010,2026-05-11,0.04,tcgplayer
OP13-010,2026-05-18,0.04,tcgplayer
OP13-010,2026-05-25,0.04,tcgplayer
OP13-010,2026-06-01,0.04,tcgplayer
OP13-010,2026-06-08,0.04,tcgplayer
OP13-010,2026-06-15,0.05,tcgplayer
OP13-010,2026-06-22,0.05,tcgplayer
OP13-010,2026-06-29,0.05,tcgplayer
OP13-010,2026-07-06,0.05,tcgplayer
OP13-010,2026-07-13,0.05,tcgplayer
OP13-010,2026-07-20,0.04,tcgplayer
OP13-010,2026-07-27,0.05,tcgplayer
OP13-010,2026-08-03,0.04,tcgplayer
OP13-010,2026-08-10,0.03,tcgplayer
OP13-010,2026-08-17,0.04,tcgplayer
OP13-010,2026-08-24,0.03,tcgplayer
OP13-010,2026-08-31,0.03,tcgplayer
OP13-010,2026-09-05,0.03,limitless
OP13-011,2025-10-27,0.10,tcgplayer
OP13-011,2025-11-03,0.07,tcgplayer
OP13-011,2025-11-10,0.07,tcgplayer
OP13-011,2025-11-17,0.07,tcgplayer
OP13-011,2025-11-24,0.08,tcgplayer
OP13-011,2025-12-01,0.06,tcgplayer
OP13-011,2025-12-08,0.06,tcgplayer
OP13-011,2025-12-15,0.06,tcgplayer
OP13-011,2025-12-22,0.05,tcgplayer
OP13-011,2025-12-29,0.07,tcgplayer
OP13-011,2026-01-05,0.05,tcgplayer
OP13-011,2026-01-12,0.05,tcgplayer
OP13-011,2026-01-19,0.06,tcgplayer
OP13-011,2026-01-26,0.05,tcgplayer
OP13-011,2026-02-02,0.04,tcgplayer
OP13-011,2026-02-09,0.06,tcgplayer
OP13-011,2026-02-16,0.11,tcgplayer
OP13-011,2026-02-23,0.08,tcgplayer
OP13-011,2026-03-02,0.08,tcgplayer
OP13-011,2026-03-09,0.09,tcgplayer
OP13-011,2026-03-16,0.09,tcgplayer
OP13-011,2026-03-23,0.11,tcgplayer
OP13-011,2026-03-30,0.08,tcgplayer
OP13-011,2026-04-06,0.08,tcgplayer
OP13-011,2026-04-13,0.07,tcgplayer
OP13-011,2026-04-20,0.06,tcgplayer
OP13-011,2026-04-27,0.11,tcgplayer
OP13-011,2026-05-04,0.10,tcgplayer
OP13-011,2026-05-11,0.10,tcgplayer
OP13-011,2026-05-18,0.10,tcgplayer
OP13-011,2026-05-25,0.08,tcgplayer
OP13-011,2026-06-01,0.09,tcgplayer
OP13-011,2026-06-08,0.09,tcgplayer
OP13-011,2026-06-15,0.10,tcgplayer
OP13-011,2026-06-22,0.09,tcgplayer
OP13-011,2026-06-29,0.08,tcgplayer
OP13-011,2026-07-06,0.08,tcgplayer
OP13-011,2026-07-13,0.07,tcgplayer
OP13-011,2026-07-20,0.07,tcgplayer
OP13-011,2026-07-27,0.07,tcgplayer
OP13-011,2026-08-03,0.06,tcgplayer
OP13-011,2026-08-10,0.05,tcgplayer
OP13-011,2026-08-17,0.05,tcgplayer
OP13-011,2026-08-24,0.05,tcgplayer
OP13-011,2026-08-31,0.05,tcgplayer
OP13-011,2026-09-05,0.05,limitless
OP13-012,2025-10-27,0.39,tcgplayer
OP13-012,2025-11-03,0.11,tcgplayer
OP13-012,2025-11-10,0.15,tcgplayer
OP13-012,2025-11-17,0.13,tcgplayer
OP13-012,2025-11-24,0.11,tcgplayer
OP13-012,2025-12-01,0.15,tcgplayer
OP13-012,2025-12-08,0.15,tcgplayer
OP13-012,2025-12-15,0.13,tcgplayer
OP13-012,2025-12-22,0.11,tcgplayer
OP13-012,2025-12-29,0.15,tcgplayer
OP13-012,2026-01-05,0.17,tcgplayer
OP13-012,2026-01-12,0.14,tcgplayer
OP13-012,2026-01-19,0.14,tcgplayer
OP13-012,2026-01-26,0.13,tcgplayer
OP13-012,2026-02-02,0.14,tcgplayer
OP13-012,2026-02-09,0.16,tcgplayer
OP13-012,2026-02-16,0.21,tcgplayer
OP13-012,2026-02-23,0.15,tcgplayer
OP13-012,2026-03-02,0.23,tcgplayer
OP13-012,2026-03-09,0.22,tcgplayer
OP13-012,2026-03-16,0.17,tcgplayer
OP13-012,2026-03-23,0.19,tcgplayer
OP13-012,2026-03-30,0.22,tcgplayer
OP13-012,2026-04-06,0.19,tcgplayer
OP13-012,2026-04-13,0.25,tcgplayer
OP13-012,2026-04-20,0.21,tcgplayer
OP13-012,2026-04-27,0.22,tcgplayer
OP13-012,2026-05-04,0.25,tcgplayer
OP13-012,2026-05-11,0.20,tcgplayer
OP13-012,2026-05-18,0.19,tcgplayer
OP13-012,2026-05-25,0.20,tcgplayer
OP13-012,2026-06-01,0.34,tcgplayer
OP13-012,2026-06-08,0.19,tcgplayer
OP13-012,2026-06-15,0.19,tcgplayer
OP13-012,2026-06-22,0.19,tcgplayer
OP13-012,2026-06-29,0.24,tcgplayer
OP13-012,2026-07-06,0.20,tcgplayer
OP13-012,2026-07-13,0.20,tcgplayer
OP13-012,2026-07-20,0.21,tcgplayer
OP13-012,2026-07-27,0.18,tcgplayer
OP13-012,2026-08-03,0.19,tcgplayer
OP13-012,2026-08-10,0.14,tcgplayer
OP13-012,2026-08-17,0.16,tcgplayer
OP13-012,2026-08-24,0.16,tcgplayer
OP13-012,2026-08-31,0.18,tcgplayer
OP13-012,2026-09-05,0.23,limitless
OP13-013,2025-11-03,0.04,tcgplayer
OP13-013,2025-11-10,0.02,tcgplayer
OP13-013,2025-11-17,0.03,tcgplayer
OP13-013,2025-11-24,0.03,tcgplayer
OP13-013,2025-12-01,0.02,tcgplayer
OP13-013,2025-12-08,0.03,tcgplayer
OP13-013,2025-12-15,0.03,tcgplayer
OP13-013,2025-12-22,0.03,tcgplayer
OP13-013,2025-12-29,0.03,tcgplayer
OP13-013,2026-01-05,0.03,tcgplayer
OP13-013,2026-01-12,0.03,tcgplayer
OP13-013,2026-01-19,0.02,tcgplayer
OP13-013,2026-01-26,0.02,tcgplayer
OP13-013,2026-02-02,0.02,tcgplayer
OP13-013,2026-02-09,0.02,tcgplayer
OP13-013,2026-02-16,0.02,tcgplayer
OP13-013,2026-02-23,0.02,tcgplayer
OP13-013,2026-03-02,0.03,tcgplayer
OP13-013,2026-03-09,0.04,tcgplayer
OP13-013,2026-03-16,0.04,tcgplayer
OP13-013,2026-03-23,0.04,tcgplayer
OP13-013,2026-03-30,0.04,tcgplayer
OP13-013,2026-04-06,0.04,tcgplayer
OP13-013,2026-04-13,0.04,tcgplayer
OP13-013,2026-04-20,0.04,tcgplayer
OP13-013,2026-04-27,0.03,tcgplayer
OP13-013,2026-05-04,0.04,tcgplayer
OP13-013,2026-05-11,0.05,tcgplayer
OP13-013,2026-05-18,0.05,tcgplayer
OP13-013,2026-05-25,0.05,tcgplayer
OP13-013,2026-06-01,0.04,tcgplayer
OP13-013,2026-06-08,0.05,tcgplayer
OP13-013,2026-06-15,0.04,tcgplayer
OP13-013,2026-06-22,0.04,tcgplayer
OP13-013,2026-06-29,0.04,tcgplayer
OP13-013,2026-07-06,0.04,tcgplayer
OP13-013,2026-07-13,0.05,tcgplayer
OP13-013,2026-07-20,0.04,tcgplayer
OP13-013,2026-07-27,0.04,tcgplayer
OP13-013,2026-08-03,0.04,tcgplayer
OP13-013,2026-08-10,0.04,tcgplayer
OP13-013,2026-08-17,0.04,tcgplayer
OP13-013,2026-08-24,0.05,tcgplayer
OP13-013,2026-08-31,0.04,tcgplayer
OP13-013,2026-09-05,0.04,limitless
OP13-014,2025-10-27,0.43,tcgplayer
OP13-014,2025-11-03,0.06,tcgplayer
OP13-014,2025-11-10,0.04,tcgplayer
OP13-014,2025-11-17,0.03,tcgplayer
OP13-014,2025-11-24,0.02,tcgplayer
OP13-014,2025-12-01,0.03,tcgplayer
OP13-014,2025-12-08,0.03,tcgplayer
OP13-014,2025-12-15,0.04,tcgplayer
OP13-014,2025-12-22,0.04,tcgplayer
OP13-014,2025-12-29,0.04,tcgplayer
OP13-014,2026-01-05,0.07,tcgplayer
OP13-014,2026-01-12,0.09,tcgplayer
OP13-014,2026-01-19,0.06,tcgplayer
OP13-014,2026-01-26,0.06,tcgplayer
OP13-014,2026-02-02,0.08,tcgplayer
OP13-014,2026-02-09,0.06,tcgplayer
OP13-014,2026-02-16,0.05,tcgplayer
OP13-014,2026-02-23,0.05,tcgplayer
OP13-014,2026-03-02,0.06,tcgplayer
OP13-014,2026-03-09,0.06,tcgplayer
OP13-014,2026-03-16,0.06,tcgplayer
OP13-014,2026-03-23,0.06,tcgplayer
OP13-014,2026-03-30,0.08,tcgplayer
OP13-014,2026-04-06,0.06,tcgplayer
OP13-014,2026-04-13,0.07,tcgplayer
OP13-014,2026-04-20,0.07,tcgplayer
OP13-014,2026-04-27,0.08,tcgplayer
OP13-014,2026-05-04,0.07,tcgplayer
OP13-014,2026-05-11,0.07,tcgplayer
OP13-014,2026-05-18,0.07,tcgplayer
OP13-014,2026-05-25,0.06,tcgplayer
OP13-014,2026-06-01,0.09,tcgplayer
OP13-014,2026-06-08,0.11,tcgplayer
OP13-014,2026-06-15,0.11,tcgplayer
OP13-014,2026-06-22,0.06,tcgplayer
OP13-014,2026-06-29,0.06,tcgplayer
OP13-014,2026-07-06,0.07,tcgplayer
OP13-014,2026-07-13,0.07,tcgplayer
OP13-014,2026-07-20,0.06,tcgplayer
OP13-014,2026-07-27,0.08,tcgplayer
OP13-014,2026-08-03,0.09,tcgplayer
OP13-014,2026-08-10,0.10,tcgplayer
OP13-014,2026-08-17,0.10,tcgplayer
OP13-014,2026-08-24,0.11,tcgplayer
OP13-014,2026-08-31,0.10,tcgplayer
OP13-014,2026-09-05,0.10,limitless
OP13-015,2025-10-27,0.10,tcgplayer
OP13-015,2025-11-03,0.05,tcgplayer
OP13-015,2025-11-10,0.06,tcgplayer
OP13-015,2025-11-17,0.04,tcgplayer
OP13-015,2025-11-24,0.06,tcgplayer
OP13-015,2025-12-01,0.06,tcgplayer
OP13-015,2025-12-08,0.07,tcgplayer
OP13-015,2025-12-15,0.06,tcgplayer
OP13-015,2025-12-22,0.05,tcgplayer
OP13-015,2025-12-29,0.07,tcgplayer
OP13-015,2026-01-05,0.04,tcgplayer
OP13-015,2026-01-12,0.05,tcgplayer
OP13-015,2026-01-19,0.06,tcgplayer
OP13-015,2026-01-26,0.06,tcgplayer
OP13-015,2026-02-02,0.11,tcgplayer
OP13-015,2026-02-09,0.08,tcgplayer
OP13-015,2026-02-16,0.10,tcgplayer
OP13-015,2026-02-23,0.09,tcgplayer
OP13-015,2026-03-02,0.06,tcgplayer
OP13-015,2026-03-09,0.06,tcgplayer
OP13-015,2026-03-16,0.06,tcgplayer
OP13-015,2026-03-23,0.07,tcgplayer
OP13-015,2026-03-30,0.06,tcgplayer
OP13-015,2026-04-06,0.07,tcgplayer
OP13-015,2026-04-13,0.06,tcgplayer
OP13-015,2026-04-20,0.06,tcgplayer
OP13-015,2026-04-27,0.08,tcgplayer
OP13-015,2026-05-04,0.08,tcgplayer
OP13-015,2026-05-11,0.07,tcgplayer
OP13-015,2026-05-18,0.07,tcgplayer
OP13-015,2026-05-25,0.08,tcgplayer
OP13-015,2026-06-01,0.09,tcgplayer
OP13-015,2026-06-08,0.10,tcgplayer
OP13-015,2026-06-15,0.09,tcgplayer
OP13-015,2026-06-22,0.12,tcgplayer
OP13-015,2026-06-29,0.13,tcgplayer
OP13-015,2026-07-06,0.13,tcgplayer
OP13-015,2026-07-13,0.09,tcgplayer
OP13-015,2026-07-20,0.08,tcgplayer
OP13-015,2026-07-27,0.08,tcgplayer
OP13-015,2026-08-03,0.09,tcgplayer
OP13-015,2026-08-10,0.09,tcgplayer
OP13-015,2026-08-17,0.11,tcgplayer
OP13-015,2026-08-24,0.09,tcgplayer
OP13-015,2026-08-31,0.11,tcgplayer
OP13-015,2026-09-05,0.09,limitless
OP13-016,2025-10-27,1.54,tcgplayer
OP13-016,2025-11-03,0.38,tcgplayer
OP13-016,2025-11-10,0.42,tcgplayer
OP13-016,2025-11-17,0.35,tcgplayer
OP13-016,2025-11-24,0.37,tcgplayer
OP13-016,2025-12-01,0.37,tcgplayer
OP13-016,2025-12-08,0.28,tcgplayer
OP13-016,2025-12-15,0.27,tcgplayer
OP13-016,2025-12-22,0.35,tcgplayer
OP13-016,2025-12-29,0.35,tcgplayer
OP13-016,2026-01-05,0.32,tcgplayer
OP13-016,2026-01-12,0.33,tcgplayer
OP13-016,2026-01-19,0.29,tcgplayer
OP13-016,2026-01-26,0.24,tcgplayer
OP13-016,2026-02-02,0.27,tcgplayer
OP13-016,2026-02-09,0.35,tcgplayer
OP13-016,2026-02-16,0.34,tcgplayer
OP13-016,2026-02-23,0.31,tcgplayer
OP13-016,2026-03-02,0.31,tcgplayer
OP13-016,2026-03-09,0.31,tcgplayer
OP13-016,2026-03-16,0.29,tcgplayer
OP13-016,2026-03-23,0.28,tcgplayer
OP13-016,2026-03-30,0.26,tcgplayer
OP13-016,2026-04-06,0.28,tcgplayer
OP13-016,2026-04-13,0.30,tcgplayer
OP13-016,2026-04-20,0.33,tcgplayer
OP13-016,2026-04-27,0.32,tcgplayer
OP13-016,2026-05-04,0.34,tcgplayer
OP13-016,2026-05-11,0.35,tcgplayer
OP13-016,2026-05-18,0.36,tcgplayer
OP13-016,2026-05-25,0.32,tcgplayer
OP13-016,2026-06-01,0.32,tcgplayer
OP13-016,2026-06-08,0.41,tcgplayer
OP13-016,2026-06-15,0.44,tcgplayer
OP13-016,2026-06-22,0.42,tcgplayer
OP13-016,2026-06-29,0.42,tcgplayer
OP13-016,2026-07-06,0.41,tcgplayer
OP13-016,2026-07-13,0.52,tcgplayer
OP13-016,2026-07-20,0.43,tcgplayer
OP13-016,2026-07-27,0.41,tcgplayer
OP13-016,2026-08-03,0.53,tcgplayer
OP13-016,2026-08-10,0.68,tcgplayer
OP13-016,2026-08-17,0.58,tcgplayer
OP13-016,2026-08-24,0.82,tcgplayer
OP13-016,2026-08-31,0.92,tcgplayer
OP13-016,2026-09-05,0.97,limitless
OP13-016p1,2025-10-27,49.27,tcgplayer
OP13-016p1,2025-11-03,25.22,tcgplayer
OP13-016p1,2025-11-10,23.04,tcgplayer
OP13-016p1,2025-11-17,21.35,tcgplayer
OP13-016p1,2025-11-24,22.64,tcgplayer
OP13-016p1,2025-12-01,20.90,tcgplayer
OP13-016p1,2025-12-08,22.18,tcgplayer
OP13-016p1,2025-12-15,21.35,tcgplayer
OP13-016p1,2025-12-22,19.68,tcgplayer
OP13-016p1,2025-12-29,19.13,tcgplayer
OP13-016p1,2026-01-05,19.09,tcgplayer
OP13-016p1,2026-01-12,19.73,tcgplayer
OP13-016p1,2026-01-19,19.15,tcgplayer
OP13-016p1,2026-01-26,17.84,tcgplayer
OP13-016p1,2026-02-02,18.23,tcgplayer
OP13-016p1,2026-02-09,17.63,tcgplayer
OP13-016p1,2026-02-16,16.01,tcgplayer
OP13-016p1,2026-02-23,15.23,tcgplayer
OP13-016p1,2026-03-02,15.76,tcgplayer
OP13-016p1,2026-03-09,16.71,tcgplayer
OP13-016p1,2026-03-16,20.00,tcgplayer
OP13-016p1,2026-03-23,21.80,tcgplayer
OP13-016p1,2026-03-30,21.52,tcgplayer
OP13-016p1,2026-04-06,21.53,tcgplayer
OP13-016p1,2026-04-13,21.53,tcgplayer
OP13-016p1,2026-04-20,21.63,tcgplayer
OP13-016p1,2026-04-27,20.71,tcgplayer
OP13-016p1,2026-05-04,23.60,tcgplayer
OP13-016p1,2026-05-11,24.40,tcgplayer
OP13-016p1,2026-05-18,24.77,tcgplayer
OP13-016p1,2026-05-25,25.45,tcgplayer
OP13-016p1,2026-06-01,24.72,tcgplayer
OP13-016p1,2026-06-08,23.80,tcgplayer
OP13-016p1,2026-06-15,23.19,tcgplayer
OP13-016p1,2026-06-22,23.86,tcgplayer
OP13-016p1,2026-06-29,23.32,tcgplayer
OP13-016p1,2026-07-06,22.31,tcgplayer
OP13-016p1,2026-07-13,21.59,tcgplayer
OP13-016p1,2026-07-20,21.71,tcgplayer
OP13-016p1,2026-07-27,21.17,tcgplayer
OP13-016p1,2026-08-03,20.32,tcgplayer
OP13-016p1,2026-08-10,23.62,tcgplayer
OP13-016p1,2026-08-17,23.50,tcgplayer
OP13-016p1,2026-08-24,22.68,tcgplayer
OP13-016p1,2026-08-31,21.64,tcgplayer
OP13-016p1,2026-09-05,21.61,limitless
OP13-017,2025-10-27,0.55,tcgplayer
OP13-017,2025-11-03,0.13,tcgplayer
OP13-017,2025-11-10,0.08,tcgplayer
OP13-017,2025-11-17,0.09,tcgplayer
OP13-017,2025-11-24,0.09,tcgplayer
OP13-017,2025-12-01,0.09,tcgplayer
OP13-017,2025-12-08,0.09,tcgplayer
OP13-017,2025-12-15,0.06,tcgplayer
OP13-017,2025-12-22,0.07,tcgplayer
OP13-017,2025-12-29,0.06,tcgplayer
OP13-017,2026-01-05,0.11,tcgplayer
OP13-017,2026-01-12,0.10,tcgplayer
OP13-017,2026-01-19,0.09,tcgplayer
OP13-017,2026-01-26,0.10,tcgplayer
OP13-017,2026-02-02,0.10,tcgplayer
OP13-017,2026-02-09,0.13,tcgplayer
OP13-017,2026-02-16,0.10,tcgplayer
OP13-017,2026-02-23,0.12,tcgplayer
OP13-017,2026-03-02,0.09,tcgplayer
OP13-017,2026-03-09,0.16,tcgplayer
OP13-017,2026-03-16,0.11,tcgplayer
OP13-017,2026-03-23,0.11,tcgplayer
OP13-017,2026-03-30,0.12,tcgplayer
OP13-017,2026-04-06,0.13,tcgplayer
OP13-017,2026-04-13,0.11,tcgplayer
OP13-017,2026-04-20,0.10,tcgplayer
OP13-017,2026-04-27,0.14,tcgplayer
OP13-017,2026-05-04,0.10,tcgplayer
OP13-017,2026-05-11,0.11,tcgplayer
OP13-017,2026-05-18,0.10,tcgplayer
OP13-017,2026-05-25,0.10,tcgplayer
OP13-017,2026-06-01,0.09,tcgplayer
OP13-017,2026-06-08,0.09,tcgplayer
OP13-017,2026-06-15,0.10,tcgplayer
OP13-017,2026-06-22,0.08,tcgplayer
OP13-017,2026-06-29,0.11,tcgplayer
OP13-017,2026-07-06,0.09,tcgplayer
OP13-017,2026-07-13,0.11,tcgplayer
OP13-017,2026-07-20,0.10,tcgplayer
OP13-017,2026-07-27,0.09,tcgplayer
OP13-017,2026-08-03,0.11,tcgplayer
OP13-017,2026-08-10,0.12,tcgplayer
OP13-017,2026-08-17,0.11,tcgplayer
OP13-017,2026-08-24,0.12,tcgplayer
OP13-017,2026-08-31,0.09,tcgplayer
OP13-017,2026-09-05,0.09,limitless
OP13-018,2025-11-03,0.05,tcgplayer
OP13-018,2025-11-10,0.05,tcgplayer
OP13-018,2025-11-17,0.03,tcgplayer
OP13-018,2025-11-24,0.04,tcgplayer
OP13-018,2025-12-01,0.03,tcgplayer
OP13-018,2025-12-08,0.03,tcgplayer
OP13-018,2025-12-15,0.10,tcgplayer
OP13-018,2025-12-22,0.10,tcgplayer
OP13-018,2025-12-29,0.04,tcgplayer
OP13-018,2026-01-05,0.05,tcgplayer
OP13-018,2026-01-12,0.05,tcgplayer
OP13-018,2026-01-19,0.04,tcgplayer
OP13-018,2026-01-26,0.04,tcgplayer
OP13-018,2026-02-02,0.05,tcgplayer
OP13-018,2026-02-09,0.04,tcgplayer
OP13-018,2026-02-16,0.05,tcgplayer
OP13-018,2026-02-23,0.04,tcgplayer
OP13-018,2026-03-02,0.05,tcgplayer
OP13-018,2026-03-09,0.05,tcgplayer
OP13-018,2026-03-16,0.06,tcgplayer
OP13-018,2026-03-23,0.06,tcgplayer
OP13-018,2026-03-30,0.07,tcgplayer
OP13-018,2026-04-06,0.06,tcgplayer
OP13-018,2026-04-13,0.07,tcgplayer
OP13-018,2026-04-20,0.06,tcgplayer
OP13-018,2026-04-27,0.08,tcgplayer
OP13-018,2026-05-04,0.08,tcgplayer
OP13-018,2026-05-11,0.08,tcgplayer
OP13-018,2026-05-18,0.08,tcgplayer
OP13-018,2026-05-25,0.07,tcgplayer
OP13-018,2026-06-01,0.07,tcgplayer
OP13-018,2026-06-08,0.07,tcgplayer
OP13-018,2026-06-15,0.07,tcgplayer
OP13-018,2026-06-22,0.07,tcgplayer
OP13-018,2026-06-29,0.07,tcgplayer
OP13-018,2026-07-06,0.06,tcgplayer
OP13-018,2026-07-13,0.06,tcgplayer
OP13-018,2026-07-20,0.07,tcgplayer
OP13-018,2026-07-27,0.07,tcgplayer
OP13-018,2026-08-03,0.08,tcgplayer
OP13-018,2026-08-10,0.08,tcgplayer
OP13-018,2026-08-17,0.06,tcgplayer
OP13-018,2026-08-24,0.06,tcgplayer
OP13-018,2026-08-31,0.06,tcgplayer
OP13-018,2026-09-05,0.06,limitless
OP13-019,2025-10-27,0.40,tcgplayer
OP13-019,2025-11-03,0.11,tcgplayer
OP13-019,2025-11-10,0.12,tcgplayer
OP13-019,2025-11-17,0.08,tcgplayer
OP13-019,2025-11-24,0.08,tcgplayer
OP13-019,2025-12-01,0.13,tcgplayer
OP13-019,2025-12-08,0.13,tcgplayer
OP13-019,2025-12-15,0.12,tcgplayer
OP13-019,2025-12-22,0.10,tcgplayer
OP13-019,2025-12-29,0.11,tcgplayer
OP13-019,2026-01-05,0.12,tcgplayer
OP13-019,2026-01-12,0.09,tcgplayer
OP13-019,2026-01-19,0.11,tcgplayer
OP13-019,2026-01-26,0.12,tcgplayer
OP13-019,2026-02-02,0.13,tcgplayer
OP13-019,2026-02-09,0.10,tcgplayer
OP13-019,2026-02-16,0.12,tcgplayer
OP13-019,2026-02-23,0.13,tcgplayer
OP13-019,2026-03-02,0.09,tcgplayer
OP13-019,2026-03-09,0.14,tcgplayer
OP13-019,2026-03-16,0.11,tcgplayer
OP13-019,2026-03-23,0.18,tcgplayer
OP13-019,2026-03-30,0.11,tcgplayer
OP13-019,2026-04-06,0.12,tcgplayer
OP13-019,2026-04-13,0.15,tcgplayer
OP13-019,2026-04-20,0.11,tcgplayer
OP13-019,2026-04-27,0.11,tcgplayer
OP13-019,2026-05-04,0.11,tcgplayer
OP13-019,2026-05-11,0.10,tcgplayer
OP13-019,2026-05-18,0.12,tcgplayer
OP13-019,2026-05-25,0.16,tcgplayer
OP13-019,2026-06-01,0.15,tcgplayer
OP13-019,2026-06-08,0.12,tcgplayer
OP13-019,2026-06-15,0.10,tcgplayer
OP13-019,2026-06-22,0.11,tcgplayer
OP13-019,2026-06-29,0.12,tcgplayer
OP13-019,2026-07-06,0.08,tcgplayer
OP13-019,2026-07-13,0.10,tcgplayer
OP13-019,2026-07-20,0.12,tcgplayer
OP13-019,2026-07-27,0.10,tcgplayer
OP13-019,2026-08-03,0.11,tcgplayer
OP13-019,2026-08-10,0.11,tcgplayer
OP13-019,2026-08-17,0.11,tcgplayer
OP13-019,2026-08-24,0.10,tcgplayer
OP13-019,2026-08-31,0.10,tcgplayer
OP13-019,2026-09-05,0.10,limitless
OP13-020,2025-10-27,0.10,tcgplayer
OP13-020,2025-11-03,0.06,tcgplayer
OP13-020,2025-11-10,0.07,tcgplayer
OP13-020,2025-11-17,0.07,tcgplayer
OP13-020,2025-11-24,0.08,tcgplayer
OP13-020,2025-12-01,0.07,tcgplayer
OP13-020,2025-12-08,0.06,tcgplayer
OP13-020,2025-12-15,0.06,tcgplayer
OP13-020,2025-12-22,0.07,tcgplayer
OP13-020,2025-12-29,0.06,tcgplayer
OP13-020,2026-01-05,0.04,tcgplayer
OP13-020,2026-01-12,0.06,tcgplayer
OP13-020,2026-01-19,0.05,tcgplayer
OP13-020,2026-01-26,0.05,tcgplayer
OP13-020,2026-02-02,0.08,tcgplayer
OP13-020,2026-02-09,0.08,tcgplayer
OP13-020,2026-02-16,0.07,tcgplayer
OP13-020,2026-02-23,0.08,tcgplayer
OP13-020,2026-03-02,0.10,tcgplayer
OP13-020,2026-03-09,0.07,tcgplayer
OP13-020,2026-03-16,0.05,tcgplayer
OP13-020,2026-03-23,0.09,tcgplayer
OP13-020,2026-03-30,0.10,tcgplayer
OP13-020,2026-04-06,0.10,tcgplayer
OP13-020,2026-04-13,0.09,tcgplayer
OP13-020,2026-04-20,0.09,tcgplayer
OP13-020,2026-04-27,0.10,tcgplayer
OP13-020,2026-05-04,0.10,tcgplayer
OP13-020,2026-05-11,0.09,tcgplayer
OP13-020,2026-05-18,0.10,tcgplayer
OP13-020,2026-05-25,0.10,tcgplayer
OP13-020,2026-06-01,0.09,tcgplayer
OP13-020,2026-06-08,0.09,tcgplayer
OP13-020,2026-06-15,0.09,tcgplayer
OP13-020,2026-06-22,0.09,tcgplayer
OP13-020,2026-06-29,0.10,tcgplayer
OP13-020,2026-07-06,0.11,tcgplayer
OP13-020,2026-07-13,0.09,tcgplayer
OP13-020,2026-07-20,0.09,tcgplayer
OP13-020,2026-07-27,0.08,tcgplayer
OP13-020,2026-08-03,0.09,tcgplayer
OP13-020,2026-08-10,0.09,tcgplayer
OP13-020,2026-08-17,0.07,tcgplayer
OP13-020,2026-08-24,0.07,tcgplayer
OP13-020,2026-08-31,0.07,tcgplayer
OP13-020,2026-09-05,0.07,limitless
OP13-021,2025-10-27,0.13,tcgplayer
OP13-021,2025-11-03,0.05,tcgplayer
OP13-021,2025-11-10,0.06,tcgplayer
OP13-021,2025-11-17,0.04,tcgplayer
OP13-021,2025-11-24,0.06,tcgplayer
OP13-021,2025-12-01,0.06,tcgplayer
OP13-021,2025-12-08,0.07,tcgplayer
OP13-021,2025-12-15,0.06,tcgplayer
OP13-021,2025-12-22,0.04,tcgplayer
OP13-021,2025-12-29,0.06,tcgplayer
OP13-021,2026-01-05,0.05,tcgplayer
OP13-021,2026-01-12,0.06,tcgplayer
OP13-021,2026-01-19,0.06,tcgplayer
OP13-021,2026-01-26,0.05,tcgplayer
OP13-021,2026-02-02,0.08,tcgplayer
OP13-021,2026-02-09,0.09,tcgplayer
OP13-021,2026-02-16,0.10,tcgplayer
OP13-021,2026-02-23,0.08,tcgplayer
OP13-021,2026-03-02,0.08,tcgplayer
OP13-021,2026-03-09,0.07,tcgplayer
OP13-021,2026-03-16,0.06,tcgplayer
OP13-021,2026-03-23,0.06,tcgplayer
OP13-021,2026-03-30,0.07,tcgplayer
OP13-021,2026-04-06,0.08,tcgplayer
OP13-021,2026-04-13,0.08,tcgplayer
OP13-021,2026-04-20,0.07,tcgplayer
OP13-021,2026-04-27,0.07,tcgplayer
OP13-021,2026-05-04,0.09,tcgplayer
OP13-021,2026-05-11,0.09,tcgplayer
OP13-021,2026-05-18,0.09,tcgplayer
OP13-021,2026-05-25,0.10,tcgplayer
OP13-021,2026-06-01,0.07,tcgplayer
OP13-021,2026-06-08,0.07,tcgplayer
OP13-021,2026-06-15,0.08,tcgplayer
OP13-021,2026-06-22,0.08,tcgplayer
OP13-021,2026-06-29,0.09,tcgplayer
OP13-021,2026-07-06,0.08,tcgplayer
OP13-021,2026-07-13,0.07,tcgplayer
OP13-021,2026-07-20,0.07,tcgplayer
OP13-021,2026-07-27,0.06,tcgplayer
OP13-021,2026-08-03,0.08,tcgplayer
OP13-021,2026-08-10,0.09,tcgplayer
OP13-021,2026-08-17,0.09,tcgplayer
OP13-021,2026-08-24,0.09,tcgplayer
OP13-021,2026-08-31,0.09,tcgplayer
OP13-021,2026-09-05,0.09,limitless
OP13-022,2025-11-03,0.05,tcgplayer
OP13-022,2025-11-10,0.04,tcgplayer
OP13-022,2025-11-17,0.04,tcgplayer
OP13-022,2025-11-24,0.03,tcgplayer
OP13-022,2025-12-01,0.03,tcgplayer
OP13-022,2025-12-08,0.03,tcgplayer
OP13-022,2025-12-15,0.04,tcgplayer
OP13-022,2025-12-22,0.04,tcgplayer
OP13-022,2025-12-29,0.05,tcgplayer
OP13-022,2026-01-05,0.05,tcgplayer
OP13-022,2026-01-12,0.05,tcgplayer
OP13-022,2026-01-19,0.03,tcgplayer
OP13-022,2026-01-26,0.03,tcgplayer
OP13-022,2026-02-02,0.05,tcgplayer
OP13-022,2026-02-09,0.07,tcgplayer
OP13-022,2026-02-16,0.07,tcgplayer
OP13-022,2026-02-23,0.07,tcgplayer
OP13-022,2026-03-02,0.06,tcgplayer
OP13-022,2026-03-09,0.06,tcgplayer
OP13-022,2026-03-16,0.06,tcgplayer
OP13-022,2026-03-23,0.05,tcgplayer
OP13-022,2026-03-30,0.07,tcgplayer
OP13-022,2026-04-06,0.07,tcgplayer
OP13-022,2026-04-13,0.07,tcgplayer
OP13-022,2026-04-20,0.07,tcgplayer
OP13-022,2026-04-27,0.06,tcgplayer
OP13-022,2026-05-04,0.06,tcgplayer
OP13-022,2026-05-11,0.05,tcgplayer
OP13-022,2026-05-18,0.05,tcgplayer
OP13-022,2026-05-25,0.06,tcgplayer
OP13-022,2026-06-01,0.05,tcgplayer
OP13-022,2026-06-08,0.06,tcgplayer
OP13-022,2026-06-15,0.06,tcgplayer
OP13-022,2026-06-22,0.06,tcgplayer
OP13-022,2026-06-29,0.06,tcgplayer
OP13-022,2026-07-06,0.06,tcgplayer
OP13-022,2026-07-13,0.06,tcgplayer
OP13-022,2026-07-20,0.06,tcgplayer
OP13-022,2026-07-27,0.05,tcgplayer
OP13-022,2026-08-03,0.05,tcgplayer
OP13-022,2026-08-10,0.04,tcgplayer
OP13-022,2026-08-17,0.04,tcgplayer
OP13-022,2026-08-24,0.04,tcgplayer
OP13-022,2026-08-31,0.04,tcgplayer
OP13-022,2026-09-05,0.04,limitless
OP13-023,2025-10-27,0.87,tcgplayer
OP13-023,2025-11-03,0.41,tcgplayer
OP13-023,2025-11-10,0.57,tcgplayer
OP13-023,2025-11-17,0.44,tcgplayer
OP13-023,2025-11-24,0.45,tcgplayer
OP13-023,2025-12-01,0.55,tcgplayer
OP13-023,2025-12-08,0.67,tcgplayer
OP13-023,2025-12-15,0.44,tcgplayer
OP13-023,2025-12-22,0.51,tcgplayer
OP13-023,2025-12-29,0.49,tcgplayer
OP13-023,2026-01-05,0.46,tcgplayer
OP13-023,2026-01-12,0.54,tcgplayer
OP13-023,2026-01-19,0.55,tcgplayer
OP13-023,2026-01-26,0.47,tcgplayer
OP13-023,2026-02-02,0.45,tcgplayer
OP13-023,2026-02-09,0.42,tcgplayer
OP13-023,2026-02-16,0.38,tcgplayer
OP13-023,2026-02-23,0.55,tcgplayer
OP13-023,2026-03-02,0.44,tcgplayer
OP13-023,2026-03-09,0.44,tcgplayer
OP13-023,2026-03-16,0.38,tcgplayer
OP13-023,2026-03-23,0.37,tcgplayer
OP13-023,2026-03-30,0.46,tcgplayer
OP13-023,2026-04-06,0.46,tcgplayer
OP13-023,2026-04-13,0.43,tcgplayer
OP13-023,2026-04-20,0.37,tcgplayer
OP13-023,2026-04-27,0.46,tcgplayer
OP13-023,2026-05-04,0.38,tcgplayer
OP13-023,2026-05-11,0.49,tcgplayer
OP13-023,2026-05-18,0.50,tcgplayer
OP13-023,2026-05-25,0.48,tcgplayer
OP13-023,2026-06-01,0.47,tcgplayer
OP13-023,2026-06-08,0.47,tcgplayer
OP13-023,2026-06-15,0.49,tcgplayer
OP13-023,2026-06-22,0.43,tcgplayer
OP13-023,2026-06-29,0.36,tcgplayer
OP13-023,2026-07-06,0.35,tcgplayer
OP13-023,2026-07-13,0.44,tcgplayer
OP13-023,2026-07-20,0.48,tcgplayer
OP13-023,2026-07-27,0.37,tcgplayer
OP13-023,2026-08-03,0.53,tcgplayer
OP13-023,2026-08-10,0.43,tcgplayer
OP13-023,2026-08-17,0.38,tcgplayer
OP13-023,2026-08-24,0.36,tcgplayer
OP13-023,2026-08-31,0.39,tcgplayer
OP13-023,2026-09-05,0.35,limitless
OP13-023p1,2025-10-27,20.91,tcgplayer
OP13-023p1,2025-11-03,9.24,tcgplayer
OP13-023p1,2025-11-10,11.69,tcgplayer
OP13-023p1,2025-11-17,9.00,tcgplayer
OP13-023p1,2025-11-24,9.74,tcgplayer
OP13-023p1,2025-12-01,10.37,tcgplayer
OP13-023p1,2025-12-08,11.65,tcgplayer
OP13-023p1,2025-12-15,11.23,tcgplayer
OP13-023p1,2025-12-22,10.60,tcgplayer
OP13-023p1,2025-12-29,10.91,tcgplayer
OP13-023p1,2026-01-05,11.20,tcgplayer
OP13-023p1,2026-01-12,12.16,tcgplayer
OP13-023p1,2026-01-19,12.39,tcgplayer
OP13-023p1,2026-01-26,12.48,tcgplayer
OP13-023p1,2026-02-02,11.63,tcgplayer
OP13-023p1,2026-02-09,9.76,tcgplayer
OP13-023p1,2026-02-16,8.65,tcgplayer
OP13-023p1,2026-02-23,7.70,tcgplayer
OP13-023p1,2026-03-02,7.02,tcgplayer
OP13-023p1,2026-03-09,6.77,tcgplayer
OP13-023p1,2026-03-16,6.93,tcgplayer
OP13-023p1,2026-03-23,5.47,tcgplayer
OP13-023p1,2026-03-30,5.74,tcgplayer
OP13-023p1,2026-04-06,6.19,tcgplayer
OP13-023p1,2026-04-13,6.74,tcgplayer
OP13-023p1,2026-04-20,8.24,tcgplayer
OP13-023p1,2026-04-27,8.28,tcgplayer
OP13-023p1,2026-05-04,7.46,tcgplayer
OP13-023p1,2026-05-11,7.44,tcgplayer
OP13-023p1,2026-05-18,7.68,tcgplayer
OP13-023p1,2026-05-25,8.15,tcgplayer
OP13-023p1,2026-06-01,8.20,tcgplayer
OP13-023p1,2026-06-08,7.34,tcgplayer
OP13-023p1,2026-06-15,8.31,tcgplayer
OP13-023p1,2026-06-22,8.75,tcgplayer
OP13-023p1,2026-06-29,8.24,tcgplayer
OP13-023p1,2026-07-06,9.22,tcgplayer
OP13-023p1,2026-07-13,9.10,tcgplayer
OP13-023p1,2026-07-20,6.69,tcgplayer
OP13-023p1,2026-07-27,6.62,tcgplayer
OP13-023p1,2026-08-03,6.30,tcgplayer
OP13-023p1,2026-08-10,5.93,tcgplayer
OP13-023p1,2026-08-17,5.37,tcgplayer
OP13-023p1,2026-08-24,5.28,tcgplayer
OP13-023p1,2026-08-31,5.53,tcgplayer
OP13-023p1,2026-09-05,5.49,limitless
OP13-024,2025-10-27,0.15,tcgplayer
OP13-024,2025-11-03,0.04,tcgplayer
OP13-024,2025-11-10,0.04,tcgplayer
OP13-024,2025-11-17,0.08,tcgplayer
OP13-024,2025-11-24,0.05,tcgplayer
OP13-024,2025-12-01,0.06,tcgplayer
OP13-024,2025-12-08,0.06,tcgplayer
OP13-024,2025-12-15,0.05,tcgplayer
OP13-024,2025-12-22,0.04,tcgplayer
OP13-024,2025-12-29,0.04,tcgplayer
OP13-024,2026-01-05,0.03,tcgplayer
OP13-024,2026-01-12,0.03,tcgplayer
OP13-024,2026-01-19,0.03,tcgplayer
OP13-024,2026-01-26,0.06,tcgplayer
OP13-024,2026-02-02,0.07,tcgplayer
OP13-024,2026-02-09,0.10,tcgplayer
OP13-024,2026-02-16,0.07,tcgplayer
OP13-024,2026-02-23,0.05,tcgplayer
OP13-024,2026-03-02,0.07,tcgplayer
OP13-024,2026-03-09,0.07,tcgplayer
OP13-024,2026-03-16,0.06,tcgplayer
OP13-024,2026-03-23,0.05,tcgplayer
OP13-024,2026-03-30,0.05,tcgplayer
OP13-024,2026-04-06,0.03,tcgplayer
OP13-024,2026-04-13,0.03,tcgplayer
OP13-024,2026-04-20,0.02,tcgplayer
OP13-024,2026-04-27,0.04,tcgplayer
OP13-024,2026-05-04,0.04,tcgplayer
OP13-024,2026-05-11,0.04,tcgplayer
OP13-024,2026-05-18,0.05,tcgplayer
OP13-024,2026-05-25,0.05,tcgplayer
OP13-024,2026-06-01,0.06,tcgplayer
OP13-024,2026-06-08,0.05,tcgplayer
OP13-024,2026-06-15,0.04,tcgplayer
OP13-024,2026-06-22,0.06,tcgplayer
OP13-024,2026-06-29,0.07,tcgplayer
OP13-024,2026-07-06,0.06,tcgplayer
OP13-024,2026-07-13,0.06,tcgplayer
OP13-024,2026-07-20,0.05,tcgplayer
OP13-024,2026-07-27,0.05,tcgplayer
OP13-024,2026-08-03,0.05,tcgplayer
OP13-024,2026-08-10,0.04,tcgplayer
OP13-024,2026-08-17,0.03,tcgplayer
OP13-024,2026-08-24,0.03,tcgplayer
OP13-024,2026-08-31,0.03,tcgplayer
OP13-024,2026-09-05,0.03,limitless
OP13-025,2025-10-27,0.14,tcgplayer
OP13-025,2025-11-03,0.06,tcgplayer
OP13-025,2025-11-10,0.07,tcgplayer
OP13-025,2025-11-17,0.06,tcgplayer
OP13-025,2025-11-24,0.06,tcgplayer
OP13-025,2025-12-01,0.06,tcgplayer
OP13-025,2025-12-08,0.08,tcgplayer
OP13-025,2025-12-15,0.07,tcgplayer
OP13-025,2025-12-22,0.05,tcgplayer
OP13-025,2025-12-29,0.07,tcgplayer
OP13-025,2026-01-05,0.05,tcgplayer
OP13-025,2026-01-12,0.05,tcgplayer
OP13-025,2026-01-19,0.04,tcgplayer
OP13-025,2026-01-26,0.05,tcgplayer
OP13-025,2026-02-02,0.06,tcgplayer
OP13-025,2026-02-09,0.07,tcgplayer
OP13-025,2026-02-16,0.06,tcgplayer
OP13-025,2026-02-23,0.07,tcgplayer
OP13-025,2026-03-02,0.09,tcgplayer
OP13-025,2026-03-09,0.08,tcgplayer
OP13-025,2026-03-16,0.07,tcgplayer
OP13-025,2026-03-23,0.07,tcgplayer
OP13-025,2026-03-30,0.08,tcgplayer
OP13-025,2026-04-06,0.08,tcgplayer
OP13-025,2026-04-13,0.07,tcgplayer
OP13-025,2026-04-20,0.06,tcgplayer
OP13-025,2026-04-27,0.06,tcgplayer
OP13-025,2026-05-04,0.05,tcgplayer
OP13-025,2026-05-11,0.04,tcgplayer
OP13-025,2026-05-18,0.05,tcgplayer
OP13-025,2026-05-25,0.06,tcgplayer
OP13-025,2026-06-01,0.08,tcgplayer
OP13-025,2026-06-08,0.10,tcgplayer
OP13-025,2026-06-15,0.10,tcgplayer
OP13-025,2026-06-22,0.11,tcgplayer
OP13-025,2026-06-29,0.12,tcgplayer
OP13-025,2026-07-06,0.10,tcgplayer
OP13-025,2026-07-13,0.10,tcgplayer
OP13-025,2026-07-20,0.08,tcgplayer
OP13-025,2026-07-27,0.08,tcgplayer
OP13-025,2026-08-03,0.08,tcgplayer
OP13-025,2026-08-10,0.04,tcgplayer
OP13-025,2026-08-17,0.06,tcgplayer
OP13-025,2026-08-24,0.07,tcgplayer
OP13-025,2026-08-31,0.08,tcgplayer
OP13-025,2026-09-05,0.08,limitless
OP13-026,2025-10-27,0.10,tcgplayer
OP13-026,2025-11-03,0.04,tcgplayer
OP13-026,2025-11-10,0.05,tcgplayer
OP13-026,2025-11-17,0.05,tcgplayer
OP13-026,2025-11-24,0.02,tcgplayer
OP13-026,2025-12-01,0.03,tcgplayer
OP13-026,2025-12-08,0.04,tcgplayer
OP13-026,2025-12-15,0.05,tcgplayer
OP13-026,2025-12-22,0.03,tcgplayer
OP13-026,2025-12-29,0.03,tcgplayer
OP13-026,2026-01-05,0.02,tcgplayer
OP13-026,2026-01-12,0.04,tcgplayer
OP13-026,2026-01-19,0.05,tcgplayer
OP13-026,2026-01-26,0.06,tcgplayer
OP13-026,2026-02-02,0.05,tcgplayer
OP13-026,2026-02-09,0.07,tcgplayer
OP13-026,2026-02-16,0.05,tcgplayer
OP13-026,2026-02-23,0.04,tcgplayer
OP13-026,2026-03-02,0.03,tcgplayer
OP13-026,2026-03-09,0.04,tcgplayer
OP13-026,2026-03-16,0.05,tcgplayer
OP13-026,2026-03-23,0.05,tcgplayer
OP13-026,2026-03-30,0.05,tcgplayer
OP13-026,2026-04-06,0.05,tcgplayer
OP13-026,2026-04-13,0.03,tcgplayer
OP13-026,2026-04-20,0.04,tcgplayer
OP13-026,2026-04-27,0.08,tcgplayer
OP13-026,2026-05-04,0.08,tcgplayer
OP13-026,2026-05-11,0.07,tcgplayer
OP13-026,2026-05-18,0.06,tcgplayer
OP13-026,2026-05-25,0.05,tcgplayer
OP13-026,2026-06-01,0.07,tcgplayer
OP13-026,2026-06-08,0.07,tcgplayer
OP13-026,2026-06-15,0.05,tcgplayer
OP13-026,2026-06-22,0.06,tcgplayer
OP13-026,2026-06-29,0.06,tcgplayer
OP13-026,2026-07-06,0.04,tcgplayer
OP13-026,2026-07-13,0.10,tcgplayer
OP13-026,2026-07-20,0.12,tcgplayer
OP13-026,2026-07-27,0.07,tcgplayer
OP13-026,2026-08-03,0.08,tcgplayer
OP13-026,2026-08-10,0.07,tcgplayer
OP13-026,2026-08-17,0.07,tcgplayer
OP13-026,2026-08-24,0.07,tcgplayer
OP13-026,2026-08-31,0.08,tcgplayer
OP13-026,2026-09-05,0.08,limitless
OP13-027,2025-10-27,0.50,tcgplayer
OP13-027,2025-11-03,0.21,tcgplayer
OP13-027,2025-11-10,0.29,tcgplayer
OP13-027,2025-11-17,0.20,tcgplayer
OP13-027,2025-11-24,0.15,tcgplayer
OP13-027,2025-12-01,0.18,tcgplayer
OP13-027,2025-12-08,0.16,tcgplayer
OP13-027,2025-12-15,0.18,tcgplayer
OP13-027,2025-12-22,0.19,tcgplayer
OP13-027,2025-12-29,0.21,tcgplayer
OP13-027,2026-01-05,0.18,tcgplayer
OP13-027,2026-01-12,0.21,tcgplayer
OP13-027,2026-01-19,0.21,tcgplayer
OP13-027,2026-01-26,0.16,tcgplayer
OP13-027,2026-02-02,0.14,tcgplayer
OP13-027,2026-02-09,0.20,tcgplayer
OP13-027,2026-02-16,0.22,tcgplayer
OP13-027,2026-02-23,0.17,tcgplayer
OP13-027,2026-03-02,0.19,tcgplayer
OP13-027,2026-03-09,0.21,tcgplayer
OP13-027,2026-03-16,0.21,tcgplayer
OP13-027,2026-03-23,0.23,tcgplayer
OP13-027,2026-03-30,0.18,tcgplayer
OP13-027,2026-04-06,0.25,tcgplayer
OP13-027,2026-04-13,0.19,tcgplayer
OP13-027,2026-04-20,0.22,tcgplayer
OP13-027,2026-04-27,0.20,tcgplayer
OP13-027,2026-05-04,0.23,tcgplayer
OP13-027,2026-05-11,0.21,tcgplayer
OP13-027,2026-05-18,0.23,tcgplayer
OP13-027,2026-05-25,0.15,tcgplayer
OP13-027,2026-06-01,0.25,tcgplayer
OP13-027,2026-06-08,0.23,tcgplayer
OP13-027,2026-06-15,0.21,tcgplayer
OP13-027,2026-06-22,0.22,tcgplayer
OP13-027,2026-06-29,0.16,tcgplayer
OP13-027,2026-07-06,0.19,tcgplayer
OP13-027,2026-07-13,0.22,tcgplayer
OP13-027,2026-07-20,0.21,tcgplayer
OP13-027,2026-07-27,0.22,tcgplayer
OP13-027,2026-08-03,0.26,tcgplayer
OP13-027,2026-08-10,0.23,tcgplayer
OP13-027,2026-08-17,0.22,tcgplayer
OP13-027,2026-08-24,0.26,tcgplayer
OP13-027,2026-08-31,0.24,tcgplayer
OP13-027,2026-09-05,0.23,limitless
OP13-027p1,2025-10-27,19.12,tcgplayer
OP13-027p1,2025-11-03,11.42,tcgplayer
OP13-027p1,2025-11-10,12.00,tcgplayer
OP13-027p1,2025-11-17,10.46,tcgplayer
OP13-027p1,2025-11-24,10.32,tcgplayer
OP13-027p1,2025-12-01,11.70,tcgplayer
OP13-027p1,2025-12-08,12.68,tcgplayer
OP13-027p1,2025-12-15,15.39,tcgplayer
OP13-027p1,2025-12-22,16.46,tcgplayer
OP13-027p1,2025-12-29,17.71,tcgplayer
OP13-027p1,2026-01-05,16.01,tcgplayer
OP13-027p1,2026-01-12,15.51,tcgplayer
OP13-027p1,2026-01-19,14.32,tcgplayer
OP13-027p1,2026-01-26,13.70,tcgplayer
OP13-027p1,2026-02-02,11.84,tcgplayer
OP13-027p1,2026-02-09,12.58,tcgplayer
OP13-027p1,2026-02-16,12.50,tcgplayer
OP13-027p1,2026-02-23,13.49,tcgplayer
OP13-027p1,2026-03-02,12.48,tcgplayer
OP13-027p1,2026-03-09,12.43,tcgplayer
OP13-027p1,2026-03-16,12.12,tcgplayer
OP13-027p1,2026-03-23,11.93,tcgplayer
OP13-027p1,2026-03-30,11.95,tcgplayer
OP13-027p1,2026-04-06,13.86,tcgplayer
OP13-027p1,2026-04-13,16.46,tcgplayer
OP13-027p1,2026-04-20,19.55,tcgplayer
OP13-027p1,2026-04-27,19.23,tcgplayer
OP13-027p1,2026-05-04,16.90,tcgplayer
OP13-027p1,2026-05-11,16.43,tcgplayer
OP13-027p1,2026-05-18,15.49,tcgplayer
OP13-027p1,2026-05-25,11.98,tcgplayer
OP13-027p1,2026-06-01,11.02,tcgplayer
OP13-027p1,2026-06-08,10.01,tcgplayer
OP13-027p1,2026-06-15,9.64,tcgplayer
OP13-027p1,2026-06-22,10.14,tcgplayer
OP13-027p1,2026-06-29,10.70,tcgplayer
OP13-027p1,2026-07-06,11.46,tcgplayer
OP13-027p1,2026-07-13,16.16,tcgplayer
OP13-027p1,2026-07-20,19.43,tcgplayer
OP13-027p1,2026-07-27,18.85,tcgplayer
OP13-027p1,2026-08-03,18.36,tcgplayer
OP13-027p1,2026-08-10,17.52,tcgplayer
OP13-027p1,2026-08-17,16.58,tcgplayer
OP13-027p1,2026-08-24,15.71,tcgplayer
OP13-027p1,2026-08-31,14.63,tcgplayer
OP13-027p1,2026-09-05,14.63,limitless
OP13-028,2025-10-27,2.72,tcgplayer
OP13-028,2025-11-03,1.32,tcgplayer
OP13-028,2025-11-10,1.18,tcgplayer
OP13-028,2025-11-17,0.78,tcgplayer
OP13-028,2025-11-24,1.07,tcgplayer
OP13-028,2025-12-01,0.78,tcgplayer
OP13-028,2025-12-08,0.76,tcgplayer
OP13-028,2025-12-15,0.86,tcgplayer
OP13-028,2025-12-22,0.70,tcgplayer
OP13-028,2025-12-29,0.79,tcgplayer
OP13-028,2026-01-05,0.83,tcgplayer
OP13-028,2026-01-12,0.87,tcgplayer
OP13-028,2026-01-19,0.76,tcgplayer
OP13-028,2026-01-26,0.74,tcgplayer
OP13-028,2026-02-02,0.78,tcgplayer
OP13-028,2026-02-09,0.71,tcgplayer
OP13-028,2026-02-16,0.56,tcgplayer
OP13-028,2026-02-23,0.69,tcgplayer
OP13-028,2026-03-02,0.57,tcgplayer
OP13-028,2026-03-09,0.43,tcgplayer
OP13-028,2026-03-16,0.45,tcgplayer
OP13-028,2026-03-23,0.33,tcgplayer
OP13-028,2026-03-30,0.54,tcgplayer
OP13-028,2026-04-06,0.39,tcgplayer
OP13-028,2026-04-13,0.41,tcgplayer
OP13-028,2026-04-20,0.45,tcgplayer
OP13-028,2026-04-27,0.57,tcgplayer
OP13-028,2026-05-04,0.50,tcgplayer
OP13-028,2026-05-11,0.60,tcgplayer
OP13-028,2026-05-18,0.67,tcgplayer
OP13-028,2026-05-25,0.59,tcgplayer
OP13-028,2026-06-01,0.56,tcgplayer
OP13-028,2026-06-08,0.57,tcgplayer
OP13-028,2026-06-15,0.60,tcgplayer
OP13-028,2026-06-22,0.43,tcgplayer
OP13-028,2026-06-29,0.47,tcgplayer
OP13-028,2026-07-06,0.53,tcgplayer
OP13-028,2026-07-13,0.76,tcgplayer
OP13-028,2026-07-20,0.56,tcgplayer
OP13-028,2026-07-27,0.44,tcgplayer
OP13-028,2026-08-03,0.60,tcgplayer
OP13-028,2026-08-10,0.48,tcgplayer
OP13-028,2026-08-17,0.39,tcgplayer
OP13-028,2026-08-24,0.55,tcgplayer
OP13-028,2026-08-31,0.42,tcgplayer
OP13-028,2026-09-05,0.42,limitless
OP13-028p1,2025-10-27,42.80,tcgplayer
OP13-028p1,2025-11-03,20.75,tcgplayer
OP13-028p1,2025-11-10,15.61,tcgplayer
OP13-028p1,2025-11-17,14.44,tcgplayer
OP13-028p1,2025-11-24,14.14,tcgplayer
OP13-028p1,2025-12-01,14.64,tcgplayer
OP13-028p1,2025-12-08,15.19,tcgplayer
OP13-028p1,2025-12-15,14.56,tcgplayer
OP13-028p1,2025-12-22,15.77,tcgplayer
OP13-028p1,2025-12-29,15.91,tcgplayer
OP13-028p1,2026-01-05,15.10,tcgplayer
OP13-028p1,2026-01-12,14.90,tcgplayer
OP13-028p1,2026-01-19,15.91,tcgplayer
OP13-028p1,2026-01-26,19.08,tcgplayer
OP13-028p1,2026-02-02,15.93,tcgplayer
OP13-028p1,2026-02-09,13.62,tcgplayer
OP13-028p1,2026-02-16,12.45,tcgplayer
OP13-028p1,2026-02-23,11.91,tcgplayer
OP13-028p1,2026-03-02,11.06,tcgplayer
OP13-028p1,2026-03-09,10.55,tcgplayer
OP13-028p1,2026-03-16,10.86,tcgplayer
OP13-028p1,2026-03-23,10.44,tcgplayer
OP13-028p1,2026-03-30,9.56,tcgplayer
OP13-028p1,2026-04-06,8.42,tcgplayer
OP13-028p1,2026-04-13,7.92,tcgplayer
OP13-028p1,2026-04-20,8.48,tcgplayer
OP13-028p1,2026-04-27,9.14,tcgplayer
OP13-028p1,2026-05-04,11.59,tcgplayer
OP13-028p1,2026-05-11,14.04,tcgplayer
OP13-028p1,2026-05-18,16.28,tcgplayer
OP13-028p1,2026-05-25,16.82,tcgplayer
OP13-028p1,2026-06-01,17.43,tcgplayer
OP13-028p1,2026-06-08,17.10,tcgplayer
OP13-028p1,2026-06-15,24.34,tcgplayer
OP13-028p1,2026-06-22,30.09,tcgplayer
OP13-028p1,2026-06-29,28.22,tcgplayer
OP13-028p1,2026-07-06,27.30,tcgplayer
OP13-028p1,2026-07-13,26.10,tcgplayer
OP13-028p1,2026-07-20,21.91,tcgplayer
OP13-028p1,2026-07-27,15.95,tcgplayer
OP13-028p1,2026-08-03,13.08,tcgplayer
OP13-028p1,2026-08-10,10.63,tcgplayer
OP13-028p1,2026-08-17,8.75,tcgplayer
OP13-028p1,2026-08-24,8.47,tcgplayer
OP13-028p1,2026-08-31,7.38,tcgplayer
OP13-028p1,2026-09-05,7.50,limitless
OP13-029,2025-10-27,0.10,tcgplayer
OP13-029,2025-11-03,0.09,tcgplayer
OP13-029,2025-11-10,0.04,tcgplayer
OP13-029,2025-11-17,0.08,tcgplayer
OP13-029,2025-11-24,0.10,tcgplayer
OP13-029,2025-12-01,0.09,tcgplayer
OP13-029,2025-12-08,0.08,tcgplayer
OP13-029,2025-12-15,0.08,tcgplayer
OP13-029,2025-12-22,0.08,tcgplayer
OP13-029,2025-12-29,0.07,tcgplayer
OP13-029,2026-01-05,0.05,tcgplayer
OP13-029,2026-01-12,0.05,tcgplayer
OP13-029,2026-01-19,0.06,tcgplayer
OP13-029,2026-01-26,0.06,tcgplayer
OP13-029,2026-02-02,0.08,tcgplayer
OP13-029,2026-02-09,0.11,tcgplayer
OP13-029,2026-02-16,0.09,tcgplayer
OP13-029,2026-02-23,0.06,tcgplayer
OP13-029,2026-03-02,0.06,tcgplayer
OP13-029,2026-03-09,0.05,tcgplayer
OP13-029,2026-03-16,0.05,tcgplayer
OP13-029,2026-03-23,0.05,tcgplayer
OP13-029,2026-03-30,0.05,tcgplayer
OP13-029,2026-04-06,0.04,tcgplayer
OP13-029,2026-04-13,0.06,tcgplayer
OP13-029,2026-04-20,0.05,tcgplayer
OP13-029,2026-04-27,0.06,tcgplayer
OP13-029,2026-05-04,0.07,tcgplayer
OP13-029,2026-05-11,0.08,tcgplayer
OP13-029,2026-05-18,0.09,tcgplayer
OP13-029,2026-05-25,0.08,tcgplayer
OP13-029,2026-06-01,0.09,tcgplayer
OP13-029,2026-06-08,0.09,tcgplayer
OP13-029,2026-06-15,0.08,tcgplayer
OP13-029,2026-06-22,0.07,tcgplayer
OP13-029,2026-06-29,0.08,tcgplayer
OP13-029,2026-07-06,0.08,tcgplayer
OP13-029,2026-07-13,0.07,tcgplayer
OP13-029,2026-07-20,0.06,tcgplayer
OP13-029,2026-07-27,0.05,tcgplayer
OP13-029,2026-08-03,0.07,tcgplayer
OP13-029,2026-08-10,0.08,tcgplayer
OP13-029,2026-08-17,0.08,tcgplayer
OP13-029,2026-08-24,0.09,tcgplayer
OP13-029,2026-08-31,0.09,tcgplayer
OP13-029,2026-09-05,0.09,limitless
OP13-030,2025-10-27,0.10,tcgplayer
OP13-030,2025-11-03,0.11,tcgplayer
OP13-030,2025-11-10,0.07,tcgplayer
OP13-030,2025-11-17,0.10,tcgplayer
OP13-030,2025-11-24,0.10,tcgplayer
OP13-030,2025-12-01,0.11,tcgplayer
OP13-030,2025-12-08,0.13,tcgplayer
OP13-030,2025-12-15,0.09,tcgplayer
OP13-030,2025-12-22,0.09,tcgplayer
OP13-030,2025-12-29,0.10,tcgplayer
OP13-030,2026-01-05,0.11,tcgplayer
OP13-030,2026-01-12,0.10,tcgplayer
OP13-030,2026-01-19,0.11,tcgplayer
OP13-030,2026-01-26,0.12,tcgplayer
OP13-030,2026-02-02,0.14,tcgplayer
OP13-030,2026-02-09,0.11,tcgplayer
OP13-030,2026-02-16,0.08,tcgplayer
OP13-030,2026-02-23,0.10,tcgplayer
OP13-030,2026-03-02,0.11,tcgplayer
OP13-030,2026-03-09,0.11,tcgplayer
OP13-030,2026-03-16,0.11,tcgplayer
OP13-030,2026-03-23,0.13,tcgplayer
OP13-030,2026-03-30,0.12,tcgplayer
OP13-030,2026-04-06,0.14,tcgplayer
OP13-030,2026-04-13,0.10,tcgplayer
OP13-030,2026-04-20,0.12,tcgplayer
OP13-030,2026-04-27,0.16,tcgplayer
OP13-030,2026-05-04,0.18,tcgplayer
OP13-030,2026-05-11,0.22,tcgplayer
OP13-030,2026-05-18,0.15,tcgplayer
OP13-030,2026-05-25,0.16,tcgplayer
OP13-030,2026-06-01,0.17,tcgplayer
OP13-030,2026-06-08,0.15,tcgplayer
OP13-030,2026-06-15,0.12,tcgplayer
OP13-030,2026-06-22,0.16,tcgplayer
OP13-030,2026-06-29,0.14,tcgplayer
OP13-030,2026-07-06,0.11,tcgplayer
OP13-030,2026-07-13,0.12,tcgplayer
OP13-030,2026-07-20,0.14,tcgplayer
OP13-030,2026-07-27,0.15,tcgplayer
OP13-030,2026-08-03,0.13,tcgplayer
OP13-030,2026-08-10,0.15,tcgplayer
OP13-030,2026-08-17,0.14,tcgplayer
OP13-030,2026-08-24,0.13,tcgplayer
OP13-030,2026-08-31,0.13,tcgplayer
OP13-030,2026-09-05,0.14,limitless
OP13-031,2025-10-27,1.70,tcgplayer
OP13-031,2025-11-03,0.76,tcgplayer
OP13-031,2025-11-10,0.52,tcgplayer
OP13-031,2025-11-17,0.51,tcgplayer
OP13-031,2025-11-24,0.52,tcgplayer
OP13-031,2025-12-01,0.45,tcgplayer
OP13-031,2025-12-08,0.44,tcgplayer
OP13-031,2025-12-15,0.39,tcgplayer
OP13-031,2025-12-22,0.44,tcgplayer
OP13-031,2025-12-29,0.45,tcgplayer
OP13-031,2026-01-05,0.44,tcgplayer
OP13-031,2026-01-12,0.49,tcgplayer
OP13-031,2026-01-19,0.52,tcgplayer
OP13-031,2026-01-26,0.46,tcgplayer
OP13-031,2026-02-02,0.46,tcgplayer
OP13-031,2026-02-09,0.51,tcgplayer
OP13-031,2026-02-16,0.41,tcgplayer
OP13-031,2026-02-23,0.41,tcgplayer
OP13-031,2026-03-02,0.51,tcgplayer
OP13-031,2026-03-09,0.52,tcgplayer
OP13-031,2026-03-16,0.47,tcgplayer
OP13-031,2026-03-23,0.42,tcgplayer
OP13-031,2026-03-30,0.44,tcgplayer
OP13-031,2026-04-06,0.48,tcgplayer
OP13-031,2026-04-13,0.50,tcgplayer
OP13-031,2026-04-20,0.53,tcgplayer
OP13-031,2026-04-27,0.57,tcgplayer
OP13-031,2026-05-04,0.57,tcgplayer
OP13-031,2026-05-11,0.64,tcgplayer
OP13-031,2026-05-18,0.72,tcgplayer
OP13-031,2026-05-25,0.68,tcgplayer
OP13-031,2026-06-01,0.65,tcgplayer
OP13-031,2026-06-08,0.85,tcgplayer
OP13-031,2026-06-15,1.21,tcgplayer
OP13-031,2026-06-22,1.17,tcgplayer
OP13-031,2026-06-29,1.00,tcgplayer
OP13-031,2026-07-06,1.12,tcgplayer
OP13-031,2026-07-13,1.20,tcgplayer
OP13-031,2026-07-20,1.09,tcgplayer
OP13-031,2026-07-27,1.01,tcgplayer
OP13-031,2026-08-03,1.01,tcgplayer
OP13-031,2026-08-10,0.97,tcgplayer
OP13-031,2026-08-17,0.89,tcgplayer
OP13-031,2026-08-24,1.04,tcgplayer
OP13-031,2026-08-31,1.16,tcgplayer
OP13-031,2026-09-05,1.22,limitless
OP13-032,2025-10-27,0.73,tcgplayer
OP13-032,2025-11-03,0.17,tcgplayer
OP13-032,2025-11-10,0.09,tcgplayer
OP13-032,2025-11-17,0.15,tcgplayer
OP13-032,2025-11-24,0.11,tcgplayer
OP13-032,2025-12-01,0.14,tcgplayer
OP13-032,2025-12-08,0.11,tcgplayer
OP13-032,2025-12-15,0.14,tcgplayer
OP13-032,2025-12-22,0.10,tcgplayer
OP13-032,2025-12-29,0.12,tcgplayer
OP13-032,2026-01-05,0.10,tcgplayer
OP13-032,2026-01-12,0.11,tcgplayer
OP13-032,2026-01-19,0.17,tcgplayer
OP13-032,2026-01-26,0.19,tcgplayer
OP13-032,2026-02-02,0.15,tcgplayer
OP13-032,2026-02-09,0.12,tcgplayer
OP13-032,2026-02-16,0.11,tcgplayer
OP13-032,2026-02-23,0.13,tcgplayer
OP13-032,2026-03-02,0.15,tcgplayer
OP13-032,2026-03-09,0.15,tcgplayer
OP13-032,2026-03-16,0.19,tcgplayer
OP13-032,2026-03-23,0.16,tcgplayer
OP13-032,2026-03-30,0.16,tcgplayer
OP13-032,2026-04-06,0.15,tcgplayer
OP13-032,2026-04-13,0.11,tcgplayer
OP13-032,2026-04-20,0.13,tcgplayer
OP13-032,2026-04-27,0.12,tcgplayer
OP13-032,2026-05-04,0.13,tcgplayer
OP13-032,2026-05-11,0.15,tcgplayer
OP13-032,2026-05-18,0.17,tcgplayer
OP13-032,2026-05-25,0.17,tcgplayer
OP13-032,2026-06-01,0.16,tcgplayer
OP13-032,2026-06-08,0.15,tcgplayer
OP13-032,2026-06-15,0.14,tcgplayer
OP13-032,2026-06-22,0.14,tcgplayer
OP13-032,2026-06-29,0.15,tcgplayer
OP13-032,2026-07-06,0.16,tcgplayer
OP13-032,2026-07-13,0.16,tcgplayer
OP13-032,2026-07-20,0.14,tcgplayer
OP13-032,2026-07-27,0.13,tcgplayer
OP13-032,2026-08-03,0.11,tcgplayer
OP13-032,2026-08-10,0.13,tcgplayer
OP13-032,2026-08-17,0.13,tcgplayer
OP13-032,2026-08-24,0.17,tcgplayer
OP13-032,2026-08-31,0.17,tcgplayer
OP13-032,2026-09-05,0.17,limitless
OP13-033,2025-10-27,0.14,tcgplayer
OP13-033,2025-11-03,0.04,tcgplayer
OP13-033,2025-11-10,0.04,tcgplayer
OP13-033,2025-11-17,0.07,tcgplayer
OP13-033,2025-11-24,0.05,tcgplayer
OP13-033,2025-12-01,0.05,tcgplayer
OP13-033,2025-12-08,0.07,tcgplayer
OP13-033,2025-12-15,0.05,tcgplayer
OP13-033,2025-12-22,0.05,tcgplayer
OP13-033,2025-12-29,0.05,tcgplayer
OP13-033,2026-01-05,0.05,tcgplayer
OP13-033,2026-01-12,0.04,tcgplayer
OP13-033,2026-01-19,0.06,tcgplayer
OP13-033,2026-01-26,0.05,tcgplayer
OP13-033,2026-02-02,0.05,tcgplayer
OP13-033,2026-02-09,0.07,tcgplayer
OP13-033,2026-02-16,0.06,tcgplayer
OP13-033,2026-02-23,0.06,tcgplayer
OP13-033,2026-03-02,0.04,tcgplayer
OP13-033,2026-03-09,0.04,tcgplayer
OP13-033,2026-03-16,0.03,tcgplayer
OP13-033,2026-03-23,0.03,tcgplayer
OP13-033,2026-03-30,0.04,tcgplayer
OP13-033,2026-04-06,0.04,tcgplayer
OP13-033,2026-04-13,0.05,tcgplayer
OP13-033,2026-04-20,0.06,tcgplayer
OP13-033,2026-04-27,0.07,tcgplayer
OP13-033,2026-05-04,0.06,tcgplayer
OP13-033,2026-05-11,0.07,tcgplayer
OP13-033,2026-05-18,0.06,tcgplayer
OP13-033,2026-05-25,0.07,tcgplayer
OP13-033,2026-06-01,0.07,tcgplayer
OP13-033,2026-06-08,0.06,tcgplayer
OP13-033,2026-06-15,0.06,tcgplayer
OP13-033,2026-06-22,0.05,tcgplayer
OP13-033,2026-06-29,0.05,tcgplayer
OP13-033,2026-07-06,0.06,tcgplayer
OP13-033,2026-07-13,0.06,tcgplayer
OP13-033,2026-07-20,0.06,tcgplayer
OP13-033,2026-07-27,0.07,tcgplayer
OP13-033,2026-08-03,0.06,tcgplayer
OP13-033,2026-08-10,0.07,tcgplayer
OP13-033,2026-08-17,0.07,tcgplayer
OP13-033,2026-08-24,0.08,tcgplayer
OP13-033,2026-08-31,0.08,tcgplayer
OP13-033,2026-09-05,0.08,limitless
OP13-034,2025-10-27,0.10,tcgplayer
OP13-034,2025-11-03,0.06,tcgplayer
OP13-034,2025-11-10,0.04,tcgplayer
OP13-034,2025-11-17,0.06,tcgplayer
OP13-034,2025-11-24,0.04,tcgplayer
OP13-034,2025-12-01,0.05,tcgplayer
OP13-034,2025-12-08,0.05,tcgplayer
OP13-034,2025-12-15,0.05,tcgplayer
OP13-034,2025-12-22,0.05,tcgplayer
OP13-034,2025-12-29,0.03,tcgplayer
OP13-034,2026-01-05,0.04,tcgplayer
OP13-034,2026-01-12,0.04,tcgplayer
OP13-034,2026-01-19,0.04,tcgplayer
OP13-034,2026-01-26,0.05,tcgplayer
OP13-034,2026-02-02,0.04,tcgplayer
OP13-034,2026-02-09,0.05,tcgplayer
OP13-034,2026-02-16,0.04,tcgplayer
OP13-034,2026-02-23,0.03,tcgplayer
OP13-034,2026-03-02,0.07,tcgplayer
OP13-034,2026-03-09,0.08,tcgplayer
OP13-034,2026-03-16,0.09,tcgplayer
OP13-034,2026-03-23,0.09,tcgplayer
OP13-034,2026-03-30,0.07,tcgplayer
OP13-034,2026-04-06,0.07,tcgplayer
OP13-034,2026-04-13,0.09,tcgplayer
OP13-034,2026-04-20,0.07,tcgplayer
OP13-034,2026-04-27,0.09,tcgplayer
OP13-034,2026-05-04,0.14,tcgplayer
OP13-034,2026-05-11,0.13,tcgplayer
OP13-034,2026-05-18,0.12,tcgplayer
OP13-034,2026-05-25,0.12,tcgplayer
OP13-034,2026-06-01,0.08,tcgplayer
OP13-034,2026-06-08,0.11,tcgplayer
OP13-034,2026-06-15,0.10,tcgplayer
OP13-034,2026-06-22,0.11,tcgplayer
OP13-034,2026-06-29,0.06,tcgplayer
OP13-034,2026-07-06,0.07,tcgplayer
OP13-034,2026-07-13,0.07,tcgplayer
OP13-034,2026-07-20,0.06,tcgplayer
OP13-034,2026-07-27,0.07,tcgplayer
OP13-034,2026-08-03,0.08,tcgplayer
OP13-034,2026-08-10,0.07,tcgplayer
OP13-034,2026-08-17,0.09,tcgplayer
OP13-034,2026-08-24,0.08,tcgplayer
OP13-034,2026-08-31,0.09,tcgplayer
OP13-034,2026-09-05,0.08,limitless
OP13-035,2025-10-27,0.10,tcgplayer
OP13-035,2025-11-03,0.05,tcgplayer
OP13-035,2025-11-10,0.03,tcgplayer
OP13-035,2025-11-17,0.06,tcgplayer
OP13-035,2025-11-24,0.07,tcgplayer
OP13-035,2025-12-01,0.08,tcgplayer
OP13-035,2025-12-08,0.10,tcgplayer
OP13-035,2025-12-15,0.09,tcgplayer
OP13-035,2025-12-22,0.07,tcgplayer
OP13-035,2025-12-29,0.07,tcgplayer
OP13-035,2026-01-05,0.08,tcgplayer
OP13-035,2026-01-12,0.06,tcgplayer
OP13-035,2026-01-19,0.05,tcgplayer
OP13-035,2026-01-26,0.06,tcgplayer
OP13-035,2026-02-02,0.06,tcgplayer
OP13-035,2026-02-09,0.06,tcgplayer
OP13-035,2026-02-16,0.05,tcgplayer
OP13-035,2026-02-23,0.05,tcgplayer
OP13-035,2026-03-02,0.08,tcgplayer
OP13-035,2026-03-09,0.08,tcgplayer
OP13-035,2026-03-16,0.08,tcgplayer
OP13-035,2026-03-23,0.07,tcgplayer
OP13-035,2026-03-30,0.07,tcgplayer
OP13-035,2026-04-06,0.07,tcgplayer
OP13-035,2026-04-13,0.07,tcgplayer
OP13-035,2026-04-20,0.07,tcgplayer
OP13-035,2026-04-27,0.07,tcgplayer
OP13-035,2026-05-04,0.06,tcgplayer
OP13-035,2026-05-11,0.05,tcgplayer
OP13-035,2026-05-18,0.06,tcgplayer
OP13-035,2026-05-25,0.05,tcgplayer
OP13-035,2026-06-01,0.07,tcgplayer
OP13-035,2026-06-08,0.08,tcgplayer
OP13-035,2026-06-15,0.10,tcgplayer
OP13-035,2026-06-22,0.10,tcgplayer
OP13-035,2026-06-29,0.11,tcgplayer
OP13-035,2026-07-06,0.12,tcgplayer
OP13-035,2026-07-13,0.11,tcgplayer
OP13-035,2026-07-20,0.07,tcgplayer
OP13-035,2026-07-27,0.06,tcgplayer
OP13-035,2026-08-03,0.07,tcgplayer
OP13-035,2026-08-10,0.04,tcgplayer
OP13-035,2026-08-17,0.04,tcgplayer
OP13-035,2026-08-24,0.06,tcgplayer
OP13-035,2026-08-31,0.10,tcgplayer
OP13-035,2026-09-05,0.10,limitless
OP13-036,2025-10-27,0.10,tcgplayer
OP13-036,2025-11-03,0.08,tcgplayer
OP13-036,2025-11-10,0.08,tcgplayer
OP13-036,2025-11-17,0.07,tcgplayer
OP13-036,2025-11-24,0.11,tcgplayer
OP13-036,2025-12-01,0.10,tcgplayer
OP13-036,2025-12-08,0.09,tcgplayer
OP13-036,2025-12-15,0.05,tcgplayer
OP13-036,2025-12-22,0.09,tcgplayer
OP13-036,2025-12-29,0.11,tcgplayer
OP13-036,2026-01-05,0.09,tcgplayer
OP13-036,2026-01-12,0.06,tcgplayer
OP13-036,2026-01-19,0.05,tcgplayer
OP13-036,2026-01-26,0.05,tcgplayer
OP13-036,2026-02-02,0.06,tcgplayer
OP13-036,2026-02-09,0.09,tcgplayer
OP13-036,2026-02-16,0.07,tcgplayer
OP13-036,2026-02-23,0.04,tcgplayer
OP13-036,2026-03-02,0.07,tcgplayer
OP13-036,2026-03-09,0.08,tcgplayer
OP13-036,2026-03-16,0.06,tcgplayer
OP13-036,2026-03-23,0.08,tcgplayer
OP13-036,2026-03-30,0.10,tcgplayer
OP13-036,2026-04-06,0.09,tcgplayer
OP13-036,2026-04-13,0.07,tcgplayer
OP13-036,2026-04-20,0.05,tcgplayer
OP13-036,2026-04-27,0.06,tcgplayer
OP13-036,2026-05-04,0.06,tcgplayer
OP13-036,2026-05-11,0.06,tcgplayer
OP13-036,2026-05-18,0.07,tcgplayer
OP13-036,2026-05-25,0.07,tcgplayer
OP13-036,2026-06-01,0.06,tcgplayer
OP13-036,2026-06-08,0.07,tcgplayer
OP13-036,2026-06-15,0.06,tcgplayer
OP13-036,2026-06-22,0.06,tcgplayer
OP13-036,2026-06-29,0.06,tcgplayer
OP13-036,2026-07-06,0.05,tcgplayer
OP13-036,2026-07-13,0.06,tcgplayer
OP13-036,2026-07-20,0.05,tcgplayer
OP13-036,2026-07-27,0.05,tcgplayer
OP13-036,2026-08-03,0.06,tcgplayer
OP13-036,2026-08-10,0.08,tcgplayer
OP13-036,2026-08-17,0.09,tcgplayer
OP13-036,2026-08-24,0.12,tcgplayer
OP13-036,2026-08-31,0.11,tcgplayer
OP13-036,2026-09-05,0.11,limitless
OP13-037,2025-10-27,2.60,tcgplayer
OP13-037,2025-11-03,0.54,tcgplayer
OP13-037,2025-11-10,0.46,tcgplayer
OP13-037,2025-11-17,0.38,tcgplayer
OP13-037,2025-11-24,0.40,tcgplayer
OP13-037,2025-12-01,0.31,tcgplayer
OP13-037,2025-12-08,0.35,tcgplayer
OP13-037,2025-12-15,0.29,tcgplayer
OP13-037,2025-12-22,0.36,tcgplayer
OP13-037,2025-12-29,0.32,tcgplayer
OP13-037,2026-01-05,0.29,tcgplayer
OP13-037,2026-01-12,0.29,tcgplayer
OP13-037,2026-01-19,0.30,tcgplayer
OP13-037,2026-01-26,0.26,tcgplayer
OP13-037,2026-02-02,0.26,tcgplayer
OP13-037,2026-02-09,0.30,tcgplayer
OP13-037,2026-02-16,0.26,tcgplayer
OP13-037,2026-02-23,0.26,tcgplayer
OP13-037,2026-03-02,0.28,tcgplayer
OP13-037,2026-03-09,0.25,tcgplayer
OP13-037,2026-03-16,0.25,tcgplayer
OP13-037,2026-03-23,0.25,tcgplayer
OP13-037,2026-03-30,0.23,tcgplayer
OP13-037,2026-04-06,0.38,tcgplayer
OP13-037,2026-04-13,0.28,tcgplayer
OP13-037,2026-04-20,0.28,tcgplayer
OP13-037,2026-04-27,0.27,tcgplayer
OP13-037,2026-05-04,0.30,tcgplayer
OP13-037,2026-05-11,0.30,tcgplayer
OP13-037,2026-05-18,0.29,tcgplayer
OP13-037,2026-05-25,0.32,tcgplayer
OP13-037,2026-06-01,0.31,tcgplayer
OP13-037,2026-06-08,0.27,tcgplayer
OP13-037,2026-06-15,0.31,tcgplayer
OP13-037,2026-06-22,0.29,tcgplayer
OP13-037,2026-06-29,0.25,tcgplayer
OP13-037,2026-07-06,0.30,tcgplayer
OP13-037,2026-07-13,0.29,tcgplayer
OP13-037,2026-07-20,0.34,tcgplayer
OP13-037,2026-07-27,0.26,tcgplayer
OP13-037,2026-08-03,0.27,tcgplayer
OP13-037,2026-08-10,0.33,tcgplayer
OP13-037,2026-08-17,0.32,tcgplayer
OP13-037,2026-08-24,0.37,tcgplayer
OP13-037,2026-08-31,0.36,tcgplayer
OP13-037,2026-09-05,0.41,limitless
OP13-038,2025-10-27,0.74,tcgplayer
OP13-038,2025-11-03,0.18,tcgplayer
OP13-038,2025-11-10,0.09,tcgplayer
OP13-038,2025-11-17,0.09,tcgplayer
OP13-038,2025-11-24,0.08,tcgplayer
OP13-038,2025-12-01,0.10,tcgplayer
OP13-038,2025-12-08,0.09,tcgplayer
OP13-038,2025-12-15,0.06,tcgplayer
OP13-038,2025-12-22,0.04,tcgplayer
OP13-038,2025-12-29,0.08,tcgplayer
OP13-038,2026-01-05,0.10,tcgplayer
OP13-038,2026-01-12,0.10,tcgplayer
OP13-038,2026-01-19,0.09,tcgplayer
OP13-038,2026-01-26,0.10,tcgplayer
OP13-038,2026-02-02,0.09,tcgplayer
OP13-038,2026-02-09,0.11,tcgplayer
OP13-038,2026-02-16,0.10,tcgplayer
OP13-038,2026-02-23,0.07,tcgplayer
OP13-038,2026-03-02,0.06,tcgplayer
OP13-038,2026-03-09,0.07,tcgplayer
OP13-038,2026-03-16,0.07,tcgplayer
OP13-038,2026-03-23,0.07,tcgplayer
OP13-038,2026-03-30,0.09,tcgplayer
OP13-038,2026-04-06,0.10,tcgplayer
OP13-038,2026-04-13,0.10,tcgplayer
OP13-038,2026-04-20,0.10,tcgplayer
OP13-038,2026-04-27,0.07,tcgplayer
OP13-038,2026-05-04,0.07,tcgplayer
OP13-038,2026-05-11,0.06,tcgplayer
OP13-038,2026-05-18,0.08,tcgplayer
OP13-038,2026-05-25,0.09,tcgplayer
OP13-038,2026-06-01,0.10,tcgplayer
OP13-038,2026-06-08,0.10,tcgplayer
OP13-038,2026-06-15,0.10,tcgplayer
OP13-038,2026-06-22,0.11,tcgplayer
OP13-038,2026-06-29,0.10,tcgplayer
OP13-038,2026-07-06,0.11,tcgplayer
OP13-038,2026-07-13,0.11,tcgplayer
OP13-038,2026-07-20,0.08,tcgplayer
OP13-038,2026-07-27,0.07,tcgplayer
OP13-038,2026-08-03,0.08,tcgplayer
OP13-038,2026-08-10,0.07,tcgplayer
OP13-038,2026-08-17,0.08,tcgplayer
OP13-038,2026-08-24,0.08,tcgplayer
OP13-038,2026-08-31,0.07,tcgplayer
OP13-038,2026-09-05,0.07,limitless
OP13-039,2025-11-03,0.03,tcgplayer
OP13-039,2025-11-10,0.03,tcgplayer
OP13-039,2025-11-17,0.06,tcgplayer
OP13-039,2025-11-24,0.05,tcgplayer
OP13-039,2025-12-01,0.06,tcgplayer
OP13-039,2025-12-08,0.04,tcgplayer
OP13-039,2025-12-15,0.04,tcgplayer
OP13-039,2025-12-22,0.04,tcgplayer
OP13-039,2025-12-29,0.04,tcgplayer
OP13-039,2026-01-05,0.05,tcgplayer
OP13-039,2026-01-12,0.06,tcgplayer
OP13-039,2026-01-19,0.05,tcgplayer
OP13-039,2026-01-26,0.05,tcgplayer
OP13-039,2026-02-02,0.06,tcgplayer
OP13-039,2026-02-09,0.09,tcgplayer
OP13-039,2026-02-16,0.10,tcgplayer
OP13-039,2026-02-23,0.08,tcgplayer
OP13-039,2026-03-02,0.05,tcgplayer
OP13-039,2026-03-09,0.05,tcgplayer
OP13-039,2026-03-16,0.05,tcgplayer
OP13-039,2026-03-23,0.06,tcgplayer
OP13-039,2026-03-30,0.07,tcgplayer
OP13-039,2026-04-06,0.06,tcgplayer
OP13-039,2026-04-13,0.06,tcgplayer
OP13-039,2026-04-20,0.05,tcgplayer
OP13-039,2026-04-27,0.05,tcgplayer
OP13-039,2026-05-04,0.05,tcgplayer
OP13-039,2026-05-11,0.05,tcgplayer
OP13-039,2026-05-18,0.05,tcgplayer
OP13-039,2026-05-25,0.07,tcgplayer
OP13-039,2026-06-01,0.07,tcgplayer
OP13-039,2026-06-08,0.07,tcgplayer
OP13-039,2026-06-15,0.07,tcgplayer
OP13-039,2026-06-22,0.07,tcgplayer
OP13-039,2026-06-29,0.06,tcgplayer
OP13-039,2026-07-06,0.06,tcgplayer
OP13-039,2026-07-13,0.07,tcgplayer
OP13-039,2026-07-20,0.06,tcgplayer
OP13-039,2026-07-27,0.06,tcgplayer
OP13-039,2026-08-03,0.05,tcgplayer
OP13-039,2026-08-10,0.05,tcgplayer
OP13-039,2026-08-17,0.05,tcgplayer
OP13-039,2026-08-24,0.05,tcgplayer
OP13-039,2026-08-31,0.05,tcgplayer
OP13-039,2026-09-05,0.05,limitless
OP13-040,2025-10-27,0.65,tcgplayer
OP13-040,2025-11-03,0.16,tcgplayer
OP13-040,2025-11-10,0.11,tcgplayer
OP13-040,2025-11-17,0.10,tcgplayer
OP13-040,2025-11-24,0.11,tcgplayer
OP13-040,2025-12-01,0.14,tcgplayer
OP13-040,2025-12-08,0.17,tcgplayer
OP13-040,2025-12-15,0.11,tcgplayer
OP13-040,2025-12-22,0.11,tcgplayer
OP13-040,2025-12-29,0.20,tcgplayer
OP13-040,2026-01-05,0.12,tcgplayer
OP13-040,2026-01-12,0.23,tcgplayer
OP13-040,2026-01-19,0.19,tcgplayer
OP13-040,2026-01-26,0.17,tcgplayer
OP13-040,2026-02-02,0.19,tcgplayer
OP13-040,2026-02-09,0.24,tcgplayer
OP13-040,2026-02-16,0.20,tcgplayer
OP13-040,2026-02-23,0.21,tcgplayer
OP13-040,2026-03-02,0.25,tcgplayer
OP13-040,2026-03-09,0.27,tcgplayer
OP13-040,2026-03-16,0.22,tcgplayer
OP13-040,2026-03-23,0.20,tcgplayer
OP13-040,2026-03-30,0.25,tcgplayer
OP13-040,2026-04-06,0.35,tcgplayer
OP13-040,2026-04-13,0.47,tcgplayer
OP13-040,2026-04-20,0.50,tcgplayer
OP13-040,2026-04-27,0.60,tcgplayer
OP13-040,2026-05-04,1.01,tcgplayer
OP13-040,2026-05-11,1.07,tcgplayer
OP13-040,2026-05-18,1.38,tcgplayer
OP13-040,2026-05-25,1.36,tcgplayer
OP13-040,2026-06-01,1.18,tcgplayer
OP13-040,2026-06-08,1.67,tcgplayer
OP13-040,2026-06-15,1.36,tcgplayer
OP13-040,2026-06-22,1.98,tcgplayer
OP13-040,2026-06-29,1.46,tcgplayer
OP13-040,2026-07-06,1.36,tcgplayer
OP13-040,2026-07-13,1.43,tcgplayer
OP13-040,2026-07-20,1.25,tcgplayer
OP13-040,2026-07-27,1.14,tcgplayer
OP13-040,2026-08-03,1.28,tcgplayer
OP13-040,2026-08-10,1.29,tcgplayer
OP13-040,2026-08-17,1.28,tcgplayer
OP13-040,2026-08-24,1.44,tcgplayer
OP13-040,2026-08-31,1.40,tcgplayer
OP13-040,2026-09-05,1.61,limitless
OP13-041,2025-10-27,0.10,tcgplayer
OP13-041,2025-11-03,0.09,tcgplayer
OP13-041,2025-11-10,0.07,tcgplayer
OP13-041,2025-11-17,0.06,tcgplayer
OP13-041,2025-11-24,0.07,tcgplayer
OP13-041,2025-12-01,0.06,tcgplayer
OP13-041,2025-12-08,0.08,tcgplayer
OP13-041,2025-12-15,0.07,tcgplayer
OP13-041,2025-12-22,0.04,tcgplayer
OP13-041,2025-12-29,0.05,tcgplayer
OP13-041,2026-01-05,0.04,tcgplayer
OP13-041,2026-01-12,0.04,tcgplayer
OP13-041,2026-01-19,0.05,tcgplayer
OP13-041,2026-01-26,0.07,tcgplayer
OP13-041,2026-02-02,0.07,tcgplayer
OP13-041,2026-02-09,0.06,tcgplayer
OP13-041,2026-02-16,0.05,tcgplayer
OP13-041,2026-02-23,0.07,tcgplayer
OP13-041,2026-03-02,0.06,tcgplayer
OP13-041,2026-03-09,0.06,tcgplayer
OP13-041,2026-03-16,0.08,tcgplayer
OP13-041,2026-03-23,0.09,tcgplayer
OP13-041,2026-03-30,0.09,tcgplayer
OP13-041,2026-04-06,0.08,tcgplayer
OP13-041,2026-04-13,0.09,tcgplayer
OP13-041,2026-04-20,0.08,tcgplayer
OP13-041,2026-04-27,0.08,tcgplayer
OP13-041,2026-05-04,0.07,tcgplayer
OP13-041,2026-05-11,0.08,tcgplayer
OP13-041,2026-05-18,0.07,tcgplayer
OP13-041,2026-05-25,0.07,tcgplayer
OP13-041,2026-06-01,0.06,tcgplayer
OP13-041,2026-06-08,0.05,tcgplayer
OP13-041,2026-06-15,0.06,tcgplayer
OP13-041,2026-06-22,0.06,tcgplayer
OP13-041,2026-06-29,0.08,tcgplayer
OP13-041,2026-07-06,0.08,tcgplayer
OP13-041,2026-07-13,0.09,tcgplayer
OP13-041,2026-07-20,0.09,tcgplayer
OP13-041,2026-07-27,0.08,tcgplayer
OP13-041,2026-08-03,0.08,tcgplayer
OP13-041,2026-08-10,0.08,tcgplayer
OP13-041,2026-08-17,0.07,tcgplayer
OP13-041,2026-08-24,0.08,tcgplayer
OP13-041,2026-08-31,0.09,tcgplayer
OP13-041,2026-09-05,0.09,limitless
OP13-042,2025-10-27,14.41,tcgplayer
OP13-042,2025-11-03,4.78,tcgplayer
OP13-042,2025-11-10,3.13,tcgplayer
OP13-042,2025-11-17,1.63,tcgplayer
OP13-042,2025-11-24,1.60,tcgplayer
OP13-042,2025-12-01,1.40,tcgplayer
OP13-042,2025-12-08,1.35,tcgplayer
OP13-042,2025-12-15,1.35,tcgplayer
OP13-042,2025-12-22,1.45,tcgplayer
OP13-042,2025-12-29,1.54,tcgplayer
OP13-042,2026-01-05,1.62,tcgplayer
OP13-042,2026-01-12,1.31,tcgplayer
OP13-042,2026-01-19,1.77,tcgplayer
OP13-042,2026-01-26,1.11,tcgplayer
OP13-042,2026-02-02,1.27,tcgplayer
OP13-042,2026-02-09,1.10,tcgplayer
OP13-042,2026-02-16,1.09,tcgplayer
OP13-042,2026-02-23,0.90,tcgplayer
OP13-042,2026-03-02,0.92,tcgplayer
OP13-042,2026-03-09,1.00,tcgplayer
OP13-042,2026-03-16,1.13,tcgplayer
OP13-042,2026-03-23,1.14,tcgplayer
OP13-042,2026-03-30,1.29,tcgplayer
OP13-042,2026-04-06,1.46,tcgplayer
OP13-042,2026-04-13,1.83,tcgplayer
OP13-042,2026-04-20,3.28,tcgplayer
OP13-042,2026-04-27,3.71,tcgplayer
OP13-042,2026-05-04,4.43,tcgplayer
OP13-042,2026-05-11,4.85,tcgplayer
OP13-042,2026-05-18,5.13,tcgplayer
OP13-042,2026-05-25,5.04,tcgplayer
OP13-042,2026-06-01,4.67,tcgplayer
OP13-042,2026-06-08,3.21,tcgplayer
OP13-042,2026-06-15,3.08,tcgplayer
OP13-042,2026-06-22,2.52,tcgplayer
OP13-042,2026-06-29,1.76,tcgplayer
OP13-042,2026-07-06,1.19,tcgplayer
OP13-042,2026-07-13,1.41,tcgplayer
OP13-042,2026-07-20,0.91,tcgplayer
OP13-042,2026-07-27,0.93,tcgplayer
OP13-042,2026-08-03,0.82,tcgplayer
OP13-042,2026-08-10,0.80,tcgplayer
OP13-042,2026-08-17,0.71,tcgplayer
OP13-042,2026-08-24,0.77,tcgplayer
OP13-042,2026-08-31,0.68,tcgplayer
OP13-042,2026-09-05,0.73,limitless
OP13-042p1,2025-10-27,91.49,tcgplayer
OP13-042p1,2025-11-03,48.87,tcgplayer
OP13-042p1,2025-11-10,56.17,tcgplayer
OP13-042p1,2025-11-17,48.66,tcgplayer
OP13-042p1,2025-11-24,46.38,tcgplayer
OP13-042p1,2025-12-01,41.48,tcgplayer
OP13-042p1,2025-12-08,40.23,tcgplayer
OP13-042p1,2025-12-15,34.87,tcgplayer
OP13-042p1,2025-12-22,35.96,tcgplayer
OP13-042p1,2025-12-29,33.64,tcgplayer
OP13-042p1,2026-01-05,33.35,tcgplayer
OP13-042p1,2026-01-12,33.84,tcgplayer
OP13-042p1,2026-01-19,29.44,tcgplayer
OP13-042p1,2026-01-26,28.71,tcgplayer
OP13-042p1,2026-02-02,29.43,tcgplayer
OP13-042p1,2026-02-09,26.80,tcgplayer
OP13-042p1,2026-02-16,25.19,tcgplayer
OP13-042p1,2026-02-23,25.34,tcgplayer
OP13-042p1,2026-03-02,24.14,tcgplayer
OP13-042p1,2026-03-09,24.11,tcgplayer
OP13-042p1,2026-03-16,29.52,tcgplayer
OP13-042p1,2026-03-23,34.25,tcgplayer
OP13-042p1,2026-03-30,37.80,tcgplayer
OP13-042p1,2026-04-06,40.18,tcgplayer
OP13-042p1,2026-04-13,41.00,tcgplayer
OP13-042p1,2026-04-20,43.32,tcgplayer
OP13-042p1,2026-04-27,39.05,tcgplayer
OP13-042p1,2026-05-04,47.53,tcgplayer
OP13-042p1,2026-05-11,53.72,tcgplayer
OP13-042p1,2026-05-18,56.95,tcgplayer
OP13-042p1,2026-05-25,56.48,tcgplayer
OP13-042p1,2026-06-01,53.88,tcgplayer
OP13-042p1,2026-06-08,52.07,tcgplayer
OP13-042p1,2026-06-15,42.57,tcgplayer
OP13-042p1,2026-06-22,34.89,tcgplayer
OP13-042p1,2026-06-29,32.53,tcgplayer
OP13-042p1,2026-07-06,31.10,tcgplayer
OP13-042p1,2026-07-13,28.37,tcgplayer
OP13-042p1,2026-07-20,25.02,tcgplayer
OP13-042p1,2026-07-27,24.52,tcgplayer
OP13-042p1,2026-08-03,22.58,tcgplayer
OP13-042p1,2026-08-10,17.97,tcgplayer
OP13-042p1,2026-08-17,17.13,tcgplayer
OP13-042p1,2026-08-24,14.81,tcgplayer
OP13-042p1,2026-08-31,14.38,tcgplayer
OP13-042p1,2026-09-05,14.62,limitless
OP13-043,2025-10-27,0.93,tcgplayer
OP13-043,2025-11-03,0.31,tcgplayer
OP13-043,2025-11-10,0.26,tcgplayer
OP13-043,2025-11-17,0.29,tcgplayer
OP13-043,2025-11-24,0.25,tcgplayer
OP13-043,2025-12-01,0.24,tcgplayer
OP13-043,2025-12-08,0.24,tcgplayer
OP13-043,2025-12-15,0.27,tcgplayer
OP13-043,2025-12-22,0.28,tcgplayer
OP13-043,2025-12-29,0.30,tcgplayer
OP13-043,2026-01-05,0.31,tcgplayer
OP13-043,2026-01-12,0.30,tcgplayer
OP13-043,2026-01-19,0.33,tcgplayer
OP13-043,2026-01-26,0.26,tcgplayer
OP13-043,2026-02-02,0.36,tcgplayer
OP13-043,2026-02-09,0.30,tcgplayer
OP13-043,2026-02-16,0.35,tcgplayer
OP13-043,2026-02-23,0.37,tcgplayer
OP13-043,2026-03-02,0.35,tcgplayer
OP13-043,2026-03-09,0.32,tcgplayer
OP13-043,2026-03-16,0.32,tcgplayer
OP13-043,2026-03-23,0.32,tcgplayer
OP13-043,2026-03-30,0.29,tcgplayer
OP13-043,2026-04-06,0.30,tcgplayer
OP13-043,2026-04-13,0.28,tcgplayer
OP13-043,2026-04-20,0.30,tcgplayer
OP13-043,2026-04-27,0.26,tcgplayer
OP13-043,2026-05-04,0.31,tcgplayer
OP13-043,2026-05-11,0.27,tcgplayer
OP13-043,2026-05-18,0.27,tcgplayer
OP13-043,2026-05-25,0.29,tcgplayer
OP13-043,2026-06-01,0.27,tcgplayer
OP13-043,2026-06-08,0.25,tcgplayer
OP13-043,2026-06-15,0.26,tcgplayer
OP13-043,2026-06-22,0.28,tcgplayer
OP13-043,2026-06-29,0.19,tcgplayer
OP13-043,2026-07-06,0.16,tcgplayer
OP13-043,2026-07-13,0.20,tcgplayer
OP13-043,2026-07-20,0.15,tcgplayer
OP13-043,2026-07-27,0.21,tcgplayer
OP13-043,2026-08-03,0.21,tcgplayer
OP13-043,2026-08-10,0.16,tcgplayer
OP13-043,2026-08-17,0.17,tcgplayer
OP13-043,2026-08-24,0.21,tcgplayer
OP13-043,2026-08-31,0.23,tcgplayer
OP13-043,2026-09-05,0.23,limitless
OP13-044,2025-11-03,0.05,tcgplayer
OP13-044,2025-11-10,0.03,tcgplayer
OP13-044,2025-11-17,0.05,tcgplayer
OP13-044,2025-11-24,0.04,tcgplayer
OP13-044,2025-12-01,0.05,tcgplayer
OP13-044,2025-12-08,0.06,tcgplayer
OP13-044,2025-12-15,0.05,tcgplayer
OP13-044,2025-12-22,0.05,tcgplayer
OP13-044,2025-12-29,0.05,tcgplayer
OP13-044,2026-01-05,0.04,tcgplayer
OP13-044,2026-01-12,0.04,tcgplayer
OP13-044,2026-01-19,0.02,tcgplayer
OP13-044,2026-01-26,0.03,tcgplayer
OP13-044,2026-02-02,0.03,tcgplayer
OP13-044,2026-02-09,0.04,tcgplayer
OP13-044,2026-02-16,0.03,tcgplayer
OP13-044,2026-02-23,0.03,tcgplayer
OP13-044,2026-03-02,0.03,tcgplayer
OP13-044,2026-03-09,0.04,tcgplayer
OP13-044,2026-03-16,0.04,tcgplayer
OP13-044,2026-03-23,0.03,tcgplayer
OP13-044,2026-03-30,0.03,tcgplayer
OP13-044,2026-04-06,0.03,tcgplayer
OP13-044,2026-04-13,0.03,tcgplayer
OP13-044,2026-04-20,0.03,tcgplayer
OP13-044,2026-04-27,0.04,tcgplayer
OP13-044,2026-05-04,0.04,tcgplayer
OP13-044,2026-05-11,0.05,tcgplayer
OP13-044,2026-05-18,0.05,tcgplayer
OP13-044,2026-05-25,0.05,tcgplayer
OP13-044,2026-06-01,0.05,tcgplayer
OP13-044,2026-06-08,0.04,tcgplayer
OP13-044,2026-06-15,0.05,tcgplayer
OP13-044,2026-06-22,0.04,tcgplayer
OP13-044,2026-06-29,0.04,tcgplayer
OP13-044,2026-07-06,0.04,tcgplayer
OP13-044,2026-07-13,0.04,tcgplayer
OP13-044,2026-07-20,0.03,tcgplayer
OP13-044,2026-07-27,0.03,tcgplayer
OP13-044,2026-08-03,0.03,tcgplayer
OP13-044,2026-08-10,0.03,tcgplayer
OP13-044,2026-08-17,0.03,tcgplayer
OP13-044,2026-08-24,0.03,tcgplayer
OP13-044,2026-08-31,0.03,tcgplayer
OP13-044,2026-09-05,0.03,limitless
OP13-045,2025-10-27,0.29,tcgplayer
OP13-045,2025-11-03,0.06,tcgplayer
OP13-045,2025-11-10,0.03,tcgplayer
OP13-045,2025-11-17,0.03,tcgplayer
OP13-045,2025-11-24,0.02,tcgplayer
OP13-045,2025-12-01,0.02,tcgplayer
OP13-045,2025-12-08,0.02,tcgplayer
OP13-045,2025-12-15,0.03,tcgplayer
OP13-045,2025-12-22,0.03,tcgplayer
OP13-045,2025-12-29,0.03,tcgplayer
OP13-045,2026-01-05,0.05,tcgplayer
OP13-045,2026-01-12,0.05,tcgplayer
OP13-045,2026-01-19,0.04,tcgplayer
OP13-045,2026-01-26,0.04,tcgplayer
OP13-045,2026-02-02,0.03,tcgplayer
OP13-045,2026-02-09,0.03,tcgplayer
OP13-045,2026-02-16,0.03,tcgplayer
OP13-045,2026-02-23,0.03,tcgplayer
OP13-045,2026-03-02,0.03,tcgplayer
OP13-045,2026-03-09,0.03,tcgplayer
OP13-045,2026-03-16,0.03,tcgplayer
OP13-045,2026-03-23,0.03,tcgplayer
OP13-045,2026-03-30,0.03,tcgplayer
OP13-045,2026-04-06,0.04,tcgplayer
OP13-045,2026-04-13,0.05,tcgplayer
OP13-045,2026-04-20,0.06,tcgplayer
OP13-045,2026-04-27,0.06,tcgplayer
OP13-045,2026-05-04,0.05,tcgplayer
OP13-045,2026-05-11,0.06,tcgplayer
OP13-045,2026-05-18,0.06,tcgplayer
OP13-045,2026-05-25,0.06,tcgplayer
OP13-045,2026-06-01,0.05,tcgplayer
OP13-045,2026-06-08,0.05,tcgplayer
OP13-045,2026-06-15,0.04,tcgplayer
OP13-045,2026-06-22,0.04,tcgplayer
OP13-045,2026-06-29,0.04,tcgplayer
OP13-045,2026-07-06,0.04,tcgplayer
OP13-045,2026-07-13,0.05,tcgplayer
OP13-045,2026-07-20,0.03,tcgplayer
OP13-045,2026-07-27,0.03,tcgplayer
OP13-045,2026-08-03,0.03,tcgplayer
OP13-045,2026-08-10,0.03,tcgplayer
OP13-045,2026-08-17,0.03,tcgplayer
OP13-045,2026-08-24,0.03,tcgplayer
OP13-045,2026-08-31,0.03,tcgplayer
OP13-045,2026-09-05,0.03,limitless
OP13-046,2025-10-27,0.51,tcgplayer
OP13-046,2025-11-03,0.14,tcgplayer
OP13-046,2025-11-10,0.10,tcgplayer
OP13-046,2025-11-17,0.09,tcgplayer
OP13-046,2025-11-24,0.13,tcgplayer
OP13-046,2025-12-01,0.08,tcgplayer
OP13-046,2025-12-08,0.09,tcgplayer
OP13-046,2025-12-15,0.10,tcgplayer
OP13-046,2025-12-22,0.10,tcgplayer
OP13-046,2025-12-29,0.07,tcgplayer
OP13-046,2026-01-05,0.14,tcgplayer
OP13-046,2026-01-12,0.13,tcgplayer
OP13-046,2026-01-19,0.11,tcgplayer
OP13-046,2026-01-26,0.13,tcgplayer
OP13-046,2026-02-02,0.09,tcgplayer
OP13-046,2026-02-09,0.12,tcgplayer
OP13-046,2026-02-16,0.13,tcgplayer
OP13-046,2026-02-23,0.14,tcgplayer
OP13-046,2026-03-02,0.15,tcgplayer
OP13-046,2026-03-09,0.09,tcgplayer
OP13-046,2026-03-16,0.12,tcgplayer
OP13-046,2026-03-23,0.11,tcgplayer
OP13-046,2026-03-30,0.15,tcgplayer
OP13-046,2026-04-06,0.10,tcgplayer
OP13-046,2026-04-13,0.16,tcgplayer
OP13-046,2026-04-20,0.14,tcgplayer
OP13-046,2026-04-27,0.13,tcgplayer
OP13-046,2026-05-04,0.14,tcgplayer
OP13-046,2026-05-11,0.13,tcgplayer
OP13-046,2026-05-18,0.18,tcgplayer
OP13-046,2026-05-25,0.13,tcgplayer
OP13-046,2026-06-01,0.11,tcgplayer
OP13-046,2026-06-08,0.13,tcgplayer
OP13-046,2026-06-15,0.14,tcgplayer
OP13-046,2026-06-22,0.12,tcgplayer
OP13-046,2026-06-29,0.16,tcgplayer
OP13-046,2026-07-06,0.12,tcgplayer
OP13-046,2026-07-13,0.10,tcgplayer
OP13-046,2026-07-20,0.14,tcgplayer
OP13-046,2026-07-27,0.11,tcgplayer
OP13-046,2026-08-03,0.13,tcgplayer
OP13-046,2026-08-10,0.11,tcgplayer
OP13-046,2026-08-17,0.11,tcgplayer
OP13-046,2026-08-24,0.08,tcgplayer
OP13-046,2026-08-31,0.10,tcgplayer
OP13-046,2026-09-05,0.09,limitless
OP13-047,2025-10-27,0.15,tcgplayer
OP13-047,2025-11-03,0.05,tcgplayer
OP13-047,2025-11-10,0.04,tcgplayer
OP13-047,2025-11-17,0.03,tcgplayer
OP13-047,2025-11-24,0.03,tcgplayer
OP13-047,2025-12-01,0.03,tcgplayer
OP13-047,2025-12-08,0.03,tcgplayer
OP13-047,2025-12-15,0.04,tcgplayer
OP13-047,2025-12-22,0.04,tcgplayer
OP13-047,2025-12-29,0.03,tcgplayer
OP13-047,2026-01-05,0.03,tcgplayer
OP13-047,2026-01-12,0.03,tcgplayer
OP13-047,2026-01-19,0.03,tcgplayer
OP13-047,2026-01-26,0.04,tcgplayer
OP13-047,2026-02-02,0.04,tcgplayer
OP13-047,2026-02-09,0.05,tcgplayer
OP13-047,2026-02-16,0.05,tcgplayer
OP13-047,2026-02-23,0.05,tcgplayer
OP13-047,2026-03-02,0.04,tcgplayer
OP13-047,2026-03-09,0.04,tcgplayer
OP13-047,2026-03-16,0.04,tcgplayer
OP13-047,2026-03-23,0.02,tcgplayer
OP13-047,2026-03-30,0.03,tcgplayer
OP13-047,2026-04-06,0.04,tcgplayer
OP13-047,2026-04-13,0.04,tcgplayer
OP13-047,2026-04-20,0.05,tcgplayer
OP13-047,2026-04-27,0.05,tcgplayer
OP13-047,2026-05-04,0.05,tcgplayer
OP13-047,2026-05-11,0.04,tcgplayer
OP13-047,2026-05-18,0.04,tcgplayer
OP13-047,2026-05-25,0.05,tcgplayer
OP13-047,2026-06-01,0.05,tcgplayer
OP13-047,2026-06-08,0.05,tcgplayer
OP13-047,2026-06-15,0.05,tcgplayer
OP13-047,2026-06-22,0.04,tcgplayer
OP13-047,2026-06-29,0.05,tcgplayer
OP13-047,2026-07-06,0.05,tcgplayer
OP13-047,2026-07-13,0.05,tcgplayer
OP13-047,2026-07-20,0.03,tcgplayer
OP13-047,2026-07-27,0.03,tcgplayer
OP13-047,2026-08-03,0.04,tcgplayer
OP13-047,2026-08-10,0.04,tcgplayer
OP13-047,2026-08-17,0.04,tcgplayer
OP13-047,2026-08-24,0.04,tcgplayer
OP13-047,2026-08-31,0.04,tcgplayer
OP13-047,2026-09-05,0.04,limitless
OP13-048,2025-10-27,0.10,tcgplayer
OP13-048,2025-11-03,0.07,tcgplayer
OP13-048,2025-11-10,0.04,tcgplayer
OP13-048,2025-11-17,0.03,tcgplayer
OP13-048,2025-11-24,0.05,tcgplayer
OP13-048,2025-12-01,0.06,tcgplayer
OP13-048,2025-12-08,0.04,tcgplayer
OP13-048,2025-12-15,0.05,tcgplayer
OP13-048,2025-12-22,0.05,tcgplayer
OP13-048,2025-12-29,0.04,tcgplayer
OP13-048,2026-01-05,0.03,tcgplayer
OP13-048,2026-01-12,0.03,tcgplayer
OP13-048,2026-01-19,0.04,tcgplayer
OP13-048,2026-01-26,0.03,tcgplayer
OP13-048,2026-02-02,0.03,tcgplayer
OP13-048,2026-02-09,0.04,tcgplayer
OP13-048,2026-02-16,0.03,tcgplayer
OP13-048,2026-02-23,0.03,tcgplayer
OP13-048,2026-03-02,0.04,tcgplayer
OP13-048,2026-03-09,0.04,tcgplayer
OP13-048,2026-03-16,0.05,tcgplayer
OP13-048,2026-03-23,0.05,tcgplayer
OP13-048,2026-03-30,0.05,tcgplayer
OP13-048,2026-04-06,0.07,tcgplayer
OP13-048,2026-04-13,0.06,tcgplayer
OP13-048,2026-04-20,0.06,tcgplayer
OP13-048,2026-04-27,0.06,tcgplayer
OP13-048,2026-05-04,0.07,tcgplayer
OP13-048,2026-05-11,0.07,tcgplayer
OP13-048,2026-05-18,0.07,tcgplayer
OP13-048,2026-05-25,0.07,tcgplayer
OP13-048,2026-06-01,0.06,tcgplayer
OP13-048,2026-06-08,0.06,tcgplayer
OP13-048,2026-06-15,0.06,tcgplayer
OP13-048,2026-06-22,0.05,tcgplayer
OP13-048,2026-06-29,0.06,tcgplayer
OP13-048,2026-07-06,0.05,tcgplayer
OP13-048,2026-07-13,0.05,tcgplayer
OP13-048,2026-07-20,0.04,tcgplayer
OP13-048,2026-07-27,0.03,tcgplayer
OP13-048,2026-08-03,0.03,tcgplayer
OP13-048,2026-08-10,0.03,tcgplayer
OP13-048,2026-08-17,0.03,tcgplayer
OP13-048,2026-08-24,0.04,tcgplayer
OP13-048,2026-08-31,0.03,tcgplayer
OP13-048,2026-09-05,0.03,limitless
OP13-049,2025-10-27,0.10,tcgplayer
OP13-049,2025-11-03,0.06,tcgplayer
OP13-049,2025-11-10,0.08,tcgplayer
OP13-049,2025-11-17,0.03,tcgplayer
OP13-049,2025-11-24,0.04,tcgplayer
OP13-049,2025-12-01,0.03,tcgplayer
OP13-049,2025-12-08,0.03,tcgplayer
OP13-049,2025-12-15,0.03,tcgplayer
OP13-049,2025-12-22,0.04,tcgplayer
OP13-049,2025-12-29,0.03,tcgplayer
OP13-049,2026-01-05,0.04,tcgplayer
OP13-049,2026-01-12,0.03,tcgplayer
OP13-049,2026-01-19,0.05,tcgplayer
OP13-049,2026-01-26,0.04,tcgplayer
OP13-049,2026-02-02,0.05,tcgplayer
OP13-049,2026-02-09,0.08,tcgplayer
OP13-049,2026-02-16,0.07,tcgplayer
OP13-049,2026-02-23,0.07,tcgplayer
OP13-049,2026-03-02,0.07,tcgplayer
OP13-049,2026-03-09,0.07,tcgplayer
OP13-049,2026-03-16,0.07,tcgplayer
OP13-049,2026-03-23,0.05,tcgplayer
OP13-049,2026-03-30,0.04,tcgplayer
OP13-049,2026-04-06,0.06,tcgplayer
OP13-049,2026-04-13,0.06,tcgplayer
OP13-049,2026-04-20,0.05,tcgplayer
OP13-049,2026-04-27,0.06,tcgplayer
OP13-049,2026-05-04,0.06,tcgplayer
OP13-049,2026-05-11,0.08,tcgplayer
OP13-049,2026-05-18,0.08,tcgplayer
OP13-049,2026-05-25,0.08,tcgplayer
OP13-049,2026-06-01,0.08,tcgplayer
OP13-049,2026-06-08,0.08,tcgplayer
OP13-049,2026-06-15,0.07,tcgplayer
OP13-049,2026-06-22,0.08,tcgplayer
OP13-049,2026-06-29,0.08,tcgplayer
OP13-049,2026-07-06,0.08,tcgplayer
OP13-049,2026-07-13,0.05,tcgplayer
OP13-049,2026-07-20,0.05,tcgplayer
OP13-049,2026-07-27,0.05,tcgplayer
OP13-049,2026-08-03,0.05,tcgplayer
OP13-049,2026-08-10,0.05,tcgplayer
OP13-049,2026-08-17,0.04,tcgplayer
OP13-049,2026-08-24,0.04,tcgplayer
OP13-049,2026-08-31,0.05,tcgplayer
OP13-049,2026-09-05,0.05,limitless
OP13-050,2025-10-27,0.70,tcgplayer
OP13-050,2025-11-03,0.10,tcgplayer
OP13-050,2025-11-10,0.06,tcgplayer
OP13-050,2025-11-17,0.04,tcgplayer
OP13-050,2025-11-24,0.09,tcgplayer
OP13-050,2025-12-01,0.10,tcgplayer
OP13-050,2025-12-08,0.09,tcgplayer
OP13-050,2025-12-15,0.06,tcgplayer
OP13-050,2025-12-22,0.04,tcgplayer
OP13-050,2025-12-29,0.07,tcgplayer
OP13-050,2026-01-05,0.07,tcgplayer
OP13-050,2026-01-12,0.06,tcgplayer
OP13-050,2026-01-19,0.08,tcgplayer
OP13-050,2026-01-26,0.08,tcgplayer
OP13-050,2026-02-02,0.07,tcgplayer
OP13-050,2026-02-09,0.07,tcgplayer
OP13-050,2026-02-16,0.06,tcgplayer
OP13-050,2026-02-23,0.05,tcgplayer
OP13-050,2026-03-02,0.05,tcgplayer
OP13-050,2026-03-09,0.06,tcgplayer
OP13-050,2026-03-16,0.06,tcgplayer
OP13-050,2026-03-23,0.06,tcgplayer
OP13-050,2026-03-30,0.07,tcgplayer
OP13-050,2026-04-06,0.07,tcgplayer
OP13-050,2026-04-13,0.08,tcgplayer
OP13-050,2026-04-20,0.07,tcgplayer
OP13-050,2026-04-27,0.07,tcgplayer
OP13-050,2026-05-04,0.06,tcgplayer
OP13-050,2026-05-11,0.07,tcgplayer
OP13-050,2026-05-18,0.07,tcgplayer
OP13-050,2026-05-25,0.07,tcgplayer
OP13-050,2026-06-01,0.06,tcgplayer
OP13-050,2026-06-08,0.06,tcgplayer
OP13-050,2026-06-15,0.06,tcgplayer
OP13-050,2026-06-22,0.06,tcgplayer
OP13-050,2026-06-29,0.06,tcgplayer
OP13-050,2026-07-06,0.06,tcgplayer
OP13-050,2026-07-13,0.05,tcgplayer
OP13-050,2026-07-20,0.05,tcgplayer
OP13-050,2026-07-27,0.04,tcgplayer
OP13-050,2026-08-03,0.04,tcgplayer
OP13-050,2026-08-10,0.04,tcgplayer
OP13-050,2026-08-17,0.04,tcgplayer
OP13-050,2026-08-24,0.06,tcgplayer
OP13-050,2026-08-31,0.07,tcgplayer
OP13-050,2026-09-05,0.07,limitless
OP13-051,2025-10-27,0.34,tcgplayer
OP13-051,2025-11-03,0.20,tcgplayer
OP13-051,2025-11-10,0.11,tcgplayer
OP13-051,2025-11-17,0.14,tcgplayer
OP13-051,2025-11-24,0.17,tcgplayer
OP13-051,2025-12-01,0.16,tcgplayer
OP13-051,2025-12-08,0.13,tcgplayer
OP13-051,2025-12-15,0.20,tcgplayer
OP13-051,2025-12-22,0.18,tcgplayer
OP13-051,2025-12-29,0.26,tcgplayer
OP13-051,2026-01-05,0.27,tcgplayer
OP13-051,2026-01-12,0.22,tcgplayer
OP13-051,2026-01-19,0.23,tcgplayer
OP13-051,2026-01-26,0.22,tcgplayer
OP13-051,2026-02-02,0.17,tcgplayer
OP13-051,2026-02-09,0.22,tcgplayer
OP13-051,2026-02-16,0.21,tcgplayer
OP13-051,2026-02-23,0.19,tcgplayer
OP13-051,2026-03-02,0.17,tcgplayer
OP13-051,2026-03-09,0.17,tcgplayer
OP13-051,2026-03-16,0.17,tcgplayer
OP13-051,2026-03-23,0.16,tcgplayer
OP13-051,2026-03-30,0.17,tcgplayer
OP13-051,2026-04-06,0.23,tcgplayer
OP13-051,2026-04-13,0.15,tcgplayer
OP13-051,2026-04-20,0.16,tcgplayer
OP13-051,2026-04-27,0.17,tcgplayer
OP13-051,2026-05-04,0.20,tcgplayer
OP13-051,2026-05-11,0.17,tcgplayer
OP13-051,2026-05-18,0.19,tcgplayer
OP13-051,2026-05-25,0.21,tcgplayer
OP13-051,2026-06-01,0.32,tcgplayer
OP13-051,2026-06-08,0.21,tcgplayer
OP13-051,2026-06-15,0.24,tcgplayer
OP13-051,2026-06-22,0.20,tcgplayer
OP13-051,2026-06-29,0.18,tcgplayer
OP13-051,2026-07-06,0.19,tcgplayer
OP13-051,2026-07-13,0.22,tcgplayer
OP13-051,2026-07-20,0.20,tcgplayer
OP13-051,2026-07-27,0.19,tcgplayer
OP13-051,2026-08-03,0.19,tcgplayer
OP13-051,2026-08-10,0.21,tcgplayer
OP13-051,2026-08-17,0.26,tcgplayer
OP13-051,2026-08-24,0.19,tcgplayer
OP13-051,2026-08-31,0.26,tcgplayer
OP13-051,2026-09-05,0.25,limitless
OP13-051p1,2025-10-27,28.74,tcgplayer
OP13-051p1,2025-11-03,16.94,tcgplayer
OP13-051p1,2025-11-10,17.49,tcgplayer
OP13-051p1,2025-11-17,16.32,tcgplayer
OP13-051p1,2025-11-24,16.37,tcgplayer
OP13-051p1,2025-12-01,19.06,tcgplayer
OP13-051p1,2025-12-08,21.97,tcgplayer
OP13-051p1,2025-12-15,30.32,tcgplayer
OP13-051p1,2025-12-22,28.26,tcgplayer
OP13-051p1,2025-12-29,26.75,tcgplayer
OP13-051p1,2026-01-05,23.07,tcgplayer
OP13-051p1,2026-01-12,21.85,tcgplayer
OP13-051p1,2026-01-19,47.17,tcgplayer
OP13-051p1,2026-01-26,45.06,tcgplayer
OP13-051p1,2026-02-02,38.09,tcgplayer
OP13-051p1,2026-02-09,28.22,tcgplayer
OP13-051p1,2026-02-16,18.24,tcgplayer
OP13-051p1,2026-02-23,13.90,tcgplayer
OP13-051p1,2026-03-02,12.21,tcgplayer
OP13-051p1,2026-03-09,11.30,tcgplayer
OP13-051p1,2026-03-16,13.12,tcgplayer
OP13-051p1,2026-03-23,12.48,tcgplayer
OP13-051p1,2026-03-30,14.50,tcgplayer
OP13-051p1,2026-04-06,21.71,tcgplayer
OP13-051p1,2026-04-13,24.01,tcgplayer
OP13-051p1,2026-04-20,22.93,tcgplayer
OP13-051p1,2026-04-27,22.63,tcgplayer
OP13-051p1,2026-05-04,22.41,tcgplayer
OP13-051p1,2026-05-11,21.90,tcgplayer
OP13-051p1,2026-05-18,21.77,tcgplayer
OP13-051p1,2026-05-25,21.66,tcgplayer
OP13-051p1,2026-06-01,21.45,tcgplayer
OP13-051p1,2026-06-08,22.15,tcgplayer
OP13-051p1,2026-06-15,21.25,tcgplayer
OP13-051p1,2026-06-22,19.95,tcgplayer
OP13-051p1,2026-06-29,19.46,tcgplayer
OP13-051p1,2026-07-06,18.04,tcgplayer
OP13-051p1,2026-07-13,18.39,tcgplayer
OP13-051p1,2026-07-20,18.23,tcgplayer
OP13-051p1,2026-07-27,18.14,tcgplayer
OP13-051p1,2026-08-03,17.65,tcgplayer
OP13-051p1,2026-08-10,16.74,tcgplayer
OP13-051p1,2026-08-17,16.40,tcgplayer
OP13-051p1,2026-08-24,16.44,tcgplayer
OP13-051p1,2026-08-31,16.11,tcgplayer
OP13-051p1,2026-09-05,16.11,limitless
OP13-052,2025-10-27,0.73,tcgplayer
OP13-052,2025-11-03,0.12,tcgplayer
OP13-052,2025-11-10,0.10,tcgplayer
OP13-052,2025-11-17,0.08,tcgplayer
OP13-052,2025-11-24,0.15,tcgplayer
OP13-052,2025-12-01,0.10,tcgplayer
OP13-052,2025-12-08,0.10,tcgplayer
OP13-052,2025-12-15,0.10,tcgplayer
OP13-052,2025-12-22,0.10,tcgplayer
OP13-052,2025-12-29,0.09,tcgplayer
OP13-052,2026-01-05,0.12,tcgplayer
OP13-052,2026-01-12,0.13,tcgplayer
OP13-052,2026-01-19,0.11,tcgplayer
OP13-052,2026-01-26,0.11,tcgplayer
OP13-052,2026-02-02,0.11,tcgplayer
OP13-052,2026-02-09,0.14,tcgplayer
OP13-052,2026-02-16,0.08,tcgplayer
OP13-052,2026-02-23,0.11,tcgplayer
OP13-052,2026-03-02,0.15,tcgplayer
OP13-052,2026-03-09,0.10,tcgplayer
OP13-052,2026-03-16,0.10,tcgplayer
OP13-052,2026-03-23,0.11,tcgplayer
OP13-052,2026-03-30,0.10,tcgplayer
OP13-052,2026-04-06,0.09,tcgplayer
OP13-052,2026-04-13,0.11,tcgplayer
OP13-052,2026-04-20,0.14,tcgplayer
OP13-052,2026-04-27,0.15,tcgplayer
OP13-052,2026-05-04,0.14,tcgplayer
OP13-052,2026-05-11,0.11,tcgplayer
OP13-052,2026-05-18,0.15,tcgplayer
OP13-052,2026-05-25,0.16,tcgplayer
OP13-052,2026-06-01,0.17,tcgplayer
OP13-052,2026-06-08,0.16,tcgplayer
OP13-052,2026-06-15,0.13,tcgplayer
OP13-052,2026-06-22,0.11,tcgplayer
OP13-052,2026-06-29,0.11,tcgplayer
OP13-052,2026-07-06,0.11,tcgplayer
OP13-052,2026-07-13,0.10,tcgplayer
OP13-052,2026-07-20,0.12,tcgplayer
OP13-052,2026-07-27,0.10,tcgplayer
OP13-052,2026-08-03,0.09,tcgplayer
OP13-052,2026-08-10,0.07,tcgplayer
OP13-052,2026-08-17,0.06,tcgplayer
OP13-052,2026-08-24,0.07,tcgplayer
OP13-052,2026-08-31,0.08,tcgplayer
OP13-052,2026-09-05,0.08,limitless
OP13-053,2025-10-27,0.10,tcgplayer
OP13-053,2025-11-03,0.05,tcgplayer
OP13-053,2025-11-10,0.04,tcgplayer
OP13-053,2025-11-17,0.03,tcgplayer
OP13-053,2025-11-24,0.03,tcgplayer
OP13-053,2025-12-01,0.04,tcgplayer
OP13-053,2025-12-08,0.03,tcgplayer
OP13-053,2025-12-15,0.05,tcgplayer
OP13-053,2025-12-22,0.05,tcgplayer
OP13-053,2025-12-29,0.03,tcgplayer
OP13-053,2026-01-05,0.03,tcgplayer
OP13-053,2026-01-12,0.03,tcgplayer
OP13-053,2026-01-19,0.03,tcgplayer
OP13-053,2026-01-26,0.03,tcgplayer
OP13-053,2026-02-02,0.03,tcgplayer
OP13-053,2026-02-09,0.04,tcgplayer
OP13-053,2026-02-16,0.05,tcgplayer
OP13-053,2026-02-23,0.05,tcgplayer
OP13-053,2026-03-02,0.05,tcgplayer
OP13-053,2026-03-09,0.05,tcgplayer
OP13-053,2026-03-16,0.04,tcgplayer
OP13-053,2026-03-23,0.04,tcgplayer
OP13-053,2026-03-30,0.04,tcgplayer
OP13-053,2026-04-06,0.04,tcgplayer
OP13-053,2026-04-13,0.04,tcgplayer
OP13-053,2026-04-20,0.05,tcgplayer
OP13-053,2026-04-27,0.05,tcgplayer
OP13-053,2026-05-04,0.07,tcgplayer
OP13-053,2026-05-11,0.08,tcgplayer
OP13-053,2026-05-18,0.07,tcgplayer
OP13-053,2026-05-25,0.07,tcgplayer
OP13-053,2026-06-01,0.07,tcgplayer
OP13-053,2026-06-08,0.06,tcgplayer
OP13-053,2026-06-15,0.05,tcgplayer
OP13-053,2026-06-22,0.04,tcgplayer
OP13-053,2026-06-29,0.05,tcgplayer
OP13-053,2026-07-06,0.05,tcgplayer
OP13-053,2026-07-13,0.05,tcgplayer
OP13-053,2026-07-20,0.04,tcgplayer
OP13-053,2026-07-27,0.05,tcgplayer
OP13-053,2026-08-03,0.05,tcgplayer
OP13-053,2026-08-10,0.06,tcgplayer
OP13-053,2026-08-17,0.07,tcgplayer
OP13-053,2026-08-24,0.07,tcgplayer
OP13-053,2026-08-31,0.07,tcgplayer
OP13-053,2026-09-05,0.07,limitless
OP13-054,2025-10-27,7.65,tcgplayer
OP13-054,2025-11-03,2.36,tcgplayer
OP13-054,2025-11-10,1.99,tcgplayer
OP13-054,2025-11-17,1.20,tcgplayer
OP13-054,2025-11-24,1.00,tcgplayer
OP13-054,2025-12-01,0.81,tcgplayer
OP13-054,2025-12-08,0.86,tcgplayer
OP13-054,2025-12-15,0.82,tcgplayer
OP13-054,2025-12-22,0.89,tcgplayer
OP13-054,2025-12-29,0.92,tcgplayer
OP13-054,2026-01-05,1.15,tcgplayer
OP13-054,2026-01-12,0.69,tcgplayer
OP13-054,2026-01-19,0.90,tcgplayer
OP13-054,2026-01-26,0.73,tcgplayer
OP13-054,2026-02-02,0.75,tcgplayer
OP13-054,2026-02-09,0.80,tcgplayer
OP13-054,2026-02-16,0.66,tcgplayer
OP13-054,2026-02-23,0.65,tcgplayer
OP13-054,2026-03-02,0.61,tcgplayer
OP13-054,2026-03-09,0.54,tcgplayer
OP13-054,2026-03-16,0.65,tcgplayer
OP13-054,2026-03-23,0.54,tcgplayer
OP13-054,2026-03-30,0.57,tcgplayer
OP13-054,2026-04-06,0.55,tcgplayer
OP13-054,2026-04-13,0.63,tcgplayer
OP13-054,2026-04-20,0.66,tcgplayer
OP13-054,2026-04-27,0.67,tcgplayer
OP13-054,2026-05-04,0.55,tcgplayer
OP13-054,2026-05-11,0.64,tcgplayer
OP13-054,2026-05-18,0.73,tcgplayer
OP13-054,2026-05-25,0.68,tcgplayer
OP13-054,2026-06-01,0.61,tcgplayer
OP13-054,2026-06-08,0.58,tcgplayer
OP13-054,2026-06-15,0.64,tcgplayer
OP13-054,2026-06-22,0.49,tcgplayer
OP13-054,2026-06-29,0.52,tcgplayer
OP13-054,2026-07-06,0.44,tcgplayer
OP13-054,2026-07-13,0.44,tcgplayer
OP13-054,2026-07-20,0.40,tcgplayer
OP13-054,2026-07-27,0.42,tcgplayer
OP13-054,2026-08-03,0.37,tcgplayer
OP13-054,2026-08-10,0.42,tcgplayer
OP13-054,2026-08-17,0.36,tcgplayer
OP13-054,2026-08-24,0.53,tcgplayer
OP13-054,2026-08-31,0.37,tcgplayer
OP13-054,2026-09-05,0.36,limitless
OP13-054p1,2025-10-27,58.14,tcgplayer
OP13-054p1,2025-11-03,43.11,tcgplayer
OP13-054p1,2025-11-10,36.24,tcgplayer
OP13-054p1,2025-11-17,33.48,tcgplayer
OP13-054p1,2025-11-24,33.92,tcgplayer
OP13-054p1,2025-12-01,32.56,tcgplayer
OP13-054p1,2025-12-08,34.67,tcgplayer
OP13-054p1,2025-12-15,32.54,tcgplayer
OP13-054p1,2025-12-22,28.83,tcgplayer
OP13-054p1,2025-12-29,27.31,tcgplayer
OP13-054p1,2026-01-05,27.22,tcgplayer
OP13-054p1,2026-01-12,27.44,tcgplayer
OP13-054p1,2026-01-19,28.83,tcgplayer
OP13-054p1,2026-01-26,31.14,tcgplayer
OP13-054p1,2026-02-02,29.81,tcgplayer
OP13-054p1,2026-02-09,23.55,tcgplayer
OP13-054p1,2026-02-16,22.59,tcgplayer
OP13-054p1,2026-02-23,21.23,tcgplayer
OP13-054p1,2026-03-02,20.40,tcgplayer
OP13-054p1,2026-03-09,20.51,tcgplayer
OP13-054p1,2026-03-16,24.77,tcgplayer
OP13-054p1,2026-03-23,27.11,tcgplayer
OP13-054p1,2026-03-30,25.72,tcgplayer
OP13-054p1,2026-04-06,24.73,tcgplayer
OP13-054p1,2026-04-13,22.84,tcgplayer
OP13-054p1,2026-04-20,23.97,tcgplayer
OP13-054p1,2026-04-27,24.43,tcgplayer
OP13-054p1,2026-05-04,24.57,tcgplayer
OP13-054p1,2026-05-11,24.83,tcgplayer
OP13-054p1,2026-05-18,24.53,tcgplayer
OP13-054p1,2026-05-25,24.41,tcgplayer
OP13-054p1,2026-06-01,24.90,tcgplayer
OP13-054p1,2026-06-08,24.37,tcgplayer
OP13-054p1,2026-06-15,24.04,tcgplayer
OP13-054p1,2026-06-22,24.01,tcgplayer
OP13-054p1,2026-06-29,21.73,tcgplayer
OP13-054p1,2026-07-06,20.59,tcgplayer
OP13-054p1,2026-07-13,19.88,tcgplayer
OP13-054p1,2026-07-20,18.39,tcgplayer
OP13-054p1,2026-07-27,16.97,tcgplayer
OP13-054p1,2026-08-03,16.34,tcgplayer
OP13-054p1,2026-08-10,14.40,tcgplayer
OP13-054p1,2026-08-17,14.73,tcgplayer
OP13-054p1,2026-08-24,14.57,tcgplayer
OP13-054p1,2026-08-31,13.48,tcgplayer
OP13-054p1,2026-09-05,13.53,limitless
OP13-055,2025-10-27,0.10,tcgplayer
OP13-055,2025-11-03,0.06,tcgplayer
OP13-055,2025-11-10,0.04,tcgplayer
OP13-055,2025-11-17,0.04,tcgplayer
OP13-055,2025-11-24,0.02,tcgplayer
OP13-055,2025-12-01,0.03,tcgplayer
OP13-055,2025-12-08,0.03,tcgplayer
OP13-055,2025-12-15,0.04,tcgplayer
OP13-055,2025-12-22,0.03,tcgplayer
OP13-055,2025-12-29,0.03,tcgplayer
OP13-055,2026-01-05,0.03,tcgplayer
OP13-055,2026-01-12,0.03,tcgplayer
OP13-055,2026-01-19,0.03,tcgplayer
OP13-055,2026-01-26,0.03,tcgplayer
OP13-055,2026-02-02,0.03,tcgplayer
OP13-055,2026-02-09,0.03,tcgplayer
OP13-055,2026-02-16,0.03,tcgplayer
OP13-055,2026-02-23,0.03,tcgplayer
OP13-055,2026-03-02,0.03,tcgplayer
OP13-055,2026-03-09,0.04,tcgplayer
OP13-055,2026-03-16,0.04,tcgplayer
OP13-055,2026-03-23,0.04,tcgplayer
OP13-055,2026-03-30,0.03,tcgplayer
OP13-055,2026-04-06,0.04,tcgplayer
OP13-055,2026-04-13,0.04,tcgplayer
OP13-055,2026-04-20,0.04,tcgplayer
OP13-055,2026-04-27,0.06,tcgplayer
OP13-055,2026-05-04,0.05,tcgplayer
OP13-055,2026-05-11,0.06,tcgplayer
OP13-055,2026-05-18,0.06,tcgplayer
OP13-055,2026-05-25,0.07,tcgplayer
OP13-055,2026-06-01,0.07,tcgplayer
OP13-055,2026-06-08,0.07,tcgplayer
OP13-055,2026-06-15,0.07,tcgplayer
OP13-055,2026-06-22,0.07,tcgplayer
OP13-055,2026-06-29,0.06,tcgplayer
OP13-055,2026-07-06,0.05,tcgplayer
OP13-055,2026-07-13,0.05,tcgplayer
OP13-055,2026-07-20,0.04,tcgplayer
OP13-055,2026-07-27,0.03,tcgplayer
OP13-055,2026-08-03,0.03,tcgplayer
OP13-055,2026-08-10,0.03,tcgplayer
OP13-055,2026-08-17,0.03,tcgplayer
OP13-055,2026-08-24,0.03,tcgplayer
OP13-055,2026-08-31,0.03,tcgplayer
OP13-055,2026-09-05,0.03,limitless
OP13-056,2025-10-27,0.20,tcgplayer
OP13-056,2025-11-03,0.05,tcgplayer
OP13-056,2025-11-10,0.03,tcgplayer
OP13-056,2025-11-17,0.03,tcgplayer
OP13-056,2025-11-24,0.03,tcgplayer
OP13-056,2025-12-01,0.03,tcgplayer
OP13-056,2025-12-08,0.04,tcgplayer
OP13-056,2025-12-15,0.05,tcgplayer
OP13-056,2025-12-22,0.04,tcgplayer
OP13-056,2025-12-29,0.05,tcgplayer
OP13-056,2026-01-05,0.05,tcgplayer
OP13-056,2026-01-12,0.05,tcgplayer
OP13-056,2026-01-19,0.05,tcgplayer
OP13-056,2026-01-26,0.04,tcgplayer
OP13-056,2026-02-02,0.03,tcgplayer
OP13-056,2026-02-09,0.03,tcgplayer
OP13-056,2026-02-16,0.03,tcgplayer
OP13-056,2026-02-23,0.04,tcgplayer
OP13-056,2026-03-02,0.03,tcgplayer
OP13-056,2026-03-09,0.03,tcgplayer
OP13-056,2026-03-16,0.04,tcgplayer
OP13-056,2026-03-23,0.04,tcgplayer
OP13-056,2026-03-30,0.03,tcgplayer
OP13-056,2026-04-06,0.04,tcgplayer
OP13-056,2026-04-13,0.04,tcgplayer
OP13-056,2026-04-20,0.05,tcgplayer
OP13-056,2026-04-27,0.05,tcgplayer
OP13-056,2026-05-04,0.05,tcgplayer
OP13-056,2026-05-11,0.05,tcgplayer
OP13-056,2026-05-18,0.05,tcgplayer
OP13-056,2026-05-25,0.05,tcgplayer
OP13-056,2026-06-01,0.04,tcgplayer
OP13-056,2026-06-08,0.04,tcgplayer
OP13-056,2026-06-15,0.04,tcgplayer
OP13-056,2026-06-22,0.04,tcgplayer
OP13-056,2026-06-29,0.04,tcgplayer
OP13-056,2026-07-06,0.04,tcgplayer
OP13-056,2026-07-13,0.05,tcgplayer
OP13-056,2026-07-20,0.04,tcgplayer
OP13-056,2026-07-27,0.04,tcgplayer
OP13-056,2026-08-03,0.05,tcgplayer
OP13-056,2026-08-10,0.05,tcgplayer
OP13-056,2026-08-17,0.04,tcgplayer
OP13-056,2026-08-24,0.04,tcgplayer
OP13-056,2026-08-31,0.04,tcgplayer
OP13-056,2026-09-05,0.04,limitless
OP13-057,2025-10-27,0.46,tcgplayer
OP13-057,2025-11-03,0.15,tcgplayer
OP13-057,2025-11-10,0.10,tcgplayer
OP13-057,2025-11-17,0.16,tcgplayer
OP13-057,2025-11-24,0.11,tcgplayer
OP13-057,2025-12-01,0.15,tcgplayer
OP13-057,2025-12-08,0.12,tcgplayer
OP13-057,2025-12-15,0.11,tcgplayer
OP13-057,2025-12-22,0.14,tcgplayer
OP13-057,2025-12-29,0.11,tcgplayer
OP13-057,2026-01-05,0.18,tcgplayer
OP13-057,2026-01-12,0.13,tcgplayer
OP13-057,2026-01-19,0.12,tcgplayer
OP13-057,2026-01-26,0.16,tcgplayer
OP13-057,2026-02-02,0.12,tcgplayer
OP13-057,2026-02-09,0.12,tcgplayer
OP13-057,2026-02-16,0.13,tcgplayer
OP13-057,2026-02-23,0.15,tcgplayer
OP13-057,2026-03-02,0.21,tcgplayer
OP13-057,2026-03-09,0.16,tcgplayer
OP13-057,2026-03-16,0.12,tcgplayer
OP13-057,2026-03-23,0.13,tcgplayer
OP13-057,2026-03-30,0.15,tcgplayer
OP13-057,2026-04-06,0.12,tcgplayer
OP13-057,2026-04-13,0.15,tcgplayer
OP13-057,2026-04-20,0.14,tcgplayer
OP13-057,2026-04-27,0.29,tcgplayer
OP13-057,2026-05-04,0.15,tcgplayer
OP13-057,2026-05-11,0.15,tcgplayer
OP13-057,2026-05-18,0.12,tcgplayer
OP13-057,2026-05-25,0.17,tcgplayer
OP13-057,2026-06-01,0.14,tcgplayer
OP13-057,2026-06-08,0.13,tcgplayer
OP13-057,2026-06-15,0.11,tcgplayer
OP13-057,2026-06-22,0.11,tcgplayer
OP13-057,2026-06-29,0.14,tcgplayer
OP13-057,2026-07-06,0.12,tcgplayer
OP13-057,2026-07-13,0.11,tcgplayer
OP13-057,2026-07-20,0.11,tcgplayer
OP13-057,2026-07-27,0.11,tcgplayer
OP13-057,2026-08-03,0.11,tcgplayer
OP13-057,2026-08-10,0.14,tcgplayer
OP13-057,2026-08-17,0.16,tcgplayer
OP13-057,2026-08-24,0.13,tcgplayer
OP13-057,2026-08-31,0.15,tcgplayer
OP13-057,2026-09-05,0.15,limitless
OP13-058,2025-10-27,0.72,tcgplayer
OP13-058,2025-11-03,0.16,tcgplayer
OP13-058,2025-11-10,0.12,tcgplayer
OP13-058,2025-11-17,0.10,tcgplayer
OP13-058,2025-11-24,0.08,tcgplayer
OP13-058,2025-12-01,0.11,tcgplayer
OP13-058,2025-12-08,0.09,tcgplayer
OP13-058,2025-12-15,0.09,tcgplayer
OP13-058,2025-12-22,0.07,tcgplayer
OP13-058,2025-12-29,0.09,tcgplayer
OP13-058,2026-01-05,0.07,tcgplayer
OP13-058,2026-01-12,0.08,tcgplayer
OP13-058,2026-01-19,0.08,tcgplayer
OP13-058,2026-01-26,0.07,tcgplayer
OP13-058,2026-02-02,0.09,tcgplayer
OP13-058,2026-02-09,0.09,tcgplayer
OP13-058,2026-02-16,0.08,tcgplayer
OP13-058,2026-02-23,0.11,tcgplayer
OP13-058,2026-03-02,0.10,tcgplayer
OP13-058,2026-03-09,0.09,tcgplayer
OP13-058,2026-03-16,0.09,tcgplayer
OP13-058,2026-03-23,0.13,tcgplayer
OP13-058,2026-03-30,0.11,tcgplayer
OP13-058,2026-04-06,0.07,tcgplayer
OP13-058,2026-04-13,0.11,tcgplayer
OP13-058,2026-04-20,0.10,tcgplayer
OP13-058,2026-04-27,0.11,tcgplayer
OP13-058,2026-05-04,0.09,tcgplayer
OP13-058,2026-05-11,0.11,tcgplayer
OP13-058,2026-05-18,0.12,tcgplayer
OP13-058,2026-05-25,0.12,tcgplayer
OP13-058,2026-06-01,0.12,tcgplayer
OP13-058,2026-06-08,0.10,tcgplayer
OP13-058,2026-06-15,0.11,tcgplayer
OP13-058,2026-06-22,0.09,tcgplayer
OP13-058,2026-06-29,0.10,tcgplayer
OP13-058,2026-07-06,0.10,tcgplayer
OP13-058,2026-07-13,0.11,tcgplayer
OP13-058,2026-07-20,0.09,tcgplayer
OP13-058,2026-07-27,0.14,tcgplayer
OP13-058,2026-08-03,0.15,tcgplayer
OP13-058,2026-08-10,0.10,tcgplayer
OP13-058,2026-08-17,0.10,tcgplayer
OP13-058,2026-08-24,0.10,tcgplayer
OP13-058,2026-08-31,0.09,tcgplayer
OP13-058,2026-09-05,0.10,limitless
OP13-059,2025-10-27,0.16,tcgplayer
OP13-059,2025-11-03,0.04,tcgplayer
OP13-059,2025-11-10,0.09,tcgplayer
OP13-059,2025-11-17,0.05,tcgplayer
OP13-059,2025-11-24,0.04,tcgplayer
OP13-059,2025-12-01,0.04,tcgplayer
OP13-059,2025-12-08,0.04,tcgplayer
OP13-059,2025-12-15,0.04,tcgplayer
OP13-059,2025-12-22,0.04,tcgplayer
OP13-059,2025-12-29,0.05,tcgplayer
OP13-059,2026-01-05,0.05,tcgplayer
OP13-059,2026-01-12,0.05,tcgplayer
OP13-059,2026-01-19,0.04,tcgplayer
OP13-059,2026-01-26,0.06,tcgplayer
OP13-059,2026-02-02,0.09,tcgplayer
OP13-059,2026-02-09,0.08,tcgplayer
OP13-059,2026-02-16,0.06,tcgplayer
OP13-059,2026-02-23,0.06,tcgplayer
OP13-059,2026-03-02,0.04,tcgplayer
OP13-059,2026-03-09,0.05,tcgplayer
OP13-059,2026-03-16,0.04,tcgplayer
OP13-059,2026-03-23,0.04,tcgplayer
OP13-059,2026-03-30,0.05,tcgplayer
OP13-059,2026-04-06,0.06,tcgplayer
OP13-059,2026-04-13,0.06,tcgplayer
OP13-059,2026-04-20,0.06,tcgplayer
OP13-059,2026-04-27,0.07,tcgplayer
OP13-059,2026-05-04,0.04,tcgplayer
OP13-059,2026-05-11,0.06,tcgplayer
OP13-059,2026-05-18,0.05,tcgplayer
OP13-059,2026-05-25,0.06,tcgplayer
OP13-059,2026-06-01,0.06,tcgplayer
OP13-059,2026-06-08,0.06,tcgplayer
OP13-059,2026-06-15,0.05,tcgplayer
OP13-059,2026-06-22,0.05,tcgplayer
OP13-059,2026-06-29,0.05,tcgplayer
OP13-059,2026-07-06,0.05,tcgplayer
OP13-059,2026-07-13,0.04,tcgplayer
OP13-059,2026-07-20,0.03,tcgplayer
OP13-059,2026-07-27,0.03,tcgplayer
OP13-059,2026-08-03,0.03,tcgplayer
OP13-059,2026-08-10,0.03,tcgplayer
OP13-059,2026-08-17,0.03,tcgplayer
OP13-059,2026-08-24,0.03,tcgplayer
OP13-059,2026-08-31,0.03,tcgplayer
OP13-059,2026-09-05,0.03,limitless
OP13-060,2025-10-27,0.10,tcgplayer
OP13-060,2025-11-03,0.04,tcgplayer
OP13-060,2025-11-10,0.05,tcgplayer
OP13-060,2025-11-17,0.04,tcgplayer
OP13-060,2025-11-24,0.03,tcgplayer
OP13-060,2025-12-01,0.04,tcgplayer
OP13-060,2025-12-08,0.06,tcgplayer
OP13-060,2025-12-15,0.05,tcgplayer
OP13-060,2025-12-22,0.04,tcgplayer
OP13-060,2025-12-29,0.08,tcgplayer
OP13-060,2026-01-05,0.09,tcgplayer
OP13-060,2026-01-12,0.08,tcgplayer
OP13-060,2026-01-19,0.07,tcgplayer
OP13-060,2026-01-26,0.07,tcgplayer
OP13-060,2026-02-02,0.05,tcgplayer
OP13-060,2026-02-09,0.06,tcgplayer
OP13-060,2026-02-16,0.06,tcgplayer
OP13-060,2026-02-23,0.08,tcgplayer
OP13-060,2026-03-02,0.06,tcgplayer
OP13-060,2026-03-09,0.04,tcgplayer
OP13-060,2026-03-16,0.04,tcgplayer
OP13-060,2026-03-23,0.04,tcgplayer
OP13-060,2026-03-30,0.06,tcgplayer
OP13-060,2026-04-06,0.07,tcgplayer
OP13-060,2026-04-13,0.05,tcgplayer
OP13-060,2026-04-20,0.05,tcgplayer
OP13-060,2026-04-27,0.05,tcgplayer
OP13-060,2026-05-04,0.07,tcgplayer
OP13-060,2026-05-11,0.08,tcgplayer
OP13-060,2026-05-18,0.09,tcgplayer
OP13-060,2026-05-25,0.08,tcgplayer
OP13-060,2026-06-01,0.08,tcgplayer
OP13-060,2026-06-08,0.08,tcgplayer
OP13-060,2026-06-15,0.07,tcgplayer
OP13-060,2026-06-22,0.10,tcgplayer
OP13-060,2026-06-29,0.10,tcgplayer
OP13-060,2026-07-06,0.11,tcgplayer
OP13-060,2026-07-13,0.08,tcgplayer
OP13-060,2026-07-20,0.07,tcgplayer
OP13-060,2026-07-27,0.06,tcgplayer
OP13-060,2026-08-03,0.06,tcgplayer
OP13-060,2026-08-10,0.06,tcgplayer
OP13-060,2026-08-17,0.08,tcgplayer
OP13-060,2026-08-24,0.08,tcgplayer
OP13-060,2026-08-31,0.07,tcgplayer
OP13-060,2026-09-05,0.08,limitless
OP13-061,2025-10-27,0.81,tcgplayer
OP13-061,2025-11-03,0.13,tcgplayer
OP13-061,2025-11-10,0.09,tcgplayer
OP13-061,2025-11-17,0.13,tcgplayer
OP13-061,2025-11-24,0.08,tcgplayer
OP13-061,2025-12-01,0.11,tcgplayer
OP13-061,2025-12-08,0.07,tcgplayer
OP13-061,2025-12-15,0.09,tcgplayer
OP13-061,2025-12-22,0.08,tcgplayer
OP13-061,2025-12-29,0.08,tcgplayer
OP13-061,2026-01-05,0.09,tcgplayer
OP13-061,2026-01-12,0.07,tcgplayer
OP13-061,2026-01-19,0.08,tcgplayer
OP13-061,2026-01-26,0.08,tcgplayer
OP13-061,2026-02-02,0.05,tcgplayer
OP13-061,2026-02-09,0.06,tcgplayer
OP13-061,2026-02-16,0.06,tcgplayer
OP13-061,2026-02-23,0.08,tcgplayer
OP13-061,2026-03-02,0.08,tcgplayer
OP13-061,2026-03-09,0.08,tcgplayer
OP13-061,2026-03-16,0.06,tcgplayer
OP13-061,2026-03-23,0.06,tcgplayer
OP13-061,2026-03-30,0.06,tcgplayer
OP13-061,2026-04-06,0.05,tcgplayer
OP13-061,2026-04-13,0.07,tcgplayer
OP13-061,2026-04-20,0.08,tcgplayer
OP13-061,2026-04-27,0.09,tcgplayer
OP13-061,2026-05-04,0.05,tcgplayer
OP13-061,2026-05-11,0.07,tcgplayer
OP13-061,2026-05-18,0.10,tcgplayer
OP13-061,2026-05-25,0.09,tcgplayer
OP13-061,2026-06-01,0.08,tcgplayer
OP13-061,2026-06-08,0.10,tcgplayer
OP13-061,2026-06-15,0.08,tcgplayer
OP13-061,2026-06-22,0.09,tcgplayer
OP13-061,2026-06-29,0.09,tcgplayer
OP13-061,2026-07-06,0.09,tcgplayer
OP13-061,2026-07-13,0.06,tcgplayer
OP13-061,2026-07-20,0.06,tcgplayer
OP13-061,2026-07-27,0.07,tcgplayer
OP13-061,2026-08-03,0.09,tcgplayer
OP13-061,2026-08-10,0.08,tcgplayer
OP13-061,2026-08-17,0.06,tcgplayer
OP13-061,2026-08-24,0.07,tcgplayer
OP13-061,2026-08-31,0.09,tcgplayer
OP13-061,2026-09-05,0.09,limitless
OP13-062,2025-10-27,0.11,tcgplayer
OP13-062,2025-11-03,0.10,tcgplayer
OP13-062,2025-11-10,0.09,tcgplayer
OP13-062,2025-11-17,0.07,tcgplayer
OP13-062,2025-11-24,0.09,tcgplayer
OP13-062,2025-12-01,0.07,tcgplayer
OP13-062,2025-12-08,0.09,tcgplayer
OP13-062,2025-12-15,0.06,tcgplayer
OP13-062,2025-12-22,0.05,tcgplayer
OP13-062,2025-12-29,0.09,tcgplayer
OP13-062,2026-01-05,0.08,tcgplayer
OP13-062,2026-01-12,0.07,tcgplayer
OP13-062,2026-01-19,0.08,tcgplayer
OP13-062,2026-01-26,0.07,tcgplayer
OP13-062,2026-02-02,0.06,tcgplayer
OP13-062,2026-02-09,0.07,tcgplayer
OP13-062,2026-02-16,0.07,tcgplayer
OP13-062,2026-02-23,0.07,tcgplayer
OP13-062,2026-03-02,0.05,tcgplayer
OP13-062,2026-03-09,0.06,tcgplayer
OP13-062,2026-03-16,0.08,tcgplayer
OP13-062,2026-03-23,0.08,tcgplayer
OP13-062,2026-03-30,0.06,tcgplayer
OP13-062,2026-04-06,0.06,tcgplayer
OP13-062,2026-04-13,0.06,tcgplayer
OP13-062,2026-04-20,0.06,tcgplayer
OP13-062,2026-04-27,0.08,tcgplayer
OP13-062,2026-05-04,0.11,tcgplayer
OP13-062,2026-05-11,0.09,tcgplayer
OP13-062,2026-05-18,0.11,tcgplayer
OP13-062,2026-05-25,0.10,tcgplayer
OP13-062,2026-06-01,0.09,tcgplayer
OP13-062,2026-06-08,0.11,tcgplayer
OP13-062,2026-06-15,0.11,tcgplayer
OP13-062,2026-06-22,0.10,tcgplayer
OP13-062,2026-06-29,0.11,tcgplayer
OP13-062,2026-07-06,0.09,tcgplayer
OP13-062,2026-07-13,0.08,tcgplayer
OP13-062,2026-07-20,0.05,tcgplayer
OP13-062,2026-07-27,0.05,tcgplayer
OP13-062,2026-08-03,0.07,tcgplayer
OP13-062,2026-08-10,0.07,tcgplayer
OP13-062,2026-08-17,0.07,tcgplayer
OP13-062,2026-08-24,0.06,tcgplayer
OP13-062,2026-08-31,0.06,tcgplayer
OP13-062,2026-09-05,0.06,limitless
OP13-063,2025-10-20,0.49,tcgplayer
OP13-063,2025-10-27,0.46,tcgplayer
OP13-063,2025-11-03,0.22,tcgplayer
OP13-063,2025-11-10,0.17,tcgplayer
OP13-063,2025-11-17,0.14,tcgplayer
OP13-063,2025-11-24,0.12,tcgplayer
OP13-063,2025-12-01,0.15,tcgplayer
OP13-063,2025-12-08,0.13,tcgplayer
OP13-063,2025-12-15,0.17,tcgplayer
OP13-063,2025-12-22,0.10,tcgplayer
OP13-063,2025-12-29,0.16,tcgplayer
OP13-063,2026-01-05,0.14,tcgplayer
OP13-063,2026-01-12,0.14,tcgplayer
OP13-063,2026-01-19,0.12,tcgplayer
OP13-063,2026-01-26,0.18,tcgplayer
OP13-063,2026-02-02,0.13,tcgplayer
OP13-063,2026-02-09,0.11,tcgplayer
OP13-063,2026-02-16,0.10,tcgplayer
OP13-063,2026-02-23,0.14,tcgplayer
OP13-063,2026-03-02,0.10,tcgplayer
OP13-063,2026-03-09,0.11,tcgplayer
OP13-063,2026-03-16,0.12,tcgplayer
OP13-063,2026-03-23,0.13,tcgplayer
OP13-063,2026-03-30,0.15,tcgplayer
OP13-063,2026-04-06,0.12,tcgplayer
OP13-063,2026-04-13,0.09,tcgplayer
OP13-063,2026-04-20,0.13,tcgplayer
OP13-063,2026-04-27,0.11,tcgplayer
OP13-063,2026-05-04,0.12,tcgplayer
OP13-063,2026-05-11,0.13,tcgplayer
OP13-063,2026-05-18,0.13,tcgplayer
OP13-063,2026-05-25,0.13,tcgplayer
OP13-063,2026-06-01,0.11,tcgplayer
OP13-063,2026-06-08,0.10,tcgplayer
OP13-063,2026-06-15,0.13,tcgplayer
OP13-063,2026-06-22,0.13,tcgplayer
OP13-063,2026-06-29,0.12,tcgplayer
OP13-063,2026-07-06,0.14,tcgplayer
OP13-063,2026-07-13,0.11,tcgplayer
OP13-063,2026-07-20,0.16,tcgplayer
OP13-063,2026-07-27,0.13,tcgplayer
OP13-063,2026-08-03,0.11,tcgplayer
OP13-063,2026-08-10,0.13,tcgplayer
OP13-063,2026-08-17,0.15,tcgplayer
OP13-063,2026-08-24,0.18,tcgplayer
OP13-063,2026-08-31,0.15,tcgplayer
OP13-063,2026-09-05,0.14,limitless
OP13-064,2025-10-27,0.89,tcgplayer
OP13-064,2025-11-03,0.36,tcgplayer
OP13-064,2025-11-10,0.42,tcgplayer
OP13-064,2025-11-17,0.26,tcgplayer
OP13-064,2025-11-24,0.28,tcgplayer
OP13-064,2025-12-01,0.34,tcgplayer
OP13-064,2025-12-08,0.40,tcgplayer
OP13-064,2025-12-15,0.30,tcgplayer
OP13-064,2025-12-22,0.27,tcgplayer
OP13-064,2025-12-29,0.34,tcgplayer
OP13-064,2026-01-05,0.39,tcgplayer
OP13-064,2026-01-12,0.29,tcgplayer
OP13-064,2026-01-19,0.33,tcgplayer
OP13-064,2026-01-26,0.49,tcgplayer
OP13-064,2026-02-02,0.39,tcgplayer
OP13-064,2026-02-09,0.36,tcgplayer
OP13-064,2026-02-16,0.49,tcgplayer
OP13-064,2026-02-23,0.37,tcgplayer
OP13-064,2026-03-02,0.29,tcgplayer
OP13-064,2026-03-09,0.30,tcgplayer
OP13-064,2026-03-16,0.32,tcgplayer
OP13-064,2026-03-23,0.27,tcgplayer
OP13-064,2026-03-30,0.31,tcgplayer
OP13-064,2026-04-06,0.29,tcgplayer
OP13-064,2026-04-13,0.28,tcgplayer
OP13-064,2026-04-20,0.39,tcgplayer
OP13-064,2026-04-27,0.36,tcgplayer
OP13-064,2026-05-04,0.27,tcgplayer
OP13-064,2026-05-11,0.31,tcgplayer
OP13-064,2026-05-18,0.38,tcgplayer
OP13-064,2026-05-25,0.45,tcgplayer
OP13-064,2026-06-01,0.40,tcgplayer
OP13-064,2026-06-08,0.32,tcgplayer
OP13-064,2026-06-15,0.42,tcgplayer
OP13-064,2026-06-22,0.32,tcgplayer
OP13-064,2026-06-29,0.33,tcgplayer
OP13-064,2026-07-06,0.28,tcgplayer
OP13-064,2026-07-13,0.34,tcgplayer
OP13-064,2026-07-20,0.29,tcgplayer
OP13-064,2026-07-27,0.26,tcgplayer
OP13-064,2026-08-03,0.33,tcgplayer
OP13-064,2026-08-10,0.33,tcgplayer
OP13-064,2026-08-17,0.33,tcgplayer
OP13-064,2026-08-24,0.31,tcgplayer
OP13-064,2026-08-31,0.31,tcgplayer
OP13-064,2026-09-05,0.36,limitless
OP13-064p1,2025-10-27,38.61,tcgplayer
OP13-064p1,2025-11-03,16.56,tcgplayer
OP13-064p1,2025-11-10,17.19,tcgplayer
OP13-064p1,2025-11-17,13.68,tcgplayer
OP13-064p1,2025-11-24,13.96,tcgplayer
OP13-064p1,2025-12-01,14.07,tcgplayer
OP13-064p1,2025-12-08,18.74,tcgplayer
OP13-064p1,2025-12-15,17.41,tcgplayer
OP13-064p1,2025-12-22,21.18,tcgplayer
OP13-064p1,2025-12-29,25.89,tcgplayer
OP13-064p1,2026-01-05,28.08,tcgplayer
OP13-064p1,2026-01-12,26.08,tcgplayer
OP13-064p1,2026-01-19,34.55,tcgplayer
OP13-064p1,2026-01-26,40.89,tcgplayer
OP13-064p1,2026-02-02,37.55,tcgplayer
OP13-064p1,2026-02-09,29.22,tcgplayer
OP13-064p1,2026-02-16,27.58,tcgplayer
OP13-064p1,2026-02-23,20.46,tcgplayer
OP13-064p1,2026-03-02,18.78,tcgplayer
OP13-064p1,2026-03-09,17.59,tcgplayer
OP13-064p1,2026-03-16,17.69,tcgplayer
OP13-064p1,2026-03-23,17.22,tcgplayer
OP13-064p1,2026-03-30,15.13,tcgplayer
OP13-064p1,2026-04-06,15.11,tcgplayer
OP13-064p1,2026-04-13,14.39,tcgplayer
OP13-064p1,2026-04-20,14.95,tcgplayer
OP13-064p1,2026-04-27,15.52,tcgplayer
OP13-064p1,2026-05-04,16.68,tcgplayer
OP13-064p1,2026-05-11,17.08,tcgplayer
OP13-064p1,2026-05-18,17.52,tcgplayer
OP13-064p1,2026-05-25,17.21,tcgplayer
OP13-064p1,2026-06-01,16.11,tcgplayer
OP13-064p1,2026-06-08,16.65,tcgplayer
OP13-064p1,2026-06-15,15.71,tcgplayer
OP13-064p1,2026-06-22,17.88,tcgplayer
OP13-064p1,2026-06-29,17.95,tcgplayer
OP13-064p1,2026-07-06,17.90,tcgplayer
OP13-064p1,2026-07-13,17.22,tcgplayer
OP13-064p1,2026-07-20,16.71,tcgplayer
OP13-064p1,2026-07-27,15.47,tcgplayer
OP13-064p1,2026-08-03,14.42,tcgplayer
OP13-064p1,2026-08-10,13.85,tcgplayer
OP13-064p1,2026-08-17,13.41,tcgplayer
OP13-064p1,2026-08-24,12.77,tcgplayer
OP13-064p1,2026-08-31,12.80,tcgplayer
OP13-064p1,2026-09-05,12.80,limitless
OP13-065,2025-10-27,0.48,tcgplayer
OP13-065,2025-11-03,0.20,tcgplayer
OP13-065,2025-11-10,0.21,tcgplayer
OP13-065,2025-11-17,0.18,tcgplayer
OP13-065,2025-11-24,0.14,tcgplayer
OP13-065,2025-12-01,0.10,tcgplayer
OP13-065,2025-12-08,0.11,tcgplayer
OP13-065,2025-12-15,0.11,tcgplayer
OP13-065,2025-12-22,0.15,tcgplayer
OP13-065,2025-12-29,0.17,tcgplayer
OP13-065,2026-01-05,0.11,tcgplayer
OP13-065,2026-01-12,0.12,tcgplayer
OP13-065,2026-01-19,0.18,tcgplayer
OP13-065,2026-01-26,0.15,tcgplayer
OP13-065,2026-02-02,0.17,tcgplayer
OP13-065,2026-02-09,0.16,tcgplayer
OP13-065,2026-02-16,0.14,tcgplayer
OP13-065,2026-02-23,0.14,tcgplayer
OP13-065,2026-03-02,0.13,tcgplayer
OP13-065,2026-03-09,0.14,tcgplayer
OP13-065,2026-03-16,0.12,tcgplayer
OP13-065,2026-03-23,0.15,tcgplayer
OP13-065,2026-03-30,0.12,tcgplayer
OP13-065,2026-04-06,0.17,tcgplayer
OP13-065,2026-04-13,0.12,tcgplayer
OP13-065,2026-04-20,0.14,tcgplayer
OP13-065,2026-04-27,0.14,tcgplayer
OP13-065,2026-05-04,0.15,tcgplayer
OP13-065,2026-05-11,0.17,tcgplayer
OP13-065,2026-05-18,0.15,tcgplayer
OP13-065,2026-05-25,0.18,tcgplayer
OP13-065,2026-06-01,0.16,tcgplayer
OP13-065,2026-06-08,0.21,tcgplayer
OP13-065,2026-06-15,0.11,tcgplayer
OP13-065,2026-06-22,0.13,tcgplayer
OP13-065,2026-06-29,0.16,tcgplayer
OP13-065,2026-07-06,0.13,tcgplayer
OP13-065,2026-07-13,0.12,tcgplayer
OP13-065,2026-07-20,0.14,tcgplayer
OP13-065,2026-07-27,0.17,tcgplayer
OP13-065,2026-08-03,0.15,tcgplayer
OP13-065,2026-08-10,0.17,tcgplayer
OP13-065,2026-08-17,0.14,tcgplayer
OP13-065,2026-08-24,0.14,tcgplayer
OP13-065,2026-08-31,0.13,tcgplayer
OP13-065,2026-09-05,0.13,limitless
OP13-065p1,2025-10-27,27.71,tcgplayer
OP13-065p1,2025-11-03,15.72,tcgplayer
OP13-065p1,2025-11-10,14.63,tcgplayer
OP13-065p1,2025-11-17,13.56,tcgplayer
OP13-065p1,2025-11-24,13.77,tcgplayer
OP13-065p1,2025-12-01,13.78,tcgplayer
OP13-065p1,2025-12-08,13.07,tcgplayer
OP13-065p1,2025-12-15,13.32,tcgplayer
OP13-065p1,2025-12-22,13.79,tcgplayer
OP13-065p1,2025-12-29,14.91,tcgplayer
OP13-065p1,2026-01-05,14.54,tcgplayer
OP13-065p1,2026-01-12,14.22,tcgplayer
OP13-065p1,2026-01-19,14.08,tcgplayer
OP13-065p1,2026-01-26,14.93,tcgplayer
OP13-065p1,2026-02-02,13.75,tcgplayer
OP13-065p1,2026-02-09,12.73,tcgplayer
OP13-065p1,2026-02-16,10.87,tcgplayer
OP13-065p1,2026-02-23,9.52,tcgplayer
OP13-065p1,2026-03-02,9.25,tcgplayer
OP13-065p1,2026-03-09,9.00,tcgplayer
OP13-065p1,2026-03-16,9.65,tcgplayer
OP13-065p1,2026-03-23,9.72,tcgplayer
OP13-065p1,2026-03-30,10.91,tcgplayer
OP13-065p1,2026-04-06,9.64,tcgplayer
OP13-065p1,2026-04-13,9.43,tcgplayer
OP13-065p1,2026-04-20,9.20,tcgplayer
OP13-065p1,2026-04-27,11.48,tcgplayer
OP13-065p1,2026-05-04,12.80,tcgplayer
OP13-065p1,2026-05-11,12.16,tcgplayer
OP13-065p1,2026-05-18,12.29,tcgplayer
OP13-065p1,2026-05-25,12.61,tcgplayer
OP13-065p1,2026-06-01,12.51,tcgplayer
OP13-065p1,2026-06-08,10.78,tcgplayer
OP13-065p1,2026-06-15,10.23,tcgplayer
OP13-065p1,2026-06-22,10.05,tcgplayer
OP13-065p1,2026-06-29,10.34,tcgplayer
OP13-065p1,2026-07-06,9.98,tcgplayer
OP13-065p1,2026-07-13,10.09,tcgplayer
OP13-065p1,2026-07-20,9.63,tcgplayer
OP13-065p1,2026-07-27,9.27,tcgplayer
OP13-065p1,2026-08-03,9.32,tcgplayer
OP13-065p1,2026-08-10,8.33,tcgplayer
OP13-065p1,2026-08-17,8.28,tcgplayer
OP13-065p1,2026-08-24,8.27,tcgplayer
OP13-065p1,2026-08-31,8.07,tcgplayer
OP13-065p1,2026-09-05,8.07,limitless
OP13-066,2025-10-27,3.82,tcgplayer
OP13-066,2025-11-03,1.44,tcgplayer
OP13-066,2025-11-10,1.37,tcgplayer
OP13-066,2025-11-17,0.93,tcgplayer
OP13-066,2025-11-24,0.87,tcgplayer
OP13-066,2025-12-01,0.78,tcgplayer
OP13-066,2025-12-08,0.74,tcgplayer
OP13-066,2025-12-15,0.71,tcgplayer
OP13-066,2025-12-22,0.66,tcgplayer
OP13-066,2025-12-29,0.61,tcgplayer
OP13-066,2026-01-05,0.59,tcgplayer
OP13-066,2026-01-12,0.62,tcgplayer
OP13-066,2026-01-19,0.71,tcgplayer
OP13-066,2026-01-26,0.48,tcgplayer
OP13-066,2026-02-02,0.46,tcgplayer
OP13-066,2026-02-09,0.48,tcgplayer
OP13-066,2026-02-16,0.35,tcgplayer
OP13-066,2026-02-23,0.42,tcgplayer
OP13-066,2026-03-02,0.42,tcgplayer
OP13-066,2026-03-09,0.42,tcgplayer
OP13-066,2026-03-16,0.36,tcgplayer
OP13-066,2026-03-23,0.35,tcgplayer
OP13-066,2026-03-30,0.37,tcgplayer
OP13-066,2026-04-06,0.38,tcgplayer
OP13-066,2026-04-13,0.35,tcgplayer
OP13-066,2026-04-20,0.37,tcgplayer
OP13-066,2026-04-27,0.38,tcgplayer
OP13-066,2026-05-04,0.35,tcgplayer
OP13-066,2026-05-11,0.40,tcgplayer
OP13-066,2026-05-18,0.47,tcgplayer
OP13-066,2026-05-25,0.36,tcgplayer
OP13-066,2026-06-01,0.36,tcgplayer
OP13-066,2026-06-08,0.29,tcgplayer
OP13-066,2026-06-15,0.42,tcgplayer
OP13-066,2026-06-22,0.30,tcgplayer
OP13-066,2026-06-29,0.36,tcgplayer
OP13-066,2026-07-06,0.22,tcgplayer
OP13-066,2026-07-13,0.29,tcgplayer
OP13-066,2026-07-20,0.24,tcgplayer
OP13-066,2026-07-27,0.24,tcgplayer
OP13-066,2026-08-03,0.28,tcgplayer
OP13-066,2026-08-10,0.33,tcgplayer
OP13-066,2026-08-17,0.36,tcgplayer
OP13-066,2026-08-24,0.22,tcgplayer
OP13-066,2026-08-31,0.26,tcgplayer
OP13-066,2026-09-05,0.26,limitless
OP13-066p1,2025-10-27,25.55,tcgplayer
OP13-066p1,2025-11-03,18.07,tcgplayer
OP13-066p1,2025-11-10,19.90,tcgplayer
OP13-066p1,2025-11-17,18.08,tcgplayer
OP13-066p1,2025-11-24,16.47,tcgplayer
OP13-066p1,2025-12-01,16.26,tcgplayer
OP13-066p1,2025-12-08,16.08,tcgplayer
OP13-066p1,2025-12-15,14.45,tcgplayer
OP13-066p1,2025-12-22,13.30,tcgplayer
OP13-066p1,2025-12-29,12.33,tcgplayer
OP13-066p1,2026-01-05,13.90,tcgplayer
OP13-066p1,2026-01-12,13.87,tcgplayer
OP13-066p1,2026-01-19,10.97,tcgplayer
OP13-066p1,2026-01-26,10.92,tcgplayer
OP13-066p1,2026-02-02,11.13,tcgplayer
OP13-066p1,2026-02-09,10.16,tcgplayer
OP13-066p1,2026-02-16,8.77,tcgplayer
OP13-066p1,2026-02-23,6.47,tcgplayer
OP13-066p1,2026-03-02,7.41,tcgplayer
OP13-066p1,2026-03-09,7.17,tcgplayer
OP13-066p1,2026-03-16,7.29,tcgplayer
OP13-066p1,2026-03-23,6.97,tcgplayer
OP13-066p1,2026-03-30,6.89,tcgplayer
OP13-066p1,2026-04-06,7.03,tcgplayer
OP13-066p1,2026-04-13,6.73,tcgplayer
OP13-066p1,2026-04-20,5.66,tcgplayer
OP13-066p1,2026-04-27,6.83,tcgplayer
OP13-066p1,2026-05-04,5.66,tcgplayer
OP13-066p1,2026-05-11,5.70,tcgplayer
OP13-066p1,2026-05-18,5.99,tcgplayer
OP13-066p1,2026-05-25,5.31,tcgplayer
OP13-066p1,2026-06-01,5.15,tcgplayer
OP13-066p1,2026-06-08,5.38,tcgplayer
OP13-066p1,2026-06-15,5.16,tcgplayer
OP13-066p1,2026-06-22,4.52,tcgplayer
OP13-066p1,2026-06-29,4.40,tcgplayer
OP13-066p1,2026-07-06,4.77,tcgplayer
OP13-066p1,2026-07-13,4.37,tcgplayer
OP13-066p1,2026-07-20,4.43,tcgplayer
OP13-066p1,2026-07-27,3.87,tcgplayer
OP13-066p1,2026-08-03,3.99,tcgplayer
OP13-066p1,2026-08-10,3.96,tcgplayer
OP13-066p1,2026-08-17,3.70,tcgplayer
OP13-066p1,2026-08-24,3.64,tcgplayer
OP13-066p1,2026-08-31,3.69,tcgplayer
OP13-066p1,2026-09-05,3.69,limitless
OP13-067,2025-10-20,2.99,tcgplayer
OP13-067,2025-10-27,0.51,tcgplayer
OP13-067,2025-11-03,0.20,tcgplayer
OP13-067,2025-11-10,0.17,tcgplayer
OP13-067,2025-11-17,0.17,tcgplayer
OP13-067,2025-11-24,0.11,tcgplayer
OP13-067,2025-12-01,0.12,tcgplayer
OP13-067,2025-12-08,0.10,tcgplayer
OP13-067,2025-12-15,0.08,tcgplayer
OP13-067,2025-12-22,0.11,tcgplayer
OP13-067,2025-12-29,0.13,tcgplayer
OP13-067,2026-01-05,0.13,tcgplayer
OP13-067,2026-01-12,0.11,tcgplayer
OP13-067,2026-01-19,0.12,tcgplayer
OP13-067,2026-01-26,0.13,tcgplayer
OP13-067,2026-02-02,0.12,tcgplayer
OP13-067,2026-02-09,0.11,tcgplayer
OP13-067,2026-02-16,0.13,tcgplayer
OP13-067,2026-02-23,0.12,tcgplayer
OP13-067,2026-03-02,0.10,tcgplayer
OP13-067,2026-03-09,0.10,tcgplayer
OP13-067,2026-03-16,0.10,tcgplayer
OP13-067,2026-03-23,0.11,tcgplayer
OP13-067,2026-03-30,0.10,tcgplayer
OP13-067,2026-04-06,0.15,tcgplayer
OP13-067,2026-04-13,0.10,tcgplayer
OP13-067,2026-04-20,0.11,tcgplayer
OP13-067,2026-04-27,0.11,tcgplayer
OP13-067,2026-05-04,0.14,tcgplayer
OP13-067,2026-05-11,0.14,tcgplayer
OP13-067,2026-05-18,0.13,tcgplayer
OP13-067,2026-05-25,0.14,tcgplayer
OP13-067,2026-06-01,0.19,tcgplayer
OP13-067,2026-06-08,0.15,tcgplayer
OP13-067,2026-06-15,0.12,tcgplayer
OP13-067,2026-06-22,0.09,tcgplayer
OP13-067,2026-06-29,0.12,tcgplayer
OP13-067,2026-07-06,0.10,tcgplayer
OP13-067,2026-07-13,0.12,tcgplayer
OP13-067,2026-07-20,0.10,tcgplayer
OP13-067,2026-07-27,0.14,tcgplayer
OP13-067,2026-08-03,0.09,tcgplayer
OP13-067,2026-08-10,0.13,tcgplayer
OP13-067,2026-08-17,0.14,tcgplayer
OP13-067,2026-08-24,0.15,tcgplayer
OP13-067,2026-08-31,0.12,tcgplayer
OP13-067,2026-09-05,0.13,limitless
OP13-068,2025-10-27,0.71,tcgplayer
OP13-068,2025-11-03,0.20,tcgplayer
OP13-068,2025-11-10,0.12,tcgplayer
OP13-068,2025-11-17,0.13,tcgplayer
OP13-068,2025-11-24,0.09,tcgplayer
OP13-068,2025-12-01,0.12,tcgplayer
OP13-068,2025-12-08,0.08,tcgplayer
OP13-068,2025-12-15,0.07,tcgplayer
OP13-068,2025-12-22,0.08,tcgplayer
OP13-068,2025-12-29,0.07,tcgplayer
OP13-068,2026-01-05,0.09,tcgplayer
OP13-068,2026-01-12,0.08,tcgplayer
OP13-068,2026-01-19,0.07,tcgplayer
OP13-068,2026-01-26,0.09,tcgplayer
OP13-068,2026-02-02,0.06,tcgplayer
OP13-068,2026-02-09,0.10,tcgplayer
OP13-068,2026-02-16,0.07,tcgplayer
OP13-068,2026-02-23,0.07,tcgplayer
OP13-068,2026-03-02,0.09,tcgplayer
OP13-068,2026-03-09,0.07,tcgplayer
OP13-068,2026-03-16,0.06,tcgplayer
OP13-068,2026-03-23,0.06,tcgplayer
OP13-068,2026-03-30,0.05,tcgplayer
OP13-068,2026-04-06,0.07,tcgplayer
OP13-068,2026-04-13,0.06,tcgplayer
OP13-068,2026-04-20,0.06,tcgplayer
OP13-068,2026-04-27,0.06,tcgplayer
OP13-068,2026-05-04,0.09,tcgplayer
OP13-068,2026-05-11,0.07,tcgplayer
OP13-068,2026-05-18,0.12,tcgplayer
OP13-068,2026-05-25,0.09,tcgplayer
OP13-068,2026-06-01,0.08,tcgplayer
OP13-068,2026-06-08,0.08,tcgplayer
OP13-068,2026-06-15,0.07,tcgplayer
OP13-068,2026-06-22,0.09,tcgplayer
OP13-068,2026-06-29,0.11,tcgplayer
OP13-068,2026-07-06,0.08,tcgplayer
OP13-068,2026-07-13,0.06,tcgplayer
OP13-068,2026-07-20,0.06,tcgplayer
OP13-068,2026-07-27,0.04,tcgplayer
OP13-068,2026-08-03,0.05,tcgplayer
OP13-068,2026-08-10,0.07,tcgplayer
OP13-068,2026-08-17,0.09,tcgplayer
OP13-068,2026-08-24,0.07,tcgplayer
OP13-068,2026-08-31,0.06,tcgplayer
OP13-068,2026-09-05,0.06,limitless
OP13-069,2025-10-27,0.23,tcgplayer
OP13-069,2025-11-03,0.06,tcgplayer
OP13-069,2025-11-10,0.03,tcgplayer
OP13-069,2025-11-17,0.03,tcgplayer
OP13-069,2025-11-24,0.02,tcgplayer
OP13-069,2025-12-01,0.02,tcgplayer
OP13-069,2025-12-08,0.02,tcgplayer
OP13-069,2025-12-15,0.03,tcgplayer
OP13-069,2025-12-22,0.03,tcgplayer
OP13-069,2025-12-29,0.03,tcgplayer
OP13-069,2026-01-05,0.03,tcgplayer
OP13-069,2026-01-12,0.02,tcgplayer
OP13-069,2026-01-19,0.03,tcgplayer
OP13-069,2026-01-26,0.03,tcgplayer
OP13-069,2026-02-02,0.02,tcgplayer
OP13-069,2026-02-09,0.02,tcgplayer
OP13-069,2026-02-16,0.02,tcgplayer
OP13-069,2026-02-23,0.02,tcgplayer
OP13-069,2026-03-02,0.02,tcgplayer
OP13-069,2026-03-09,0.02,tcgplayer
OP13-069,2026-03-16,0.02,tcgplayer
OP13-069,2026-03-23,0.02,tcgplayer
OP13-069,2026-03-30,0.02,tcgplayer
OP13-069,2026-04-06,0.02,tcgplayer
OP13-069,2026-04-13,0.02,tcgplayer
OP13-069,2026-04-20,0.03,tcgplayer
OP13-069,2026-04-27,0.03,tcgplayer
OP13-069,2026-05-04,0.04,tcgplayer
OP13-069,2026-05-11,0.04,tcgplayer
OP13-069,2026-05-18,0.04,tcgplayer
OP13-069,2026-05-25,0.04,tcgplayer
OP13-069,2026-06-01,0.05,tcgplayer
OP13-069,2026-06-08,0.05,tcgplayer
OP13-069,2026-06-15,0.05,tcgplayer
OP13-069,2026-06-22,0.05,tcgplayer
OP13-069,2026-06-29,0.05,tcgplayer
OP13-069,2026-07-06,0.05,tcgplayer
OP13-069,2026-07-13,0.05,tcgplayer
OP13-069,2026-07-20,0.05,tcgplayer
OP13-069,2026-07-27,0.04,tcgplayer
OP13-069,2026-08-03,0.05,tcgplayer
OP13-069,2026-08-10,0.05,tcgplayer
OP13-069,2026-08-17,0.04,tcgplayer
OP13-069,2026-08-24,0.05,tcgplayer
OP13-069,2026-08-31,0.07,tcgplayer
OP13-069,2026-09-05,0.07,limitless
OP13-070,2025-11-03,0.03,tcgplayer
OP13-070,2025-11-10,0.03,tcgplayer
OP13-070,2025-11-17,0.03,tcgplayer
OP13-070,2025-11-24,0.02,tcgplayer
OP13-070,2025-12-01,0.02,tcgplayer
OP13-070,2025-12-08,0.02,tcgplayer
OP13-070,2025-12-15,0.03,tcgplayer
OP13-070,2025-12-22,0.03,tcgplayer
OP13-070,2025-12-29,0.03,tcgplayer
OP13-070,2026-01-05,0.02,tcgplayer
OP13-070,2026-01-12,0.04,tcgplayer
OP13-070,2026-01-19,0.04,tcgplayer
OP13-070,2026-01-26,0.05,tcgplayer
OP13-070,2026-02-02,0.06,tcgplayer
OP13-070,2026-02-09,0.06,tcgplayer
OP13-070,2026-02-16,0.04,tcgplayer
OP13-070,2026-02-23,0.05,tcgplayer
OP13-070,2026-03-02,0.04,tcgplayer
OP13-070,2026-03-09,0.04,tcgplayer
OP13-070,2026-03-16,0.05,tcgplayer
OP13-070,2026-03-23,0.05,tcgplayer
OP13-070,2026-03-30,0.05,tcgplayer
OP13-070,2026-04-06,0.05,tcgplayer
OP13-070,2026-04-13,0.06,tcgplayer
OP13-070,2026-04-20,0.05,tcgplayer
OP13-070,2026-04-27,0.05,tcgplayer
OP13-070,2026-05-04,0.04,tcgplayer
OP13-070,2026-05-11,0.04,tcgplayer
OP13-070,2026-05-18,0.04,tcgplayer
OP13-070,2026-05-25,0.04,tcgplayer
OP13-070,2026-06-01,0.03,tcgplayer
OP13-070,2026-06-08,0.04,tcgplayer
OP13-070,2026-06-15,0.04,tcgplayer
OP13-070,2026-06-22,0.04,tcgplayer
OP13-070,2026-06-29,0.04,tcgplayer
OP13-070,2026-07-06,0.04,tcgplayer
OP13-070,2026-07-13,0.04,tcgplayer
OP13-070,2026-07-20,0.04,tcgplayer
OP13-070,2026-07-27,0.05,tcgplayer
OP13-070,2026-08-03,0.05,tcgplayer
OP13-070,2026-08-10,0.05,tcgplayer
OP13-070,2026-08-17,0.05,tcgplayer
OP13-070,2026-08-24,0.04,tcgplayer
OP13-070,2026-08-31,0.05,tcgplayer
OP13-070,2026-09-05,0.05,limitless
OP13-071,2025-10-27,0.69,tcgplayer
OP13-071,2025-11-03,0.15,tcgplayer
OP13-071,2025-11-10,0.17,tcgplayer
OP13-071,2025-11-17,0.12,tcgplayer
OP13-071,2025-11-24,0.09,tcgplayer
OP13-071,2025-12-01,0.12,tcgplayer
OP13-071,2025-12-08,0.10,tcgplayer
OP13-071,2025-12-15,0.11,tcgplayer
OP13-071,2025-12-22,0.09,tcgplayer
OP13-071,2025-12-29,0.10,tcgplayer
OP13-071,2026-01-05,0.11,tcgplayer
OP13-071,2026-01-12,0.10,tcgplayer
OP13-071,2026-01-19,0.10,tcgplayer
OP13-071,2026-01-26,0.08,tcgplayer
OP13-071,2026-02-02,0.07,tcgplayer
OP13-071,2026-02-09,0.08,tcgplayer
OP13-071,2026-02-16,0.12,tcgplayer
OP13-071,2026-02-23,0.13,tcgplayer
OP13-071,2026-03-02,0.08,tcgplayer
OP13-071,2026-03-09,0.07,tcgplayer
OP13-071,2026-03-16,0.10,tcgplayer
OP13-071,2026-03-23,0.10,tcgplayer
OP13-071,2026-03-30,0.07,tcgplayer
OP13-071,2026-04-06,0.06,tcgplayer
OP13-071,2026-04-13,0.06,tcgplayer
OP13-071,2026-04-20,0.11,tcgplayer
OP13-071,2026-04-27,0.08,tcgplayer
OP13-071,2026-05-04,0.08,tcgplayer
OP13-071,2026-05-11,0.08,tcgplayer
OP13-071,2026-05-18,0.12,tcgplayer
OP13-071,2026-05-25,0.16,tcgplayer
OP13-071,2026-06-01,0.12,tcgplayer
OP13-071,2026-06-08,0.11,tcgplayer
OP13-071,2026-06-15,0.09,tcgplayer
OP13-071,2026-06-22,0.10,tcgplayer
OP13-071,2026-06-29,0.09,tcgplayer
OP13-071,2026-07-06,0.09,tcgplayer
OP13-071,2026-07-13,0.09,tcgplayer
OP13-071,2026-07-20,0.10,tcgplayer
OP13-071,2026-07-27,0.10,tcgplayer
OP13-071,2026-08-03,0.10,tcgplayer
OP13-071,2026-08-10,0.10,tcgplayer
OP13-071,2026-08-17,0.12,tcgplayer
OP13-071,2026-08-24,0.13,tcgplayer
OP13-071,2026-08-31,0.11,tcgplayer
OP13-071,2026-09-05,0.11,limitless
OP13-072,2025-10-27,0.25,tcgplayer
OP13-072,2025-11-03,0.24,tcgplayer
OP13-072,2025-11-10,0.21,tcgplayer
OP13-072,2025-11-17,0.19,tcgplayer
OP13-072,2025-11-24,0.13,tcgplayer
OP13-072,2025-12-01,0.16,tcgplayer
OP13-072,2025-12-08,0.15,tcgplayer
OP13-072,2025-12-15,0.13,tcgplayer
OP13-072,2025-12-22,0.13,tcgplayer
OP13-072,2025-12-29,0.19,tcgplayer
OP13-072,2026-01-05,0.15,tcgplayer
OP13-072,2026-01-12,0.14,tcgplayer
OP13-072,2026-01-19,0.18,tcgplayer
OP13-072,2026-01-26,0.12,tcgplayer
OP13-072,2026-02-02,0.16,tcgplayer
OP13-072,2026-02-09,0.14,tcgplayer
OP13-072,2026-02-16,0.17,tcgplayer
OP13-072,2026-02-23,0.15,tcgplayer
OP13-072,2026-03-02,0.13,tcgplayer
OP13-072,2026-03-09,0.16,tcgplayer
OP13-072,2026-03-16,0.20,tcgplayer
OP13-072,2026-03-23,0.17,tcgplayer
OP13-072,2026-03-30,0.14,tcgplayer
OP13-072,2026-04-06,0.18,tcgplayer
OP13-072,2026-04-13,0.18,tcgplayer
OP13-072,2026-04-20,0.19,tcgplayer
OP13-072,2026-04-27,0.14,tcgplayer
OP13-072,2026-05-04,0.16,tcgplayer
OP13-072,2026-05-11,0.14,tcgplayer
OP13-072,2026-05-18,0.16,tcgplayer
OP13-072,2026-05-25,0.21,tcgplayer
OP13-072,2026-06-01,0.21,tcgplayer
OP13-072,2026-06-08,0.26,tcgplayer
OP13-072,2026-06-15,0.16,tcgplayer
OP13-072,2026-06-22,0.17,tcgplayer
OP13-072,2026-06-29,0.18,tcgplayer
OP13-072,2026-07-06,0.13,tcgplayer
OP13-072,2026-07-13,0.15,tcgplayer
OP13-072,2026-07-20,0.13,tcgplayer
OP13-072,2026-07-27,0.18,tcgplayer
OP13-072,2026-08-03,0.17,tcgplayer
OP13-072,2026-08-10,0.18,tcgplayer
OP13-072,2026-08-17,0.17,tcgplayer
OP13-072,2026-08-24,0.15,tcgplayer
OP13-072,2026-08-31,0.15,tcgplayer
OP13-072,2026-09-05,0.14,limitless
OP13-073,2025-11-03,0.06,tcgplayer
OP13-073,2025-11-10,0.07,tcgplayer
OP13-073,2025-11-17,0.06,tcgplayer
OP13-073,2025-11-24,0.07,tcgplayer
OP13-073,2025-12-01,0.04,tcgplayer
OP13-073,2025-12-08,0.04,tcgplayer
OP13-073,2025-12-15,0.04,tcgplayer
OP13-073,2025-12-22,0.05,tcgplayer
OP13-073,2025-12-29,0.04,tcgplayer
OP13-073,2026-01-05,0.05,tcgplayer
OP13-073,2026-01-12,0.05,tcgplayer
OP13-073,2026-01-19,0.03,tcgplayer
OP13-073,2026-01-26,0.04,tcgplayer
OP13-073,2026-02-02,0.05,tcgplayer
OP13-073,2026-02-09,0.05,tcgplayer
OP13-073,2026-02-16,0.05,tcgplayer
OP13-073,2026-02-23,0.06,tcgplayer
OP13-073,2026-03-02,0.06,tcgplayer
OP13-073,2026-03-09,0.06,tcgplayer
OP13-073,2026-03-16,0.06,tcgplayer
OP13-073,2026-03-23,0.06,tcgplayer
OP13-073,2026-03-30,0.07,tcgplayer
OP13-073,2026-04-06,0.06,tcgplayer
OP13-073,2026-04-13,0.09,tcgplayer
OP13-073,2026-04-20,0.09,tcgplayer
OP13-073,2026-04-27,0.09,tcgplayer
OP13-073,2026-05-04,0.07,tcgplayer
OP13-073,2026-05-11,0.07,tcgplayer
OP13-073,2026-05-18,0.06,tcgplayer
OP13-073,2026-05-25,0.07,tcgplayer
OP13-073,2026-06-01,0.06,tcgplayer
OP13-073,2026-06-08,0.07,tcgplayer
OP13-073,2026-06-15,0.06,tcgplayer
OP13-073,2026-06-22,0.06,tcgplayer
OP13-073,2026-06-29,0.06,tcgplayer
OP13-073,2026-07-06,0.06,tcgplayer
OP13-073,2026-07-13,0.07,tcgplayer
OP13-073,2026-07-20,0.07,tcgplayer
OP13-073,2026-07-27,0.07,tcgplayer
OP13-073,2026-08-03,0.09,tcgplayer
OP13-073,2026-08-10,0.10,tcgplayer
OP13-073,2026-08-17,0.10,tcgplayer
OP13-073,2026-08-24,0.11,tcgplayer
OP13-073,2026-08-31,0.10,tcgplayer
OP13-073,2026-09-05,0.10,limitless
OP13-074,2025-11-03,0.05,tcgplayer
OP13-074,2025-11-10,0.04,tcgplayer
OP13-074,2025-11-17,0.04,tcgplayer
OP13-074,2025-11-24,0.03,tcgplayer
OP13-074,2025-12-01,0.03,tcgplayer
OP13-074,2025-12-08,0.03,tcgplayer
OP13-074,2025-12-15,0.03,tcgplayer
OP13-074,2025-12-22,0.03,tcgplayer
OP13-074,2025-12-29,0.02,tcgplayer
OP13-074,2026-01-05,0.02,tcgplayer
OP13-074,2026-01-12,0.03,tcgplayer
OP13-074,2026-01-19,0.03,tcgplayer
OP13-074,2026-01-26,0.04,tcgplayer
OP13-074,2026-02-02,0.04,tcgplayer
OP13-074,2026-02-09,0.03,tcgplayer
OP13-074,2026-02-16,0.03,tcgplayer
OP13-074,2026-02-23,0.03,tcgplayer
OP13-074,2026-03-02,0.04,tcgplayer
OP13-074,2026-03-09,0.04,tcgplayer
OP13-074,2026-03-16,0.05,tcgplayer
OP13-074,2026-03-23,0.05,tcgplayer
OP13-074,2026-03-30,0.06,tcgplayer
OP13-074,2026-04-06,0.06,tcgplayer
OP13-074,2026-04-13,0.06,tcgplayer
OP13-074,2026-04-20,0.07,tcgplayer
OP13-074,2026-04-27,0.07,tcgplayer
OP13-074,2026-05-04,0.06,tcgplayer
OP13-074,2026-05-11,0.05,tcgplayer
OP13-074,2026-05-18,0.05,tcgplayer
OP13-074,2026-05-25,0.05,tcgplayer
OP13-074,2026-06-01,0.06,tcgplayer
OP13-074,2026-06-08,0.06,tcgplayer
OP13-074,2026-06-15,0.06,tcgplayer
OP13-074,2026-06-22,0.06,tcgplayer
OP13-074,2026-06-29,0.06,tcgplayer
OP13-074,2026-07-06,0.06,tcgplayer
OP13-074,2026-07-13,0.06,tcgplayer
OP13-074,2026-07-20,0.04,tcgplayer
OP13-074,2026-07-27,0.05,tcgplayer
OP13-074,2026-08-03,0.04,tcgplayer
OP13-074,2026-08-10,0.05,tcgplayer
OP13-074,2026-08-17,0.05,tcgplayer
OP13-074,2026-08-24,0.05,tcgplayer
OP13-074,2026-08-31,0.05,tcgplayer
OP13-074,2026-09-05,0.05,limitless
OP13-075,2025-10-27,0.68,tcgplayer
OP13-075,2025-11-03,0.21,tcgplayer
OP13-075,2025-11-10,0.16,tcgplayer
OP13-075,2025-11-17,0.20,tcgplayer
OP13-075,2025-11-24,0.16,tcgplayer
OP13-075,2025-12-01,0.19,tcgplayer
OP13-075,2025-12-08,0.13,tcgplayer
OP13-075,2025-12-15,0.12,tcgplayer
OP13-075,2025-12-22,0.11,tcgplayer
OP13-075,2025-12-29,0.14,tcgplayer
OP13-075,2026-01-05,0.11,tcgplayer
OP13-075,2026-01-12,0.09,tcgplayer
OP13-075,2026-01-19,0.11,tcgplayer
OP13-075,2026-01-26,0.12,tcgplayer
OP13-075,2026-02-02,0.14,tcgplayer
OP13-075,2026-02-09,0.13,tcgplayer
OP13-075,2026-02-16,0.11,tcgplayer
OP13-075,2026-02-23,0.13,tcgplayer
OP13-075,2026-03-02,0.10,tcgplayer
OP13-075,2026-03-09,0.12,tcgplayer
OP13-075,2026-03-16,0.10,tcgplayer
OP13-075,2026-03-23,0.12,tcgplayer
OP13-075,2026-03-30,0.15,tcgplayer
OP13-075,2026-04-06,0.11,tcgplayer
OP13-075,2026-04-13,0.10,tcgplayer
OP13-075,2026-04-20,0.10,tcgplayer
OP13-075,2026-04-27,0.09,tcgplayer
OP13-075,2026-05-04,0.11,tcgplayer
OP13-075,2026-05-11,0.11,tcgplayer
OP13-075,2026-05-18,0.15,tcgplayer
OP13-075,2026-05-25,0.15,tcgplayer
OP13-075,2026-06-01,0.16,tcgplayer
OP13-075,2026-06-08,0.13,tcgplayer
OP13-075,2026-06-15,0.14,tcgplayer
OP13-075,2026-06-22,0.18,tcgplayer
OP13-075,2026-06-29,0.13,tcgplayer
OP13-075,2026-07-06,0.11,tcgplayer
OP13-075,2026-07-13,0.11,tcgplayer
OP13-075,2026-07-20,0.11,tcgplayer
OP13-075,2026-07-27,0.13,tcgplayer
OP13-075,2026-08-03,0.11,tcgplayer
OP13-075,2026-08-10,0.13,tcgplayer
OP13-075,2026-08-17,0.14,tcgplayer
OP13-075,2026-08-24,0.11,tcgplayer
OP13-075,2026-08-31,0.11,tcgplayer
OP13-075,2026-09-05,0.11,limitless
OP13-076,2025-10-27,2.03,tcgplayer
OP13-076,2025-11-03,0.20,tcgplayer
OP13-076,2025-11-10,0.25,tcgplayer
OP13-076,2025-11-17,0.20,tcgplayer
OP13-076,2025-11-24,0.19,tcgplayer
OP13-076,2025-12-01,0.25,tcgplayer
OP13-076,2025-12-08,0.26,tcgplayer
OP13-076,2025-12-15,0.25,tcgplayer
OP13-076,2025-12-22,0.26,tcgplayer
OP13-076,2025-12-29,0.24,tcgplayer
OP13-076,2026-01-05,0.30,tcgplayer
OP13-076,2026-01-12,0.38,tcgplayer
OP13-076,2026-01-19,0.54,tcgplayer
OP13-076,2026-01-26,0.71,tcgplayer
OP13-076,2026-02-02,1.44,tcgplayer
OP13-076,2026-02-09,1.33,tcgplayer
OP13-076,2026-02-16,1.41,tcgplayer
OP13-076,2026-02-23,1.57,tcgplayer
OP13-076,2026-03-02,1.97,tcgplayer
OP13-076,2026-03-09,1.87,tcgplayer
OP13-076,2026-03-16,1.83,tcgplayer
OP13-076,2026-03-23,1.98,tcgplayer
OP13-076,2026-03-30,2.53,tcgplayer
OP13-076,2026-04-06,2.43,tcgplayer
OP13-076,2026-04-13,2.23,tcgplayer
OP13-076,2026-04-20,2.34,tcgplayer
OP13-076,2026-04-27,1.86,tcgplayer
OP13-076,2026-05-04,1.91,tcgplayer
OP13-076,2026-05-11,1.94,tcgplayer
OP13-076,2026-05-18,1.74,tcgplayer
OP13-076,2026-05-25,1.65,tcgplayer
OP13-076,2026-06-01,1.73,tcgplayer
OP13-076,2026-06-08,1.62,tcgplayer
OP13-076,2026-06-15,1.26,tcgplayer
OP13-076,2026-06-22,1.22,tcgplayer
OP13-076,2026-06-29,1.14,tcgplayer
OP13-076,2026-07-06,0.92,tcgplayer
OP13-076,2026-07-13,0.92,tcgplayer
OP13-076,2026-07-20,0.80,tcgplayer
OP13-076,2026-07-27,0.68,tcgplayer
OP13-076,2026-08-03,0.79,tcgplayer
OP13-076,2026-08-10,1.01,tcgplayer
OP13-076,2026-08-17,1.34,tcgplayer
OP13-076,2026-08-24,1.08,tcgplayer
OP13-076,2026-08-31,0.97,tcgplayer
OP13-076,2026-09-05,0.99,limitless
OP13-076p1,2025-10-27,87.50,tcgplayer
OP13-076p1,2025-11-03,69.71,tcgplayer
OP13-076p1,2025-11-10,61.43,tcgplayer
OP13-076p1,2025-11-17,55.55,tcgplayer
OP13-076p1,2025-11-24,65.40,tcgplayer
OP13-076p1,2025-12-01,81.01,tcgplayer
OP13-076p1,2025-12-08,81.10,tcgplayer
OP13-076p1,2025-12-15,75.21,tcgplayer
OP13-076p1,2025-12-22,74.57,tcgplayer
OP13-076p1,2025-12-29,80.01,tcgplayer
OP13-076p1,2026-01-05,107.25,tcgplayer
OP13-076p1,2026-01-12,159.40,tcgplayer
OP13-076p1,2026-01-19,176.29,tcgplayer
OP13-076p1,2026-01-26,151.63,tcgplayer
OP13-076p1,2026-02-02,142.40,tcgplayer
OP13-076p1,2026-02-09,126.91,tcgplayer
OP13-076p1,2026-02-16,112.61,tcgplayer
OP13-076p1,2026-02-23,98.03,tcgplayer
OP13-076p1,2026-03-02,123.71,tcgplayer
OP13-076p1,2026-03-09,142.21,tcgplayer
OP13-076p1,2026-03-16,147.27,tcgplayer
OP13-076p1,2026-03-23,148.22,tcgplayer
OP13-076p1,2026-03-30,145.81,tcgplayer
OP13-076p1,2026-04-06,142.02,tcgplayer
OP13-076p1,2026-04-13,130.59,tcgplayer
OP13-076p1,2026-04-20,122.38,tcgplayer
OP13-076p1,2026-04-27,113.17,tcgplayer
OP13-076p1,2026-05-04,104.17,tcgplayer
OP13-076p1,2026-05-11,105.68,tcgplayer
OP13-076p1,2026-05-18,104.85,tcgplayer
OP13-076p1,2026-05-25,98.88,tcgplayer
OP13-076p1,2026-06-01,96.55,tcgplayer
OP13-076p1,2026-06-08,92.54,tcgplayer
OP13-076p1,2026-06-15,92.99,tcgplayer
OP13-076p1,2026-06-22,91.94,tcgplayer
OP13-076p1,2026-06-29,91.51,tcgplayer
OP13-076p1,2026-07-06,89.39,tcgplayer
OP13-076p1,2026-07-13,87.71,tcgplayer
OP13-076p1,2026-07-20,86.82,tcgplayer
OP13-076p1,2026-07-27,86.13,tcgplayer
OP13-076p1,2026-08-03,85.40,tcgplayer
OP13-076p1,2026-08-10,82.85,tcgplayer
OP13-076p1,2026-08-17,79.34,tcgplayer
OP13-076p1,2026-08-24,78.74,tcgplayer
OP13-076p1,2026-08-31,79.12,tcgplayer
OP13-076p1,2026-09-05,79.05,limitless
OP13-077,2025-10-27,0.12,tcgplayer
OP13-077,2025-11-03,0.08,tcgplayer
OP13-077,2025-11-10,0.06,tcgplayer
OP13-077,2025-11-17,0.06,tcgplayer
OP13-077,2025-11-24,0.06,tcgplayer
OP13-077,2025-12-01,0.05,tcgplayer
OP13-077,2025-12-08,0.07,tcgplayer
OP13-077,2025-12-15,0.10,tcgplayer
OP13-077,2025-12-22,0.06,tcgplayer
OP13-077,2025-12-29,0.04,tcgplayer
OP13-077,2026-01-05,0.06,tcgplayer
OP13-077,2026-01-12,0.06,tcgplayer
OP13-077,2026-01-19,0.05,tcgplayer
OP13-077,2026-01-26,0.05,tcgplayer
OP13-077,2026-02-02,0.07,tcgplayer
OP13-077,2026-02-09,0.06,tcgplayer
OP13-077,2026-02-16,0.05,tcgplayer
OP13-077,2026-02-23,0.06,tcgplayer
OP13-077,2026-03-02,0.07,tcgplayer
OP13-077,2026-03-09,0.07,tcgplayer
OP13-077,2026-03-16,0.08,tcgplayer
OP13-077,2026-03-23,0.09,tcgplayer
OP13-077,2026-03-30,0.08,tcgplayer
OP13-077,2026-04-06,0.07,tcgplayer
OP13-077,2026-04-13,0.06,tcgplayer
OP13-077,2026-04-20,0.05,tcgplayer
OP13-077,2026-04-27,0.07,tcgplayer
OP13-077,2026-05-04,0.09,tcgplayer
OP13-077,2026-05-11,0.09,tcgplayer
OP13-077,2026-05-18,0.08,tcgplayer
OP13-077,2026-05-25,0.12,tcgplayer
OP13-077,2026-06-01,0.12,tcgplayer
OP13-077,2026-06-08,0.12,tcgplayer
OP13-077,2026-06-15,0.10,tcgplayer
OP13-077,2026-06-22,0.09,tcgplayer
OP13-077,2026-06-29,0.08,tcgplayer
OP13-077,2026-07-06,0.09,tcgplayer
OP13-077,2026-07-13,0.09,tcgplayer
OP13-077,2026-07-20,0.07,tcgplayer
OP13-077,2026-07-27,0.05,tcgplayer
OP13-077,2026-08-03,0.04,tcgplayer
OP13-077,2026-08-10,0.05,tcgplayer
OP13-077,2026-08-17,0.06,tcgplayer
OP13-077,2026-08-24,0.05,tcgplayer
OP13-077,2026-08-31,0.05,tcgplayer
OP13-077,2026-09-05,0.05,limitless
OP13-078,2025-10-27,0.73,tcgplayer
OP13-078,2025-11-03,0.13,tcgplayer
OP13-078,2025-11-10,0.11,tcgplayer
OP13-078,2025-11-17,0.11,tcgplayer
OP13-078,2025-11-24,0.07,tcgplayer
OP13-078,2025-12-01,0.09,tcgplayer
OP13-078,2025-12-08,0.09,tcgplayer
OP13-078,2025-12-15,0.08,tcgplayer
OP13-078,2025-12-22,0.06,tcgplayer
OP13-078,2025-12-29,0.06,tcgplayer
OP13-078,2026-01-05,0.07,tcgplayer
OP13-078,2026-01-12,0.07,tcgplayer
OP13-078,2026-01-19,0.06,tcgplayer
OP13-078,2026-01-26,0.06,tcgplayer
OP13-078,2026-02-02,0.09,tcgplayer
OP13-078,2026-02-09,0.07,tcgplayer
OP13-078,2026-02-16,0.06,tcgplayer
OP13-078,2026-02-23,0.05,tcgplayer
OP13-078,2026-03-02,0.08,tcgplayer
OP13-078,2026-03-09,0.08,tcgplayer
OP13-078,2026-03-16,0.10,tcgplayer
OP13-078,2026-03-23,0.08,tcgplayer
OP13-078,2026-03-30,0.08,tcgplayer
OP13-078,2026-04-06,0.06,tcgplayer
OP13-078,2026-04-13,0.06,tcgplayer
OP13-078,2026-04-20,0.05,tcgplayer
OP13-078,2026-04-27,0.07,tcgplayer
OP13-078,2026-05-04,0.08,tcgplayer
OP13-078,2026-05-11,0.08,tcgplayer
OP13-078,2026-05-18,0.11,tcgplayer
OP13-078,2026-05-25,0.13,tcgplayer
OP13-078,2026-06-01,0.12,tcgplayer
OP13-078,2026-06-08,0.09,tcgplayer
OP13-078,2026-06-15,0.08,tcgplayer
OP13-078,2026-06-22,0.06,tcgplayer
OP13-078,2026-06-29,0.06,tcgplayer
OP13-078,2026-07-06,0.06,tcgplayer
OP13-078,2026-07-13,0.05,tcgplayer
OP13-078,2026-07-20,0.04,tcgplayer
OP13-078,2026-07-27,0.04,tcgplayer
OP13-078,2026-08-03,0.05,tcgplayer
OP13-078,2026-08-10,0.07,tcgplayer
OP13-078,2026-08-17,0.10,tcgplayer
OP13-078,2026-08-24,0.09,tcgplayer
OP13-078,2026-08-31,0.07,tcgplayer
OP13-078,2026-09-05,0.07,limitless
OP13-079,2025-10-20,0.91,tcgplayer
OP13-079,2025-10-27,0.57,tcgplayer
OP13-079,2025-11-03,0.17,tcgplayer
OP13-079,2025-11-10,0.14,tcgplayer
OP13-079,2025-11-17,0.15,tcgplayer
OP13-079,2025-11-24,0.09,tcgplayer
OP13-079,2025-12-01,0.08,tcgplayer
OP13-079,2025-12-08,0.14,tcgplayer
OP13-079,2025-12-15,0.19,tcgplayer
OP13-079,2025-12-22,0.10,tcgplayer
OP13-079,2025-12-29,0.15,tcgplayer
OP13-079,2026-01-05,0.13,tcgplayer
OP13-079,2026-01-12,0.18,tcgplayer
OP13-079,2026-01-19,0.18,tcgplayer
OP13-079,2026-01-26,0.15,tcgplayer
OP13-079,2026-02-02,0.19,tcgplayer
OP13-079,2026-02-09,0.17,tcgplayer
OP13-079,2026-02-16,0.17,tcgplayer
OP13-079,2026-02-23,0.16,tcgplayer
OP13-079,2026-03-02,0.16,tcgplayer
OP13-079,2026-03-09,0.16,tcgplayer
OP13-079,2026-03-16,0.20,tcgplayer
OP13-079,2026-03-23,0.17,tcgplayer
OP13-079,2026-03-30,0.20,tcgplayer
OP13-079,2026-04-06,0.17,tcgplayer
OP13-079,2026-04-13,0.21,tcgplayer
OP13-079,2026-04-20,0.18,tcgplayer
OP13-079,2026-04-27,0.17,tcgplayer
OP13-079,2026-05-04,0.19,tcgplayer
OP13-079,2026-05-11,0.16,tcgplayer
OP13-079,2026-05-18,0.19,tcgplayer
OP13-079,2026-05-25,0.18,tcgplayer
OP13-079,2026-06-01,0.19,tcgplayer
OP13-079,2026-06-08,0.18,tcgplayer
OP13-079,2026-06-15,0.20,tcgplayer
OP13-079,2026-06-22,0.19,tcgplayer
OP13-079,2026-06-29,0.16,tcgplayer
OP13-079,2026-07-06,0.17,tcgplayer
OP13-079,2026-07-13,0.18,tcgplayer
OP13-079,2026-07-20,0.19,tcgplayer
OP13-079,2026-07-27,0.16,tcgplayer
OP13-079,2026-08-03,0.16,tcgplayer
OP13-079,2026-08-10,0.18,tcgplayer
OP13-079,2026-08-17,0.17,tcgplayer
OP13-079,2026-08-24,0.16,tcgplayer
OP13-079,2026-08-31,0.17,tcgplayer
OP13-079,2026-09-05,0.16,limitless
OP13-079p1,2025-10-20,199.90,tcgplayer
OP13-079p1,2025-10-27,144.10,tcgplayer
OP13-079p1,2025-11-03,69.84,tcgplayer
OP13-079p1,2025-11-10,69.08,tcgplayer
OP13-079p1,2025-11-17,58.96,tcgplayer
OP13-079p1,2025-11-24,47.74,tcgplayer
OP13-079p1,2025-12-01,41.50,tcgplayer
OP13-079p1,2025-12-08,48.17,tcgplayer
OP13-079p1,2025-12-15,47.41,tcgplayer
OP13-079p1,2025-12-22,46.73,tcgplayer
OP13-079p1,2025-12-29,48.20,tcgplayer
OP13-079p1,2026-01-05,64.56,tcgplayer
OP13-079p1,2026-01-12,62.82,tcgplayer
OP13-079p1,2026-01-19,61.22,tcgplayer
OP13-079p1,2026-01-26,57.73,tcgplayer
OP13-079p1,2026-02-02,53.34,tcgplayer
OP13-079p1,2026-02-09,42.89,tcgplayer
OP13-079p1,2026-02-16,39.49,tcgplayer
OP13-079p1,2026-02-23,38.45,tcgplayer
OP13-079p1,2026-03-02,36.54,tcgplayer
OP13-079p1,2026-03-09,37.30,tcgplayer
OP13-079p1,2026-03-16,36.98,tcgplayer
OP13-079p1,2026-03-23,34.39,tcgplayer
OP13-079p1,2026-03-30,33.71,tcgplayer
OP13-079p1,2026-04-06,32.35,tcgplayer
OP13-079p1,2026-04-13,32.33,tcgplayer
OP13-079p1,2026-04-20,32.90,tcgplayer
OP13-079p1,2026-04-27,33.34,tcgplayer
OP13-079p1,2026-05-04,31.05,tcgplayer
OP13-079p1,2026-05-11,28.47,tcgplayer
OP13-079p1,2026-05-18,29.11,tcgplayer
OP13-079p1,2026-05-25,29.74,tcgplayer
OP13-079p1,2026-06-01,30.08,tcgplayer
OP13-079p1,2026-06-08,30.79,tcgplayer
OP13-079p1,2026-06-15,29.98,tcgplayer
OP13-079p1,2026-06-22,29.78,tcgplayer
OP13-079p1,2026-06-29,27.39,tcgplayer
OP13-079p1,2026-07-06,25.72,tcgplayer
OP13-079p1,2026-07-13,24.54,tcgplayer
OP13-079p1,2026-07-20,23.34,tcgplayer
OP13-079p1,2026-07-27,20.94,tcgplayer
OP13-079p1,2026-08-03,20.36,tcgplayer
OP13-079p1,2026-08-10,19.50,tcgplayer
OP13-079p1,2026-08-17,22.33,tcgplayer
OP13-079p1,2026-08-24,23.77,tcgplayer
OP13-079p1,2026-08-31,24.83,tcgplayer
OP13-079p1,2026-09-05,24.50,limitless
OP13-080,2025-10-27,0.55,tcgplayer
OP13-080,2025-11-03,0.54,tcgplayer
OP13-080,2025-11-10,0.51,tcgplayer
OP13-080,2025-11-17,0.48,tcgplayer
OP13-080,2025-11-24,0.38,tcgplayer
OP13-080,2025-12-01,0.39,tcgplayer
OP13-080,2025-12-08,0.42,tcgplayer
OP13-080,2025-12-15,0.41,tcgplayer
OP13-080,2025-12-22,0.46,tcgplayer
OP13-080,2025-12-29,0.47,tcgplayer
OP13-080,2026-01-05,0.49,tcgplayer
OP13-080,2026-01-12,0.50,tcgplayer
OP13-080,2026-01-19,0.43,tcgplayer
OP13-080,2026-01-26,0.46,tcgplayer
OP13-080,2026-02-02,0.52,tcgplayer
OP13-080,2026-02-09,0.53,tcgplayer
OP13-080,2026-02-16,0.55,tcgplayer
OP13-080,2026-02-23,0.50,tcgplayer
OP13-080,2026-03-02,0.49,tcgplayer
OP13-080,2026-03-09,0.43,tcgplayer
OP13-080,2026-03-16,0.45,tcgplayer
OP13-080,2026-03-23,0.43,tcgplayer
OP13-080,2026-03-30,0.45,tcgplayer
OP13-080,2026-04-06,0.47,tcgplayer
OP13-080,2026-04-13,0.48,tcgplayer
OP13-080,2026-04-20,0.43,tcgplayer
OP13-080,2026-04-27,0.46,tcgplayer
OP13-080,2026-05-04,0.44,tcgplayer
OP13-080,2026-05-11,0.45,tcgplayer
OP13-080,2026-05-18,0.50,tcgplayer
OP13-080,2026-05-25,0.44,tcgplayer
OP13-080,2026-06-01,0.42,tcgplayer
OP13-080,2026-06-08,0.34,tcgplayer
OP13-080,2026-06-15,0.27,tcgplayer
OP13-080,2026-06-22,0.27,tcgplayer
OP13-080,2026-06-29,0.27,tcgplayer
OP13-080,2026-07-06,0.23,tcgplayer
OP13-080,2026-07-13,0.20,tcgplayer
OP13-080,2026-07-20,0.21,tcgplayer
OP13-080,2026-07-27,0.19,tcgplayer
OP13-080,2026-08-03,0.23,tcgplayer
OP13-080,2026-08-10,0.21,tcgplayer
OP13-080,2026-08-17,0.24,tcgplayer
OP13-080,2026-08-24,0.24,tcgplayer
OP13-080,2026-08-31,0.27,tcgplayer
OP13-080,2026-09-05,0.27,limitless
OP13-080p1,2025-10-27,71.33,tcgplayer
OP13-080p1,2025-11-03,51.43,tcgplayer
OP13-080p1,2025-11-10,41.60,tcgplayer
OP13-080p1,2025-11-17,35.83,tcgplayer
OP13-080p1,2025-11-24,36.98,tcgplayer
OP13-080p1,2025-12-01,37.45,tcgplayer
OP13-080p1,2025-12-08,37.50,tcgplayer
OP13-080p1,2025-12-15,35.86,tcgplayer
OP13-080p1,2025-12-22,35.94,tcgplayer
OP13-080p1,2025-12-29,34.85,tcgplayer
OP13-080p1,2026-01-05,34.99,tcgplayer
OP13-080p1,2026-01-12,34.11,tcgplayer
OP13-080p1,2026-01-19,33.91,tcgplayer
OP13-080p1,2026-01-26,33.86,tcgplayer
OP13-080p1,2026-02-02,29.98,tcgplayer
OP13-080p1,2026-02-09,27.24,tcgplayer
OP13-080p1,2026-02-16,24.57,tcgplayer
OP13-080p1,2026-02-23,22.83,tcgplayer
OP13-080p1,2026-03-02,23.16,tcgplayer
OP13-080p1,2026-03-09,20.69,tcgplayer
OP13-080p1,2026-03-16,22.49,tcgplayer
OP13-080p1,2026-03-23,24.33,tcgplayer
OP13-080p1,2026-03-30,24.17,tcgplayer
OP13-080p1,2026-04-06,24.22,tcgplayer
OP13-080p1,2026-04-13,24.72,tcgplayer
OP13-080p1,2026-04-20,22.75,tcgplayer
OP13-080p1,2026-04-27,22.03,tcgplayer
OP13-080p1,2026-05-04,22.16,tcgplayer
OP13-080p1,2026-05-11,22.29,tcgplayer
OP13-080p1,2026-05-18,20.19,tcgplayer
OP13-080p1,2026-05-25,19.93,tcgplayer
OP13-080p1,2026-06-01,20.71,tcgplayer
OP13-080p1,2026-06-08,20.54,tcgplayer
OP13-080p1,2026-06-15,21.40,tcgplayer
OP13-080p1,2026-06-22,20.14,tcgplayer
OP13-080p1,2026-06-29,19.32,tcgplayer
OP13-080p1,2026-07-06,17.92,tcgplayer
OP13-080p1,2026-07-13,19.23,tcgplayer
OP13-080p1,2026-07-20,19.79,tcgplayer
OP13-080p1,2026-07-27,18.74,tcgplayer
OP13-080p1,2026-08-03,18.51,tcgplayer
OP13-080p1,2026-08-10,18.09,tcgplayer
OP13-080p1,2026-08-17,19.70,tcgplayer
OP13-080p1,2026-08-24,21.19,tcgplayer
OP13-080p1,2026-08-31,22.59,tcgplayer
OP13-080p1,2026-09-05,22.11,limitless
OP13-080p2,2025-11-10,441.66,tcgplayer
OP13-080p2,2025-11-17,398.17,tcgplayer
OP13-080p2,2025-11-24,438.06,tcgplayer
OP13-080p2,2025-12-01,442.88,tcgplayer
OP13-080p2,2025-12-08,450.32,tcgplayer
OP13-080p2,2025-12-15,455.76,tcgplayer
OP13-080p2,2025-12-22,465.58,tcgplayer
OP13-080p2,2025-12-29,484.67,tcgplayer
OP13-080p2,2026-01-05,506.67,tcgplayer
OP13-080p2,2026-01-12,537.82,tcgplayer
OP13-080p2,2026-01-19,537.82,tcgplayer
OP13-080p2,2026-01-26,537.82,tcgplayer
OP13-080p2,2026-02-02,545.42,tcgplayer
OP13-080p2,2026-02-09,545.42,tcgplayer
OP13-080p2,2026-02-16,545.42,tcgplayer
OP13-080p2,2026-02-23,545.42,tcgplayer
OP13-080p2,2026-03-02,548.98,tcgplayer
OP13-080p2,2026-03-09,548.98,tcgplayer
OP13-080p2,2026-03-16,548.98,tcgplayer
OP13-080p2,2026-03-23,548.98,tcgplayer
OP13-080p2,2026-03-30,548.98,tcgplayer
OP13-080p2,2026-04-06,548.19,tcgplayer
OP13-080p2,2026-04-13,548.19,tcgplayer
OP13-080p2,2026-04-20,548.19,tcgplayer
OP13-080p2,2026-04-27,546.79,tcgplayer
OP13-080p2,2026-05-04,542.79,tcgplayer
OP13-080p2,2026-05-11,541.19,tcgplayer
OP13-080p2,2026-05-18,541.11,tcgplayer
OP13-080p2,2026-05-25,523.33,tcgplayer
OP13-080p2,2026-06-01,527.11,tcgplayer
OP13-080p2,2026-06-08,531.64,tcgplayer
OP13-080p2,2026-06-15,524.81,tcgplayer
OP13-080p2,2026-06-22,520.76,tcgplayer
OP13-080p2,2026-06-29,503.63,tcgplayer
OP13-080p2,2026-07-06,472.55,tcgplayer
OP13-080p2,2026-07-13,429.11,tcgplayer
OP13-080p2,2026-07-20,435.15,tcgplayer
OP13-080p2,2026-07-27,431.72,tcgplayer
OP13-080p2,2026-08-03,417.67,tcgplayer
OP13-080p2,2026-08-10,417.67,tcgplayer
OP13-080p2,2026-08-17,413.40,tcgplayer
OP13-080p2,2026-08-24,409.88,tcgplayer
OP13-080p2,2026-08-31,399.93,tcgplayer
OP13-080p2,2026-09-05,402.28,limitless
OP13-081,2025-10-27,0.49,tcgplayer
OP13-081,2025-11-03,0.14,tcgplayer
OP13-081,2025-11-10,0.08,tcgplayer
OP13-081,2025-11-17,0.06,tcgplayer
OP13-081,2025-11-24,0.07,tcgplayer
OP13-081,2025-12-01,0.11,tcgplayer
OP13-081,2025-12-08,0.12,tcgplayer
OP13-081,2025-12-15,0.06,tcgplayer
OP13-081,2025-12-22,0.05,tcgplayer
OP13-081,2025-12-29,0.07,tcgplayer
OP13-081,2026-01-05,0.07,tcgplayer
OP13-081,2026-01-12,0.09,tcgplayer
OP13-081,2026-01-19,0.08,tcgplayer
OP13-081,2026-01-26,0.13,tcgplayer
OP13-081,2026-02-02,0.10,tcgplayer
OP13-081,2026-02-09,0.07,tcgplayer
OP13-081,2026-02-16,0.06,tcgplayer
OP13-081,2026-02-23,0.04,tcgplayer
OP13-081,2026-03-02,0.05,tcgplayer
OP13-081,2026-03-09,0.05,tcgplayer
OP13-081,2026-03-16,0.06,tcgplayer
OP13-081,2026-03-23,0.07,tcgplayer
OP13-081,2026-03-30,0.07,tcgplayer
OP13-081,2026-04-06,0.08,tcgplayer
OP13-081,2026-04-13,0.07,tcgplayer
OP13-081,2026-04-20,0.08,tcgplayer
OP13-081,2026-04-27,0.08,tcgplayer
OP13-081,2026-05-04,0.08,tcgplayer
OP13-081,2026-05-11,0.08,tcgplayer
OP13-081,2026-05-18,0.08,tcgplayer
OP13-081,2026-05-25,0.08,tcgplayer
OP13-081,2026-06-01,0.09,tcgplayer
OP13-081,2026-06-08,0.10,tcgplayer
OP13-081,2026-06-15,0.10,tcgplayer
OP13-081,2026-06-22,0.09,tcgplayer
OP13-081,2026-06-29,0.07,tcgplayer
OP13-081,2026-07-06,0.08,tcgplayer
OP13-081,2026-07-13,0.10,tcgplayer
OP13-081,2026-07-20,0.07,tcgplayer
OP13-081,2026-07-27,0.08,tcgplayer
OP13-081,2026-08-03,0.06,tcgplayer
OP13-081,2026-08-10,0.06,tcgplayer
OP13-081,2026-08-17,0.07,tcgplayer
OP13-081,2026-08-24,0.08,tcgplayer
OP13-081,2026-08-31,0.08,tcgplayer
OP13-081,2026-09-05,0.08,limitless
OP13-082,2025-10-27,10.54,tcgplayer
OP13-082,2025-11-03,7.80,tcgplayer
OP13-082,2025-11-10,5.91,tcgplayer
OP13-082,2025-11-17,3.09,tcgplayer
OP13-082,2025-11-24,2.73,tcgplayer
OP13-082,2025-12-01,2.58,tcgplayer
OP13-082,2025-12-08,2.55,tcgplayer
OP13-082,2025-12-15,2.60,tcgplayer
OP13-082,2025-12-22,3.09,tcgplayer
OP13-082,2025-12-29,3.62,tcgplayer
OP13-082,2026-01-05,3.52,tcgplayer
OP13-082,2026-01-12,4.11,tcgplayer
OP13-082,2026-01-19,3.10,tcgplayer
OP13-082,2026-01-26,3.32,tcgplayer
OP13-082,2026-02-02,3.53,tcgplayer
OP13-082,2026-02-09,2.25,tcgplayer
OP13-082,2026-02-16,1.77,tcgplayer
OP13-082,2026-02-23,1.31,tcgplayer
OP13-082,2026-03-02,1.46,tcgplayer
OP13-082,2026-03-09,1.41,tcgplayer
OP13-082,2026-03-16,1.81,tcgplayer
OP13-082,2026-03-23,1.79,tcgplayer
OP13-082,2026-03-30,1.83,tcgplayer
OP13-082,2026-04-06,2.18,tcgplayer
OP13-082,2026-04-13,1.86,tcgplayer
OP13-082,2026-04-20,1.98,tcgplayer
OP13-082,2026-04-27,1.61,tcgplayer
OP13-082,2026-05-04,1.78,tcgplayer
OP13-082,2026-05-11,1.51,tcgplayer
OP13-082,2026-05-18,1.73,tcgplayer
OP13-082,2026-05-25,1.51,tcgplayer
OP13-082,2026-06-01,1.01,tcgplayer
OP13-082,2026-06-08,1.16,tcgplayer
OP13-082,2026-06-15,0.77,tcgplayer
OP13-082,2026-06-22,0.74,tcgplayer
OP13-082,2026-06-29,0.47,tcgplayer
OP13-082,2026-07-06,0.53,tcgplayer
OP13-082,2026-07-13,0.43,tcgplayer
OP13-082,2026-07-20,0.43,tcgplayer
OP13-082,2026-07-27,0.44,tcgplayer
OP13-082,2026-08-03,0.40,tcgplayer
OP13-082,2026-08-10,0.37,tcgplayer
OP13-082,2026-08-17,0.51,tcgplayer
OP13-082,2026-08-24,0.46,tcgplayer
OP13-082,2026-08-31,0.59,tcgplayer
OP13-082,2026-09-05,0.54,limitless
OP13-082p1,2025-10-27,81.31,tcgplayer
OP13-082p1,2025-11-03,49.34,tcgplayer
OP13-082p1,2025-11-10,48.51,tcgplayer
OP13-082p1,2025-11-17,42.15,tcgplayer
OP13-082p1,2025-11-24,42.36,tcgplayer
OP13-082p1,2025-12-01,42.17,tcgplayer
OP13-082p1,2025-12-08,51.73,tcgplayer
OP13-082p1,2025-12-15,50.73,tcgplayer
OP13-082p1,2025-12-22,46.43,tcgplayer
OP13-082p1,2025-12-29,47.63,tcgplayer
OP13-082p1,2026-01-05,48.34,tcgplayer
OP13-082p1,2026-01-12,43.83,tcgplayer
OP13-082p1,2026-01-19,47.68,tcgplayer
OP13-082p1,2026-01-26,45.87,tcgplayer
OP13-082p1,2026-02-02,41.35,tcgplayer
OP13-082p1,2026-02-09,36.53,tcgplayer
OP13-082p1,2026-02-16,27.41,tcgplayer
OP13-082p1,2026-02-23,27.43,tcgplayer
OP13-082p1,2026-03-02,28.60,tcgplayer
OP13-082p1,2026-03-09,30.90,tcgplayer
OP13-082p1,2026-03-16,32.09,tcgplayer
OP13-082p1,2026-03-23,32.09,tcgplayer
OP13-082p1,2026-03-30,45.76,tcgplayer
OP13-082p1,2026-04-06,44.62,tcgplayer
OP13-082p1,2026-04-13,43.85,tcgplayer
OP13-082p1,2026-04-20,40.71,tcgplayer
OP13-082p1,2026-04-27,37.92,tcgplayer
OP13-082p1,2026-05-04,36.12,tcgplayer
OP13-082p1,2026-05-11,32.32,tcgplayer
OP13-082p1,2026-05-18,30.02,tcgplayer
OP13-082p1,2026-05-25,29.96,tcgplayer
OP13-082p1,2026-06-01,29.78,tcgplayer
OP13-082p1,2026-06-08,30.07,tcgplayer
OP13-082p1,2026-06-15,30.74,tcgplayer
OP13-082p1,2026-06-22,29.57,tcgplayer
OP13-082p1,2026-06-29,28.38,tcgplayer
OP13-082p1,2026-07-06,27.14,tcgplayer
OP13-082p1,2026-07-13,24.76,tcgplayer
OP13-082p1,2026-07-20,22.32,tcgplayer
OP13-082p1,2026-07-27,22.17,tcgplayer
OP13-082p1,2026-08-03,21.87,tcgplayer
OP13-082p1,2026-08-10,21.02,tcgplayer
OP13-082p1,2026-08-17,18.92,tcgplayer
OP13-082p1,2026-08-24,19.93,tcgplayer
OP13-082p1,2026-08-31,19.71,tcgplayer
OP13-082p1,2026-09-05,19.71,limitless
OP13-083,2025-10-27,0.53,tcgplayer
OP13-083,2025-11-03,0.49,tcgplayer
OP13-083,2025-11-10,0.48,tcgplayer
OP13-083,2025-11-17,0.43,tcgplayer
OP13-083,2025-11-24,0.29,tcgplayer
OP13-083,2025-12-01,0.37,tcgplayer
OP13-083,2025-12-08,0.35,tcgplayer
OP13-083,2025-12-15,0.35,tcgplayer
OP13-083,2025-12-22,0.41,tcgplayer
OP13-083,2025-12-29,0.43,tcgplayer
OP13-083,2026-01-05,0.47,tcgplayer
OP13-083,2026-01-12,0.46,tcgplayer
OP13-083,2026-01-19,0.43,tcgplayer
OP13-083,2026-01-26,0.44,tcgplayer
OP13-083,2026-02-02,0.56,tcgplayer
OP13-083,2026-02-09,0.55,tcgplayer
OP13-083,2026-02-16,0.46,tcgplayer
OP13-083,2026-02-23,0.46,tcgplayer
OP13-083,2026-03-02,0.45,tcgplayer
OP13-083,2026-03-09,0.44,tcgplayer
OP13-083,2026-03-16,0.44,tcgplayer
OP13-083,2026-03-23,0.43,tcgplayer
OP13-083,2026-03-30,0.44,tcgplayer
OP13-083,2026-04-06,0.48,tcgplayer
OP13-083,2026-04-13,0.46,tcgplayer
OP13-083,2026-04-20,0.41,tcgplayer
OP13-083,2026-04-27,0.40,tcgplayer
OP13-083,2026-05-04,0.44,tcgplayer
OP13-083,2026-05-11,0.43,tcgplayer
OP13-083,2026-05-18,0.43,tcgplayer
OP13-083,2026-05-25,0.39,tcgplayer
OP13-083,2026-06-01,0.43,tcgplayer
OP13-083,2026-06-08,0.35,tcgplayer
OP13-083,2026-06-15,0.33,tcgplayer
OP13-083,2026-06-22,0.29,tcgplayer
OP13-083,2026-06-29,0.26,tcgplayer
OP13-083,2026-07-06,0.24,tcgplayer
OP13-083,2026-07-13,0.20,tcgplayer
OP13-083,2026-07-20,0.19,tcgplayer
OP13-083,2026-07-27,0.19,tcgplayer
OP13-083,2026-08-03,0.22,tcgplayer
OP13-083,2026-08-10,0.19,tcgplayer
OP13-083,2026-08-17,0.22,tcgplayer
OP13-083,2026-08-24,0.23,tcgplayer
OP13-083,2026-08-31,0.24,tcgplayer
OP13-083,2026-09-05,0.24,limitless
OP13-083p1,2025-10-27,75.82,tcgplayer
OP13-083p1,2025-11-03,43.98,tcgplayer
OP13-083p1,2025-11-10,35.36,tcgplayer
OP13-083p1,2025-11-17,32.18,tcgplayer
OP13-083p1,2025-11-24,33.50,tcgplayer
OP13-083p1,2025-12-01,33.14,tcgplayer
OP13-083p1,2025-12-08,34.49,tcgplayer
OP13-083p1,2025-12-15,32.84,tcgplayer
OP13-083p1,2025-12-22,33.21,tcgplayer
OP13-083p1,2025-12-29,33.42,tcgplayer
OP13-083p1,2026-01-05,33.88,tcgplayer
OP13-083p1,2026-01-12,34.51,tcgplayer
OP13-083p1,2026-01-19,30.90,tcgplayer
OP13-083p1,2026-01-26,30.03,tcgplayer
OP13-083p1,2026-02-02,28.40,tcgplayer
OP13-083p1,2026-02-09,24.89,tcgplayer
OP13-083p1,2026-02-16,19.54,tcgplayer
OP13-083p1,2026-02-23,18.82,tcgplayer
OP13-083p1,2026-03-02,17.17,tcgplayer
OP13-083p1,2026-03-09,16.65,tcgplayer
OP13-083p1,2026-03-16,16.28,tcgplayer
OP13-083p1,2026-03-23,17.24,tcgplayer
OP13-083p1,2026-03-30,19.65,tcgplayer
OP13-083p1,2026-04-06,19.94,tcgplayer
OP13-083p1,2026-04-13,19.80,tcgplayer
OP13-083p1,2026-04-20,18.95,tcgplayer
OP13-083p1,2026-04-27,18.84,tcgplayer
OP13-083p1,2026-05-04,18.70,tcgplayer
OP13-083p1,2026-05-11,17.15,tcgplayer
OP13-083p1,2026-05-18,16.71,tcgplayer
OP13-083p1,2026-05-25,17.88,tcgplayer
OP13-083p1,2026-06-01,19.38,tcgplayer
OP13-083p1,2026-06-08,19.36,tcgplayer
OP13-083p1,2026-06-15,18.42,tcgplayer
OP13-083p1,2026-06-22,16.70,tcgplayer
OP13-083p1,2026-06-29,16.52,tcgplayer
OP13-083p1,2026-07-06,17.11,tcgplayer
OP13-083p1,2026-07-13,18.23,tcgplayer
OP13-083p1,2026-07-20,18.43,tcgplayer
OP13-083p1,2026-07-27,17.57,tcgplayer
OP13-083p1,2026-08-03,17.38,tcgplayer
OP13-083p1,2026-08-10,16.18,tcgplayer
OP13-083p1,2026-08-17,20.24,tcgplayer
OP13-083p1,2026-08-24,24.89,tcgplayer
OP13-083p1,2026-08-31,24.29,tcgplayer
OP13-083p1,2026-09-05,24.17,limitless
OP13-083p2,2025-11-10,440.00,tcgplayer
OP13-083p2,2025-11-17,369.20,tcgplayer
OP13-083p2,2025-11-24,401.88,tcgplayer
OP13-083p2,2025-12-01,416.57,tcgplayer
OP13-083p2,2025-12-08,427.75,tcgplayer
OP13-083p2,2025-12-15,439.38,tcgplayer
OP13-083p2,2025-12-22,439.38,tcgplayer
OP13-083p2,2025-12-29,464.16,tcgplayer
OP13-083p2,2026-01-05,489.99,tcgplayer
OP13-083p2,2026-01-12,521.35,tcgplayer
OP13-083p2,2026-01-19,521.35,tcgplayer
OP13-083p2,2026-01-26,521.35,tcgplayer
OP13-083p2,2026-02-02,521.35,tcgplayer
OP13-083p2,2026-02-09,521.35,tcgplayer
OP13-083p2,2026-02-16,521.35,tcgplayer
OP13-083p2,2026-02-23,521.35,tcgplayer
OP13-083p2,2026-03-02,521.35,tcgplayer
OP13-083p2,2026-03-09,521.35,tcgplayer
OP13-083p2,2026-03-16,521.35,tcgplayer
OP13-083p2,2026-03-23,521.35,tcgplayer
OP13-083p2,2026-03-30,521.35,tcgplayer
OP13-083p2,2026-04-06,522.81,tcgplayer
OP13-083p2,2026-04-13,523.60,tcgplayer
OP13-083p2,2026-04-20,523.60,tcgplayer
OP13-083p2,2026-04-27,524.04,tcgplayer
OP13-083p2,2026-05-04,524.83,tcgplayer
OP13-083p2,2026-05-11,524.83,tcgplayer
OP13-083p2,2026-05-18,524.83,tcgplayer
OP13-083p2,2026-05-25,524.55,tcgplayer
OP13-083p2,2026-06-01,529.16,tcgplayer
OP13-083p2,2026-06-08,523.58,tcgplayer
OP13-083p2,2026-06-15,504.18,tcgplayer
OP13-083p2,2026-06-22,492.66,tcgplayer
OP13-083p2,2026-06-29,471.46,tcgplayer
OP13-083p2,2026-07-06,441.15,tcgplayer
OP13-083p2,2026-07-13,398.97,tcgplayer
OP13-083p2,2026-07-20,407.90,tcgplayer
OP13-083p2,2026-07-27,406.35,tcgplayer
OP13-083p2,2026-08-03,406.35,tcgplayer
OP13-083p2,2026-08-10,406.35,tcgplayer
OP13-083p2,2026-08-17,397.85,tcgplayer
OP13-083p2,2026-08-24,393.28,tcgplayer
OP13-083p2,2026-08-31,392.11,tcgplayer
OP13-083p2,2026-09-05,392.11,limitless
OP13-084,2025-10-27,1.03,tcgplayer
OP13-084,2025-11-03,0.53,tcgplayer
OP13-084,2025-11-10,0.48,tcgplayer
OP13-084,2025-11-17,0.48,tcgplayer
OP13-084,2025-11-24,0.50,tcgplayer
OP13-084,2025-12-01,0.46,tcgplayer
OP13-084,2025-12-08,0.48,tcgplayer
OP13-084,2025-12-15,0.45,tcgplayer
OP13-084,2025-12-22,0.49,tcgplayer
OP13-084,2025-12-29,0.54,tcgplayer
OP13-084,2026-01-05,0.55,tcgplayer
OP13-084,2026-01-12,0.60,tcgplayer
OP13-084,2026-01-19,0.51,tcgplayer
OP13-084,2026-01-26,0.53,tcgplayer
OP13-084,2026-02-02,0.53,tcgplayer
OP13-084,2026-02-09,0.54,tcgplayer
OP13-084,2026-02-16,0.49,tcgplayer
OP13-084,2026-02-23,0.48,tcgplayer
OP13-084,2026-03-02,0.44,tcgplayer
OP13-084,2026-03-09,0.42,tcgplayer
OP13-084,2026-03-16,0.41,tcgplayer
OP13-084,2026-03-23,0.39,tcgplayer
OP13-084,2026-03-30,0.44,tcgplayer
OP13-084,2026-04-06,0.46,tcgplayer
OP13-084,2026-04-13,0.46,tcgplayer
OP13-084,2026-04-20,0.41,tcgplayer
OP13-084,2026-04-27,0.42,tcgplayer
OP13-084,2026-05-04,0.44,tcgplayer
OP13-084,2026-05-11,0.44,tcgplayer
OP13-084,2026-05-18,0.45,tcgplayer
OP13-084,2026-05-25,0.46,tcgplayer
OP13-084,2026-06-01,0.43,tcgplayer
OP13-084,2026-06-08,0.36,tcgplayer
OP13-084,2026-06-15,0.36,tcgplayer
OP13-084,2026-06-22,0.28,tcgplayer
OP13-084,2026-06-29,0.26,tcgplayer
OP13-084,2026-07-06,0.22,tcgplayer
OP13-084,2026-07-13,0.16,tcgplayer
OP13-084,2026-07-20,0.19,tcgplayer
OP13-084,2026-07-27,0.19,tcgplayer
OP13-084,2026-08-03,0.24,tcgplayer
OP13-084,2026-08-10,0.19,tcgplayer
OP13-084,2026-08-17,0.18,tcgplayer
OP13-084,2026-08-24,0.22,tcgplayer
OP13-084,2026-08-31,0.24,tcgplayer
OP13-084,2026-09-05,0.24,limitless
OP13-084p1,2025-10-27,64.61,tcgplayer
OP13-084p1,2025-11-03,46.69,tcgplayer
OP13-084p1,2025-11-10,41.76,tcgplayer
OP13-084p1,2025-11-17,37.07,tcgplayer
OP13-084p1,2025-11-24,37.83,tcgplayer
OP13-084p1,2025-12-01,34.11,tcgplayer
OP13-084p1,2025-12-08,33.33,tcgplayer
OP13-084p1,2025-12-15,32.54,tcgplayer
OP13-084p1,2025-12-22,30.57,tcgplayer
OP13-084p1,2025-12-29,31.43,tcgplayer
OP13-084p1,2026-01-05,33.21,tcgplayer
OP13-084p1,2026-01-12,33.21,tcgplayer
OP13-084p1,2026-01-19,33.92,tcgplayer
OP13-084p1,2026-01-26,34.51,tcgplayer
OP13-084p1,2026-02-02,31.48,tcgplayer
OP13-084p1,2026-02-09,24.80,tcgplayer
OP13-084p1,2026-02-16,22.53,tcgplayer
OP13-084p1,2026-02-23,19.75,tcgplayer
OP13-084p1,2026-03-02,18.24,tcgplayer
OP13-084p1,2026-03-09,17.69,tcgplayer
OP13-084p1,2026-03-16,17.64,tcgplayer
OP13-084p1,2026-03-23,18.04,tcgplayer
OP13-084p1,2026-03-30,18.52,tcgplayer
OP13-084p1,2026-04-06,19.24,tcgplayer
OP13-084p1,2026-04-13,18.81,tcgplayer
OP13-084p1,2026-04-20,18.61,tcgplayer
OP13-084p1,2026-04-27,18.87,tcgplayer
OP13-084p1,2026-05-04,18.62,tcgplayer
OP13-084p1,2026-05-11,18.06,tcgplayer
OP13-084p1,2026-05-18,17.93,tcgplayer
OP13-084p1,2026-05-25,18.75,tcgplayer
OP13-084p1,2026-06-01,19.07,tcgplayer
OP13-084p1,2026-06-08,18.27,tcgplayer
OP13-084p1,2026-06-15,18.38,tcgplayer
OP13-084p1,2026-06-22,17.76,tcgplayer
OP13-084p1,2026-06-29,17.38,tcgplayer
OP13-084p1,2026-07-06,17.88,tcgplayer
OP13-084p1,2026-07-13,18.56,tcgplayer
OP13-084p1,2026-07-20,17.78,tcgplayer
OP13-084p1,2026-07-27,16.25,tcgplayer
OP13-084p1,2026-08-03,16.07,tcgplayer
OP13-084p1,2026-08-10,15.52,tcgplayer
OP13-084p1,2026-08-17,16.55,tcgplayer
OP13-084p1,2026-08-24,16.67,tcgplayer
OP13-084p1,2026-08-31,16.87,tcgplayer
OP13-084p1,2026-09-05,16.76,limitless
OP13-084p2,2025-11-03,55.00,tcgplayer
OP13-084p2,2025-11-10,247.50,tcgplayer
OP13-084p2,2025-11-17,361.28,tcgplayer
OP13-084p2,2025-11-24,382.60,tcgplayer
OP13-084p2,2025-12-01,387.68,tcgplayer
OP13-084p2,2025-12-08,416.79,tcgplayer
OP13-084p2,2025-12-15,420.95,tcgplayer
OP13-084p2,2025-12-22,420.95,tcgplayer
OP13-084p2,2025-12-29,431.63,tcgplayer
OP13-084p2,2026-01-05,449.46,tcgplayer
OP13-084p2,2026-01-12,485.45,tcgplayer
OP13-084p2,2026-01-19,502.76,tcgplayer
OP13-084p2,2026-01-26,502.76,tcgplayer
OP13-084p2,2026-02-02,502.76,tcgplayer
OP13-084p2,2026-02-09,497.88,tcgplayer
OP13-084p2,2026-02-16,497.88,tcgplayer
OP13-084p2,2026-02-23,499.28,tcgplayer
OP13-084p2,2026-03-02,499.28,tcgplayer
OP13-084p2,2026-03-09,499.28,tcgplayer
OP13-084p2,2026-03-16,499.28,tcgplayer
OP13-084p2,2026-03-23,497.48,tcgplayer
OP13-084p2,2026-03-30,497.48,tcgplayer
OP13-084p2,2026-04-06,497.48,tcgplayer
OP13-084p2,2026-04-13,497.48,tcgplayer
OP13-084p2,2026-04-20,497.48,tcgplayer
OP13-084p2,2026-04-27,494.52,tcgplayer
OP13-084p2,2026-05-04,491.92,tcgplayer
OP13-084p2,2026-05-11,483.79,tcgplayer
OP13-084p2,2026-05-18,483.79,tcgplayer
OP13-084p2,2026-05-25,461.19,tcgplayer
OP13-084p2,2026-06-01,467.75,tcgplayer
OP13-084p2,2026-06-08,456.26,tcgplayer
OP13-084p2,2026-06-15,453.46,tcgplayer
OP13-084p2,2026-06-22,449.86,tcgplayer
OP13-084p2,2026-06-29,444.23,tcgplayer
OP13-084p2,2026-07-06,433.06,tcgplayer
OP13-084p2,2026-07-13,400.20,tcgplayer
OP13-084p2,2026-07-20,373.28,tcgplayer
OP13-084p2,2026-07-27,372.87,tcgplayer
OP13-084p2,2026-08-03,372.87,tcgplayer
OP13-084p2,2026-08-10,372.87,tcgplayer
OP13-084p2,2026-08-17,371.47,tcgplayer
OP13-084p2,2026-08-24,366.77,tcgplayer
OP13-084p2,2026-08-31,366.77,tcgplayer
OP13-084p2,2026-09-05,366.77,limitless
OP13-085,2025-10-27,0.20,tcgplayer
OP13-085,2025-11-03,0.07,tcgplayer
OP13-085,2025-11-10,0.03,tcgplayer
OP13-085,2025-11-17,0.05,tcgplayer
OP13-085,2025-11-24,0.04,tcgplayer
OP13-085,2025-12-01,0.04,tcgplayer
OP13-085,2025-12-08,0.04,tcgplayer
OP13-085,2025-12-15,0.04,tcgplayer
OP13-085,2025-12-22,0.06,tcgplayer
OP13-085,2025-12-29,0.05,tcgplayer
OP13-085,2026-01-05,0.04,tcgplayer
OP13-085,2026-01-12,0.03,tcgplayer
OP13-085,2026-01-19,0.02,tcgplayer
OP13-085,2026-01-26,0.02,tcgplayer
OP13-085,2026-02-02,0.04,tcgplayer
OP13-085,2026-02-09,0.04,tcgplayer
OP13-085,2026-02-16,0.04,tcgplayer
OP13-085,2026-02-23,0.04,tcgplayer
OP13-085,2026-03-02,0.03,tcgplayer
OP13-085,2026-03-09,0.04,tcgplayer
OP13-085,2026-03-16,0.05,tcgplayer
OP13-085,2026-03-23,0.05,tcgplayer
OP13-085,2026-03-30,0.06,tcgplayer
OP13-085,2026-04-06,0.06,tcgplayer
OP13-085,2026-04-13,0.06,tcgplayer
OP13-085,2026-04-20,0.04,tcgplayer
OP13-085,2026-04-27,0.04,tcgplayer
OP13-085,2026-05-04,0.04,tcgplayer
OP13-085,2026-05-11,0.04,tcgplayer
OP13-085,2026-05-18,0.04,tcgplayer
OP13-085,2026-05-25,0.04,tcgplayer
OP13-085,2026-06-01,0.04,tcgplayer
OP13-085,2026-06-08,0.06,tcgplayer
OP13-085,2026-06-15,0.06,tcgplayer
OP13-085,2026-06-22,0.05,tcgplayer
OP13-085,2026-06-29,0.05,tcgplayer
OP13-085,2026-07-06,0.05,tcgplayer
OP13-085,2026-07-13,0.06,tcgplayer
OP13-085,2026-07-20,0.06,tcgplayer
OP13-085,2026-07-27,0.07,tcgplayer
OP13-085,2026-08-03,0.05,tcgplayer
OP13-085,2026-08-10,0.05,tcgplayer
OP13-085,2026-08-17,0.06,tcgplayer
OP13-085,2026-08-24,0.05,tcgplayer
OP13-085,2026-08-31,0.05,tcgplayer
OP13-085,2026-09-05,0.05,limitless
OP13-086,2025-10-27,1.60,tcgplayer
OP13-086,2025-11-03,0.39,tcgplayer
OP13-086,2025-11-10,0.28,tcgplayer
OP13-086,2025-11-17,0.26,tcgplayer
OP13-086,2025-11-24,0.28,tcgplayer
OP13-086,2025-12-01,0.28,tcgplayer
OP13-086,2025-12-08,0.24,tcgplayer
OP13-086,2025-12-15,0.21,tcgplayer
OP13-086,2025-12-22,0.26,tcgplayer
OP13-086,2025-12-29,0.28,tcgplayer
OP13-086,2026-01-05,0.30,tcgplayer
OP13-086,2026-01-12,0.30,tcgplayer
OP13-086,2026-01-19,0.33,tcgplayer
OP13-086,2026-01-26,0.36,tcgplayer
OP13-086,2026-02-02,0.44,tcgplayer
OP13-086,2026-02-09,0.40,tcgplayer
OP13-086,2026-02-16,0.48,tcgplayer
OP13-086,2026-02-23,0.41,tcgplayer
OP13-086,2026-03-02,0.44,tcgplayer
OP13-086,2026-03-09,0.41,tcgplayer
OP13-086,2026-03-16,0.43,tcgplayer
OP13-086,2026-03-23,0.45,tcgplayer
OP13-086,2026-03-30,0.43,tcgplayer
OP13-086,2026-04-06,0.43,tcgplayer
OP13-086,2026-04-13,0.44,tcgplayer
OP13-086,2026-04-20,0.43,tcgplayer
OP13-086,2026-04-27,0.36,tcgplayer
OP13-086,2026-05-04,0.40,tcgplayer
OP13-086,2026-05-11,0.37,tcgplayer
OP13-086,2026-05-18,0.42,tcgplayer
OP13-086,2026-05-25,0.40,tcgplayer
OP13-086,2026-06-01,0.36,tcgplayer
OP13-086,2026-06-08,0.37,tcgplayer
OP13-086,2026-06-15,0.33,tcgplayer
OP13-086,2026-06-22,0.31,tcgplayer
OP13-086,2026-06-29,0.27,tcgplayer
OP13-086,2026-07-06,0.21,tcgplayer
OP13-086,2026-07-13,0.22,tcgplayer
OP13-086,2026-07-20,0.19,tcgplayer
OP13-086,2026-07-27,0.16,tcgplayer
OP13-086,2026-08-03,0.16,tcgplayer
OP13-086,2026-08-10,0.17,tcgplayer
OP13-086,2026-08-17,0.24,tcgplayer
OP13-086,2026-08-24,0.19,tcgplayer
OP13-086,2026-08-31,0.23,tcgplayer
OP13-086,2026-09-05,0.24,limitless
OP13-087,2025-10-27,1.04,tcgplayer
OP13-087,2025-11-03,0.24,tcgplayer
OP13-087,2025-11-10,0.15,tcgplayer
OP13-087,2025-11-17,0.17,tcgplayer
OP13-087,2025-11-24,0.17,tcgplayer
OP13-087,2025-12-01,0.18,tcgplayer
OP13-087,2025-12-08,0.14,tcgplayer
OP13-087,2025-12-15,0.14,tcgplayer
OP13-087,2025-12-22,0.15,tcgplayer
OP13-087,2025-12-29,0.14,tcgplayer
OP13-087,2026-01-05,0.15,tcgplayer
OP13-087,2026-01-12,0.18,tcgplayer
OP13-087,2026-01-19,0.15,tcgplayer
OP13-087,2026-01-26,0.13,tcgplayer
OP13-087,2026-02-02,0.13,tcgplayer
OP13-087,2026-02-09,0.12,tcgplayer
OP13-087,2026-02-16,0.11,tcgplayer
OP13-087,2026-02-23,0.09,tcgplayer
OP13-087,2026-03-02,0.15,tcgplayer
OP13-087,2026-03-09,0.13,tcgplayer
OP13-087,2026-03-16,0.14,tcgplayer
OP13-087,2026-03-23,0.12,tcgplayer
OP13-087,2026-03-30,0.13,tcgplayer
OP13-087,2026-04-06,0.13,tcgplayer
OP13-087,2026-04-13,0.11,tcgplayer
OP13-087,2026-04-20,0.14,tcgplayer
OP13-087,2026-04-27,0.12,tcgplayer
OP13-087,2026-05-04,0.12,tcgplayer
OP13-087,2026-05-11,0.12,tcgplayer
OP13-087,2026-05-18,0.16,tcgplayer
OP13-087,2026-05-25,0.12,tcgplayer
OP13-087,2026-06-01,0.12,tcgplayer
OP13-087,2026-06-08,0.12,tcgplayer
OP13-087,2026-06-15,0.12,tcgplayer
OP13-087,2026-06-22,0.14,tcgplayer
OP13-087,2026-06-29,0.13,tcgplayer
OP13-087,2026-07-06,0.11,tcgplayer
OP13-087,2026-07-13,0.14,tcgplayer
OP13-087,2026-07-20,0.13,tcgplayer
OP13-087,2026-07-27,0.09,tcgplayer
OP13-087,2026-08-03,0.10,tcgplayer
OP13-087,2026-08-10,0.09,tcgplayer
OP13-087,2026-08-17,0.10,tcgplayer
OP13-087,2026-08-24,0.12,tcgplayer
OP13-087,2026-08-31,0.15,tcgplayer
OP13-087,2026-09-05,0.13,limitless
OP13-088,2025-10-27,0.09,tcgplayer
OP13-088,2025-11-03,0.05,tcgplayer
OP13-088,2025-11-10,0.05,tcgplayer
OP13-088,2025-11-17,0.03,tcgplayer
OP13-088,2025-11-24,0.05,tcgplayer
OP13-088,2025-12-01,0.06,tcgplayer
OP13-088,2025-12-08,0.07,tcgplayer
OP13-088,2025-12-15,0.05,tcgplayer
OP13-088,2025-12-22,0.06,tcgplayer
OP13-088,2025-12-29,0.06,tcgplayer
OP13-088,2026-01-05,0.04,tcgplayer
OP13-088,2026-01-12,0.04,tcgplayer
OP13-088,2026-01-19,0.04,tcgplayer
OP13-088,2026-01-26,0.04,tcgplayer
OP13-088,2026-02-02,0.04,tcgplayer
OP13-088,2026-02-09,0.05,tcgplayer
OP13-088,2026-02-16,0.04,tcgplayer
OP13-088,2026-02-23,0.04,tcgplayer
OP13-088,2026-03-02,0.04,tcgplayer
OP13-088,2026-03-09,0.04,tcgplayer
OP13-088,2026-03-16,0.04,tcgplayer
OP13-088,2026-03-23,0.05,tcgplayer
OP13-088,2026-03-30,0.05,tcgplayer
OP13-088,2026-04-06,0.07,tcgplayer
OP13-088,2026-04-13,0.06,tcgplayer
OP13-088,2026-04-20,0.06,tcgplayer
OP13-088,2026-04-27,0.07,tcgplayer
OP13-088,2026-05-04,0.07,tcgplayer
OP13-088,2026-05-11,0.07,tcgplayer
OP13-088,2026-05-18,0.07,tcgplayer
OP13-088,2026-05-25,0.08,tcgplayer
OP13-088,2026-06-01,0.08,tcgplayer
OP13-088,2026-06-08,0.07,tcgplayer
OP13-088,2026-06-15,0.07,tcgplayer
OP13-088,2026-06-22,0.07,tcgplayer
OP13-088,2026-06-29,0.07,tcgplayer
OP13-088,2026-07-06,0.05,tcgplayer
OP13-088,2026-07-13,0.05,tcgplayer
OP13-088,2026-07-20,0.06,tcgplayer
OP13-088,2026-07-27,0.05,tcgplayer
OP13-088,2026-08-03,0.06,tcgplayer
OP13-088,2026-08-10,0.06,tcgplayer
OP13-088,2026-08-17,0.06,tcgplayer
OP13-088,2026-08-24,0.06,tcgplayer
OP13-088,2026-08-31,0.06,tcgplayer
OP13-088,2026-09-05,0.06,limitless
OP13-089,2025-10-27,1.90,tcgplayer
OP13-089,2025-11-03,0.67,tcgplayer
OP13-089,2025-11-10,0.60,tcgplayer
OP13-089,2025-11-17,0.53,tcgplayer
OP13-089,2025-11-24,0.39,tcgplayer
OP13-089,2025-12-01,0.45,tcgplayer
OP13-089,2025-12-08,0.46,tcgplayer
OP13-089,2025-12-15,0.42,tcgplayer
OP13-089,2025-12-22,0.48,tcgplayer
OP13-089,2025-12-29,0.52,tcgplayer
OP13-089,2026-01-05,0.49,tcgplayer
OP13-089,2026-01-12,0.55,tcgplayer
OP13-089,2026-01-19,0.52,tcgplayer
OP13-089,2026-01-26,0.51,tcgplayer
OP13-089,2026-02-02,0.66,tcgplayer
OP13-089,2026-02-09,0.74,tcgplayer
OP13-089,2026-02-16,0.55,tcgplayer
OP13-089,2026-02-23,0.58,tcgplayer
OP13-089,2026-03-02,0.60,tcgplayer
OP13-089,2026-03-09,0.54,tcgplayer
OP13-089,2026-03-16,0.54,tcgplayer
OP13-089,2026-03-23,0.57,tcgplayer
OP13-089,2026-03-30,0.56,tcgplayer
OP13-089,2026-04-06,0.58,tcgplayer
OP13-089,2026-04-13,0.57,tcgplayer
OP13-089,2026-04-20,0.53,tcgplayer
OP13-089,2026-04-27,0.55,tcgplayer
OP13-089,2026-05-04,0.61,tcgplayer
OP13-089,2026-05-11,0.57,tcgplayer
OP13-089,2026-05-18,0.60,tcgplayer
OP13-089,2026-05-25,0.59,tcgplayer
OP13-089,2026-06-01,0.46,tcgplayer
OP13-089,2026-06-08,0.42,tcgplayer
OP13-089,2026-06-15,0.39,tcgplayer
OP13-089,2026-06-22,0.33,tcgplayer
OP13-089,2026-06-29,0.32,tcgplayer
OP13-089,2026-07-06,0.30,tcgplayer
OP13-089,2026-07-13,0.24,tcgplayer
OP13-089,2026-07-20,0.23,tcgplayer
OP13-089,2026-07-27,0.26,tcgplayer
OP13-089,2026-08-03,0.28,tcgplayer
OP13-089,2026-08-10,0.30,tcgplayer
OP13-089,2026-08-17,0.26,tcgplayer
OP13-089,2026-08-24,0.29,tcgplayer
OP13-089,2026-08-31,0.31,tcgplayer
OP13-089,2026-09-05,0.31,limitless
OP13-089p1,2025-10-27,53.39,tcgplayer
OP13-089p1,2025-11-03,43.56,tcgplayer
OP13-089p1,2025-11-10,36.23,tcgplayer
OP13-089p1,2025-11-17,36.67,tcgplayer
OP13-089p1,2025-11-24,37.41,tcgplayer
OP13-089p1,2025-12-01,35.24,tcgplayer
OP13-089p1,2025-12-08,35.14,tcgplayer
OP13-089p1,2025-12-15,34.63,tcgplayer
OP13-089p1,2025-12-22,30.66,tcgplayer
OP13-089p1,2025-12-29,33.06,tcgplayer
OP13-089p1,2026-01-05,35.15,tcgplayer
OP13-089p1,2026-01-12,31.78,tcgplayer
OP13-089p1,2026-01-19,31.27,tcgplayer
OP13-089p1,2026-01-26,32.07,tcgplayer
OP13-089p1,2026-02-02,31.42,tcgplayer
OP13-089p1,2026-02-09,29.60,tcgplayer
OP13-089p1,2026-02-16,24.09,tcgplayer
OP13-089p1,2026-02-23,20.87,tcgplayer
OP13-089p1,2026-03-02,20.66,tcgplayer
OP13-089p1,2026-03-09,19.08,tcgplayer
OP13-089p1,2026-03-16,19.88,tcgplayer
OP13-089p1,2026-03-23,19.80,tcgplayer
OP13-089p1,2026-03-30,20.64,tcgplayer
OP13-089p1,2026-04-06,21.10,tcgplayer
OP13-089p1,2026-04-13,21.42,tcgplayer
OP13-089p1,2026-04-20,19.28,tcgplayer
OP13-089p1,2026-04-27,19.23,tcgplayer
OP13-089p1,2026-05-04,18.82,tcgplayer
OP13-089p1,2026-05-11,19.15,tcgplayer
OP13-089p1,2026-05-18,19.44,tcgplayer
OP13-089p1,2026-05-25,19.53,tcgplayer
OP13-089p1,2026-06-01,19.83,tcgplayer
OP13-089p1,2026-06-08,19.05,tcgplayer
OP13-089p1,2026-06-15,18.59,tcgplayer
OP13-089p1,2026-06-22,17.85,tcgplayer
OP13-089p1,2026-06-29,14.81,tcgplayer
OP13-089p1,2026-07-06,15.72,tcgplayer
OP13-089p1,2026-07-13,15.37,tcgplayer
OP13-089p1,2026-07-20,16.13,tcgplayer
OP13-089p1,2026-07-27,15.59,tcgplayer
OP13-089p1,2026-08-03,15.62,tcgplayer
OP13-089p1,2026-08-10,15.24,tcgplayer
OP13-089p1,2026-08-17,17.22,tcgplayer
OP13-089p1,2026-08-24,20.20,tcgplayer
OP13-089p1,2026-08-31,20.97,tcgplayer
OP13-089p1,2026-09-05,20.96,limitless
OP13-089p2,2025-11-10,437.50,tcgplayer
OP13-089p2,2025-11-17,420.43,tcgplayer
OP13-089p2,2025-11-24,416.28,tcgplayer
OP13-089p2,2025-12-01,414.46,tcgplayer
OP13-089p2,2025-12-08,415.49,tcgplayer
OP13-089p2,2025-12-15,418.05,tcgplayer
OP13-089p2,2025-12-22,418.05,tcgplayer
OP13-089p2,2025-12-29,423.18,tcgplayer
OP13-089p2,2026-01-05,435.47,tcgplayer
OP13-089p2,2026-01-12,460.60,tcgplayer
OP13-089p2,2026-01-19,463.03,tcgplayer
OP13-089p2,2026-01-26,464.63,tcgplayer
OP13-089p2,2026-02-02,463.03,tcgplayer
OP13-089p2,2026-02-09,467.73,tcgplayer
OP13-089p2,2026-02-16,467.73,tcgplayer
OP13-089p2,2026-02-23,467.73,tcgplayer
OP13-089p2,2026-03-02,467.73,tcgplayer
OP13-089p2,2026-03-09,467.73,tcgplayer
OP13-089p2,2026-03-16,467.73,tcgplayer
OP13-089p2,2026-03-23,467.73,tcgplayer
OP13-089p2,2026-03-30,467.73,tcgplayer
OP13-089p2,2026-04-06,467.73,tcgplayer
OP13-089p2,2026-04-13,467.73,tcgplayer
OP13-089p2,2026-04-20,468.33,tcgplayer
OP13-089p2,2026-04-27,468.33,tcgplayer
OP13-089p2,2026-05-04,468.33,tcgplayer
OP13-089p2,2026-05-11,468.14,tcgplayer
OP13-089p2,2026-05-18,467.58,tcgplayer
OP13-089p2,2026-05-25,459.27,tcgplayer
OP13-089p2,2026-06-01,457.51,tcgplayer
OP13-089p2,2026-06-08,448.59,tcgplayer
OP13-089p2,2026-06-15,448.55,tcgplayer
OP13-089p2,2026-06-22,445.72,tcgplayer
OP13-089p2,2026-06-29,436.25,tcgplayer
OP13-089p2,2026-07-06,431.66,tcgplayer
OP13-089p2,2026-07-13,399.16,tcgplayer
OP13-089p2,2026-07-20,399.56,tcgplayer
OP13-089p2,2026-07-27,398.52,tcgplayer
OP13-089p2,2026-08-03,397.59,tcgplayer
OP13-089p2,2026-08-10,390.54,tcgplayer
OP13-089p2,2026-08-17,383.19,tcgplayer
OP13-089p2,2026-08-24,383.19,tcgplayer
OP13-089p2,2026-08-31,382.78,tcgplayer
OP13-089p2,2026-09-05,382.78,limitless
OP13-090,2025-10-27,0.15,tcgplayer
OP13-090,2025-11-03,0.13,tcgplayer
OP13-090,2025-11-10,0.09,tcgplayer
OP13-090,2025-11-17,0.07,tcgplayer
OP13-090,2025-11-24,0.09,tcgplayer
OP13-090,2025-12-01,0.08,tcgplayer
OP13-090,2025-12-08,0.07,tcgplayer
OP13-090,2025-12-15,0.11,tcgplayer
OP13-090,2025-12-22,0.08,tcgplayer
OP13-090,2025-12-29,0.08,tcgplayer
OP13-090,2026-01-05,0.08,tcgplayer
OP13-090,2026-01-12,0.07,tcgplayer
OP13-090,2026-01-19,0.08,tcgplayer
OP13-090,2026-01-26,0.08,tcgplayer
OP13-090,2026-02-02,0.10,tcgplayer
OP13-090,2026-02-09,0.13,tcgplayer
OP13-090,2026-02-16,0.08,tcgplayer
OP13-090,2026-02-23,0.12,tcgplayer
OP13-090,2026-03-02,0.14,tcgplayer
OP13-090,2026-03-09,0.14,tcgplayer
OP13-090,2026-03-16,0.14,tcgplayer
OP13-090,2026-03-23,0.11,tcgplayer
OP13-090,2026-03-30,0.10,tcgplayer
OP13-090,2026-04-06,0.11,tcgplayer
OP13-090,2026-04-13,0.08,tcgplayer
OP13-090,2026-04-20,0.08,tcgplayer
OP13-090,2026-04-27,0.08,tcgplayer
OP13-090,2026-05-04,0.10,tcgplayer
OP13-090,2026-05-11,0.10,tcgplayer
OP13-090,2026-05-18,0.10,tcgplayer
OP13-090,2026-05-25,0.11,tcgplayer
OP13-090,2026-06-01,0.10,tcgplayer
OP13-090,2026-06-08,0.10,tcgplayer
OP13-090,2026-06-15,0.09,tcgplayer
OP13-090,2026-06-22,0.09,tcgplayer
OP13-090,2026-06-29,0.09,tcgplayer
OP13-090,2026-07-06,0.08,tcgplayer
OP13-090,2026-07-13,0.09,tcgplayer
OP13-090,2026-07-20,0.09,tcgplayer
OP13-090,2026-07-27,0.10,tcgplayer
OP13-090,2026-08-03,0.10,tcgplayer
OP13-090,2026-08-10,0.10,tcgplayer
OP13-090,2026-08-17,0.09,tcgplayer
OP13-090,2026-08-24,0.07,tcgplayer
OP13-090,2026-08-31,0.08,tcgplayer
OP13-090,2026-09-05,0.07,limitless
OP13-091,2025-10-27,1.52,tcgplayer
OP13-091,2025-11-03,0.64,tcgplayer
OP13-091,2025-11-10,0.55,tcgplayer
OP13-091,2025-11-17,0.53,tcgplayer
OP13-091,2025-11-24,0.52,tcgplayer
OP13-091,2025-12-01,0.44,tcgplayer
OP13-091,2025-12-08,0.50,tcgplayer
OP13-091,2025-12-15,0.43,tcgplayer
OP13-091,2025-12-22,0.50,tcgplayer
OP13-091,2025-12-29,0.46,tcgplayer
OP13-091,2026-01-05,0.50,tcgplayer
OP13-091,2026-01-12,0.53,tcgplayer
OP13-091,2026-01-19,0.50,tcgplayer
OP13-091,2026-01-26,0.50,tcgplayer
OP13-091,2026-02-02,0.56,tcgplayer
OP13-091,2026-02-09,0.63,tcgplayer
OP13-091,2026-02-16,0.56,tcgplayer
OP13-091,2026-02-23,0.51,tcgplayer
OP13-091,2026-03-02,0.51,tcgplayer
OP13-091,2026-03-09,0.44,tcgplayer
OP13-091,2026-03-16,0.46,tcgplayer
OP13-091,2026-03-23,0.44,tcgplayer
OP13-091,2026-03-30,0.45,tcgplayer
OP13-091,2026-04-06,0.53,tcgplayer
OP13-091,2026-04-13,0.51,tcgplayer
OP13-091,2026-04-20,0.50,tcgplayer
OP13-091,2026-04-27,0.49,tcgplayer
OP13-091,2026-05-04,0.50,tcgplayer
OP13-091,2026-05-11,0.49,tcgplayer
OP13-091,2026-05-18,0.49,tcgplayer
OP13-091,2026-05-25,0.50,tcgplayer
OP13-091,2026-06-01,0.49,tcgplayer
OP13-091,2026-06-08,0.46,tcgplayer
OP13-091,2026-06-15,0.40,tcgplayer
OP13-091,2026-06-22,0.38,tcgplayer
OP13-091,2026-06-29,0.35,tcgplayer
OP13-091,2026-07-06,0.28,tcgplayer
OP13-091,2026-07-13,0.24,tcgplayer
OP13-091,2026-07-20,0.24,tcgplayer
OP13-091,2026-07-27,0.29,tcgplayer
OP13-091,2026-08-03,0.27,tcgplayer
OP13-091,2026-08-10,0.23,tcgplayer
OP13-091,2026-08-17,0.25,tcgplayer
OP13-091,2026-08-24,0.27,tcgplayer
OP13-091,2026-08-31,0.31,tcgplayer
OP13-091,2026-09-05,0.31,limitless
OP13-091p1,2025-10-27,61.04,tcgplayer
OP13-091p1,2025-11-03,56.36,tcgplayer
OP13-091p1,2025-11-10,50.64,tcgplayer
OP13-091p1,2025-11-17,47.10,tcgplayer
OP13-091p1,2025-11-24,48.34,tcgplayer
OP13-091p1,2025-12-01,40.53,tcgplayer
OP13-091p1,2025-12-08,40.49,tcgplayer
OP13-091p1,2025-12-15,40.63,tcgplayer
OP13-091p1,2025-12-22,35.98,tcgplayer
OP13-091p1,2025-12-29,36.28,tcgplayer
OP13-091p1,2026-01-05,36.99,tcgplayer
OP13-091p1,2026-01-12,37.46,tcgplayer
OP13-091p1,2026-01-19,36.75,tcgplayer
OP13-091p1,2026-01-26,36.75,tcgplayer
OP13-091p1,2026-02-02,30.90,tcgplayer
OP13-091p1,2026-02-09,28.64,tcgplayer
OP13-091p1,2026-02-16,24.39,tcgplayer
OP13-091p1,2026-02-23,18.95,tcgplayer
OP13-091p1,2026-03-02,19.09,tcgplayer
OP13-091p1,2026-03-09,19.29,tcgplayer
OP13-091p1,2026-03-16,19.43,tcgplayer
OP13-091p1,2026-03-23,19.84,tcgplayer
OP13-091p1,2026-03-30,21.85,tcgplayer
OP13-091p1,2026-04-06,23.89,tcgplayer
OP13-091p1,2026-04-13,25.16,tcgplayer
OP13-091p1,2026-04-20,25.55,tcgplayer
OP13-091p1,2026-04-27,25.63,tcgplayer
OP13-091p1,2026-05-04,25.18,tcgplayer
OP13-091p1,2026-05-11,25.75,tcgplayer
OP13-091p1,2026-05-18,25.96,tcgplayer
OP13-091p1,2026-05-25,25.01,tcgplayer
OP13-091p1,2026-06-01,25.62,tcgplayer
OP13-091p1,2026-06-08,23.35,tcgplayer
OP13-091p1,2026-06-15,22.46,tcgplayer
OP13-091p1,2026-06-22,18.85,tcgplayer
OP13-091p1,2026-06-29,19.55,tcgplayer
OP13-091p1,2026-07-06,20.88,tcgplayer
OP13-091p1,2026-07-13,20.70,tcgplayer
OP13-091p1,2026-07-20,20.29,tcgplayer
OP13-091p1,2026-07-27,18.15,tcgplayer
OP13-091p1,2026-08-03,17.25,tcgplayer
OP13-091p1,2026-08-10,17.08,tcgplayer
OP13-091p1,2026-08-17,18.88,tcgplayer
OP13-091p1,2026-08-24,25.18,tcgplayer
OP13-091p1,2026-08-31,24.92,tcgplayer
OP13-091p1,2026-09-05,24.86,limitless
OP13-091p2,2025-11-10,440.00,tcgplayer
OP13-091p2,2025-11-17,396.79,tcgplayer
OP13-091p2,2025-11-24,404.74,tcgplayer
OP13-091p2,2025-12-01,404.13,tcgplayer
OP13-091p2,2025-12-08,417.73,tcgplayer
OP13-091p2,2025-12-15,426.14,tcgplayer
OP13-091p2,2025-12-22,426.14,tcgplayer
OP13-091p2,2025-12-29,438.87,tcgplayer
OP13-091p2,2026-01-05,467.68,tcgplayer
OP13-091p2,2026-01-12,485.62,tcgplayer
OP13-091p2,2026-01-19,512.08,tcgplayer
OP13-091p2,2026-01-26,512.08,tcgplayer
OP13-091p2,2026-02-02,512.08,tcgplayer
OP13-091p2,2026-02-09,512.08,tcgplayer
OP13-091p2,2026-02-16,512.08,tcgplayer
OP13-091p2,2026-02-23,512.08,tcgplayer
OP13-091p2,2026-03-02,512.08,tcgplayer
OP13-091p2,2026-03-09,516.10,tcgplayer
OP13-091p2,2026-03-16,516.10,tcgplayer
OP13-091p2,2026-03-23,520.26,tcgplayer
OP13-091p2,2026-03-30,520.26,tcgplayer
OP13-091p2,2026-04-06,520.26,tcgplayer
OP13-091p2,2026-04-13,520.26,tcgplayer
OP13-091p2,2026-04-20,520.26,tcgplayer
OP13-091p2,2026-04-27,525.99,tcgplayer
OP13-091p2,2026-05-04,529.74,tcgplayer
OP13-091p2,2026-05-11,529.74,tcgplayer
OP13-091p2,2026-05-18,529.74,tcgplayer
OP13-091p2,2026-05-25,535.66,tcgplayer
OP13-091p2,2026-06-01,537.52,tcgplayer
OP13-091p2,2026-06-08,539.08,tcgplayer
OP13-091p2,2026-06-15,540.69,tcgplayer
OP13-091p2,2026-06-22,538.58,tcgplayer
OP13-091p2,2026-06-29,543.72,tcgplayer
OP13-091p2,2026-07-06,537.81,tcgplayer
OP13-091p2,2026-07-13,517.22,tcgplayer
OP13-091p2,2026-07-20,494.11,tcgplayer
OP13-091p2,2026-07-27,494.40,tcgplayer
OP13-091p2,2026-08-03,494.40,tcgplayer
OP13-091p2,2026-08-10,494.40,tcgplayer
OP13-091p2,2026-08-17,492.23,tcgplayer
OP13-091p2,2026-08-24,492.23,tcgplayer
OP13-091p2,2026-08-31,492.32,tcgplayer
OP13-091p2,2026-09-05,492.32,limitless
OP13-092,2025-10-27,0.78,tcgplayer
OP13-092,2025-11-03,0.20,tcgplayer
OP13-092,2025-11-10,0.15,tcgplayer
OP13-092,2025-11-17,0.14,tcgplayer
OP13-092,2025-11-24,0.10,tcgplayer
OP13-092,2025-12-01,0.09,tcgplayer
OP13-092,2025-12-08,0.14,tcgplayer
OP13-092,2025-12-15,0.09,tcgplayer
OP13-092,2025-12-22,0.09,tcgplayer
OP13-092,2025-12-29,0.09,tcgplayer
OP13-092,2026-01-05,0.10,tcgplayer
OP13-092,2026-01-12,0.11,tcgplayer
OP13-092,2026-01-19,0.12,tcgplayer
OP13-092,2026-01-26,0.08,tcgplayer
OP13-092,2026-02-02,0.09,tcgplayer
OP13-092,2026-02-09,0.11,tcgplayer
OP13-092,2026-02-16,0.09,tcgplayer
OP13-092,2026-02-23,0.10,tcgplayer
OP13-092,2026-03-02,0.10,tcgplayer
OP13-092,2026-03-09,0.10,tcgplayer
OP13-092,2026-03-16,0.12,tcgplayer
OP13-092,2026-03-23,0.11,tcgplayer
OP13-092,2026-03-30,0.10,tcgplayer
OP13-092,2026-04-06,0.11,tcgplayer
OP13-092,2026-04-13,0.12,tcgplayer
OP13-092,2026-04-20,0.12,tcgplayer
OP13-092,2026-04-27,0.12,tcgplayer
OP13-092,2026-05-04,0.12,tcgplayer
OP13-092,2026-05-11,0.12,tcgplayer
OP13-092,2026-05-18,0.14,tcgplayer
OP13-092,2026-05-25,0.10,tcgplayer
OP13-092,2026-06-01,0.09,tcgplayer
OP13-092,2026-06-08,0.09,tcgplayer
OP13-092,2026-06-15,0.09,tcgplayer
OP13-092,2026-06-22,0.11,tcgplayer
OP13-092,2026-06-29,0.09,tcgplayer
OP13-092,2026-07-06,0.08,tcgplayer
OP13-092,2026-07-13,0.08,tcgplayer
OP13-092,2026-07-20,0.09,tcgplayer
OP13-092,2026-07-27,0.09,tcgplayer
OP13-092,2026-08-03,0.10,tcgplayer
OP13-092,2026-08-10,0.08,tcgplayer
OP13-092,2026-08-17,0.07,tcgplayer
OP13-092,2026-08-24,0.09,tcgplayer
OP13-092,2026-08-31,0.09,tcgplayer
OP13-092,2026-09-05,0.09,limitless
OP13-093,2025-10-27,0.16,tcgplayer
OP13-093,2025-11-03,0.08,tcgplayer
OP13-093,2025-11-10,0.04,tcgplayer
OP13-093,2025-11-17,0.06,tcgplayer
OP13-093,2025-11-24,0.07,tcgplayer
OP13-093,2025-12-01,0.05,tcgplayer
OP13-093,2025-12-08,0.05,tcgplayer
OP13-093,2025-12-15,0.05,tcgplayer
OP13-093,2025-12-22,0.05,tcgplayer
OP13-093,2025-12-29,0.04,tcgplayer
OP13-093,2026-01-05,0.04,tcgplayer
OP13-093,2026-01-12,0.04,tcgplayer
OP13-093,2026-01-19,0.03,tcgplayer
OP13-093,2026-01-26,0.04,tcgplayer
OP13-093,2026-02-02,0.04,tcgplayer
OP13-093,2026-02-09,0.04,tcgplayer
OP13-093,2026-02-16,0.03,tcgplayer
OP13-093,2026-02-23,0.04,tcgplayer
OP13-093,2026-03-02,0.05,tcgplayer
OP13-093,2026-03-09,0.05,tcgplayer
OP13-093,2026-03-16,0.04,tcgplayer
OP13-093,2026-03-23,0.04,tcgplayer
OP13-093,2026-03-30,0.04,tcgplayer
OP13-093,2026-04-06,0.05,tcgplayer
OP13-093,2026-04-13,0.06,tcgplayer
OP13-093,2026-04-20,0.05,tcgplayer
OP13-093,2026-04-27,0.08,tcgplayer
OP13-093,2026-05-04,0.07,tcgplayer
OP13-093,2026-05-11,0.07,tcgplayer
OP13-093,2026-05-18,0.07,tcgplayer
OP13-093,2026-05-25,0.06,tcgplayer
OP13-093,2026-06-01,0.05,tcgplayer
OP13-093,2026-06-08,0.08,tcgplayer
OP13-093,2026-06-15,0.09,tcgplayer
OP13-093,2026-06-22,0.08,tcgplayer
OP13-093,2026-06-29,0.07,tcgplayer
OP13-093,2026-07-06,0.06,tcgplayer
OP13-093,2026-07-13,0.08,tcgplayer
OP13-093,2026-07-20,0.08,tcgplayer
OP13-093,2026-07-27,0.13,tcgplayer
OP13-093,2026-08-03,0.11,tcgplayer
OP13-093,2026-08-10,0.10,tcgplayer
OP13-093,2026-08-17,0.10,tcgplayer
OP13-093,2026-08-24,0.07,tcgplayer
OP13-093,2026-08-31,0.13,tcgplayer
OP13-093,2026-09-05,0.10,limitless
OP13-094,2025-10-27,0.20,tcgplayer
OP13-094,2025-11-03,0.04,tcgplayer
OP13-094,2025-11-10,0.04,tcgplayer
OP13-094,2025-11-17,0.02,tcgplayer
OP13-094,2025-11-24,0.02,tcgplayer
OP13-094,2025-12-01,0.05,tcgplayer
OP13-094,2025-12-08,0.06,tcgplayer
OP13-094,2025-12-15,0.06,tcgplayer
OP13-094,2025-12-22,0.04,tcgplayer
OP13-094,2025-12-29,0.05,tcgplayer
OP13-094,2026-01-05,0.07,tcgplayer
OP13-094,2026-01-12,0.06,tcgplayer
OP13-094,2026-01-19,0.04,tcgplayer
OP13-094,2026-01-26,0.06,tcgplayer
OP13-094,2026-02-02,0.07,tcgplayer
OP13-094,2026-02-09,0.08,tcgplayer
OP13-094,2026-02-16,0.06,tcgplayer
OP13-094,2026-02-23,0.04,tcgplayer
OP13-094,2026-03-02,0.03,tcgplayer
OP13-094,2026-03-09,0.03,tcgplayer
OP13-094,2026-03-16,0.03,tcgplayer
OP13-094,2026-03-23,0.03,tcgplayer
OP13-094,2026-03-30,0.04,tcgplayer
OP13-094,2026-04-06,0.05,tcgplayer
OP13-094,2026-04-13,0.05,tcgplayer
OP13-094,2026-04-20,0.06,tcgplayer
OP13-094,2026-04-27,0.05,tcgplayer
OP13-094,2026-05-04,0.05,tcgplayer
OP13-094,2026-05-11,0.04,tcgplayer
OP13-094,2026-05-18,0.05,tcgplayer
OP13-094,2026-05-25,0.05,tcgplayer
OP13-094,2026-06-01,0.05,tcgplayer
OP13-094,2026-06-08,0.04,tcgplayer
OP13-094,2026-06-15,0.05,tcgplayer
OP13-094,2026-06-22,0.05,tcgplayer
OP13-094,2026-06-29,0.04,tcgplayer
OP13-094,2026-07-06,0.04,tcgplayer
OP13-094,2026-07-13,0.05,tcgplayer
OP13-094,2026-07-20,0.08,tcgplayer
OP13-094,2026-07-27,0.05,tcgplayer
OP13-094,2026-08-03,0.05,tcgplayer
OP13-094,2026-08-10,0.06,tcgplayer
OP13-094,2026-08-17,0.06,tcgplayer
OP13-094,2026-08-24,0.06,tcgplayer
OP13-094,2026-08-31,0.08,tcgplayer
OP13-094,2026-09-05,0.08,limitless
OP13-095,2025-10-27,0.79,tcgplayer
OP13-095,2025-11-03,0.20,tcgplayer
OP13-095,2025-11-10,0.11,tcgplayer
OP13-095,2025-11-17,0.13,tcgplayer
OP13-095,2025-11-24,0.07,tcgplayer
OP13-095,2025-12-01,0.08,tcgplayer
OP13-095,2025-12-08,0.10,tcgplayer
OP13-095,2025-12-15,0.08,tcgplayer
OP13-095,2025-12-22,0.08,tcgplayer
OP13-095,2025-12-29,0.08,tcgplayer
OP13-095,2026-01-05,0.07,tcgplayer
OP13-095,2026-01-12,0.05,tcgplayer
OP13-095,2026-01-19,0.15,tcgplayer
OP13-095,2026-01-26,0.10,tcgplayer
OP13-095,2026-02-02,0.07,tcgplayer
OP13-095,2026-02-09,0.05,tcgplayer
OP13-095,2026-02-16,0.04,tcgplayer
OP13-095,2026-02-23,0.03,tcgplayer
OP13-095,2026-03-02,0.04,tcgplayer
OP13-095,2026-03-09,0.06,tcgplayer
OP13-095,2026-03-16,0.08,tcgplayer
OP13-095,2026-03-23,0.07,tcgplayer
OP13-095,2026-03-30,0.08,tcgplayer
OP13-095,2026-04-06,0.06,tcgplayer
OP13-095,2026-04-13,0.06,tcgplayer
OP13-095,2026-04-20,0.08,tcgplayer
OP13-095,2026-04-27,0.05,tcgplayer
OP13-095,2026-05-04,0.06,tcgplayer
OP13-095,2026-05-11,0.04,tcgplayer
OP13-095,2026-05-18,0.08,tcgplayer
OP13-095,2026-05-25,0.08,tcgplayer
OP13-095,2026-06-01,0.09,tcgplayer
OP13-095,2026-06-08,0.06,tcgplayer
OP13-095,2026-06-15,0.06,tcgplayer
OP13-095,2026-06-22,0.06,tcgplayer
OP13-095,2026-06-29,0.06,tcgplayer
OP13-095,2026-07-06,0.05,tcgplayer
OP13-095,2026-07-13,0.06,tcgplayer
OP13-095,2026-07-20,0.08,tcgplayer
OP13-095,2026-07-27,0.07,tcgplayer
OP13-095,2026-08-03,0.09,tcgplayer
OP13-095,2026-08-10,0.10,tcgplayer
OP13-095,2026-08-17,0.08,tcgplayer
OP13-095,2026-08-24,0.10,tcgplayer
OP13-095,2026-08-31,0.08,tcgplayer
OP13-095,2026-09-05,0.09,limitless
OP13-096,2025-10-27,1.52,tcgplayer
OP13-096,2025-11-03,0.55,tcgplayer
OP13-096,2025-11-10,0.57,tcgplayer
OP13-096,2025-11-17,0.49,tcgplayer
OP13-096,2025-11-24,0.52,tcgplayer
OP13-096,2025-12-01,0.45,tcgplayer
OP13-096,2025-12-08,0.45,tcgplayer
OP13-096,2025-12-15,0.42,tcgplayer
OP13-096,2025-12-22,0.50,tcgplayer
OP13-096,2025-12-29,0.59,tcgplayer
OP13-096,2026-01-05,0.55,tcgplayer
OP13-096,2026-01-12,0.55,tcgplayer
OP13-096,2026-01-19,0.51,tcgplayer
OP13-096,2026-01-26,0.55,tcgplayer
OP13-096,2026-02-02,0.59,tcgplayer
OP13-096,2026-02-09,0.53,tcgplayer
OP13-096,2026-02-16,0.51,tcgplayer
OP13-096,2026-02-23,0.49,tcgplayer
OP13-096,2026-03-02,0.52,tcgplayer
OP13-096,2026-03-09,0.41,tcgplayer
OP13-096,2026-03-16,0.44,tcgplayer
OP13-096,2026-03-23,0.42,tcgplayer
OP13-096,2026-03-30,0.42,tcgplayer
OP13-096,2026-04-06,0.44,tcgplayer
OP13-096,2026-04-13,0.43,tcgplayer
OP13-096,2026-04-20,0.38,tcgplayer
OP13-096,2026-04-27,0.40,tcgplayer
OP13-096,2026-05-04,0.55,tcgplayer
OP13-096,2026-05-11,0.48,tcgplayer
OP13-096,2026-05-18,0.45,tcgplayer
OP13-096,2026-05-25,0.39,tcgplayer
OP13-096,2026-06-01,0.34,tcgplayer
OP13-096,2026-06-08,0.32,tcgplayer
OP13-096,2026-06-15,0.34,tcgplayer
OP13-096,2026-06-22,0.28,tcgplayer
OP13-096,2026-06-29,0.26,tcgplayer
OP13-096,2026-07-06,0.21,tcgplayer
OP13-096,2026-07-13,0.22,tcgplayer
OP13-096,2026-07-20,0.21,tcgplayer
OP13-096,2026-07-27,0.18,tcgplayer
OP13-096,2026-08-03,0.22,tcgplayer
OP13-096,2026-08-10,0.20,tcgplayer
OP13-096,2026-08-17,0.26,tcgplayer
OP13-096,2026-08-24,0.22,tcgplayer
OP13-096,2026-08-31,0.27,tcgplayer
OP13-096,2026-09-05,0.27,limitless
OP13-097,2025-10-27,0.78,tcgplayer
OP13-097,2025-11-03,0.20,tcgplayer
OP13-097,2025-11-10,0.15,tcgplayer
OP13-097,2025-11-17,0.12,tcgplayer
OP13-097,2025-11-24,0.10,tcgplayer
OP13-097,2025-12-01,0.09,tcgplayer
OP13-097,2025-12-08,0.12,tcgplayer
OP13-097,2025-12-15,0.09,tcgplayer
OP13-097,2025-12-22,0.08,tcgplayer
OP13-097,2025-12-29,0.09,tcgplayer
OP13-097,2026-01-05,0.10,tcgplayer
OP13-097,2026-01-12,0.10,tcgplayer
OP13-097,2026-01-19,0.12,tcgplayer
OP13-097,2026-01-26,0.12,tcgplayer
OP13-097,2026-02-02,0.11,tcgplayer
OP13-097,2026-02-09,0.09,tcgplayer
OP13-097,2026-02-16,0.09,tcgplayer
OP13-097,2026-02-23,0.07,tcgplayer
OP13-097,2026-03-02,0.13,tcgplayer
OP13-097,2026-03-09,0.08,tcgplayer
OP13-097,2026-03-16,0.09,tcgplayer
OP13-097,2026-03-23,0.09,tcgplayer
OP13-097,2026-03-30,0.08,tcgplayer
OP13-097,2026-04-06,0.07,tcgplayer
OP13-097,2026-04-13,0.07,tcgplayer
OP13-097,2026-04-20,0.08,tcgplayer
OP13-097,2026-04-27,0.09,tcgplayer
OP13-097,2026-05-04,0.07,tcgplayer
OP13-097,2026-05-11,0.09,tcgplayer
OP13-097,2026-05-18,0.09,tcgplayer
OP13-097,2026-05-25,0.08,tcgplayer
OP13-097,2026-06-01,0.09,tcgplayer
OP13-097,2026-06-08,0.07,tcgplayer
OP13-097,2026-06-15,0.06,tcgplayer
OP13-097,2026-06-22,0.08,tcgplayer
OP13-097,2026-06-29,0.09,tcgplayer
OP13-097,2026-07-06,0.07,tcgplayer
OP13-097,2026-07-13,0.08,tcgplayer
OP13-097,2026-07-20,0.12,tcgplayer
OP13-097,2026-07-27,0.06,tcgplayer
OP13-097,2026-08-03,0.06,tcgplayer
OP13-097,2026-08-10,0.07,tcgplayer
OP13-097,2026-08-17,0.07,tcgplayer
OP13-097,2026-08-24,0.10,tcgplayer
OP13-097,2026-08-31,0.09,tcgplayer
OP13-097,2026-09-05,0.09,limitless
OP13-098,2025-10-27,0.72,tcgplayer
OP13-098,2025-11-03,0.31,tcgplayer
OP13-098,2025-11-10,0.26,tcgplayer
OP13-098,2025-11-17,0.29,tcgplayer
OP13-098,2025-11-24,0.27,tcgplayer
OP13-098,2025-12-01,0.24,tcgplayer
OP13-098,2025-12-08,0.23,tcgplayer
OP13-098,2025-12-15,0.26,tcgplayer
OP13-098,2025-12-22,0.26,tcgplayer
OP13-098,2025-12-29,0.28,tcgplayer
OP13-098,2026-01-05,0.30,tcgplayer
OP13-098,2026-01-12,0.37,tcgplayer
OP13-098,2026-01-19,0.39,tcgplayer
OP13-098,2026-01-26,0.43,tcgplayer
OP13-098,2026-02-02,0.45,tcgplayer
OP13-098,2026-02-09,0.48,tcgplayer
OP13-098,2026-02-16,0.45,tcgplayer
OP13-098,2026-02-23,0.46,tcgplayer
OP13-098,2026-03-02,0.46,tcgplayer
OP13-098,2026-03-09,0.44,tcgplayer
OP13-098,2026-03-16,0.45,tcgplayer
OP13-098,2026-03-23,0.45,tcgplayer
OP13-098,2026-03-30,0.46,tcgplayer
OP13-098,2026-04-06,0.50,tcgplayer
OP13-098,2026-04-13,0.45,tcgplayer
OP13-098,2026-04-20,0.42,tcgplayer
OP13-098,2026-04-27,0.40,tcgplayer
OP13-098,2026-05-04,0.40,tcgplayer
OP13-098,2026-05-11,0.41,tcgplayer
OP13-098,2026-05-18,0.41,tcgplayer
OP13-098,2026-05-25,0.44,tcgplayer
OP13-098,2026-06-01,0.34,tcgplayer
OP13-098,2026-06-08,0.34,tcgplayer
OP13-098,2026-06-15,0.30,tcgplayer
OP13-098,2026-06-22,0.33,tcgplayer
OP13-098,2026-06-29,0.30,tcgplayer
OP13-098,2026-07-06,0.24,tcgplayer
OP13-098,2026-07-13,0.23,tcgplayer
OP13-098,2026-07-20,0.26,tcgplayer
OP13-098,2026-07-27,0.21,tcgplayer
OP13-098,2026-08-03,0.20,tcgplayer
OP13-098,2026-08-10,0.21,tcgplayer
OP13-098,2026-08-17,0.20,tcgplayer
OP13-098,2026-08-24,0.22,tcgplayer
OP13-098,2026-08-31,0.20,tcgplayer
OP13-098,2026-09-05,0.19,limitless
OP13-099,2025-10-27,0.78,tcgplayer
OP13-099,2025-11-03,0.14,tcgplayer
OP13-099,2025-11-10,0.14,tcgplayer
OP13-099,2025-11-17,0.09,tcgplayer
OP13-099,2025-11-24,0.07,tcgplayer
OP13-099,2025-12-01,0.07,tcgplayer
OP13-099,2025-12-08,0.06,tcgplayer
OP13-099,2025-12-15,0.08,tcgplayer
OP13-099,2025-12-22,0.06,tcgplayer
OP13-099,2025-12-29,0.07,tcgplayer
OP13-099,2026-01-05,0.07,tcgplayer
OP13-099,2026-01-12,0.08,tcgplayer
OP13-099,2026-01-19,0.07,tcgplayer
OP13-099,2026-01-26,0.05,tcgplayer
OP13-099,2026-02-02,0.08,tcgplayer
OP13-099,2026-02-09,0.07,tcgplayer
OP13-099,2026-02-16,0.06,tcgplayer
OP13-099,2026-02-23,0.06,tcgplayer
OP13-099,2026-03-02,0.06,tcgplayer
OP13-099,2026-03-09,0.05,tcgplayer
OP13-099,2026-03-16,0.07,tcgplayer
OP13-099,2026-03-23,0.06,tcgplayer
OP13-099,2026-03-30,0.07,tcgplayer
OP13-099,2026-04-06,0.05,tcgplayer
OP13-099,2026-04-13,0.06,tcgplayer
OP13-099,2026-04-20,0.08,tcgplayer
OP13-099,2026-04-27,0.06,tcgplayer
OP13-099,2026-05-04,0.05,tcgplayer
OP13-099,2026-05-11,0.08,tcgplayer
OP13-099,2026-05-18,0.08,tcgplayer
OP13-099,2026-05-25,0.06,tcgplayer
OP13-099,2026-06-01,0.06,tcgplayer
OP13-099,2026-06-08,0.05,tcgplayer
OP13-099,2026-06-15,0.06,tcgplayer
OP13-099,2026-06-22,0.07,tcgplayer
OP13-099,2026-06-29,0.05,tcgplayer
OP13-099,2026-07-06,0.04,tcgplayer
OP13-099,2026-07-13,0.06,tcgplayer
OP13-099,2026-07-20,0.10,tcgplayer
OP13-099,2026-07-27,0.06,tcgplayer
OP13-099,2026-08-03,0.08,tcgplayer
OP13-099,2026-08-10,0.05,tcgplayer
OP13-099,2026-08-17,0.05,tcgplayer
OP13-099,2026-08-24,0.07,tcgplayer
OP13-099,2026-08-31,0.08,tcgplayer
OP13-099,2026-09-05,0.08,limitless
OP13-100,2025-10-20,0.93,tcgplayer
OP13-100,2025-10-27,0.48,tcgplayer
OP13-100,2025-11-03,0.16,tcgplayer
OP13-100,2025-11-10,0.18,tcgplayer
OP13-100,2025-11-17,0.10,tcgplayer
OP13-100,2025-11-24,0.11,tcgplayer
OP13-100,2025-12-01,0.12,tcgplayer
OP13-100,2025-12-08,0.11,tcgplayer
OP13-100,2025-12-15,0.11,tcgplayer
OP13-100,2025-12-22,0.10,tcgplayer
OP13-100,2025-12-29,0.10,tcgplayer
OP13-100,2026-01-05,0.10,tcgplayer
OP13-100,2026-01-12,0.11,tcgplayer
OP13-100,2026-01-19,0.11,tcgplayer
OP13-100,2026-01-26,0.14,tcgplayer
OP13-100,2026-02-02,0.10,tcgplayer
OP13-100,2026-02-09,0.12,tcgplayer
OP13-100,2026-02-16,0.12,tcgplayer
OP13-100,2026-02-23,0.15,tcgplayer
OP13-100,2026-03-02,0.11,tcgplayer
OP13-100,2026-03-09,0.11,tcgplayer
OP13-100,2026-03-16,0.16,tcgplayer
OP13-100,2026-03-23,0.13,tcgplayer
OP13-100,2026-03-30,0.12,tcgplayer
OP13-100,2026-04-06,0.14,tcgplayer
OP13-100,2026-04-13,0.19,tcgplayer
OP13-100,2026-04-20,0.18,tcgplayer
OP13-100,2026-04-27,0.13,tcgplayer
OP13-100,2026-05-04,0.11,tcgplayer
OP13-100,2026-05-11,0.18,tcgplayer
OP13-100,2026-05-18,0.12,tcgplayer
OP13-100,2026-05-25,0.13,tcgplayer
OP13-100,2026-06-01,0.13,tcgplayer
OP13-100,2026-06-08,0.14,tcgplayer
OP13-100,2026-06-15,0.15,tcgplayer
OP13-100,2026-06-22,0.17,tcgplayer
OP13-100,2026-06-29,0.14,tcgplayer
OP13-100,2026-07-06,0.17,tcgplayer
OP13-100,2026-07-13,0.17,tcgplayer
OP13-100,2026-07-20,0.13,tcgplayer
OP13-100,2026-07-27,0.16,tcgplayer
OP13-100,2026-08-03,0.14,tcgplayer
OP13-100,2026-08-10,0.15,tcgplayer
OP13-100,2026-08-17,0.20,tcgplayer
OP13-100,2026-08-24,0.15,tcgplayer
OP13-100,2026-08-31,0.16,tcgplayer
OP13-100,2026-09-05,0.19,limitless
OP13-100p1,2025-10-20,1.99,tcgplayer
OP13-100p1,2025-10-27,34.91,tcgplayer
OP13-100p1,2025-11-03,24.87,tcgplayer
OP13-100p1,2025-11-10,23.23,tcgplayer
OP13-100p1,2025-11-17,21.63,tcgplayer
OP13-100p1,2025-11-24,20.85,tcgplayer
OP13-100p1,2025-12-01,21.28,tcgplayer
OP13-100p1,2025-12-08,24.94,tcgplayer
OP13-100p1,2025-12-15,24.75,tcgplayer
OP13-100p1,2025-12-22,25.25,tcgplayer
OP13-100p1,2025-12-29,26.48,tcgplayer
OP13-100p1,2026-01-05,25.41,tcgplayer
OP13-100p1,2026-01-12,27.55,tcgplayer
OP13-100p1,2026-01-19,25.44,tcgplayer
OP13-100p1,2026-01-26,23.85,tcgplayer
OP13-100p1,2026-02-02,22.05,tcgplayer
OP13-100p1,2026-02-09,20.97,tcgplayer
OP13-100p1,2026-02-16,17.41,tcgplayer
OP13-100p1,2026-02-23,18.23,tcgplayer
OP13-100p1,2026-03-02,18.62,tcgplayer
OP13-100p1,2026-03-09,18.45,tcgplayer
OP13-100p1,2026-03-16,18.02,tcgplayer
OP13-100p1,2026-03-23,17.10,tcgplayer
OP13-100p1,2026-03-30,16.40,tcgplayer
OP13-100p1,2026-04-06,16.12,tcgplayer
OP13-100p1,2026-04-13,14.31,tcgplayer
OP13-100p1,2026-04-20,14.38,tcgplayer
OP13-100p1,2026-04-27,15.03,tcgplayer
OP13-100p1,2026-05-04,15.11,tcgplayer
OP13-100p1,2026-05-11,14.52,tcgplayer
OP13-100p1,2026-05-18,14.58,tcgplayer
OP13-100p1,2026-05-25,14.52,tcgplayer
OP13-100p1,2026-06-01,14.68,tcgplayer
OP13-100p1,2026-06-08,14.72,tcgplayer
OP13-100p1,2026-06-15,14.34,tcgplayer
OP13-100p1,2026-06-22,15.33,tcgplayer
OP13-100p1,2026-06-29,14.94,tcgplayer
OP13-100p1,2026-07-06,14.04,tcgplayer
OP13-100p1,2026-07-13,13.28,tcgplayer
OP13-100p1,2026-07-20,12.64,tcgplayer
OP13-100p1,2026-07-27,12.71,tcgplayer
OP13-100p1,2026-08-03,12.63,tcgplayer
OP13-100p1,2026-08-10,12.61,tcgplayer
OP13-100p1,2026-08-17,12.37,tcgplayer
OP13-100p1,2026-08-24,13.22,tcgplayer
OP13-100p1,2026-08-31,13.59,tcgplayer
OP13-100p1,2026-09-05,13.61,limitless
OP13-101,2025-10-27,0.21,tcgplayer
OP13-101,2025-11-03,0.05,tcgplayer
OP13-101,2025-11-10,0.08,tcgplayer
OP13-101,2025-11-17,0.04,tcgplayer
OP13-101,2025-11-24,0.04,tcgplayer
OP13-101,2025-12-01,0.05,tcgplayer
OP13-101,2025-12-08,0.05,tcgplayer
OP13-101,2025-12-15,0.06,tcgplayer
OP13-101,2025-12-22,0.06,tcgplayer
OP13-101,2025-12-29,0.05,tcgplayer
OP13-101,2026-01-05,0.06,tcgplayer
OP13-101,2026-01-12,0.06,tcgplayer
OP13-101,2026-01-19,0.07,tcgplayer
OP13-101,2026-01-26,0.07,tcgplayer
OP13-101,2026-02-02,0.04,tcgplayer
OP13-101,2026-02-09,0.06,tcgplayer
OP13-101,2026-02-16,0.07,tcgplayer
OP13-101,2026-02-23,0.06,tcgplayer
OP13-101,2026-03-02,0.05,tcgplayer
OP13-101,2026-03-09,0.05,tcgplayer
OP13-101,2026-03-16,0.07,tcgplayer
OP13-101,2026-03-23,0.08,tcgplayer
OP13-101,2026-03-30,0.08,tcgplayer
OP13-101,2026-04-06,0.09,tcgplayer
OP13-101,2026-04-13,0.06,tcgplayer
OP13-101,2026-04-20,0.06,tcgplayer
OP13-101,2026-04-27,0.06,tcgplayer
OP13-101,2026-05-04,0.08,tcgplayer
OP13-101,2026-05-11,0.07,tcgplayer
OP13-101,2026-05-18,0.09,tcgplayer
OP13-101,2026-05-25,0.08,tcgplayer
OP13-101,2026-06-01,0.08,tcgplayer
OP13-101,2026-06-08,0.08,tcgplayer
OP13-101,2026-06-15,0.08,tcgplayer
OP13-101,2026-06-22,0.08,tcgplayer
OP13-101,2026-06-29,0.08,tcgplayer
OP13-101,2026-07-06,0.06,tcgplayer
OP13-101,2026-07-13,0.07,tcgplayer
OP13-101,2026-07-20,0.06,tcgplayer
OP13-101,2026-07-27,0.06,tcgplayer
OP13-101,2026-08-03,0.09,tcgplayer
OP13-101,2026-08-10,0.09,tcgplayer
OP13-101,2026-08-17,0.07,tcgplayer
OP13-101,2026-08-24,0.08,tcgplayer
OP13-101,2026-08-31,0.09,tcgplayer
OP13-101,2026-09-05,0.09,limitless
OP13-102,2025-10-27,0.13,tcgplayer
OP13-102,2025-11-03,0.08,tcgplayer
OP13-102,2025-11-10,0.11,tcgplayer
OP13-102,2025-11-17,0.13,tcgplayer
OP13-102,2025-11-24,0.08,tcgplayer
OP13-102,2025-12-01,0.13,tcgplayer
OP13-102,2025-12-08,0.12,tcgplayer
OP13-102,2025-12-15,0.07,tcgplayer
OP13-102,2025-12-22,0.10,tcgplayer
OP13-102,2025-12-29,0.11,tcgplayer
OP13-102,2026-01-05,0.09,tcgplayer
OP13-102,2026-01-12,0.09,tcgplayer
OP13-102,2026-01-19,0.11,tcgplayer
OP13-102,2026-01-26,0.10,tcgplayer
OP13-102,2026-02-02,0.08,tcgplayer
OP13-102,2026-02-09,0.08,tcgplayer
OP13-102,2026-02-16,0.09,tcgplayer
OP13-102,2026-02-23,0.09,tcgplayer
OP13-102,2026-03-02,0.09,tcgplayer
OP13-102,2026-03-09,0.08,tcgplayer
OP13-102,2026-03-16,0.06,tcgplayer
OP13-102,2026-03-23,0.06,tcgplayer
OP13-102,2026-03-30,0.06,tcgplayer
OP13-102,2026-04-06,0.06,tcgplayer
OP13-102,2026-04-13,0.05,tcgplayer
OP13-102,2026-04-20,0.05,tcgplayer
OP13-102,2026-04-27,0.06,tcgplayer
OP13-102,2026-05-04,0.06,tcgplayer
OP13-102,2026-05-11,0.07,tcgplayer
OP13-102,2026-05-18,0.07,tcgplayer
OP13-102,2026-05-25,0.07,tcgplayer
OP13-102,2026-06-01,0.08,tcgplayer
OP13-102,2026-06-08,0.07,tcgplayer
OP13-102,2026-06-15,0.09,tcgplayer
OP13-102,2026-06-22,0.08,tcgplayer
OP13-102,2026-06-29,0.09,tcgplayer
OP13-102,2026-07-06,0.10,tcgplayer
OP13-102,2026-07-13,0.06,tcgplayer
OP13-102,2026-07-20,0.06,tcgplayer
OP13-102,2026-07-27,0.10,tcgplayer
OP13-102,2026-08-03,0.09,tcgplayer
OP13-102,2026-08-10,0.11,tcgplayer
OP13-102,2026-08-17,0.08,tcgplayer
OP13-102,2026-08-24,0.10,tcgplayer
OP13-102,2026-08-31,0.10,tcgplayer
OP13-102,2026-09-05,0.10,limitless
OP13-103,2025-11-03,0.06,tcgplayer
OP13-103,2025-11-10,0.03,tcgplayer
OP13-103,2025-11-17,0.02,tcgplayer
OP13-103,2025-11-24,0.02,tcgplayer
OP13-103,2025-12-01,0.03,tcgplayer
OP13-103,2025-12-08,0.03,tcgplayer
OP13-103,2025-12-15,0.04,tcgplayer
OP13-103,2025-12-22,0.03,tcgplayer
OP13-103,2025-12-29,0.03,tcgplayer
OP13-103,2026-01-05,0.02,tcgplayer
OP13-103,2026-01-12,0.03,tcgplayer
OP13-103,2026-01-19,0.03,tcgplayer
OP13-103,2026-01-26,0.03,tcgplayer
OP13-103,2026-02-02,0.02,tcgplayer
OP13-103,2026-02-09,0.02,tcgplayer
OP13-103,2026-02-16,0.02,tcgplayer
OP13-103,2026-02-23,0.03,tcgplayer
OP13-103,2026-03-02,0.03,tcgplayer
OP13-103,2026-03-09,0.03,tcgplayer
OP13-103,2026-03-16,0.03,tcgplayer
OP13-103,2026-03-23,0.02,tcgplayer
OP13-103,2026-03-30,0.03,tcgplayer
OP13-103,2026-04-06,0.02,tcgplayer
OP13-103,2026-04-13,0.02,tcgplayer
OP13-103,2026-04-20,0.02,tcgplayer
OP13-103,2026-04-27,0.03,tcgplayer
OP13-103,2026-05-04,0.02,tcgplayer
OP13-103,2026-05-11,0.02,tcgplayer
OP13-103,2026-05-18,0.03,tcgplayer
OP13-103,2026-05-25,0.02,tcgplayer
OP13-103,2026-06-01,0.03,tcgplayer
OP13-103,2026-06-08,0.03,tcgplayer
OP13-103,2026-06-15,0.03,tcgplayer
OP13-103,2026-06-22,0.03,tcgplayer
OP13-103,2026-06-29,0.03,tcgplayer
OP13-103,2026-07-06,0.03,tcgplayer
OP13-103,2026-07-13,0.03,tcgplayer
OP13-103,2026-07-20,0.03,tcgplayer
OP13-103,2026-07-27,0.03,tcgplayer
OP13-103,2026-08-03,0.03,tcgplayer
OP13-103,2026-08-10,0.02,tcgplayer
OP13-103,2026-08-17,0.02,tcgplayer
OP13-103,2026-08-24,0.02,tcgplayer
OP13-103,2026-08-31,0.02,tcgplayer
OP13-103,2026-09-05,0.02,limitless
OP13-104,2025-10-27,0.48,tcgplayer
OP13-104,2025-11-03,0.22,tcgplayer
OP13-104,2025-11-10,0.24,tcgplayer
OP13-104,2025-11-17,0.18,tcgplayer
OP13-104,2025-11-24,0.24,tcgplayer
OP13-104,2025-12-01,0.21,tcgplayer
OP13-104,2025-12-08,0.23,tcgplayer
OP13-104,2025-12-15,0.25,tcgplayer
OP13-104,2025-12-22,0.21,tcgplayer
OP13-104,2025-12-29,0.20,tcgplayer
OP13-104,2026-01-05,0.30,tcgplayer
OP13-104,2026-01-12,0.26,tcgplayer
OP13-104,2026-01-19,0.30,tcgplayer
OP13-104,2026-01-26,0.27,tcgplayer
OP13-104,2026-02-02,0.24,tcgplayer
OP13-104,2026-02-09,0.30,tcgplayer
OP13-104,2026-02-16,0.27,tcgplayer
OP13-104,2026-02-23,0.25,tcgplayer
OP13-104,2026-03-02,0.24,tcgplayer
OP13-104,2026-03-09,0.28,tcgplayer
OP13-104,2026-03-16,0.28,tcgplayer
OP13-104,2026-03-23,0.22,tcgplayer
OP13-104,2026-03-30,0.29,tcgplayer
OP13-104,2026-04-06,0.26,tcgplayer
OP13-104,2026-04-13,0.26,tcgplayer
OP13-104,2026-04-20,0.18,tcgplayer
OP13-104,2026-04-27,0.23,tcgplayer
OP13-104,2026-05-04,0.24,tcgplayer
OP13-104,2026-05-11,0.25,tcgplayer
OP13-104,2026-05-18,0.26,tcgplayer
OP13-104,2026-05-25,0.31,tcgplayer
OP13-104,2026-06-01,0.23,tcgplayer
OP13-104,2026-06-08,0.26,tcgplayer
OP13-104,2026-06-15,0.24,tcgplayer
OP13-104,2026-06-22,0.22,tcgplayer
OP13-104,2026-06-29,0.19,tcgplayer
OP13-104,2026-07-06,0.16,tcgplayer
OP13-104,2026-07-13,0.24,tcgplayer
OP13-104,2026-07-20,0.20,tcgplayer
OP13-104,2026-07-27,0.22,tcgplayer
OP13-104,2026-08-03,0.20,tcgplayer
OP13-104,2026-08-10,0.27,tcgplayer
OP13-104,2026-08-17,0.25,tcgplayer
OP13-104,2026-08-24,0.19,tcgplayer
OP13-104,2026-08-31,0.19,tcgplayer
OP13-104,2026-09-05,0.19,limitless
OP13-105,2025-10-27,0.10,tcgplayer
OP13-105,2025-11-03,0.06,tcgplayer
OP13-105,2025-11-10,0.06,tcgplayer
OP13-105,2025-11-17,0.05,tcgplayer
OP13-105,2025-11-24,0.04,tcgplayer
OP13-105,2025-12-01,0.05,tcgplayer
OP13-105,2025-12-08,0.04,tcgplayer
OP13-105,2025-12-15,0.04,tcgplayer
OP13-105,2025-12-22,0.03,tcgplayer
OP13-105,2025-12-29,0.03,tcgplayer
OP13-105,2026-01-05,0.03,tcgplayer
OP13-105,2026-01-12,0.03,tcgplayer
OP13-105,2026-01-19,0.04,tcgplayer
OP13-105,2026-01-26,0.05,tcgplayer
OP13-105,2026-02-02,0.04,tcgplayer
OP13-105,2026-02-09,0.05,tcgplayer
OP13-105,2026-02-16,0.04,tcgplayer
OP13-105,2026-02-23,0.05,tcgplayer
OP13-105,2026-03-02,0.05,tcgplayer
OP13-105,2026-03-09,0.05,tcgplayer
OP13-105,2026-03-16,0.05,tcgplayer
OP13-105,2026-03-23,0.04,tcgplayer
OP13-105,2026-03-30,0.05,tcgplayer
OP13-105,2026-04-06,0.04,tcgplayer
OP13-105,2026-04-13,0.04,tcgplayer
OP13-105,2026-04-20,0.04,tcgplayer
OP13-105,2026-04-27,0.05,tcgplayer
OP13-105,2026-05-04,0.05,tcgplayer
OP13-105,2026-05-11,0.04,tcgplayer
OP13-105,2026-05-18,0.04,tcgplayer
OP13-105,2026-05-25,0.06,tcgplayer
OP13-105,2026-06-01,0.05,tcgplayer
OP13-105,2026-06-08,0.05,tcgplayer
OP13-105,2026-06-15,0.06,tcgplayer
OP13-105,2026-06-22,0.07,tcgplayer
OP13-105,2026-06-29,0.07,tcgplayer
OP13-105,2026-07-06,0.08,tcgplayer
OP13-105,2026-07-13,0.07,tcgplayer
OP13-105,2026-07-20,0.06,tcgplayer
OP13-105,2026-07-27,0.06,tcgplayer
OP13-105,2026-08-03,0.07,tcgplayer
OP13-105,2026-08-10,0.06,tcgplayer
OP13-105,2026-08-17,0.06,tcgplayer
OP13-105,2026-08-24,0.05,tcgplayer
OP13-105,2026-08-31,0.05,tcgplayer
OP13-105,2026-09-05,0.05,limitless
OP13-106,2025-10-27,0.10,tcgplayer
OP13-106,2025-11-03,0.03,tcgplayer
OP13-106,2025-11-10,0.04,tcgplayer
OP13-106,2025-11-17,0.03,tcgplayer
OP13-106,2025-11-24,0.03,tcgplayer
OP13-106,2025-12-01,0.03,tcgplayer
OP13-106,2025-12-08,0.03,tcgplayer
OP13-106,2025-12-15,0.03,tcgplayer
OP13-106,2025-12-22,0.03,tcgplayer
OP13-106,2025-12-29,0.03,tcgplayer
OP13-106,2026-01-05,0.04,tcgplayer
OP13-106,2026-01-12,0.04,tcgplayer
OP13-106,2026-01-19,0.03,tcgplayer
OP13-106,2026-01-26,0.03,tcgplayer
OP13-106,2026-02-02,0.03,tcgplayer
OP13-106,2026-02-09,0.03,tcgplayer
OP13-106,2026-02-16,0.04,tcgplayer
OP13-106,2026-02-23,0.04,tcgplayer
OP13-106,2026-03-02,0.04,tcgplayer
OP13-106,2026-03-09,0.04,tcgplayer
OP13-106,2026-03-16,0.04,tcgplayer
OP13-106,2026-03-23,0.03,tcgplayer
OP13-106,2026-03-30,0.03,tcgplayer
OP13-106,2026-04-06,0.04,tcgplayer
OP13-106,2026-04-13,0.04,tcgplayer
OP13-106,2026-04-20,0.03,tcgplayer
OP13-106,2026-04-27,0.04,tcgplayer
OP13-106,2026-05-04,0.04,tcgplayer
OP13-106,2026-05-11,0.05,tcgplayer
OP13-106,2026-05-18,0.05,tcgplayer
OP13-106,2026-05-25,0.05,tcgplayer
OP13-106,2026-06-01,0.05,tcgplayer
OP13-106,2026-06-08,0.05,tcgplayer
OP13-106,2026-06-15,0.06,tcgplayer
OP13-106,2026-06-22,0.05,tcgplayer
OP13-106,2026-06-29,0.05,tcgplayer
OP13-106,2026-07-06,0.06,tcgplayer
OP13-106,2026-07-13,0.06,tcgplayer
OP13-106,2026-07-20,0.05,tcgplayer
OP13-106,2026-07-27,0.05,tcgplayer
OP13-106,2026-08-03,0.04,tcgplayer
OP13-106,2026-08-10,0.04,tcgplayer
OP13-106,2026-08-17,0.04,tcgplayer
OP13-106,2026-08-24,0.04,tcgplayer
OP13-106,2026-08-31,0.04,tcgplayer
OP13-106,2026-09-05,0.04,limitless
OP13-107,2025-10-27,0.17,tcgplayer
OP13-107,2025-11-03,0.07,tcgplayer
OP13-107,2025-11-10,0.07,tcgplayer
OP13-107,2025-11-17,0.06,tcgplayer
OP13-107,2025-11-24,0.05,tcgplayer
OP13-107,2025-12-01,0.09,tcgplayer
OP13-107,2025-12-08,0.08,tcgplayer
OP13-107,2025-12-15,0.06,tcgplayer
OP13-107,2025-12-22,0.06,tcgplayer
OP13-107,2025-12-29,0.08,tcgplayer
OP13-107,2026-01-05,0.04,tcgplayer
OP13-107,2026-01-12,0.05,tcgplayer
OP13-107,2026-01-19,0.06,tcgplayer
OP13-107,2026-01-26,0.05,tcgplayer
OP13-107,2026-02-02,0.05,tcgplayer
OP13-107,2026-02-09,0.04,tcgplayer
OP13-107,2026-02-16,0.03,tcgplayer
OP13-107,2026-02-23,0.05,tcgplayer
OP13-107,2026-03-02,0.05,tcgplayer
OP13-107,2026-03-09,0.06,tcgplayer
OP13-107,2026-03-16,0.06,tcgplayer
OP13-107,2026-03-23,0.07,tcgplayer
OP13-107,2026-03-30,0.07,tcgplayer
OP13-107,2026-04-06,0.06,tcgplayer
OP13-107,2026-04-13,0.04,tcgplayer
OP13-107,2026-04-20,0.05,tcgplayer
OP13-107,2026-04-27,0.04,tcgplayer
OP13-107,2026-05-04,0.07,tcgplayer
OP13-107,2026-05-11,0.07,tcgplayer
OP13-107,2026-05-18,0.08,tcgplayer
OP13-107,2026-05-25,0.07,tcgplayer
OP13-107,2026-06-01,0.07,tcgplayer
OP13-107,2026-06-08,0.08,tcgplayer
OP13-107,2026-06-15,0.08,tcgplayer
OP13-107,2026-06-22,0.08,tcgplayer
OP13-107,2026-06-29,0.08,tcgplayer
OP13-107,2026-07-06,0.05,tcgplayer
OP13-107,2026-07-13,0.05,tcgplayer
OP13-107,2026-07-20,0.03,tcgplayer
OP13-107,2026-07-27,0.03,tcgplayer
OP13-107,2026-08-03,0.03,tcgplayer
OP13-107,2026-08-10,0.06,tcgplayer
OP13-107,2026-08-17,0.06,tcgplayer
OP13-107,2026-08-24,0.07,tcgplayer
OP13-107,2026-08-31,0.07,tcgplayer
OP13-107,2026-09-05,0.07,limitless
OP13-108,2025-10-27,2.81,tcgplayer
OP13-108,2025-11-03,1.19,tcgplayer
OP13-108,2025-11-10,1.55,tcgplayer
OP13-108,2025-11-17,1.00,tcgplayer
OP13-108,2025-11-24,1.22,tcgplayer
OP13-108,2025-12-01,1.22,tcgplayer
OP13-108,2025-12-08,1.27,tcgplayer
OP13-108,2025-12-15,1.05,tcgplayer
OP13-108,2025-12-22,1.01,tcgplayer
OP13-108,2025-12-29,1.25,tcgplayer
OP13-108,2026-01-05,1.51,tcgplayer
OP13-108,2026-01-12,4.19,tcgplayer
OP13-108,2026-01-19,6.72,tcgplayer
OP13-108,2026-01-26,3.78,tcgplayer
OP13-108,2026-02-02,4.03,tcgplayer
OP13-108,2026-02-09,3.30,tcgplayer
OP13-108,2026-02-16,2.10,tcgplayer
OP13-108,2026-02-23,2.32,tcgplayer
OP13-108,2026-03-02,2.27,tcgplayer
OP13-108,2026-03-09,2.02,tcgplayer
OP13-108,2026-03-16,1.87,tcgplayer
OP13-108,2026-03-23,2.42,tcgplayer
OP13-108,2026-03-30,2.53,tcgplayer
OP13-108,2026-04-06,2.96,tcgplayer
OP13-108,2026-04-13,3.19,tcgplayer
OP13-108,2026-04-20,2.81,tcgplayer
OP13-108,2026-04-27,2.89,tcgplayer
OP13-108,2026-05-04,3.10,tcgplayer
OP13-108,2026-05-11,8.14,tcgplayer
OP13-108,2026-05-18,6.71,tcgplayer
OP13-108,2026-05-25,5.77,tcgplayer
OP13-108,2026-06-01,5.53,tcgplayer
OP13-108,2026-06-08,6.19,tcgplayer
OP13-108,2026-06-15,7.78,tcgplayer
OP13-108,2026-06-22,5.81,tcgplayer
OP13-108,2026-06-29,4.78,tcgplayer
OP13-108,2026-07-06,3.72,tcgplayer
OP13-108,2026-07-13,2.31,tcgplayer
OP13-108,2026-07-20,1.52,tcgplayer
OP13-108,2026-07-27,1.08,tcgplayer
OP13-108,2026-08-03,1.53,tcgplayer
OP13-108,2026-08-10,1.36,tcgplayer
OP13-108,2026-08-17,1.73,tcgplayer
OP13-108,2026-08-24,1.23,tcgplayer
OP13-108,2026-08-31,1.32,tcgplayer
OP13-108,2026-09-05,1.22,limitless
OP13-108p1,2025-10-27,41.82,tcgplayer
OP13-108p1,2025-11-03,25.44,tcgplayer
OP13-108p1,2025-11-10,25.79,tcgplayer
OP13-108p1,2025-11-17,25.70,tcgplayer
OP13-108p1,2025-11-24,31.17,tcgplayer
OP13-108p1,2025-12-01,38.13,tcgplayer
OP13-108p1,2025-12-08,42.52,tcgplayer
OP13-108p1,2025-12-15,38.70,tcgplayer
OP13-108p1,2025-12-22,39.44,tcgplayer
OP13-108p1,2025-12-29,38.32,tcgplayer
OP13-108p1,2026-01-05,39.58,tcgplayer
OP13-108p1,2026-01-12,54.38,tcgplayer
OP13-108p1,2026-01-19,81.12,tcgplayer
OP13-108p1,2026-01-26,72.10,tcgplayer
OP13-108p1,2026-02-02,62.72,tcgplayer
OP13-108p1,2026-02-09,49.94,tcgplayer
OP13-108p1,2026-02-16,45.29,tcgplayer
OP13-108p1,2026-02-23,38.45,tcgplayer
OP13-108p1,2026-03-02,35.58,tcgplayer
OP13-108p1,2026-03-09,33.41,tcgplayer
OP13-108p1,2026-03-16,36.59,tcgplayer
OP13-108p1,2026-03-23,39.45,tcgplayer
OP13-108p1,2026-03-30,39.99,tcgplayer
OP13-108p1,2026-04-06,37.32,tcgplayer
OP13-108p1,2026-04-13,35.18,tcgplayer
OP13-108p1,2026-04-20,34.09,tcgplayer
OP13-108p1,2026-04-27,33.54,tcgplayer
OP13-108p1,2026-05-04,30.28,tcgplayer
OP13-108p1,2026-05-11,29.29,tcgplayer
OP13-108p1,2026-05-18,29.61,tcgplayer
OP13-108p1,2026-05-25,29.97,tcgplayer
OP13-108p1,2026-06-01,30.23,tcgplayer
OP13-108p1,2026-06-08,29.61,tcgplayer
OP13-108p1,2026-06-15,27.63,tcgplayer
OP13-108p1,2026-06-22,22.73,tcgplayer
OP13-108p1,2026-06-29,20.48,tcgplayer
OP13-108p1,2026-07-06,18.90,tcgplayer
OP13-108p1,2026-07-13,18.24,tcgplayer
OP13-108p1,2026-07-20,17.93,tcgplayer
OP13-108p1,2026-07-27,16.40,tcgplayer
OP13-108p1,2026-08-03,16.00,tcgplayer
OP13-108p1,2026-08-10,15.94,tcgplayer
OP13-108p1,2026-08-17,14.84,tcgplayer
OP13-108p1,2026-08-24,13.69,tcgplayer
OP13-108p1,2026-08-31,13.09,tcgplayer
OP13-108p1,2026-09-05,13.16,limitless
OP13-109,2025-10-27,0.11,tcgplayer
OP13-109,2025-11-03,0.09,tcgplayer
OP13-109,2025-11-10,0.07,tcgplayer
OP13-109,2025-11-17,0.05,tcgplayer
OP13-109,2025-11-24,0.09,tcgplayer
OP13-109,2025-12-01,0.08,tcgplayer
OP13-109,2025-12-08,0.09,tcgplayer
OP13-109,2025-12-15,0.06,tcgplayer
OP13-109,2025-12-22,0.06,tcgplayer
OP13-109,2025-12-29,0.07,tcgplayer
OP13-109,2026-01-05,0.09,tcgplayer
OP13-109,2026-01-12,0.06,tcgplayer
OP13-109,2026-01-19,0.07,tcgplayer
OP13-109,2026-01-26,0.08,tcgplayer
OP13-109,2026-02-02,0.06,tcgplayer
OP13-109,2026-02-09,0.07,tcgplayer
OP13-109,2026-02-16,0.06,tcgplayer
OP13-109,2026-02-23,0.07,tcgplayer
OP13-109,2026-03-02,0.06,tcgplayer
OP13-109,2026-03-09,0.06,tcgplayer
OP13-109,2026-03-16,0.06,tcgplayer
OP13-109,2026-03-23,0.06,tcgplayer
OP13-109,2026-03-30,0.09,tcgplayer
OP13-109,2026-04-06,0.09,tcgplayer
OP13-109,2026-04-13,0.10,tcgplayer
OP13-109,2026-04-20,0.10,tcgplayer
OP13-109,2026-04-27,0.10,tcgplayer
OP13-109,2026-05-04,0.09,tcgplayer
OP13-109,2026-05-11,0.11,tcgplayer
OP13-109,2026-05-18,0.10,tcgplayer
OP13-109,2026-05-25,0.10,tcgplayer
OP13-109,2026-06-01,0.12,tcgplayer
OP13-109,2026-06-08,0.13,tcgplayer
OP13-109,2026-06-15,0.12,tcgplayer
OP13-109,2026-06-22,0.13,tcgplayer
OP13-109,2026-06-29,0.11,tcgplayer
OP13-109,2026-07-06,0.10,tcgplayer
OP13-109,2026-07-13,0.11,tcgplayer
OP13-109,2026-07-20,0.08,tcgplayer
OP13-109,2026-07-27,0.07,tcgplayer
OP13-109,2026-08-03,0.06,tcgplayer
OP13-109,2026-08-10,0.08,tcgplayer
OP13-109,2026-08-17,0.08,tcgplayer
OP13-109,2026-08-24,0.08,tcgplayer
OP13-109,2026-08-31,0.08,tcgplayer
OP13-109,2026-09-05,0.08,limitless
OP13-110,2025-10-27,3.81,tcgplayer
OP13-110,2025-11-03,0.76,tcgplayer
OP13-110,2025-11-10,0.85,tcgplayer
OP13-110,2025-11-17,0.62,tcgplayer
OP13-110,2025-11-24,0.68,tcgplayer
OP13-110,2025-12-01,0.63,tcgplayer
OP13-110,2025-12-08,0.57,tcgplayer
OP13-110,2025-12-15,0.59,tcgplayer
OP13-110,2025-12-22,0.62,tcgplayer
OP13-110,2025-12-29,0.55,tcgplayer
OP13-110,2026-01-05,0.56,tcgplayer
OP13-110,2026-01-12,0.81,tcgplayer
OP13-110,2026-01-19,0.83,tcgplayer
OP13-110,2026-01-26,0.78,tcgplayer
OP13-110,2026-02-02,0.74,tcgplayer
OP13-110,2026-02-09,0.58,tcgplayer
OP13-110,2026-02-16,0.46,tcgplayer
OP13-110,2026-02-23,0.47,tcgplayer
OP13-110,2026-03-02,0.47,tcgplayer
OP13-110,2026-03-09,0.43,tcgplayer
OP13-110,2026-03-16,0.40,tcgplayer
OP13-110,2026-03-23,0.48,tcgplayer
OP13-110,2026-03-30,0.42,tcgplayer
OP13-110,2026-04-06,0.37,tcgplayer
OP13-110,2026-04-13,0.48,tcgplayer
OP13-110,2026-04-20,0.38,tcgplayer
OP13-110,2026-04-27,0.40,tcgplayer
OP13-110,2026-05-04,0.35,tcgplayer
OP13-110,2026-05-11,0.44,tcgplayer
OP13-110,2026-05-18,0.49,tcgplayer
OP13-110,2026-05-25,0.41,tcgplayer
OP13-110,2026-06-01,0.37,tcgplayer
OP13-110,2026-06-08,0.32,tcgplayer
OP13-110,2026-06-15,0.35,tcgplayer
OP13-110,2026-06-22,0.52,tcgplayer
OP13-110,2026-06-29,0.37,tcgplayer
OP13-110,2026-07-06,0.32,tcgplayer
OP13-110,2026-07-13,0.34,tcgplayer
OP13-110,2026-07-20,0.34,tcgplayer
OP13-110,2026-07-27,0.29,tcgplayer
OP13-110,2026-08-03,0.32,tcgplayer
OP13-110,2026-08-10,0.32,tcgplayer
OP13-110,2026-08-17,0.33,tcgplayer
OP13-110,2026-08-24,0.39,tcgplayer
OP13-110,2026-08-31,0.31,tcgplayer
OP13-110,2026-09-05,0.36,limitless
OP13-110p1,2025-10-27,35.61,tcgplayer
OP13-110p1,2025-11-03,18.78,tcgplayer
OP13-110p1,2025-11-10,19.03,tcgplayer
OP13-110p1,2025-11-17,21.15,tcgplayer
OP13-110p1,2025-11-24,21.73,tcgplayer
OP13-110p1,2025-12-01,25.68,tcgplayer
OP13-110p1,2025-12-08,29.14,tcgplayer
OP13-110p1,2025-12-15,28.69,tcgplayer
OP13-110p1,2025-12-22,27.96,tcgplayer
OP13-110p1,2025-12-29,27.98,tcgplayer
OP13-110p1,2026-01-05,26.86,tcgplayer
OP13-110p1,2026-01-12,27.64,tcgplayer
OP13-110p1,2026-01-19,28.46,tcgplayer
OP13-110p1,2026-01-26,30.37,tcgplayer
OP13-110p1,2026-02-02,29.04,tcgplayer
OP13-110p1,2026-02-09,25.71,tcgplayer
OP13-110p1,2026-02-16,18.52,tcgplayer
OP13-110p1,2026-02-23,16.79,tcgplayer
OP13-110p1,2026-03-02,16.13,tcgplayer
OP13-110p1,2026-03-09,13.74,tcgplayer
OP13-110p1,2026-03-16,13.49,tcgplayer
OP13-110p1,2026-03-23,14.30,tcgplayer
OP13-110p1,2026-03-30,14.57,tcgplayer
OP13-110p1,2026-04-06,14.52,tcgplayer
OP13-110p1,2026-04-13,13.52,tcgplayer
OP13-110p1,2026-04-20,15.16,tcgplayer
OP13-110p1,2026-04-27,15.77,tcgplayer
OP13-110p1,2026-05-04,15.77,tcgplayer
OP13-110p1,2026-05-11,15.90,tcgplayer
OP13-110p1,2026-05-18,16.42,tcgplayer
OP13-110p1,2026-05-25,17.87,tcgplayer
OP13-110p1,2026-06-01,16.28,tcgplayer
OP13-110p1,2026-06-08,18.38,tcgplayer
OP13-110p1,2026-06-15,19.57,tcgplayer
OP13-110p1,2026-06-22,20.97,tcgplayer
OP13-110p1,2026-06-29,20.63,tcgplayer
OP13-110p1,2026-07-06,20.39,tcgplayer
OP13-110p1,2026-07-13,19.21,tcgplayer
OP13-110p1,2026-07-20,16.39,tcgplayer
OP13-110p1,2026-07-27,15.97,tcgplayer
OP13-110p1,2026-08-03,16.20,tcgplayer
OP13-110p1,2026-08-10,15.84,tcgplayer
OP13-110p1,2026-08-17,15.35,tcgplayer
OP13-110p1,2026-08-24,14.58,tcgplayer
OP13-110p1,2026-08-31,14.60,tcgplayer
OP13-110p1,2026-09-05,14.51,limitless
OP13-111,2025-10-27,0.10,tcgplayer
OP13-111,2025-11-03,0.06,tcgplayer
OP13-111,2025-11-10,0.05,tcgplayer
OP13-111,2025-11-17,0.05,tcgplayer
OP13-111,2025-11-24,0.06,tcgplayer
OP13-111,2025-12-01,0.05,tcgplayer
OP13-111,2025-12-08,0.08,tcgplayer
OP13-111,2025-12-15,0.06,tcgplayer
OP13-111,2025-12-22,0.05,tcgplayer
OP13-111,2025-12-29,0.05,tcgplayer
OP13-111,2026-01-05,0.04,tcgplayer
OP13-111,2026-01-12,0.06,tcgplayer
OP13-111,2026-01-19,0.05,tcgplayer
OP13-111,2026-01-26,0.06,tcgplayer
OP13-111,2026-02-02,0.05,tcgplayer
OP13-111,2026-02-09,0.05,tcgplayer
OP13-111,2026-02-16,0.05,tcgplayer
OP13-111,2026-02-23,0.07,tcgplayer
OP13-111,2026-03-02,0.07,tcgplayer
OP13-111,2026-03-09,0.07,tcgplayer
OP13-111,2026-03-16,0.07,tcgplayer
OP13-111,2026-03-23,0.08,tcgplayer
OP13-111,2026-03-30,0.08,tcgplayer
OP13-111,2026-04-06,0.06,tcgplayer
OP13-111,2026-04-13,0.06,tcgplayer
OP13-111,2026-04-20,0.05,tcgplayer
OP13-111,2026-04-27,0.05,tcgplayer
OP13-111,2026-05-04,0.06,tcgplayer
OP13-111,2026-05-11,0.06,tcgplayer
OP13-111,2026-05-18,0.06,tcgplayer
OP13-111,2026-05-25,0.07,tcgplayer
OP13-111,2026-06-01,0.07,tcgplayer
OP13-111,2026-06-08,0.07,tcgplayer
OP13-111,2026-06-15,0.07,tcgplayer
OP13-111,2026-06-22,0.07,tcgplayer
OP13-111,2026-06-29,0.07,tcgplayer
OP13-111,2026-07-06,0.07,tcgplayer
OP13-111,2026-07-13,0.05,tcgplayer
OP13-111,2026-07-20,0.04,tcgplayer
OP13-111,2026-07-27,0.04,tcgplayer
OP13-111,2026-08-03,0.04,tcgplayer
OP13-111,2026-08-10,0.04,tcgplayer
OP13-111,2026-08-17,0.04,tcgplayer
OP13-111,2026-08-24,0.04,tcgplayer
OP13-111,2026-08-31,0.05,tcgplayer
OP13-111,2026-09-05,0.05,limitless
OP13-112,2025-10-27,0.16,tcgplayer
OP13-112,2025-11-03,0.05,tcgplayer
OP13-112,2025-11-10,0.05,tcgplayer
OP13-112,2025-11-17,0.05,tcgplayer
OP13-112,2025-11-24,0.06,tcgplayer
OP13-112,2025-12-01,0.06,tcgplayer
OP13-112,2025-12-08,0.07,tcgplayer
OP13-112,2025-12-15,0.04,tcgplayer
OP13-112,2025-12-22,0.06,tcgplayer
OP13-112,2025-12-29,0.10,tcgplayer
OP13-112,2026-01-05,0.08,tcgplayer
OP13-112,2026-01-12,0.05,tcgplayer
OP13-112,2026-01-19,0.04,tcgplayer
OP13-112,2026-01-26,0.05,tcgplayer
OP13-112,2026-02-02,0.04,tcgplayer
OP13-112,2026-02-09,0.05,tcgplayer
OP13-112,2026-02-16,0.05,tcgplayer
OP13-112,2026-02-23,0.06,tcgplayer
OP13-112,2026-03-02,0.05,tcgplayer
OP13-112,2026-03-09,0.07,tcgplayer
OP13-112,2026-03-16,0.07,tcgplayer
OP13-112,2026-03-23,0.06,tcgplayer
OP13-112,2026-03-30,0.06,tcgplayer
OP13-112,2026-04-06,0.07,tcgplayer
OP13-112,2026-04-13,0.05,tcgplayer
OP13-112,2026-04-20,0.05,tcgplayer
OP13-112,2026-04-27,0.07,tcgplayer
OP13-112,2026-05-04,0.07,tcgplayer
OP13-112,2026-05-11,0.07,tcgplayer
OP13-112,2026-05-18,0.07,tcgplayer
OP13-112,2026-05-25,0.06,tcgplayer
OP13-112,2026-06-01,0.06,tcgplayer
OP13-112,2026-06-08,0.05,tcgplayer
OP13-112,2026-06-15,0.07,tcgplayer
OP13-112,2026-06-22,0.07,tcgplayer
OP13-112,2026-06-29,0.07,tcgplayer
OP13-112,2026-07-06,0.06,tcgplayer
OP13-112,2026-07-13,0.07,tcgplayer
OP13-112,2026-07-20,0.04,tcgplayer
OP13-112,2026-07-27,0.04,tcgplayer
OP13-112,2026-08-03,0.04,tcgplayer
OP13-112,2026-08-10,0.06,tcgplayer
OP13-112,2026-08-17,0.07,tcgplayer
OP13-112,2026-08-24,0.06,tcgplayer
OP13-112,2026-08-31,0.06,tcgplayer
OP13-112,2026-09-05,0.06,limitless
OP13-113,2025-10-27,0.30,tcgplayer
OP13-113,2025-11-03,0.20,tcgplayer
OP13-113,2025-11-10,0.20,tcgplayer
OP13-113,2025-11-17,0.17,tcgplayer
OP13-113,2025-11-24,0.19,tcgplayer
OP13-113,2025-12-01,0.24,tcgplayer
OP13-113,2025-12-08,0.20,tcgplayer
OP13-113,2025-12-15,0.20,tcgplayer
OP13-113,2025-12-22,0.39,tcgplayer
OP13-113,2025-12-29,0.21,tcgplayer
OP13-113,2026-01-05,0.23,tcgplayer
OP13-113,2026-01-12,0.28,tcgplayer
OP13-113,2026-01-19,0.63,tcgplayer
OP13-113,2026-01-26,0.70,tcgplayer
OP13-113,2026-02-02,1.28,tcgplayer
OP13-113,2026-02-09,1.11,tcgplayer
OP13-113,2026-02-16,0.72,tcgplayer
OP13-113,2026-02-23,0.56,tcgplayer
OP13-113,2026-03-02,0.80,tcgplayer
OP13-113,2026-03-09,0.46,tcgplayer
OP13-113,2026-03-16,0.46,tcgplayer
OP13-113,2026-03-23,0.37,tcgplayer
OP13-113,2026-03-30,0.35,tcgplayer
OP13-113,2026-04-06,0.35,tcgplayer
OP13-113,2026-04-13,0.27,tcgplayer
OP13-113,2026-04-20,0.32,tcgplayer
OP13-113,2026-04-27,0.39,tcgplayer
OP13-113,2026-05-04,0.32,tcgplayer
OP13-113,2026-05-11,0.38,tcgplayer
OP13-113,2026-05-18,0.38,tcgplayer
OP13-113,2026-05-25,0.32,tcgplayer
OP13-113,2026-06-01,0.33,tcgplayer
OP13-113,2026-06-08,0.29,tcgplayer
OP13-113,2026-06-15,0.30,tcgplayer
OP13-113,2026-06-22,0.26,tcgplayer
OP13-113,2026-06-29,0.33,tcgplayer
OP13-113,2026-07-06,0.30,tcgplayer
OP13-113,2026-07-13,0.27,tcgplayer
OP13-113,2026-07-20,0.29,tcgplayer
OP13-113,2026-07-27,0.34,tcgplayer
OP13-113,2026-08-03,0.22,tcgplayer
OP13-113,2026-08-10,0.25,tcgplayer
OP13-113,2026-08-17,0.35,tcgplayer
OP13-113,2026-08-24,0.24,tcgplayer
OP13-113,2026-08-31,0.38,tcgplayer
OP13-113,2026-09-05,0.35,limitless
OP13-113p1,2025-10-27,23.05,tcgplayer
OP13-113p1,2025-11-03,10.97,tcgplayer
OP13-113p1,2025-11-10,14.58,tcgplayer
OP13-113p1,2025-11-17,21.67,tcgplayer
OP13-113p1,2025-11-24,25.16,tcgplayer
OP13-113p1,2025-12-01,23.91,tcgplayer
OP13-113p1,2025-12-08,23.12,tcgplayer
OP13-113p1,2025-12-15,23.05,tcgplayer
OP13-113p1,2025-12-22,30.68,tcgplayer
OP13-113p1,2025-12-29,34.01,tcgplayer
OP13-113p1,2026-01-05,33.49,tcgplayer
OP13-113p1,2026-01-12,36.33,tcgplayer
OP13-113p1,2026-01-19,38.39,tcgplayer
OP13-113p1,2026-01-26,37.61,tcgplayer
OP13-113p1,2026-02-02,32.68,tcgplayer
OP13-113p1,2026-02-09,31.50,tcgplayer
OP13-113p1,2026-02-16,22.24,tcgplayer
OP13-113p1,2026-02-23,20.42,tcgplayer
OP13-113p1,2026-03-02,17.14,tcgplayer
OP13-113p1,2026-03-09,16.16,tcgplayer
OP13-113p1,2026-03-16,17.82,tcgplayer
OP13-113p1,2026-03-23,18.88,tcgplayer
OP13-113p1,2026-03-30,17.42,tcgplayer
OP13-113p1,2026-04-06,17.13,tcgplayer
OP13-113p1,2026-04-13,15.92,tcgplayer
OP13-113p1,2026-04-20,15.49,tcgplayer
OP13-113p1,2026-04-27,14.81,tcgplayer
OP13-113p1,2026-05-04,19.67,tcgplayer
OP13-113p1,2026-05-11,20.36,tcgplayer
OP13-113p1,2026-05-18,19.74,tcgplayer
OP13-113p1,2026-05-25,20.48,tcgplayer
OP13-113p1,2026-06-01,20.91,tcgplayer
OP13-113p1,2026-06-08,19.68,tcgplayer
OP13-113p1,2026-06-15,19.13,tcgplayer
OP13-113p1,2026-06-22,18.58,tcgplayer
OP13-113p1,2026-06-29,16.37,tcgplayer
OP13-113p1,2026-07-06,14.59,tcgplayer
OP13-113p1,2026-07-13,13.23,tcgplayer
OP13-113p1,2026-07-20,12.76,tcgplayer
OP13-113p1,2026-07-27,10.88,tcgplayer
OP13-113p1,2026-08-03,8.90,tcgplayer
OP13-113p1,2026-08-10,8.15,tcgplayer
OP13-113p1,2026-08-17,9.75,tcgplayer
OP13-113p1,2026-08-24,10.96,tcgplayer
OP13-113p1,2026-08-31,11.27,tcgplayer
OP13-113p1,2026-09-05,11.20,limitless
OP13-114,2025-10-27,0.25,tcgplayer
OP13-114,2025-11-03,0.16,tcgplayer
OP13-114,2025-11-10,0.13,tcgplayer
OP13-114,2025-11-17,0.16,tcgplayer
OP13-114,2025-11-24,0.13,tcgplayer
OP13-114,2025-12-01,0.16,tcgplayer
OP13-114,2025-12-08,0.16,tcgplayer
OP13-114,2025-12-15,0.14,tcgplayer
OP13-114,2025-12-22,0.19,tcgplayer
OP13-114,2025-12-29,0.18,tcgplayer
OP13-114,2026-01-05,0.17,tcgplayer
OP13-114,2026-01-12,0.15,tcgplayer
OP13-114,2026-01-19,0.19,tcgplayer
OP13-114,2026-01-26,0.18,tcgplayer
OP13-114,2026-02-02,0.16,tcgplayer
OP13-114,2026-02-09,0.17,tcgplayer
OP13-114,2026-02-16,0.18,tcgplayer
OP13-114,2026-02-23,0.19,tcgplayer
OP13-114,2026-03-02,0.17,tcgplayer
OP13-114,2026-03-09,0.21,tcgplayer
OP13-114,2026-03-16,0.18,tcgplayer
OP13-114,2026-03-23,0.14,tcgplayer
OP13-114,2026-03-30,0.19,tcgplayer
OP13-114,2026-04-06,0.16,tcgplayer
OP13-114,2026-04-13,0.12,tcgplayer
OP13-114,2026-04-20,0.15,tcgplayer
OP13-114,2026-04-27,0.17,tcgplayer
OP13-114,2026-05-04,0.16,tcgplayer
OP13-114,2026-05-11,0.22,tcgplayer
OP13-114,2026-05-18,0.18,tcgplayer
OP13-114,2026-05-25,0.23,tcgplayer
OP13-114,2026-06-01,0.26,tcgplayer
OP13-114,2026-06-08,0.16,tcgplayer
OP13-114,2026-06-15,0.18,tcgplayer
OP13-114,2026-06-22,0.17,tcgplayer
OP13-114,2026-06-29,0.14,tcgplayer
OP13-114,2026-07-06,0.14,tcgplayer
OP13-114,2026-07-13,0.23,tcgplayer
OP13-114,2026-07-20,0.19,tcgplayer
OP13-114,2026-07-27,0.14,tcgplayer
OP13-114,2026-08-03,0.14,tcgplayer
OP13-114,2026-08-10,0.14,tcgplayer
OP13-114,2026-08-17,0.13,tcgplayer
OP13-114,2026-08-24,0.12,tcgplayer
OP13-114,2026-08-31,0.12,tcgplayer
OP13-114,2026-09-05,0.12,limitless
OP13-114p1,2025-10-27,15.07,tcgplayer
OP13-114p1,2025-11-03,6.47,tcgplayer
OP13-114p1,2025-11-10,7.06,tcgplayer
OP13-114p1,2025-11-17,5.89,tcgplayer
OP13-114p1,2025-11-24,7.02,tcgplayer
OP13-114p1,2025-12-01,7.62,tcgplayer
OP13-114p1,2025-12-08,7.72,tcgplayer
OP13-114p1,2025-12-15,7.35,tcgplayer
OP13-114p1,2025-12-22,7.45,tcgplayer
OP13-114p1,2025-12-29,8.57,tcgplayer
OP13-114p1,2026-01-05,8.31,tcgplayer
OP13-114p1,2026-01-12,10.35,tcgplayer
OP13-114p1,2026-01-19,10.38,tcgplayer
OP13-114p1,2026-01-26,13.71,tcgplayer
OP13-114p1,2026-02-02,11.16,tcgplayer
OP13-114p1,2026-02-09,10.69,tcgplayer
OP13-114p1,2026-02-16,8.72,tcgplayer
OP13-114p1,2026-02-23,8.14,tcgplayer
OP13-114p1,2026-03-02,7.85,tcgplayer
OP13-114p1,2026-03-09,6.82,tcgplayer
OP13-114p1,2026-03-16,5.66,tcgplayer
OP13-114p1,2026-03-23,5.51,tcgplayer
OP13-114p1,2026-03-30,5.67,tcgplayer
OP13-114p1,2026-04-06,4.98,tcgplayer
OP13-114p1,2026-04-13,4.89,tcgplayer
OP13-114p1,2026-04-20,4.96,tcgplayer
OP13-114p1,2026-04-27,4.93,tcgplayer
OP13-114p1,2026-05-04,4.74,tcgplayer
OP13-114p1,2026-05-11,4.69,tcgplayer
OP13-114p1,2026-05-18,4.99,tcgplayer
OP13-114p1,2026-05-25,5.13,tcgplayer
OP13-114p1,2026-06-01,4.79,tcgplayer
OP13-114p1,2026-06-08,4.88,tcgplayer
OP13-114p1,2026-06-15,4.68,tcgplayer
OP13-114p1,2026-06-22,5.42,tcgplayer
OP13-114p1,2026-06-29,5.30,tcgplayer
OP13-114p1,2026-07-06,5.57,tcgplayer
OP13-114p1,2026-07-13,5.75,tcgplayer
OP13-114p1,2026-07-20,4.85,tcgplayer
OP13-114p1,2026-07-27,4.46,tcgplayer
OP13-114p1,2026-08-03,3.77,tcgplayer
OP13-114p1,2026-08-10,3.66,tcgplayer
OP13-114p1,2026-08-17,3.59,tcgplayer
OP13-114p1,2026-08-24,3.64,tcgplayer
OP13-114p1,2026-08-31,3.70,tcgplayer
OP13-114p1,2026-09-05,3.80,limitless
OP13-115,2025-10-27,0.10,tcgplayer
OP13-115,2025-11-03,0.04,tcgplayer
OP13-115,2025-11-10,0.07,tcgplayer
OP13-115,2025-11-17,0.05,tcgplayer
OP13-115,2025-11-24,0.06,tcgplayer
OP13-115,2025-12-01,0.05,tcgplayer
OP13-115,2025-12-08,0.05,tcgplayer
OP13-115,2025-12-15,0.07,tcgplayer
OP13-115,2025-12-22,0.04,tcgplayer
OP13-115,2025-12-29,0.05,tcgplayer
OP13-115,2026-01-05,0.05,tcgplayer
OP13-115,2026-01-12,0.05,tcgplayer
OP13-115,2026-01-19,0.05,tcgplayer
OP13-115,2026-01-26,0.06,tcgplayer
OP13-115,2026-02-02,0.07,tcgplayer
OP13-115,2026-02-09,0.08,tcgplayer
OP13-115,2026-02-16,0.07,tcgplayer
OP13-115,2026-02-23,0.06,tcgplayer
OP13-115,2026-03-02,0.06,tcgplayer
OP13-115,2026-03-09,0.07,tcgplayer
OP13-115,2026-03-16,0.07,tcgplayer
OP13-115,2026-03-23,0.08,tcgplayer
OP13-115,2026-03-30,0.06,tcgplayer
OP13-115,2026-04-06,0.06,tcgplayer
OP13-115,2026-04-13,0.05,tcgplayer
OP13-115,2026-04-20,0.05,tcgplayer
OP13-115,2026-04-27,0.07,tcgplayer
OP13-115,2026-05-04,0.08,tcgplayer
OP13-115,2026-05-11,0.08,tcgplayer
OP13-115,2026-05-18,0.08,tcgplayer
OP13-115,2026-05-25,0.08,tcgplayer
OP13-115,2026-06-01,0.08,tcgplayer
OP13-115,2026-06-08,0.08,tcgplayer
OP13-115,2026-06-15,0.07,tcgplayer
OP13-115,2026-06-22,0.07,tcgplayer
OP13-115,2026-06-29,0.06,tcgplayer
OP13-115,2026-07-06,0.05,tcgplayer
OP13-115,2026-07-13,0.07,tcgplayer
OP13-115,2026-07-20,0.06,tcgplayer
OP13-115,2026-07-27,0.07,tcgplayer
OP13-115,2026-08-03,0.05,tcgplayer
OP13-115,2026-08-10,0.05,tcgplayer
OP13-115,2026-08-17,0.06,tcgplayer
OP13-115,2026-08-24,0.07,tcgplayer
OP13-115,2026-08-31,0.07,tcgplayer
OP13-115,2026-09-05,0.07,limitless
OP13-116,2025-10-27,0.10,tcgplayer
OP13-116,2025-11-03,0.10,tcgplayer
OP13-116,2025-11-10,0.09,tcgplayer
OP13-116,2025-11-17,0.06,tcgplayer
OP13-116,2025-11-24,0.06,tcgplayer
OP13-116,2025-12-01,0.06,tcgplayer
OP13-116,2025-12-08,0.07,tcgplayer
OP13-116,2025-12-15,0.08,tcgplayer
OP13-116,2025-12-22,0.06,tcgplayer
OP13-116,2025-12-29,0.08,tcgplayer
OP13-116,2026-01-05,0.06,tcgplayer
OP13-116,2026-01-12,0.06,tcgplayer
OP13-116,2026-01-19,0.10,tcgplayer
OP13-116,2026-01-26,0.10,tcgplayer
OP13-116,2026-02-02,0.11,tcgplayer
OP13-116,2026-02-09,0.11,tcgplayer
OP13-116,2026-02-16,0.09,tcgplayer
OP13-116,2026-02-23,0.09,tcgplayer
OP13-116,2026-03-02,0.07,tcgplayer
OP13-116,2026-03-09,0.07,tcgplayer
OP13-116,2026-03-16,0.08,tcgplayer
OP13-116,2026-03-23,0.09,tcgplayer
OP13-116,2026-03-30,0.10,tcgplayer
OP13-116,2026-04-06,0.09,tcgplayer
OP13-116,2026-04-13,0.09,tcgplayer
OP13-116,2026-04-20,0.11,tcgplayer
OP13-116,2026-04-27,0.10,tcgplayer
OP13-116,2026-05-04,0.08,tcgplayer
OP13-116,2026-05-11,0.08,tcgplayer
OP13-116,2026-05-18,0.10,tcgplayer
OP13-116,2026-05-25,0.13,tcgplayer
OP13-116,2026-06-01,0.14,tcgplayer
OP13-116,2026-06-08,0.13,tcgplayer
OP13-116,2026-06-15,0.09,tcgplayer
OP13-116,2026-06-22,0.08,tcgplayer
OP13-116,2026-06-29,0.11,tcgplayer
OP13-116,2026-07-06,0.10,tcgplayer
OP13-116,2026-07-13,0.12,tcgplayer
OP13-116,2026-07-20,0.10,tcgplayer
OP13-116,2026-07-27,0.09,tcgplayer
OP13-116,2026-08-03,0.07,tcgplayer
OP13-116,2026-08-10,0.07,tcgplayer
OP13-116,2026-08-17,0.09,tcgplayer
OP13-116,2026-08-24,0.11,tcgplayer
OP13-116,2026-08-31,0.12,tcgplayer
OP13-116,2026-09-05,0.11,limitless
OP13-117,2025-10-27,0.70,tcgplayer
OP13-117,2025-11-03,0.12,tcgplayer
OP13-117,2025-11-10,0.08,tcgplayer
OP13-117,2025-11-17,0.09,tcgplayer
OP13-117,2025-11-24,0.10,tcgplayer
OP13-117,2025-12-01,0.10,tcgplayer
OP13-117,2025-12-08,0.12,tcgplayer
OP13-117,2025-12-15,0.12,tcgplayer
OP13-117,2025-12-22,0.09,tcgplayer
OP13-117,2025-12-29,0.12,tcgplayer
OP13-117,2026-01-05,0.13,tcgplayer
OP13-117,2026-01-12,0.17,tcgplayer
OP13-117,2026-01-19,0.10,tcgplayer
OP13-117,2026-01-26,0.13,tcgplayer
OP13-117,2026-02-02,0.13,tcgplayer
OP13-117,2026-02-09,0.10,tcgplayer
OP13-117,2026-02-16,0.13,tcgplayer
OP13-117,2026-02-23,0.10,tcgplayer
OP13-117,2026-03-02,0.08,tcgplayer
OP13-117,2026-03-09,0.12,tcgplayer
OP13-117,2026-03-16,0.10,tcgplayer
OP13-117,2026-03-23,0.10,tcgplayer
OP13-117,2026-03-30,0.13,tcgplayer
OP13-117,2026-04-06,0.10,tcgplayer
OP13-117,2026-04-13,0.13,tcgplayer
OP13-117,2026-04-20,0.14,tcgplayer
OP13-117,2026-04-27,0.12,tcgplayer
OP13-117,2026-05-04,0.12,tcgplayer
OP13-117,2026-05-11,0.13,tcgplayer
OP13-117,2026-05-18,0.13,tcgplayer
OP13-117,2026-05-25,0.21,tcgplayer
OP13-117,2026-06-01,0.14,tcgplayer
OP13-117,2026-06-08,0.15,tcgplayer
OP13-117,2026-06-15,0.13,tcgplayer
OP13-117,2026-06-22,0.11,tcgplayer
OP13-117,2026-06-29,0.11,tcgplayer
OP13-117,2026-07-06,0.12,tcgplayer
OP13-117,2026-07-13,0.10,tcgplayer
OP13-117,2026-07-20,0.10,tcgplayer
OP13-117,2026-07-27,0.10,tcgplayer
OP13-117,2026-08-03,0.13,tcgplayer
OP13-117,2026-08-10,0.12,tcgplayer
OP13-117,2026-08-17,0.12,tcgplayer
OP13-117,2026-08-24,0.10,tcgplayer
OP13-117,2026-08-31,0.11,tcgplayer
OP13-117,2026-09-05,0.09,limitless
OP13-118,2025-10-27,16.36,tcgplayer
OP13-118,2025-11-03,11.86,tcgplayer
OP13-118,2025-11-10,12.56,tcgplayer
OP13-118,2025-11-17,10.44,tcgplayer
OP13-118,2025-11-24,10.14,tcgplayer
OP13-118,2025-12-01,11.60,tcgplayer
OP13-118,2025-12-08,11.24,tcgplayer
OP13-118,2025-12-15,11.56,tcgplayer
OP13-118,2025-12-22,13.78,tcgplayer
OP13-118,2025-12-29,14.38,tcgplayer
OP13-118,2026-01-05,15.75,tcgplayer
OP13-118,2026-01-12,15.86,tcgplayer
OP13-118,2026-01-19,21.23,tcgplayer
OP13-118,2026-01-26,19.28,tcgplayer
OP13-118,2026-02-02,19.76,tcgplayer
OP13-118,2026-02-09,20.63,tcgplayer
OP13-118,2026-02-16,20.63,tcgplayer
OP13-118,2026-02-23,21.44,tcgplayer
OP13-118,2026-03-02,22.56,tcgplayer
OP13-118,2026-03-09,29.76,tcgplayer
OP13-118,2026-03-16,25.56,tcgplayer
OP13-118,2026-03-23,25.96,tcgplayer
OP13-118,2026-03-30,32.96,tcgplayer
OP13-118,2026-04-06,31.21,tcgplayer
OP13-118,2026-04-13,30.90,tcgplayer
OP13-118,2026-04-20,32.78,tcgplayer
OP13-118,2026-04-27,33.92,tcgplayer
OP13-118,2026-05-04,35.64,tcgplayer
OP13-118,2026-05-11,31.48,tcgplayer
OP13-118,2026-05-18,31.00,tcgplayer
OP13-118,2026-05-25,30.67,tcgplayer
OP13-118,2026-06-01,26.93,tcgplayer
OP13-118,2026-06-08,22.67,tcgplayer
OP13-118,2026-06-15,18.18,tcgplayer
OP13-118,2026-06-22,17.96,tcgplayer
OP13-118,2026-06-29,17.31,tcgplayer
OP13-118,2026-07-06,16.74,tcgplayer
OP13-118,2026-07-13,28.01,tcgplayer
OP13-118,2026-07-20,30.74,tcgplayer
OP13-118,2026-07-27,30.15,tcgplayer
OP13-118,2026-08-03,29.85,tcgplayer
OP13-118,2026-08-10,27.83,tcgplayer
OP13-118,2026-08-17,20.90,tcgplayer
OP13-118,2026-08-24,14.51,tcgplayer
OP13-118,2026-08-31,13.33,tcgplayer
OP13-118,2026-09-05,13.28,limitless
OP13-118p1,2025-10-27,91.20,tcgplayer
OP13-118p1,2025-11-03,21.40,tcgplayer
OP13-118p1,2025-11-10,24.06,tcgplayer
OP13-118p1,2025-11-17,24.58,tcgplayer
OP13-118p1,2025-11-24,34.91,tcgplayer
OP13-118p1,2025-12-01,61.52,tcgplayer
OP13-118p1,2025-12-08,60.90,tcgplayer
OP13-118p1,2025-12-15,52.11,tcgplayer
OP13-118p1,2025-12-22,48.66,tcgplayer
OP13-118p1,2025-12-29,84.74,tcgplayer
OP13-118p1,2026-01-05,114.13,tcgplayer
OP13-118p1,2026-01-12,113.18,tcgplayer
OP13-118p1,2026-01-19,163.59,tcgplayer
OP13-118p1,2026-01-26,165.38,tcgplayer
OP13-118p1,2026-02-02,137.48,tcgplayer
OP13-118p1,2026-02-09,100.44,tcgplayer
OP13-118p1,2026-02-16,85.31,tcgplayer
OP13-118p1,2026-02-23,76.09,tcgplayer
OP13-118p1,2026-03-02,71.33,tcgplayer
OP13-118p1,2026-03-09,73.59,tcgplayer
OP13-118p1,2026-03-16,72.16,tcgplayer
OP13-118p1,2026-03-23,72.58,tcgplayer
OP13-118p1,2026-03-30,74.36,tcgplayer
OP13-118p1,2026-04-06,84.96,tcgplayer
OP13-118p1,2026-04-13,84.31,tcgplayer
OP13-118p1,2026-04-20,86.15,tcgplayer
OP13-118p1,2026-04-27,90.00,tcgplayer
OP13-118p1,2026-05-04,88.48,tcgplayer
OP13-118p1,2026-05-11,92.12,tcgplayer
OP13-118p1,2026-05-18,94.52,tcgplayer
OP13-118p1,2026-05-25,89.28,tcgplayer
OP13-118p1,2026-06-01,88.45,tcgplayer
OP13-118p1,2026-06-08,90.70,tcgplayer
OP13-118p1,2026-06-15,88.93,tcgplayer
OP13-118p1,2026-06-22,88.40,tcgplayer
OP13-118p1,2026-06-29,84.87,tcgplayer
OP13-118p1,2026-07-06,83.65,tcgplayer
OP13-118p1,2026-07-13,92.54,tcgplayer
OP13-118p1,2026-07-20,103.87,tcgplayer
OP13-118p1,2026-07-27,106.90,tcgplayer
OP13-118p1,2026-08-03,103.42,tcgplayer
OP13-118p1,2026-08-10,98.15,tcgplayer
OP13-118p1,2026-08-17,90.24,tcgplayer
OP13-118p1,2026-08-24,81.99,tcgplayer
OP13-118p1,2026-08-31,81.15,tcgplayer
OP13-118p1,2026-09-05,81.49,limitless
OP13-118p2,2025-10-27,1398.17,tcgplayer
OP13-118p2,2025-11-03,1386.38,tcgplayer
OP13-118p2,2025-11-10,1295.53,tcgplayer
OP13-118p2,2025-11-17,1332.49,tcgplayer
OP13-118p2,2025-11-24,1498.40,tcgplayer
OP13-118p2,2025-12-01,1627.62,tcgplayer
OP13-118p2,2025-12-08,1604.51,tcgplayer
OP13-118p2,2025-12-15,1627.62,tcgplayer
OP13-118p2,2025-12-22,1772.53,tcgplayer
OP13-118p2,2025-12-29,1877.74,tcgplayer
OP13-118p2,2026-01-05,1948.92,tcgplayer
OP13-118p2,2026-01-12,1948.92,tcgplayer
OP13-118p2,2026-01-19,1948.92,tcgplayer
OP13-118p2,2026-01-26,1948.92,tcgplayer
OP13-118p2,2026-02-02,1948.92,tcgplayer
OP13-118p2,2026-02-09,1948.92,tcgplayer
OP13-118p2,2026-02-16,1948.92,tcgplayer
OP13-118p2,2026-02-23,1948.92,tcgplayer
OP13-118p2,2026-03-02,1948.92,tcgplayer
OP13-118p2,2026-03-09,1948.92,tcgplayer
OP13-118p2,2026-03-16,1948.92,tcgplayer
OP13-118p2,2026-03-23,1948.92,tcgplayer
OP13-118p2,2026-03-30,1948.92,tcgplayer
OP13-118p2,2026-04-06,1985.54,tcgplayer
OP13-118p2,2026-04-13,1985.54,tcgplayer
OP13-118p2,2026-04-20,2025.62,tcgplayer
OP13-118p2,2026-04-27,2025.62,tcgplayer
OP13-118p2,2026-05-04,2025.62,tcgplayer
OP13-118p2,2026-05-11,1997.58,tcgplayer
OP13-118p2,2026-05-18,2084.64,tcgplayer
OP13-118p2,2026-05-25,2241.26,tcgplayer
OP13-118p2,2026-06-01,2189.08,tcgplayer
OP13-118p2,2026-06-08,2189.99,tcgplayer
OP13-118p2,2026-06-15,2201.59,tcgplayer
OP13-118p2,2026-06-22,2218.48,tcgplayer
OP13-118p2,2026-06-29,2290.99,tcgplayer
OP13-118p2,2026-07-06,2146.10,tcgplayer
OP13-118p2,2026-07-13,2116.43,tcgplayer
OP13-118p2,2026-07-20,2116.43,tcgplayer
OP13-118p2,2026-07-27,2116.43,tcgplayer
OP13-118p2,2026-08-03,2116.43,tcgplayer
OP13-118p2,2026-08-10,2116.43,tcgplayer
OP13-118p2,2026-08-17,2116.43,tcgplayer
OP13-118p2,2026-08-24,2116.43,tcgplayer
OP13-118p2,2026-08-31,2116.43,tcgplayer
OP13-118p2,2026-09-05,2116.43,limitless
OP13-118p3,2025-10-27,19.80,tcgplayer
OP13-118p3,2025-11-03,20.00,tcgplayer
OP13-118p3,2025-11-10,20.00,tcgplayer
OP13-118p3,2025-11-17,7900.00,tcgplayer
OP13-118p3,2025-11-24,8374.97,tcgplayer
OP13-118p3,2025-12-01,8489.98,tcgplayer
OP13-118p3,2025-12-08,8489.98,tcgplayer
OP13-118p3,2025-12-15,8489.98,tcgplayer
OP13-118p3,2025-12-22,8489.98,tcgplayer
OP13-118p3,2025-12-29,8566.65,tcgplayer
OP13-118p3,2026-01-05,8566.65,tcgplayer
OP13-118p3,2026-01-12,8566.65,tcgplayer
OP13-118p3,2026-01-19,8566.65,tcgplayer
OP13-118p3,2026-01-26,8489.98,tcgplayer
OP13-118p3,2026-02-02,8489.98,tcgplayer
OP13-118p3,2026-02-09,8489.98,tcgplayer
OP13-118p3,2026-02-16,8489.98,tcgplayer
OP13-118p3,2026-02-23,8489.98,tcgplayer
OP13-118p3,2026-03-02,8241.65,tcgplayer
OP13-118p3,2026-03-09,8241.65,tcgplayer
OP13-118p3,2026-03-16,8241.65,tcgplayer
OP13-118p3,2026-03-23,8064.13,tcgplayer
OP13-118p3,2026-03-30,8064.13,tcgplayer
OP13-118p3,2026-04-06,8064.20,tcgplayer
OP13-118p3,2026-04-13,8489.98,tcgplayer
OP13-118p3,2026-04-20,8489.98,tcgplayer
OP13-118p3,2026-04-27,8489.98,tcgplayer
OP13-118p3,2026-05-04,8489.98,tcgplayer
OP13-118p3,2026-05-11,8489.98,tcgplayer
OP13-118p3,2026-05-18,8612.48,tcgplayer
OP13-118p3,2026-05-25,8612.48,tcgplayer
OP13-118p3,2026-06-01,8612.48,tcgplayer
OP13-118p3,2026-06-08,19999.00,tcgplayer
OP13-118p3,2026-06-15,19999.00,tcgplayer
OP13-118p3,2026-06-22,19999.00,tcgplayer
OP13-118p3,2026-06-29,19999.00,tcgplayer
OP13-118p3,2026-07-06,19999.00,tcgplayer
OP13-118p3,2026-07-13,19999.00,tcgplayer
OP13-118p3,2026-07-20,19999.00,tcgplayer
OP13-118p3,2026-07-27,19999.00,tcgplayer
OP13-118p3,2026-08-03,19999.00,tcgplayer
OP13-118p3,2026-08-10,19999.00,tcgplayer
OP13-118p3,2026-08-17,19999.00,tcgplayer
OP13-118p3,2026-08-24,19999.00,tcgplayer
OP13-118p3,2026-08-31,19999.00,tcgplayer
OP13-118p3,2026-09-05,19999.00,limitless
OP13-118p4,2025-10-27,220.00,tcgplayer
OP13-118p4,2025-11-03,186.76,tcgplayer
OP13-118p4,2025-11-10,162.99,tcgplayer
OP13-118p4,2025-11-17,155.70,tcgplayer
OP13-118p4,2025-11-24,233.00,tcgplayer
OP13-118p4,2025-12-01,310.32,tcgplayer
OP13-118p4,2025-12-08,335.67,tcgplayer
OP13-118p4,2025-12-15,334.52,tcgplayer
OP13-118p4,2025-12-22,338.89,tcgplayer
OP13-118p4,2025-12-29,395.55,tcgplayer
OP13-118p4,2026-01-05,449.48,tcgplayer
OP13-118p4,2026-01-12,452.45,tcgplayer
OP13-118p4,2026-01-19,442.32,tcgplayer
OP13-118p4,2026-01-26,456.30,tcgplayer
OP13-118p4,2026-02-02,475.82,tcgplayer
OP13-118p4,2026-02-09,475.82,tcgplayer
OP13-118p4,2026-02-16,475.59,tcgplayer
OP13-118p4,2026-02-23,475.59,tcgplayer
OP13-118p4,2026-03-02,473.60,tcgplayer
OP13-118p4,2026-03-09,473.60,tcgplayer
OP13-118p4,2026-03-16,470.21,tcgplayer
OP13-118p4,2026-03-23,460.76,tcgplayer
OP13-118p4,2026-03-30,445.51,tcgplayer
OP13-118p4,2026-04-06,429.03,tcgplayer
OP13-118p4,2026-04-13,419.96,tcgplayer
OP13-118p4,2026-04-20,402.15,tcgplayer
OP13-118p4,2026-04-27,392.07,tcgplayer
OP13-118p4,2026-05-04,383.60,tcgplayer
OP13-118p4,2026-05-11,353.94,tcgplayer
OP13-118p4,2026-05-18,346.08,tcgplayer
OP13-118p4,2026-05-25,337.33,tcgplayer
OP13-118p4,2026-06-01,336.05,tcgplayer
OP13-118p4,2026-06-08,337.66,tcgplayer
OP13-118p4,2026-06-15,338.33,tcgplayer
OP13-118p4,2026-06-22,338.37,tcgplayer
OP13-118p4,2026-06-29,338.69,tcgplayer
OP13-118p4,2026-07-06,338.69,tcgplayer
OP13-118p4,2026-07-13,340.96,tcgplayer
OP13-118p4,2026-07-20,340.23,tcgplayer
OP13-118p4,2026-07-27,339.44,tcgplayer
OP13-118p4,2026-08-03,338.76,tcgplayer
OP13-118p4,2026-08-10,333.95,tcgplayer
OP13-118p4,2026-08-17,332.60,tcgplayer
OP13-118p4,2026-08-24,331.68,tcgplayer
OP13-118p4,2026-08-31,331.68,tcgplayer
OP13-118p4,2026-09-05,331.68,limitless
OP13-119,2025-10-27,13.24,tcgplayer
OP13-119,2025-11-03,4.03,tcgplayer
OP13-119,2025-11-10,3.71,tcgplayer
OP13-119,2025-11-17,2.51,tcgplayer
OP13-119,2025-11-24,2.65,tcgplayer
OP13-119,2025-12-01,3.07,tcgplayer
OP13-119,2025-12-08,3.35,tcgplayer
OP13-119,2025-12-15,3.95,tcgplayer
OP13-119,2025-12-22,3.39,tcgplayer
OP13-119,2025-12-29,4.03,tcgplayer
OP13-119,2026-01-05,3.50,tcgplayer
OP13-119,2026-01-12,4.66,tcgplayer
OP13-119,2026-01-19,4.36,tcgplayer
OP13-119,2026-01-26,4.44,tcgplayer
OP13-119,2026-02-02,3.97,tcgplayer
OP13-119,2026-02-09,2.51,tcgplayer
OP13-119,2026-02-16,2.41,tcgplayer
OP13-119,2026-02-23,2.13,tcgplayer
OP13-119,2026-03-02,2.43,tcgplayer
OP13-119,2026-03-09,2.27,tcgplayer
OP13-119,2026-03-16,2.32,tcgplayer
OP13-119,2026-03-23,2.41,tcgplayer
OP13-119,2026-03-30,2.54,tcgplayer
OP13-119,2026-04-06,2.81,tcgplayer
OP13-119,2026-04-13,2.93,tcgplayer
OP13-119,2026-04-20,2.60,tcgplayer
OP13-119,2026-04-27,2.80,tcgplayer
OP13-119,2026-05-04,2.96,tcgplayer
OP13-119,2026-05-11,2.85,tcgplayer
OP13-119,2026-05-18,3.34,tcgplayer
OP13-119,2026-05-25,3.19,tcgplayer
OP13-119,2026-06-01,3.20,tcgplayer
OP13-119,2026-06-08,2.71,tcgplayer
OP13-119,2026-06-15,2.29,tcgplayer
OP13-119,2026-06-22,2.02,tcgplayer
OP13-119,2026-06-29,1.88,tcgplayer
OP13-119,2026-07-06,1.78,tcgplayer
OP13-119,2026-07-13,1.73,tcgplayer
OP13-119,2026-07-20,1.84,tcgplayer
OP13-119,2026-07-27,1.94,tcgplayer
OP13-119,2026-08-03,1.79,tcgplayer
OP13-119,2026-08-10,2.00,tcgplayer
OP13-119,2026-08-17,1.99,tcgplayer
OP13-119,2026-08-24,1.71,tcgplayer
OP13-119,2026-08-31,2.07,tcgplayer
OP13-119,2026-09-05,1.65,limitless
OP13-119p1,2025-10-27,46.13,tcgplayer
OP13-119p1,2025-11-03,13.71,tcgplayer
OP13-119p1,2025-11-10,13.83,tcgplayer
OP13-119p1,2025-11-17,12.88,tcgplayer
OP13-119p1,2025-11-24,13.45,tcgplayer
OP13-119p1,2025-12-01,15.41,tcgplayer
OP13-119p1,2025-12-08,23.33,tcgplayer
OP13-119p1,2025-12-15,22.07,tcgplayer
OP13-119p1,2025-12-22,21.96,tcgplayer
OP13-119p1,2025-12-29,23.34,tcgplayer
OP13-119p1,2026-01-05,42.21,tcgplayer
OP13-119p1,2026-01-12,46.78,tcgplayer
OP13-119p1,2026-01-19,73.08,tcgplayer
OP13-119p1,2026-01-26,59.05,tcgplayer
OP13-119p1,2026-02-02,46.63,tcgplayer
OP13-119p1,2026-02-09,38.77,tcgplayer
OP13-119p1,2026-02-16,23.97,tcgplayer
OP13-119p1,2026-02-23,21.73,tcgplayer
OP13-119p1,2026-03-02,18.94,tcgplayer
OP13-119p1,2026-03-09,19.24,tcgplayer
OP13-119p1,2026-03-16,21.24,tcgplayer
OP13-119p1,2026-03-23,21.38,tcgplayer
OP13-119p1,2026-03-30,21.65,tcgplayer
OP13-119p1,2026-04-06,21.51,tcgplayer
OP13-119p1,2026-04-13,21.58,tcgplayer
OP13-119p1,2026-04-20,22.85,tcgplayer
OP13-119p1,2026-04-27,24.53,tcgplayer
OP13-119p1,2026-05-04,24.67,tcgplayer
OP13-119p1,2026-05-11,23.24,tcgplayer
OP13-119p1,2026-05-18,22.94,tcgplayer
OP13-119p1,2026-05-25,24.22,tcgplayer
OP13-119p1,2026-06-01,23.90,tcgplayer
OP13-119p1,2026-06-08,23.64,tcgplayer
OP13-119p1,2026-06-15,21.44,tcgplayer
OP13-119p1,2026-06-22,22.59,tcgplayer
OP13-119p1,2026-06-29,21.77,tcgplayer
OP13-119p1,2026-07-06,23.14,tcgplayer
OP13-119p1,2026-07-13,23.21,tcgplayer
OP13-119p1,2026-07-20,22.28,tcgplayer
OP13-119p1,2026-07-27,20.99,tcgplayer
OP13-119p1,2026-08-03,19.49,tcgplayer
OP13-119p1,2026-08-10,19.13,tcgplayer
OP13-119p1,2026-08-17,18.45,tcgplayer
OP13-119p1,2026-08-24,18.50,tcgplayer
OP13-119p1,2026-08-31,18.42,tcgplayer
OP13-119p1,2026-09-05,18.59,limitless
OP13-119p2,2025-11-03,788.00,tcgplayer
OP13-119p2,2025-11-10,842.58,tcgplayer
OP13-119p2,2025-11-17,846.99,tcgplayer
OP13-119p2,2025-11-24,893.87,tcgplayer
OP13-119p2,2025-12-01,931.27,tcgplayer
OP13-119p2,2025-12-08,969.95,tcgplayer
OP13-119p2,2025-12-15,987.71,tcgplayer
OP13-119p2,2025-12-22,1002.74,tcgplayer
OP13-119p2,2025-12-29,1002.74,tcgplayer
OP13-119p2,2026-01-05,1061.65,tcgplayer
OP13-119p2,2026-01-12,1061.24,tcgplayer
OP13-119p2,2026-01-19,1107.99,tcgplayer
OP13-119p2,2026-01-26,1197.99,tcgplayer
OP13-119p2,2026-02-02,1197.99,tcgplayer
OP13-119p2,2026-02-09,1197.99,tcgplayer
OP13-119p2,2026-02-16,1197.99,tcgplayer
OP13-119p2,2026-02-23,1197.99,tcgplayer
OP13-119p2,2026-03-02,1197.99,tcgplayer
OP13-119p2,2026-03-09,1197.99,tcgplayer
OP13-119p2,2026-03-16,1197.99,tcgplayer
OP13-119p2,2026-03-23,1198.39,tcgplayer
OP13-119p2,2026-03-30,1198.39,tcgplayer
OP13-119p2,2026-04-06,1198.39,tcgplayer
OP13-119p2,2026-04-13,1213.59,tcgplayer
OP13-119p2,2026-04-20,1217.59,tcgplayer
OP13-119p2,2026-04-27,1217.59,tcgplayer
OP13-119p2,2026-05-04,1217.59,tcgplayer
OP13-119p2,2026-05-11,1217.59,tcgplayer
OP13-119p2,2026-05-18,1233.39,tcgplayer
OP13-119p2,2026-05-25,1284.43,tcgplayer
OP13-119p2,2026-06-01,1309.26,tcgplayer
OP13-119p2,2026-06-08,1315.33,tcgplayer
OP13-119p2,2026-06-15,1316.23,tcgplayer
OP13-119p2,2026-06-22,1320.02,tcgplayer
OP13-119p2,2026-06-29,1306.27,tcgplayer
OP13-119p2,2026-07-06,1284.74,tcgplayer
OP13-119p2,2026-07-13,1275.22,tcgplayer
OP13-119p2,2026-07-20,1230.50,tcgplayer
OP13-119p2,2026-07-27,1084.99,tcgplayer
OP13-119p2,2026-08-03,1085.64,tcgplayer
OP13-119p2,2026-08-10,1085.64,tcgplayer
OP13-119p2,2026-08-17,1085.64,tcgplayer
OP13-119p2,2026-08-24,1085.64,tcgplayer
OP13-119p2,2026-08-31,1085.64,tcgplayer
OP13-119p2,2026-09-05,1085.64,limitless
OP13-119p3,2025-10-27,50.00,tcgplayer
OP13-119p3,2025-11-24,3800.00,tcgplayer
OP13-119p3,2025-12-01,4414.68,tcgplayer
OP13-119p3,2025-12-08,4432.34,tcgplayer
OP13-119p3,2025-12-15,4432.34,tcgplayer
OP13-119p3,2025-12-22,4420.37,tcgplayer
OP13-119p3,2025-12-29,4420.37,tcgplayer
OP13-119p3,2026-01-05,4420.37,tcgplayer
OP13-119p3,2026-01-12,4420.37,tcgplayer
OP13-119p3,2026-01-19,4420.37,tcgplayer
OP13-119p3,2026-01-26,4420.37,tcgplayer
OP13-119p3,2026-02-02,4420.37,tcgplayer
OP13-119p3,2026-02-09,4040.33,tcgplayer
OP13-119p3,2026-02-16,4420.37,tcgplayer
OP13-119p3,2026-02-23,4420.37,tcgplayer
OP13-119p3,2026-03-02,4420.37,tcgplayer
OP13-119p3,2026-03-09,4420.37,tcgplayer
OP13-119p3,2026-03-16,4420.37,tcgplayer
OP13-119p3,2026-03-23,4420.37,tcgplayer
OP13-119p3,2026-03-30,4420.37,tcgplayer
OP13-119p3,2026-04-06,4420.37,tcgplayer
OP13-119p3,2026-04-13,4420.37,tcgplayer
OP13-119p3,2026-04-20,4420.37,tcgplayer
OP13-119p3,2026-04-27,4420.37,tcgplayer
OP13-119p3,2026-05-04,4420.37,tcgplayer
OP13-119p3,2026-05-11,4420.37,tcgplayer
OP13-119p3,2026-05-18,4420.37,tcgplayer
OP13-119p3,2026-05-25,4420.37,tcgplayer
OP13-119p3,2026-06-01,4426.06,tcgplayer
OP13-119p3,2026-06-08,4400.43,tcgplayer
OP13-119p3,2026-06-15,4400.43,tcgplayer
OP13-119p3,2026-06-22,4400.43,tcgplayer
OP13-119p3,2026-06-29,4400.43,tcgplayer
OP13-119p3,2026-07-06,4400.43,tcgplayer
OP13-119p3,2026-07-13,4400.43,tcgplayer
OP13-119p3,2026-07-20,4400.43,tcgplayer
OP13-119p3,2026-07-27,4400.43,tcgplayer
OP13-119p3,2026-08-03,4400.43,tcgplayer
OP13-119p3,2026-08-10,4400.43,tcgplayer
OP13-119p3,2026-08-17,4400.43,tcgplayer
OP13-119p3,2026-08-24,4400.43,tcgplayer
OP13-119p3,2026-08-31,4400.43,tcgplayer
OP13-119p3,2026-09-05,4400.43,limitless
OP13-119p4,2025-10-20,249.99,tcgplayer
OP13-119p4,2025-10-27,435.38,tcgplayer
OP13-119p4,2025-11-03,445.88,tcgplayer
OP13-119p4,2025-11-10,523.16,tcgplayer
OP13-119p4,2025-11-17,539.36,tcgplayer
OP13-119p4,2025-11-24,579.70,tcgplayer
OP13-119p4,2025-12-01,581.09,tcgplayer
OP13-119p4,2025-12-08,663.42,tcgplayer
OP13-119p4,2025-12-15,705.74,tcgplayer
OP13-119p4,2025-12-22,735.74,tcgplayer
OP13-119p4,2025-12-29,709.10,tcgplayer
OP13-119p4,2026-01-05,704.93,tcgplayer
OP13-119p4,2026-01-12,692.23,tcgplayer
OP13-119p4,2026-01-19,691.83,tcgplayer
OP13-119p4,2026-01-26,687.50,tcgplayer
OP13-119p4,2026-02-02,688.48,tcgplayer
OP13-119p4,2026-02-09,686.93,tcgplayer
OP13-119p4,2026-02-16,675.53,tcgplayer
OP13-119p4,2026-02-23,673.13,tcgplayer
OP13-119p4,2026-03-02,673.13,tcgplayer
OP13-119p4,2026-03-09,669.33,tcgplayer
OP13-119p4,2026-03-16,669.33,tcgplayer
OP13-119p4,2026-03-23,669.33,tcgplayer
OP13-119p4,2026-03-30,663.01,tcgplayer
OP13-119p4,2026-04-06,666.61,tcgplayer
OP13-119p4,2026-04-13,651.01,tcgplayer
OP13-119p4,2026-04-20,636.21,tcgplayer
OP13-119p4,2026-04-27,617.09,tcgplayer
OP13-119p4,2026-05-04,572.82,tcgplayer
OP13-119p4,2026-05-11,542.03,tcgplayer
OP13-119p4,2026-05-18,447.88,tcgplayer
OP13-119p4,2026-05-25,425.96,tcgplayer
OP13-119p4,2026-06-01,433.77,tcgplayer
OP13-119p4,2026-06-08,438.82,tcgplayer
OP13-119p4,2026-06-15,440.62,tcgplayer
OP13-119p4,2026-06-22,444.01,tcgplayer
OP13-119p4,2026-06-29,443.79,tcgplayer
OP13-119p4,2026-07-06,444.27,tcgplayer
OP13-119p4,2026-07-13,444.71,tcgplayer
OP13-119p4,2026-07-20,444.75,tcgplayer
OP13-119p4,2026-07-27,445.10,tcgplayer
OP13-119p4,2026-08-03,445.10,tcgplayer
OP13-119p4,2026-08-10,445.10,tcgplayer
OP13-119p4,2026-08-17,445.10,tcgplayer
OP13-119p4,2026-08-24,435.70,tcgplayer
OP13-119p4,2026-08-31,433.10,tcgplayer
OP13-119p4,2026-09-05,433.10,limitless
OP13-120,2025-10-27,21.52,tcgplayer
OP13-120,2025-11-03,16.33,tcgplayer
OP13-120,2025-11-10,13.18,tcgplayer
OP13-120,2025-11-17,10.06,tcgplayer
OP13-120,2025-11-24,9.81,tcgplayer
OP13-120,2025-12-01,7.93,tcgplayer
OP13-120,2025-12-08,8.22,tcgplayer
OP13-120,2025-12-15,8.48,tcgplayer
OP13-120,2025-12-22,8.11,tcgplayer
OP13-120,2025-12-29,9.03,tcgplayer
OP13-120,2026-01-05,8.94,tcgplayer
OP13-120,2026-01-12,6.65,tcgplayer
OP13-120,2026-01-19,6.93,tcgplayer
OP13-120,2026-01-26,6.59,tcgplayer
OP13-120,2026-02-02,7.36,tcgplayer
OP13-120,2026-02-09,8.20,tcgplayer
OP13-120,2026-02-16,7.24,tcgplayer
OP13-120,2026-02-23,7.57,tcgplayer
OP13-120,2026-03-02,7.22,tcgplayer
OP13-120,2026-03-09,5.90,tcgplayer
OP13-120,2026-03-16,5.92,tcgplayer
OP13-120,2026-03-23,7.08,tcgplayer
OP13-120,2026-03-30,6.52,tcgplayer
OP13-120,2026-04-06,5.89,tcgplayer
OP13-120,2026-04-13,6.22,tcgplayer
OP13-120,2026-04-20,6.51,tcgplayer
OP13-120,2026-04-27,6.63,tcgplayer
OP13-120,2026-05-04,6.72,tcgplayer
OP13-120,2026-05-11,6.04,tcgplayer
OP13-120,2026-05-18,7.33,tcgplayer
OP13-120,2026-05-25,7.44,tcgplayer
OP13-120,2026-06-01,7.46,tcgplayer
OP13-120,2026-06-08,6.90,tcgplayer
OP13-120,2026-06-15,6.39,tcgplayer
OP13-120,2026-06-22,4.92,tcgplayer
OP13-120,2026-06-29,4.13,tcgplayer
OP13-120,2026-07-06,3.47,tcgplayer
OP13-120,2026-07-13,2.92,tcgplayer
OP13-120,2026-07-20,2.62,tcgplayer
OP13-120,2026-07-27,2.76,tcgplayer
OP13-120,2026-08-03,3.07,tcgplayer
OP13-120,2026-08-10,3.30,tcgplayer
OP13-120,2026-08-17,6.01,tcgplayer
OP13-120,2026-08-24,11.41,tcgplayer
OP13-120,2026-08-31,8.81,tcgplayer
OP13-120,2026-09-05,9.19,limitless
OP13-120p1,2025-10-27,58.10,tcgplayer
OP13-120p1,2025-11-03,27.17,tcgplayer
OP13-120p1,2025-11-10,24.53,tcgplayer
OP13-120p1,2025-11-17,22.58,tcgplayer
OP13-120p1,2025-11-24,20.13,tcgplayer
OP13-120p1,2025-12-01,22.71,tcgplayer
OP13-120p1,2025-12-08,26.52,tcgplayer
OP13-120p1,2025-12-15,27.69,tcgplayer
OP13-120p1,2025-12-22,27.77,tcgplayer
OP13-120p1,2025-12-29,28.40,tcgplayer
OP13-120p1,2026-01-05,38.44,tcgplayer
OP13-120p1,2026-01-12,38.23,tcgplayer
OP13-120p1,2026-01-19,47.29,tcgplayer
OP13-120p1,2026-01-26,47.76,tcgplayer
OP13-120p1,2026-02-02,39.25,tcgplayer
OP13-120p1,2026-02-09,33.25,tcgplayer
OP13-120p1,2026-02-16,28.82,tcgplayer
OP13-120p1,2026-02-23,27.42,tcgplayer
OP13-120p1,2026-03-02,22.74,tcgplayer
OP13-120p1,2026-03-09,22.73,tcgplayer
OP13-120p1,2026-03-16,24.00,tcgplayer
OP13-120p1,2026-03-23,23.56,tcgplayer
OP13-120p1,2026-03-30,23.79,tcgplayer
OP13-120p1,2026-04-06,23.92,tcgplayer
OP13-120p1,2026-04-13,23.01,tcgplayer
OP13-120p1,2026-04-20,23.57,tcgplayer
OP13-120p1,2026-04-27,24.10,tcgplayer
OP13-120p1,2026-05-04,24.21,tcgplayer
OP13-120p1,2026-05-11,23.97,tcgplayer
OP13-120p1,2026-05-18,24.12,tcgplayer
OP13-120p1,2026-05-25,24.60,tcgplayer
OP13-120p1,2026-06-01,24.94,tcgplayer
OP13-120p1,2026-06-08,25.47,tcgplayer
OP13-120p1,2026-06-15,27.66,tcgplayer
OP13-120p1,2026-06-22,27.48,tcgplayer
OP13-120p1,2026-06-29,26.96,tcgplayer
OP13-120p1,2026-07-06,21.52,tcgplayer
OP13-120p1,2026-07-13,20.03,tcgplayer
OP13-120p1,2026-07-20,18.74,tcgplayer
OP13-120p1,2026-07-27,18.86,tcgplayer
OP13-120p1,2026-08-03,18.25,tcgplayer
OP13-120p1,2026-08-10,17.45,tcgplayer
OP13-120p1,2026-08-17,17.26,tcgplayer
OP13-120p1,2026-08-24,19.64,tcgplayer
OP13-120p1,2026-08-31,19.86,tcgplayer
OP13-120p1,2026-09-05,19.90,limitless
OP13-120p2,2025-11-03,617.78,tcgplayer
OP13-120p2,2025-11-10,633.70,tcgplayer
OP13-120p2,2025-11-17,638.07,tcgplayer
OP13-120p2,2025-11-24,698.95,tcgplayer
OP13-120p2,2025-12-01,727.29,tcgplayer
OP13-120p2,2025-12-08,765.18,tcgplayer
OP13-120p2,2025-12-15,765.18,tcgplayer
OP13-120p2,2025-12-22,758.59,tcgplayer
OP13-120p2,2025-12-29,777.46,tcgplayer
OP13-120p2,2026-01-05,839.34,tcgplayer
OP13-120p2,2026-01-12,850.14,tcgplayer
OP13-120p2,2026-01-19,850.14,tcgplayer
OP13-120p2,2026-01-26,850.14,tcgplayer
OP13-120p2,2026-02-02,850.14,tcgplayer
OP13-120p2,2026-02-09,839.74,tcgplayer
OP13-120p2,2026-02-16,846.54,tcgplayer
OP13-120p2,2026-02-23,846.54,tcgplayer
OP13-120p2,2026-03-02,846.54,tcgplayer
OP13-120p2,2026-03-09,839.74,tcgplayer
OP13-120p2,2026-03-16,839.74,tcgplayer
OP13-120p2,2026-03-23,841.14,tcgplayer
OP13-120p2,2026-03-30,841.14,tcgplayer
OP13-120p2,2026-04-06,839.35,tcgplayer
OP13-120p2,2026-04-13,837.72,tcgplayer
OP13-120p2,2026-04-20,838.12,tcgplayer
OP13-120p2,2026-04-27,838.12,tcgplayer
OP13-120p2,2026-05-04,839.88,tcgplayer
OP13-120p2,2026-05-11,839.88,tcgplayer
OP13-120p2,2026-05-18,839.88,tcgplayer
OP13-120p2,2026-05-25,856.49,tcgplayer
OP13-120p2,2026-06-01,867.21,tcgplayer
OP13-120p2,2026-06-08,846.71,tcgplayer
OP13-120p2,2026-06-15,843.09,tcgplayer
OP13-120p2,2026-06-22,846.88,tcgplayer
OP13-120p2,2026-06-29,851.58,tcgplayer
OP13-120p2,2026-07-06,785.63,tcgplayer
OP13-120p2,2026-07-13,752.18,tcgplayer
OP13-120p2,2026-07-20,752.18,tcgplayer
OP13-120p2,2026-07-27,749.98,tcgplayer
OP13-120p2,2026-08-03,749.98,tcgplayer
OP13-120p2,2026-08-10,749.98,tcgplayer
OP13-120p2,2026-08-17,748.62,tcgplayer
OP13-120p2,2026-08-24,748.62,tcgplayer
OP13-120p2,2026-08-31,748.62,tcgplayer
OP13-120p2,2026-09-05,748.62,limitless
OP13-120p3,2025-10-27,50.00,tcgplayer
OP13-120p3,2025-11-03,55.00,tcgplayer
OP13-120p3,2025-11-10,55.00,tcgplayer
OP13-120p3,2025-11-17,55.00,tcgplayer
OP13-120p3,2025-11-24,55.00,tcgplayer
OP13-120p3,2025-12-01,3544.97,tcgplayer
OP13-120p3,2025-12-08,3544.97,tcgplayer
OP13-120p3,2025-12-15,3499.95,tcgplayer
OP13-120p3,2025-12-22,3499.95,tcgplayer
OP13-120p3,2025-12-29,3499.95,tcgplayer
OP13-120p3,2026-01-05,3499.95,tcgplayer
OP13-120p3,2026-01-12,4749.98,tcgplayer
OP13-120p3,2026-01-19,4749.98,tcgplayer
OP13-120p3,2026-01-26,4749.98,tcgplayer
OP13-120p3,2026-02-02,4749.98,tcgplayer
OP13-120p3,2026-02-09,4749.98,tcgplayer
OP13-120p3,2026-02-16,4749.98,tcgplayer
OP13-120p3,2026-02-23,4749.98,tcgplayer
OP13-120p3,2026-03-02,4749.98,tcgplayer
OP13-120p3,2026-03-09,4749.98,tcgplayer
OP13-120p3,2026-03-16,4749.98,tcgplayer
OP13-120p3,2026-03-23,4749.98,tcgplayer
OP13-120p3,2026-03-30,4749.98,tcgplayer
OP13-120p3,2026-04-06,4749.98,tcgplayer
OP13-120p3,2026-04-13,4749.98,tcgplayer
OP13-120p3,2026-04-20,4749.98,tcgplayer
OP13-120p3,2026-04-27,4749.98,tcgplayer
OP13-120p3,2026-05-04,4749.98,tcgplayer
OP13-120p3,2026-05-11,4749.98,tcgplayer
OP13-120p3,2026-05-18,4749.98,tcgplayer
OP13-120p3,2026-05-25,6000.00,tcgplayer
OP13-120p3,2026-06-01,6000.00,tcgplayer
OP13-120p3,2026-06-08,6000.00,tcgplayer
OP13-120p3,2026-06-15,6000.00,tcgplayer
OP13-120p3,2026-06-22,5400.00,tcgplayer
OP13-120p3,2026-06-29,5400.00,tcgplayer
OP13-120p3,2026-07-06,5400.00,tcgplayer
OP13-120p3,2026-07-13,4800.00,tcgplayer
OP13-120p3,2026-07-20,4800.00,tcgplayer
OP13-120p3,2026-07-27,4800.00,tcgplayer
OP13-120p3,2026-08-03,4800.00,tcgplayer
OP13-120p3,2026-08-10,4800.00,tcgplayer
OP13-120p3,2026-08-17,4800.00,tcgplayer
OP13-120p3,2026-08-24,4800.00,tcgplayer
OP13-120p3,2026-08-31,4800.00,tcgplayer
OP13-120p3,2026-09-05,4800.00,limitless
OP13-120p4,2025-11-03,88.77,tcgplayer
OP13-120p4,2025-11-10,91.25,tcgplayer
OP13-120p4,2025-11-17,89.89,tcgplayer
OP13-120p4,2025-11-24,109.33,tcgplayer
OP13-120p4,2025-12-01,142.68,tcgplayer
OP13-120p4,2025-12-08,176.78,tcgplayer
OP13-120p4,2025-12-15,178.00,tcgplayer
OP13-120p4,2025-12-22,177.75,tcgplayer
OP13-120p4,2025-12-29,173.98,tcgplayer
OP13-120p4,2026-01-05,154.63,tcgplayer
OP13-120p4,2026-01-12,153.48,tcgplayer
OP13-120p4,2026-01-19,155.48,tcgplayer
OP13-120p4,2026-01-26,158.22,tcgplayer
OP13-120p4,2026-02-02,160.18,tcgplayer
OP13-120p4,2026-02-09,159.62,tcgplayer
OP13-120p4,2026-02-16,158.97,tcgplayer
OP13-120p4,2026-02-23,158.71,tcgplayer
OP13-120p4,2026-03-02,156.43,tcgplayer
OP13-120p4,2026-03-09,154.58,tcgplayer
OP13-120p4,2026-03-16,145.17,tcgplayer
OP13-120p4,2026-03-23,139.40,tcgplayer
OP13-120p4,2026-03-30,137.02,tcgplayer
OP13-120p4,2026-04-06,136.31,tcgplayer
OP13-120p4,2026-04-13,135.91,tcgplayer
OP13-120p4,2026-04-20,136.31,tcgplayer
OP13-120p4,2026-04-27,135.91,tcgplayer
OP13-120p4,2026-05-04,134.78,tcgplayer
OP13-120p4,2026-05-11,134.13,tcgplayer
OP13-120p4,2026-05-18,133.05,tcgplayer
OP13-120p4,2026-05-25,131.82,tcgplayer
OP13-120p4,2026-06-01,138.97,tcgplayer
OP13-120p4,2026-06-08,141.89,tcgplayer
OP13-120p4,2026-06-15,146.86,tcgplayer
OP13-120p4,2026-06-22,146.83,tcgplayer
OP13-120p4,2026-06-29,150.17,tcgplayer
OP13-120p4,2026-07-06,150.48,tcgplayer
OP13-120p4,2026-07-13,148.90,tcgplayer
OP13-120p4,2026-07-20,148.64,tcgplayer
OP13-120p4,2026-07-27,149.24,tcgplayer
OP13-120p4,2026-08-03,147.00,tcgplayer
OP13-120p4,2026-08-10,143.10,tcgplayer
OP13-120p4,2026-08-17,137.88,tcgplayer
OP13-120p4,2026-08-24,128.86,tcgplayer
OP13-120p4,2026-08-31,126.11,tcgplayer
OP13-120p4,2026-09-05,127.54,limitless
